index,x,y
0,-68.91493825808118,54.21256331303937
1,-68.94470092502107,54.211067562848314
2,-68.97446115367188,54.20956132196212
3,-69.0042192617853,54.20804485899927
4,-69.03397556711305,54.20651844257836
5,-69.06373038740678,54.20498234131786
6,-69.09348404041823,54.203436823836334
7,-69.12323684389912,54.201882158752305
8,-69.15298911560114,54.20031861468431
9,-69.18274117327599,54.19874646025089
10,-69.21249333467534,54.19716596407055
11,-69.24224591755092,54.19557739476183
12,-69.27199923965443,54.19398102094327
13,-69.30175361873755,54.19237711123339
14,-69.331509372552,54.190765934250734
15,-69.36126681884951,54.189147758613835
16,-69.39102627538175,54.18752285294123
17,-69.42078805990042,54.18589148585142
18,-69.45055249015724,54.18425392596296
19,-69.4803198839039,54.1826104418944
20,-69.51009055889209,54.180961302264244
21,-69.53986483287349,54.17930677569101
22,-69.5696430235999,54.17764713079328
23,-69.59942544882293,54.175982636189545
24,-69.6292124262943,54.17431356049834
25,-69.65900427376573,54.17264017233821
26,-69.68880130898891,54.170962740327695
27,-69.71860384971552,54.169281533085275
28,-69.7484122136973,54.16759681922956
29,-69.77822671868594,54.16590886737902
30,-69.80804768243316,54.16421794615222
31,-69.83787542269059,54.16252432416766
32,-69.86771025721002,54.160828270043915
33,-69.8975525037431,54.15913005239948
34,-69.92740248004155,54.15742993985291
35,-69.95726050385707,54.155728201022725
36,-69.98712689294135,54.154025104527456
37,-70.0170019650461,54.15232091898564
38,-70.04688603792303,54.150615913015805
39,-70.0767794293238,54.14891035523647
40,-70.10668245700016,54.14720451426617
41,-70.13659543870381,54.14549865872349
42,-70.16651869218643,54.14379305722689
43,-70.19645253519973,54.14208797839493
44,-70.22639728549541,54.14038369084614
45,-70.2563532608252,54.13868046319907
46,-70.28632077894073,54.13697856407222
47,-70.31630015759376,54.13527826208415
48,-70.346291714536,54.13357982585338
49,-70.3762957675191,54.13188352399843
50,-70.40631263429484,54.13018962513787
51,-70.43634263261484,54.12849839789019
52,-70.46638608023082,54.12681011087392
53,-70.49644329489452,54.12512503270762
54,-70.52651459435758,54.12344343200979
55,-70.55660029637177,54.121765577399
56,-70.58670071868877,54.12009173749377
57,-70.61681617906025,54.11842218091261
58,-70.64694699523794,54.11675717627407
59,-70.67709348497354,54.11509699219668
60,-70.70725596601876,54.113441897298976
61,-70.7374347561253,54.111792160199485
62,-70.76763017304482,54.110148049516724
63,-70.79784253452905,54.10850983386924
64,-70.82807215832972,54.10687778187558
65,-70.8583193621985,54.10525216215424
66,-70.8885844638871,54.10363324332378
67,-70.91886778114718,54.102021294002704
68,-70.94916963173054,54.10041658280957
69,-70.97949033338878,54.098819378362904
70,-71.00983020387366,54.09722994928124
71,-71.04018956093685,54.095648564183094
72,-71.07056872233008,54.09407549168702
73,-71.10096800580506,54.09251100041155
74,-71.13138772911346,54.09095535897518
75,-71.16182821000697,54.089408835996466
76,-71.19228976623735,54.08787170009396
77,-71.22277271555626,54.08634421988617
78,-71.2532773757154,54.08482666399162
79,-71.28380406446645,54.08331930102885
80,-71.31435309956116,54.081822399616385
81,-71.34492479875124,54.080336228372786
82,-71.37551947978832,54.078861055916555
83,-71.40613746042419,54.07739715086624
84,-71.43677905841048,54.07594478184036
85,-71.46744459149895,54.074504217457466
86,-71.49813437744123,54.073075726336064
87,-71.5288487339891,54.07165957709471
88,-71.5595879788942,54.0702560383519
89,-71.59035242990826,54.068865378726215
90,-71.62114240478299,54.067487866836146
91,-71.65195822127006,54.06612377130024
92,-71.68280019712121,54.06477336073705
93,-71.7136683032682,54.06343640110886
94,-71.74456093676119,54.06211037730565
95,-71.77547604842054,54.06079212748348
96,-71.80641158903728,54.05947848975591
97,-71.83736550940245,54.058166302236565
98,-71.86833576030708,54.05685240303898
99,-71.8993202925422,54.05553363027681
100,-71.93031705689884,54.05420682206362
101,-71.96132400416805,54.05286881651299
102,-71.99233908514088,54.05151645173853
103,-72.02336025060836,54.05014656585383
104,-72.05438545136148,54.04875599697246
105,-72.08541263819136,54.04734158320806
106,-72.11643976188896,54.04590016267418
107,-72.14746477324536,54.044428573484424
108,-72.17848562305157,54.04292365375239
109,-72.20950026209866,54.04138224159166
110,-72.24050664117766,54.03980117511584
111,-72.27150271107956,54.0381772924385
112,-72.30248642259545,54.03650743167325
113,-72.33345572651635,54.03478843093369
114,-72.3644085736333,54.0330171283334
115,-72.39534291473731,54.031190361985956
116,-72.42625670061946,54.029304970004986
117,-72.45714788207074,54.02735779050405
118,-72.48801440988224,54.02534566159676
119,-72.51885423484495,54.0232654213967
120,-72.5496653077499,54.021113908017455
121,-72.5804455793882,54.018887959572645
122,-72.61119300055083,54.01658441417583
123,-72.64190552202881,54.0142001099406
124,-72.67258109461321,54.0117318849806
125,-72.70321766909505,54.00917657740936
126,-72.73381319626539,54.0065310253405
127,-72.76436562691524,54.00379206688761
128,-72.79487291183564,54.000956540164275
129,-72.82533300181767,53.99802128328412
130,-72.85574384765229,53.99498313436068
131,-72.88610340013062,53.991838931507594
132,-72.91640961004363,53.98858551283843
133,-72.94666042818237,53.98521971646678
134,-72.9768538053379,53.981738380506265
135,-73.00698769230121,53.978138343070434
136,-73.03706003986343,53.974416442272926
137,-73.0670687988155,53.97056951622729
138,-73.0970119199485,53.96659440304714
139,-73.12688735405345,53.962487940846074
140,-73.15669305192141,53.95824696773766
141,-73.18642696434343,53.95386832183553
142,-73.21608704211047,53.94934884125323
143,-73.24567123601364,53.94468536410437
144,-73.27517749684397,53.939874728502566
145,-73.30460377539245,53.93491377256137
146,-73.33394802245017,53.92979933439442
147,-73.36320818880813,53.92452825211526
148,-73.39238222525739,53.91909736383751
149,-73.42146808258899,53.913503507674776
150,-73.45046371159393,53.9077435217406
151,-73.47936706306326,53.90181424414863
152,-73.50817608778803,53.89571251301241
153,-73.5368887365593,53.88943516644557
154,-73.56550296016809,53.88297904256169
155,-73.59401670940541,53.876340979474364
156,-73.62242793506226,53.86951781529715
157,-73.6507345879298,53.86250638814371
158,-73.67893461879898,53.85530353612757
159,-73.70702597846086,53.847906097362376
160,-73.73500661770643,53.840310909961644
161,-73.7628744873268,53.83251481203906
162,-73.79062753811297,53.82451464170816
163,-73.81826372085598,53.81630723708254
164,-73.84578098634685,53.80788943627581
165,-73.87317728537664,53.79925807740153
166,-73.9004505687364,53.79040999857334
167,-73.92759878721714,53.7813420379048
168,-73.95461989160988,53.7720510335095
169,-73.9815118327057,53.762533823501045
170,-74.00827256129563,53.75278724599303
171,-74.03490002817065,53.742808139099026
172,-74.06139218412187,53.73259334093264
173,-74.0877469799403,53.722139689607474
174,-74.11396236641696,53.71144402323711
175,-74.1400362943429,53.700503179935126
176,-74.16596671450915,53.68931399781512
177,-74.19175157770677,53.67787331499072
178,-74.21738883472676,53.66617796957547
179,-74.24287643636019,53.65422479968298
180,-74.26821233339808,53.64201064342687
181,-74.29339447663146,53.629532338920676
182,-74.31842079674196,53.61678677382232
183,-74.34328864639474,53.60377225986945
184,-74.36799472770336,53.59048871158677
185,-74.39253570810135,53.576936128941334
186,-74.41690825502235,53.563114511900274
187,-74.44110903589987,53.549023860430665
188,-74.4651347181675,53.53466417449962
189,-74.48898196925879,53.520035454074176
190,-74.5126474566073,53.505137699121484
191,-74.53612784764658,53.48997090960859
192,-74.55941980981027,53.47453508550262
193,-74.58252001053185,53.458830226770665
194,-74.60542511724493,53.44285633337979
195,-74.62813179738303,53.42661340529709
196,-74.65063671837979,53.410101442489704
197,-74.6729365476687,53.39332044492466
198,-74.69502795268336,53.376270412569106
199,-74.71690760085731,53.358951345390075
200,-74.73857215962413,53.3413632433547
201,-74.7600182964174,53.32350610643007
202,-74.78124267867068,53.30537993458327
203,-74.80224197381749,53.28698472778138
204,-74.82301284929143,53.26832048599152
205,-74.84355197252609,53.249387209180746
206,-74.86385601095498,53.23018489731618
207,-74.88392163201172,53.21071355036491
208,-74.90374550312981,53.190973168294
209,-74.92332429174287,53.17096375107058
210,-74.94265466528445,53.15068529866173
211,-74.96173329118807,53.130137811034515
212,-74.98055683688733,53.10932128815604
213,-74.99912196981583,53.08823572999343
214,-75.0174253574071,53.06688113651375
215,-75.03546366709467,53.04525750768408
216,-75.05323356631217,53.02336484347154
217,-75.07073172249312,53.00120314384319
218,-75.08795480307107,52.97877240876614
219,-75.10489947547964,52.95607263820749
220,-75.12156240715235,52.93310383213432
221,-75.1379402655228,52.90986599051372
222,-75.15402971802452,52.886359113312785
223,-75.16982743209108,52.86258320049861
224,-75.18533007515605,52.83853825203829
225,-75.200534314653,52.8142242678989
226,-75.21543681801549,52.78964124804755
227,-75.23003425267709,52.76478919245132
228,-75.24432328607134,52.739668101077314
229,-75.25830058563183,52.714277973892614
230,-75.27196281879213,52.68861881086432
231,-75.28530665298578,52.66269061195951
232,-75.29832875564634,52.636493377145285
233,-75.31102579790763,52.61002711354574
234,-75.32339551563068,52.58329388768782
235,-75.33543817533844,52.556300660922396
236,-75.34715441137554,52.52905510604358
237,-75.35854485808669,52.5015648958455
238,-75.36961014981647,52.473837703122285
239,-75.38035092090952,52.44588120066804
240,-75.39076780571055,52.4177030612769
241,-75.40086143856418,52.389310957743
242,-75.410632453815,52.36071256286045
243,-75.42008148580776,52.331915549423385
244,-75.42920916888704,52.30292759022591
245,-75.4380161373975,52.273756358062194
246,-75.44650302568377,52.24440952572629
247,-75.45467046809053,52.21489476601238
248,-75.4625190989624,52.18521975171457
249,-75.47004955264404,52.155392155626984
250,-75.47726246348009,52.12541965054374
251,-75.48415846581521,52.095309909258965
252,-75.49073819399403,52.0650706045668
253,-75.49700228236121,52.03470940926135
254,-75.5029513652614,52.00423399613675
255,-75.50858607703921,51.97365203798711
256,-75.51390705203933,51.94297120760656
257,-75.51891492460639,51.91219917778923
258,-75.52361032908503,51.88134362132924
259,-75.52799389981992,51.850412211020725
260,-75.53206611428713,51.8194125411726
261,-75.53582614661114,51.78835155399509
262,-75.53927252522658,51.75723586864391
263,-75.54240377394511,51.726072101961805
264,-75.54521841657831,51.69486687079149
265,-75.54771497693777,51.663626791975695
266,-75.5498919788352,51.63235848235717
267,-75.55174794608209,51.601068558778614
268,-75.55328140249014,51.569763638082776
269,-75.55449087187093,51.538450337112366
270,-75.55537487803605,51.507135272710116
271,-75.55593194479717,51.47582506171875
272,-75.55616059596586,51.44452632098101
273,-75.55605935535374,51.41324566733963
274,-75.55562674677242,51.3819897176373
275,-75.55486129403351,51.35076508871678
276,-75.55376152094865,51.31957839742078
277,-75.55232595132944,51.288436260592036
278,-75.55055310898747,51.25734529507328
279,-75.54844151773439,51.22631211770723
280,-75.54598970138177,51.19534334533662
281,-75.54319618374124,51.16444559480415
282,-75.54005948862442,51.13362548295259
283,-75.53657813984293,51.102889626624645
284,-75.5327506612084,51.07224464266306
285,-75.52857557653239,51.041697147910526
286,-75.52405140962651,51.0112537592098
287,-75.51917668430244,50.98092109340361
288,-75.51394992437176,50.950705767334675
289,-75.50836965364604,50.92061439784571
290,-75.50243439593696,50.89065360177947
291,-75.49614267505606,50.860829995978655
292,-75.48949301481503,50.831150197286014
293,-75.48248393902543,50.80162082254426
294,-75.47511397149891,50.77224848859613
295,-75.46738163604705,50.74303981228434
296,-75.4592854564815,50.71400141045164
297,-75.45082395661382,50.68513989994073
298,-75.44199566025566,50.656461897594355
299,-75.4327990912186,50.627974020255216
300,-75.42323277331428,50.599682884766075
301,-75.41329523035434,50.57159510796965
302,-75.40298498615033,50.54371730670866
303,-75.39230056451392,50.51605609782584
304,-75.38124048925668,50.488618098163904
305,-75.36980328419024,50.4614099245656
306,-75.35798750684991,50.4344381519336
307,-75.34579488074694,50.40770541784426
308,-75.33323283900988,50.38120725917996
309,-75.32030941336296,50.3549384683872
310,-75.30703263553028,50.328893837912446
311,-75.29341053723597,50.30306816020217
312,-75.27945115020418,50.27745622770289
313,-75.2651625061591,50.252052832861075
314,-75.25055263682484,50.22685276812324
315,-75.23562957392556,50.20185082593584
316,-75.22040134918541,50.17704179874537
317,-75.20487599432852,50.15242047899832
318,-75.18906154107908,50.127981659141184
319,-75.17296602116123,50.10372013162046
320,-75.15659746629906,50.079630688882595
321,-75.13996390821677,50.055708123374124
322,-75.12307337863851,50.03194722754151
323,-75.10593390928842,50.00834279383125
324,-75.08855353189062,49.98488961468981
325,-75.0709402781693,49.961582482563706
326,-75.05310217984858,49.93841618989939
327,-75.03504726865262,49.9153855291434
328,-75.01678357630557,49.89248529274219
329,-74.99831913453157,49.869710273142246
330,-74.97966197505475,49.84705526279007
331,-74.9608201295993,49.824515054132135
332,-74.94180162988937,49.80208443961495
333,-74.92261450764906,49.77975821168497
334,-74.90326679460256,49.75753116278872
335,-74.88376652247399,49.735398085372665
336,-74.8641217229875,49.71335377188329
337,-74.84434042786727,49.691393014767094
338,-74.82443066883742,49.66951060647056
339,-74.8044004776221,49.64770133944017
340,-74.78425788594548,49.625960006122426
341,-74.76401092553168,49.6042813989638
342,-74.74366762810484,49.58266031041079
343,-74.72323602538916,49.561091532909884
344,-74.70272414910873,49.53956985890756
345,-74.68214003098771,49.518090080850314
346,-74.66149170275031,49.49664699118463
347,-74.6407871961206,49.475235382357006
348,-74.62003454282276,49.453850046813905
349,-74.59924177458092,49.43248577700184
350,-74.57841692311926,49.41113736536728
351,-74.55756802016191,49.38979960435672
352,-74.53670309743302,49.368467286416646
353,-74.51583018515768,49.34713520497387
354,-74.494955516781,49.32579932846712
355,-74.47408004579903,49.304459078180265
356,-74.45320376077738,49.283114506417604
357,-74.43232665028167,49.26176566548338
358,-74.41144870287751,49.240412607681876
359,-74.39056990713048,49.21905538531735
360,-74.36969025160626,49.19769405069409
361,-74.3488097248704,49.17632865611635
362,-74.32792831548849,49.154959253888386
363,-74.3070460120262,49.13358589631451
364,-74.28616280304911,49.11220863569896
365,-74.26527867712282,49.090827524346
366,-74.24439362281295,49.06944261455993
367,-74.2235076286851,49.04805395864499
368,-74.20262068330489,49.02666160890546
369,-74.18173277523793,49.00526561764563
370,-74.16084389304983,48.983866037169726
371,-74.13995402530617,48.96246291978205
372,-74.1190631605726,48.94105631778687
373,-74.09817128741471,48.91964628348845
374,-74.07727839439809,48.89823286919104
375,-74.05638447008839,48.87681612719894
376,-74.0354895030512,48.85539610981642
377,-74.01459348185209,48.833972869347726
378,-73.99369639505673,48.81254645809713
379,-73.97279823123073,48.79111692836893
380,-73.95189897893961,48.76968433246737
381,-73.93099862674909,48.74824872269672
382,-73.91009716322472,48.726810151361256
383,-73.88919457693213,48.705368670765246
384,-73.86829085643689,48.68392433321296
385,-73.84738599030464,48.66247719100867
386,-73.82647996710102,48.641027296456656
387,-73.80557277539158,48.619574701861154
388,-73.78466440374196,48.598119459526465
389,-73.76375484071777,48.57666162175685
390,-73.7428440748846,48.55520124085657
391,-73.72193209480807,48.533738369129914
392,-73.7010188890538,48.51227305888113
393,-73.68010444618739,48.49080536241449
394,-73.65918875477442,48.46933533203428
395,-73.63827180338058,48.44786302004476
396,-73.61735358057138,48.42638847875019
397,-73.5964340749125,48.40491176045485
398,-73.57551327496951,48.38343291746302
399,-73.55459116930805,48.36195200207895
400,-73.53366774649369,48.34046906660693
401,-73.51274299509207,48.318984163351196
402,-73.4918169036688,48.29749734461606
403,-73.47088946078948,48.27600866270575
404,-73.44996065501968,48.254518169924566
405,-73.42903047492509,48.233025918576764
406,-73.40809890907126,48.211531960966624
407,-73.38716594602381,48.190036349398405
408,-73.36623157434833,48.16853913617638
409,-73.34529578261049,48.147040373604824
410,-73.32435855937585,48.125540113987995
411,-73.30341989321002,48.104038409630164
412,-73.28247977267864,48.08253531283562
413,-73.2615381863473,48.0610308759086
414,-73.2405951227816,48.03952515115341
415,-73.21965057054712,48.01801819087428
416,-73.19870451820954,47.99651004737552
417,-73.17775695433444,47.975000772961366
418,-73.15680786748742,47.95349041993612
419,-73.13585724623407,47.93197904060401
420,-73.11490507914003,47.910466687269356
421,-73.0939513547709,47.888953412236376
422,-73.0729960616923,47.86743926780938
423,-73.0520391884698,47.84592430629261
424,-73.03108072366908,47.824408579990354
425,-73.01012065585567,47.80289214120688
426,-72.98915897359521,47.78137504224644
427,-72.96819566545332,47.75985733541333
428,-72.94723071999562,47.738339073011794
429,-72.9262641257877,47.716820307346126
430,-72.90529587139515,47.69530109072057
431,-72.88432594538364,47.67378147543942
432,-72.86335433631866,47.652261513806906
433,-72.84238103276597,47.63074125812736
434,-72.82140602329106,47.60922076070499
435,-72.80042929645963,47.58770007384412
436,-72.7794508408372,47.56617924984897
437,-72.75847064498944,47.54465834102385
438,-72.73748869748196,47.523137399673004
439,-72.71650498688034,47.501616478100715
440,-72.69551950175017,47.48009562861122
441,-72.67453223065712,47.45857490350884
442,-72.65354316216677,47.43705435509781
443,-72.63255228484469,47.4155340356824
444,-72.61155958725655,47.39401399756691
445,-72.59056505796795,47.37249429305559
446,-72.56956868554447,47.35097497445268
447,-72.54857045855171,47.3294560940625
448,-72.52757036555533,47.30793770418929
449,-72.5065683951209,47.286419857137325
450,-72.48556453581405,47.26490260521089
451,-72.46455877620036,47.243386000714224
452,-72.44355110484548,47.221870095951616
453,-72.42254151031496,47.20035494322734
454,-72.40152998117446,47.17884059484566
455,-72.3805165059896,47.15732710311083
456,-72.35950107332593,47.13581452032715
457,-72.3384836717491,47.11430289879886
458,-72.3174642898247,47.092792290830246
459,-72.29644291611837,47.07128274872558
460,-72.2754195391957,47.04977432478913
461,-72.25439414762229,47.02826707132515
462,-72.23336672996375,47.006761040637926
463,-72.2123372747857,46.985256285031724
464,-72.19130577065374,46.963752856810814
465,-72.17027220613349,46.942250808279454
466,-72.14923656979053,46.920750191741924
467,-72.12819885019053,46.89925105950251
468,-72.10715903589903,46.877753463865446
469,-72.08611711548168,46.85625745713504
470,-72.06507307750407,46.834763091615514
471,-72.04402691053181,46.81327041961119
472,-72.02297860313054,46.791779493426304
473,-72.00192814386584,46.77029036536514
474,-71.98087552130333,46.74880308773196
475,-71.95982072400858,46.72731771283102
476,-71.93876374054726,46.705834292966614
477,-71.91770455948492,46.684352880442994
478,-71.89664316938723,46.662873527564464
479,-71.87557955881975,46.64139628663525
480,-71.85451371634814,46.61992120995965
481,-71.83344563053792,46.59844834984191
482,-71.8123752899548,46.57697775858631
483,-71.79130268316435,46.55550948849714
484,-71.77022779873215,46.53404359187864
485,-71.74915062522383,46.5125801210351
486,-71.72807115120501,46.49111912827077
487,-71.70698936524128,46.46966066588993
488,-71.68590525589826,46.448204786196854
489,-71.66481881174157,46.426751541495804
490,-71.6437300213368,46.40530098409106
491,-71.62263887324957,46.38385316628689
492,-71.60154535604546,46.36240814038754
493,-71.58044945829015,46.34096595869732
494,-71.55935116854916,46.31952667352046
495,-71.53825047538815,46.29809033716125
496,-71.51714736737274,46.27665700192396
497,-71.49604183306849,46.25522672011285
498,-71.47493386104108,46.2337995440322
499,-71.45382343985602,46.21237552598628
500,-71.43271055807904,46.19095471827936
501,-71.41159520427564,46.16953717321569
502,-71.39047736701148,46.14812294309956
503,-71.36935703485219,46.12671208023524
504,-71.34823419636331,46.105304636926974
505,-71.32710884011054,46.08390066547907
506,-71.30598095465939,46.062500218195765
507,-71.28485052857555,46.04110334738136
508,-71.26371755042459,46.01971010534009
509,-71.24258200877212,45.998320544376234
510,-71.22144389218376,45.976934716794084
511,-71.20030318922512,45.955552674897895
512,-71.1791598884618,45.934174470991934
513,-71.15801397845942,45.912800157380474
514,-71.13686544778355,45.89142978636778
515,-71.11571428499985,45.87006341025811
516,-71.09456047867393,45.84870108135576
517,-71.07340401737135,45.82734285196498
518,-71.05224488965776,45.80598877439007
519,-71.03108308409877,45.78463890093526
520,-71.00991858925995,45.76329328390484
521,-70.98875139370693,45.74195197560308
522,-70.96758148600534,45.72061502833424
523,-70.94640885472076,45.699282494402595
524,-70.92523348841881,45.67795442611241
525,-70.90405537566512,45.656630875767966
526,-70.88287450502526,45.63531189567352
527,-70.86169086506487,45.613997538133354
528,-70.84050444434953,45.59268785545172
529,-70.8193152314449,45.57138289993292
530,-70.79812321491652,45.55008272388118
531,-70.77692838333003,45.5287873796008
532,-70.75573072525106,45.50749691939605
533,-70.7345302292452,45.486211395571175
534,-70.71332688387807,45.46493086043047
535,-70.69212067771525,45.44365536627819
536,-70.67091159932238,45.422384965418615
537,-70.64969963753579,45.40111970959086
538,-70.62848480184672,45.379859607420464
539,-70.60726713659302,45.35860459479613
540,-70.58604668946751,45.33735460060391
541,-70.56482350816287,45.31610955372986
542,-70.54359764037191,45.29486938306
543,-70.52236913378732,45.27363401748036
544,-70.50113803610193,45.25240338587702
545,-70.4799043950084,45.23117741713598
546,-70.45866825819954,45.20995604014328
547,-70.43742967336807,45.18873918378498
548,-70.41618868820677,45.16752677694713
549,-70.39494535040836,45.14631874851574
550,-70.37369970766561,45.12511502737687
551,-70.35245180767127,45.10391554241655
552,-70.33120169811808,45.082720222520805
553,-70.3099494266988,45.06152899657572
554,-70.28869504110617,45.04034179346728
555,-70.26743858903293,45.01915854208156
556,-70.24618011817185,44.99797917130458
557,-70.2249196762157,44.97680361002241
558,-70.2036573108572,44.95563178712106
559,-70.1823930697891,44.93446363148657
560,-70.16112700070413,44.913299072005
561,-70.1398591512951,44.892138037562376
562,-70.11858956925471,44.87098045704474
563,-70.09731830227574,44.84982625933814
564,-70.0760453980509,44.82867537332859
565,-70.054770904273,44.80752772790215
566,-70.03349486863473,44.78638325194487
567,-70.01221733882888,44.765241874342756
568,-69.99093836254818,44.74410352398188
569,-69.96965798748539,44.72296812974827
570,-69.94837626133327,44.701835620527966
571,-69.92709323178453,44.680705925207
572,-69.90580894653196,44.65957897267142
573,-69.88452345326832,44.638454691807276
574,-69.86323679968632,44.61733301150058
575,-69.84194903347873,44.596213860637384
576,-69.82066020233829,44.575097168103746
577,-69.79937035395777,44.55398286278568
578,-69.7780795360299,44.532870873569244
579,-69.75678779624745,44.51176112934046
580,-69.73549518230315,44.49065355898538
581,-69.71420174188978,44.46954809139005
582,-69.69290752270004,44.4484446554405
583,-69.67161257242674,44.42734318002277
584,-69.65031693876257,44.40624359402289
585,-69.62902066940032,44.38514582632692
586,-69.60772381203275,44.36404980582088
587,-69.58642641435259,44.34295546139084
588,-69.56512852405257,44.32186272192279
589,-69.54383018882547,44.30077151630282
590,-69.52253145636402,44.27968177341693
591,-69.501232374361,44.25859342215118
592,-69.47993299050913,44.23750639139162
593,-69.45863335250118,44.21642061002427
594,-69.43733350802988,44.19533600693518
595,-69.416033504788,44.17425251101039
596,-69.39473339046828,44.15317005113592
597,-69.37343321276349,44.13208855619784
598,-69.35213301936633,44.11100795508217
599,-69.33083285796961,44.08992817667495
600,-69.30953277626605,44.06884914986223
601,-69.28823282194841,44.04777080353006
602,-69.26693304270938,44.026693066564434
603,-69.24563348624183,44.00561586785144
604,-69.2243342002384,43.98453913627709
605,-69.20303523239191,43.963462800727434
606,-69.18173663039508,43.94238679008852
607,-69.16043844194066,43.92131103324637
608,-69.13914071472142,43.900235459087035
609,-69.11784349643007,43.87915999649655
610,-69.0965468347594,43.858084574360944
611,-69.07525077740215,43.83700912156629
612,-69.05395537205104,43.81593356699859
613,-69.03266066639885,43.79485783954389
614,-69.01136670813834,43.77378186808825
615,-68.99007354496227,43.752705581517716
616,-68.96878122456333,43.73162890871829
617,-68.9474897946343,43.71055177857605
618,-68.92619930286796,43.689474119977
619,-68.90490979695704,43.66839586180721
620,-68.88362132459424,43.6473169329527
621,-68.86233393347241,43.626237262299526
622,-68.84104767128426,43.60515677873371
623,-68.81976258572247,43.5840754111413
624,-68.79847872447986,43.56299308840834
625,-68.77719613524921,43.54190973942086
626,-68.7559148657232,43.52082529306492
627,-68.73463496359462,43.499739678226526
628,-68.71335647655619,43.47865282379175
629,-68.69207945230069,43.457564658646604
630,-68.67080393852085,43.43647511167714
631,-68.64952998290941,43.41538411176942
632,-68.6282576331592,43.39429158780946
633,-68.60698693696285,43.37319746868329
634,-68.58571794201319,43.35210168327696
635,-68.56445069600298,43.33100416047653
636,-68.54318524662489,43.309904829168005
637,-68.52192164157175,43.28880361823745
638,-68.50065992853627,43.2677004565709
639,-68.47940015521121,43.24659527305438
640,-68.45814236928932,43.22548799657394
641,-68.43688661846336,43.20437855601563
642,-68.41563295042606,43.18326688026548
643,-68.39438141287019,43.16215289820952
644,-68.37313205348848,43.141036538733786
645,-68.3518849199737,43.11991773072436
646,-68.3306400600186,43.098796403067226
647,-68.30939752131592,43.077672484648474
648,-68.2881573515584,43.0565459043541
649,-68.26691959843879,43.03541659107017
650,-68.24568430964987,43.01428447368271
651,-68.22445153288439,42.99314948107778
652,-68.20322131583505,42.97201154214139
653,-68.18199370619465,42.9508705857596
654,-68.16076875165594,42.92972654081846
655,-68.1395464999116,42.908579336203985
656,-68.11832699865448,42.88742890080222
657,-68.09711029557727,42.86627516349922
658,-68.07589643837272,42.845118053181
659,-68.05468547473362,42.82395749873363
660,-68.03347745235268,42.80279342904311
661,-68.01227241892268,42.78162577299552
662,-67.99107042213635,42.76045445947688
663,-67.96987150968641,42.73927941737323
664,-67.94867572926569,42.71810057557061
665,-67.92748312856688,42.69691786295507
666,-67.90629375528272,42.67573120841263
667,-67.885107657106,42.654540540829345
668,-67.86392488172949,42.633345789091244
669,-67.84274547684588,42.61214688208438
670,-67.82156949014795,42.59094374869479
671,-67.80039696932843,42.5697363178085
672,-67.7792279620801,42.54852451831156
673,-67.7580625160957,42.52730827909002
674,-67.73690067906797,42.5060875290299
675,-67.71574249868966,42.484862197017236
676,-67.69458802265353,42.463632211938084
677,-67.67343729865236,42.44239750267849
678,-67.65229037437885,42.421157998124485
679,-67.63114729752576,42.3999136271621
680,-67.61000811578582,42.37866431867737
681,-67.58887287685185,42.35741000155637
682,-67.56774162841653,42.33615060468509
683,-67.54661441817267,42.31488605694961
684,-67.52549129381296,42.29361628723595
685,-67.5043723030302,42.27234122443016
686,-67.4832574935171,42.25106079741826
687,-67.46214691296643,42.229774935086304
688,-67.44104060907097,42.20848356632035
689,-67.41993862952341,42.1871866200064
690,-67.39884102201653,42.16588402503052
691,-67.3777478342431,42.14457571027875
692,-67.35665911389583,42.12326160463711
693,-67.33557490866748,42.10194163699165
694,-67.31449526625083,42.08061573622842
695,-67.29342023433863,42.05928383123346
696,-67.27234986062359,42.037945850892775
697,-67.25128419279848,42.01660172409244
698,-67.23022327855604,41.99525137971848
699,-67.20916716558907,41.97389474665696
700,-67.18811590159024,41.952531753793885
701,-67.16706953425236,41.931162330015304
702,-67.14602811126817,41.90978640420727
703,-67.1249916803304,41.888403905255814
704,-67.1039602891318,41.86701476204696
705,-67.08293398536514,41.84561890346678
706,-67.06191281672318,41.824216258401286
707,-67.04089683089865,41.80280675573654
708,-67.0198860755843,41.78139032435856
709,-66.99888059847287,41.7599668931534
710,-66.97788044725714,41.73853639100709
711,-66.95688566962983,41.717098746805675
712,-66.93589631328372,41.69565388943521
713,-66.91491242591154,41.67420174778171
714,-66.89393405520603,41.652742250731215
715,-66.87296124885997,41.631275327169774
716,-66.85199405456606,41.60980090598343
717,-66.83103252001713,41.588318916058235
718,-66.81007669290588,41.56682928628019
719,-66.78912662092506,41.545331945535374
720,-66.7681823517873,41.52382682287501
721,-66.74724393520793,41.50231386398936
722,-66.72631142459186,41.48079304522209
723,-66.70538487374111,41.459264346217324
724,-66.68446433645784,41.437727746619224
725,-66.66354986654412,41.41618322607196
726,-66.64264151780202,41.39463076421965
727,-66.6217393440337,41.373070340706484
728,-66.60084339904124,41.35150193517658
729,-66.5799537366267,41.3299255272741
730,-66.55907041059227,41.30834109664322
731,-66.53819347473996,41.28674862292805
732,-66.51732298287189,41.265148085772765
733,-66.49645898879015,41.2435394648215
734,-66.47560154629691,41.221922739718444
735,-66.45475070919419,41.200297890107706
736,-66.43390653128415,41.17866489563347
737,-66.41306906636882,41.157023735939845
738,-66.39223836825039,41.13537439067104
739,-66.37141449073087,41.11371683947116
740,-66.35059748761242,41.092051061984385
741,-66.32978741269712,41.07037703785483
742,-66.30898431978703,41.04869474672669
743,-66.2881882626843,41.02700416824409
744,-66.26739929519105,41.0053052820512
745,-66.24661747110933,40.983598067792144
746,-66.22584284424128,40.96188250511111
747,-66.20507546838894,40.94015857365221
748,-66.18431539735448,40.91842625305963
749,-66.16356268493993,40.896685522977485
750,-66.14281738494745,40.874936363049976
751,-66.12207955117913,40.85317875292121
752,-66.10134923743702,40.831412672235366
753,-66.08062649752328,40.80963810063657
754,-66.05991138523997,40.787855017769
755,-66.03920395438922,40.76606340327678
756,-66.0185042587731,40.74426323680408
757,-65.99781235219373,40.72245449799505
758,-65.97712828845322,40.70063716649385
759,-65.95645212135364,40.67881122194461
760,-65.93578390469709,40.6569766439915
761,-65.91512369228569,40.635133412278655
762,-65.89447153792155,40.61328150645025
763,-65.87382749540676,40.59142090615042
764,-65.85319161854338,40.569551591023306
765,-65.83256396113354,40.54767354071308
766,-65.81194457697936,40.525786734863885
767,-65.79133351988291,40.503891153119866
768,-65.7707308436463,40.48198677512518
769,-65.75013660207165,40.460073580523996
770,-65.72955084896103,40.43815154896044
771,-65.70897363811653,40.416220660078665
772,-65.6884050233403,40.39428089352285
773,-65.66784505843441,40.37233222893711
774,-65.64729379720093,40.35037464596562
775,-65.626751293442,40.32840812425251
776,-65.60621760095971,40.30643264344197
777,-65.58569277355616,40.284448183178114
778,-65.56517686503344,40.262454723105115
779,-65.54466992919367,40.240452242867114
780,-65.52417201983894,40.21844072210826
781,-65.50368319077134,40.19642014047272
782,-65.48320349579299,40.17439047760463
783,-65.46273298870594,40.152351713148136
784,-65.44227172331236,40.13030382674742
785,-65.42181975341428,40.108246798046586
786,-65.40137713281388,40.08618060668985
787,-65.3809439153132,40.06410523232131
788,-65.36052015471434,40.04202065458513
789,-65.34010590481942,40.01992685312546
790,-65.31970121943054,39.99782380758647
791,-65.29930615234979,39.97571149761229
792,-65.27892075737927,39.95358990284708
793,-65.25854508832109,39.931459002934986
794,-65.23817919897733,39.909318777520184
795,-65.21782314315013,39.887169206246796
796,-65.19747697464155,39.86501026875899
797,-65.17714074725369,39.8428419447009
798,-65.15681451478866,39.82066421371669
799,-65.13649833104857,39.79847705545052
800,-65.11619224983552,39.776280449546526
801,-65.0958963249516,39.75407437564887
802,-65.07561061019891,39.73185881340169
803,-65.05533515937952,39.70963374244916
804,-65.0350700262956,39.687399142435396
805,-65.01481526474919,39.665154993004585
806,-64.9945709285424,39.642901273800874
807,-64.97433707147735,39.62063796446839
808,-64.95411374735615,39.59836504465131
809,-64.93390100998084,39.57608249399377
810,-64.91369891315358,39.55379029213993
811,-64.89350751067644,39.531488418733936
812,-64.87332685635153,39.50917685341994
813,-64.85315700398097,39.48685557584211
814,-64.83299800736681,39.46452456564455
815,-64.81284992031117,39.44218380247147
816,-64.79271279661617,39.41983326596698
817,-64.7725866900839,39.39747293577527
818,-64.75247165451644,39.37510279154045
819,-64.73236774371593,39.35272281290669
820,-64.71227501148442,39.330332979518154
821,-64.69219351162404,39.30793327101898
822,-64.6721232979369,39.28552366705332
823,-64.65206442422509,39.263104147265324
824,-64.63201694429067,39.240674691299134
825,-64.61198091193577,39.21823527879892
826,-64.59195638096253,39.195785889408825
827,-64.57194340517302,39.17332650277301
828,-64.55194203836929,39.1508570985356
829,-64.5319523343535,39.128377656340795
830,-64.51197434692774,39.105888155832695
831,-64.4920081298941,39.08338857665548
832,-64.47205373705468,39.06087889845329
833,-64.45211122221157,39.03835910087028
834,-64.4321806391669,39.015829163550606
835,-64.41226204172274,38.993289066138416
836,-64.3923554836812,38.97073878827786
837,-64.37246101884438,38.948178309613084
838,-64.3525787010144,38.925607609788266
839,-64.33270858399331,38.903026668447524
840,-64.31285072158325,38.88043546523502
841,-64.29300516758629,38.85783397979491
842,-64.27317197580459,38.835222191771365
843,-64.25335120004016,38.81260008080849
844,-64.23354289409518,38.78996762655047
845,-64.21374711177171,38.767324808641455
846,-64.19396390687186,38.74467160672558
847,-64.17419333319772,38.722008000447005
848,-64.1544354445514,38.69933396944989
849,-64.134690294735,38.67664949337838
850,-64.11495793755061,38.65395455187664
851,-64.09523842680032,38.63124912458877
852,-64.07553181628629,38.608533191159005
853,-64.05583815981053,38.585806731231415
854,-64.0361575111752,38.5630697244502
855,-64.01648992418238,38.54032215045949
856,-63.996835452634194,38.51756398890346
857,-63.97719415033271,38.49479521942624
858,-63.95756607108004,38.47201582167198
859,-63.93795126867828,38.44922577528485
860,-63.91834979692954,38.42642505990899
861,-63.89876170963592,38.40361365518855
862,-63.879187060599506,38.380791540767696
863,-63.85962590362238,38.357958696290545
864,-63.8400782925067,38.335115101401286
865,-63.82054428105452,38.312260735744054
866,-63.801023923067945,38.289395578962996
867,-63.78151727234908,38.26651961070227
868,-63.762024382700005,38.243632810606016
869,-63.74254530792288,38.22073515831842
870,-63.72308010181976,38.19782663348361
871,-63.70362881819273,38.174907215745726
872,-63.68419151084393,38.151976884748926
873,-63.66476823357542,38.12903562013737
874,-63.64535904018933,38.10608340155521
875,-63.62596398448775,38.083120208646584
876,-63.60658312027276,38.06014602105565
877,-63.58721650134648,38.03716081842657
878,-63.56786418151103,38.0141645804035
879,-63.54852621456848,37.99115728663057
880,-63.52920265432093,37.968138916751926
881,-63.50989355457049,37.94510945041175
882,-63.49059896911924,37.922068867254175
883,-63.47131895176934,37.89901714692337
884,-63.452053556322795,37.87595426906344
885,-63.432802836581786,37.852880213318585
886,-63.413566846348374,37.82979495933294
887,-63.39434563942466,37.806698486750655
888,-63.37513926961277,37.783590775215885
889,-63.35594779071476,37.76047180437277
890,-63.33677125653277,37.737341553865484
891,-63.31760972086888,37.71420000333815
892,-63.29846323752518,37.691047132434946
893,-63.27933186030382,37.66788292080001
894,-63.26021564300681,37.64470734807749
895,-63.241114639436354,37.62152039391155
896,-63.22202890339446,37.598322037946325
897,-63.20295848868328,37.57511225982597
898,-63.18390344910492,37.55189103919467
899,-63.16486383846144,37.52865835569653
900,-63.145839710554974,37.50541418897572
901,-63.1268311191876,37.48215851867639
902,-63.10783811816144,37.4588913244427
903,-63.08886076127855,37.43561258591879
904,-63.06989910234109,37.412322282748825
905,-63.0509531951511,37.38902039457693
906,-63.03202309351074,37.36570690104729
907,-63.01310885122207,37.342381781804036
908,-62.9942105220872,37.31904501649134
909,-62.9753281599082,37.295696584753294
910,-62.956461818487234,37.27233646623413
911,-62.93761155162636,37.24896464057795
912,-62.918777413127664,37.22558108742892
913,-62.899959456793276,37.202185786431194
914,-62.881157736425294,37.178778717228916
915,-62.86237230582577,37.15535985946624
916,-62.84360321879689,37.131929192787325
917,-62.82485052914069,37.10848669683631
918,-62.80611429065928,37.08503235125735
919,-62.78739455715477,37.0615661356946
920,-62.768691382429246,37.0380880297922
921,-62.750004820284836,37.01459801319433
922,-62.7313349245236,36.991096065545115
923,-62.71268174894766,36.967582166488704
924,-62.69404534735912,36.94405629566927
925,-62.67542577356008,36.92051843273096
926,-62.65682308135263,36.896968557317905
927,-62.63823732453886,36.87340664907427
928,-62.61966855692089,36.849832687644216
929,-62.60111683230083,36.826246652671884
930,-62.58258220448072,36.802648523801416
931,-62.56406472726274,36.77903828067699
932,-62.54556445444894,36.75541590294273
933,-62.52708143984144,36.731781370242814
934,-62.508615737242316,36.708134662221354
935,-62.49016740045367,36.684475758522545
936,-62.47173648327763,36.660804638790516
937,-62.45332303951629,36.63712128266943
938,-62.43492712297173,36.613425669803426
939,-62.41654878744605,36.58971777983665
940,-62.39818808674137,36.56599759241327
941,-62.379845074659784,36.542265087177434
942,-62.36151980500338,36.518520243773295
943,-62.343212331574264,36.49476304184499
944,-62.324922708174526,36.47099346103668
945,-62.30665098860628,36.447211480992515
946,-62.28839722667162,36.42341708135666
947,-62.27016147617266,36.399610241773246
948,-62.25194379091147,36.375790941886436
949,-62.23374422469017,36.351959161340375
950,-62.21556283131086,36.32811487977923
951,-62.19739966457563,36.30425807684713
952,-62.1792547782866,36.28038873218826
953,-62.161128226245836,36.256506825446706
954,-62.143020062255474,36.2326123362667
955,-62.12493034011759,36.20870524429233
956,-62.106859113634286,36.18478552916779
957,-62.08880643660766,36.160853170537216
958,-62.07077236283983,36.136908148044746
959,-62.052756946132874,36.112950441334554
960,-62.03476024028891,36.08898003005078
961,-62.01678229911002,36.064996893837574
962,-61.99882317639832,36.041001012339095
963,-61.98088292595589,36.016992365199485
964,-61.962961601584844,35.992970932062896
965,-61.94505925708729,35.96893669257349
966,-61.927175946265294,35.9448896263754
967,-61.90931172292101,35.9208297131128
968,-61.89146664085649,35.896756932429845
969,-61.87364075387386,35.87267126397066
970,-61.855834115775195,35.84857268737941
971,-61.83804678036261,35.82446118230024
972,-61.820278801438214,35.80033672837731
973,-61.802530232804095,35.77619930525478
974,-61.784801128262345,35.75204889257677
975,-61.767091541615095,35.72788546998747
976,-61.74940152666439,35.703709017131
977,-61.7317311372124,35.679519513651535
978,-61.71408042706116,35.6553169391932
979,-61.69644945001281,35.63110127340017
980,-61.67883825986943,35.6068724959166
981,-61.66124691043314,35.58263058638662
982,-61.64367545550601,35.5583755244544
983,-61.62612394889017,35.53410728976407
984,-61.60859244438768,35.509825861959804
985,-61.59108099580068,35.48553122068574
986,-61.57358965693126,35.461223345586035
987,-61.55611848158151,35.43690221630484
988,-61.53866752355355,35.412567812486316
989,-61.52123683664944,35.388220113774594
990,-61.50382647467131,35.36385909981382
991,-61.48643649142127,35.3394847502482
992,-61.46906694070138,35.31509704472182
993,-61.451717876313786,35.29069596287886
994,-61.43438935206055,35.266281484363475
995,-61.41708142174377,35.2418535888198
996,-61.39979413916559,35.217412255892015
997,-61.38252755812806,35.19295746522424
998,-61.36528173243332,35.16848919646065
999,-61.348056715883445,35.144007429245384
1000,-61.33085256228054,35.1195121432226
1001,-61.3136693254267,35.09500331803643
1002,-61.29650705912404,35.07048093333106
1003,-61.27936581717465,35.04594496875062
1004,-61.26224565338062,35.02139540393926
1005,-61.24514662154405,34.99683221854113
1006,-61.22806877546708,34.9722553922004
1007,-61.21101216895175,34.9476649045612
1008,-61.193976855800194,34.923060735267704
1009,-61.17696288981452,34.898442863964036
1010,-61.1599703247968,34.87381127029437
1011,-61.142999214549164,34.849165933902846
1012,-61.12604961287367,34.82450683443361
1013,-61.10912157357246,34.799833951530836
1014,-61.09221515044762,34.77514726483865
1015,-61.075330397301244,34.750446754001224
1016,-61.058467367935414,34.7257323986627
1017,-61.041626116152266,34.701004178467215
1018,-61.02480669575388,34.67626207305895
1019,-61.00800916054237,34.651506062082035
1020,-60.99123356431981,34.62673612518064
1021,-60.97447996088834,34.601952241998895
1022,-60.957748404049994,34.57715439218096
1023,-60.941038947606934,34.55234255537099
1024,-60.92435164536123,34.52751671121314
1025,-60.907686551115,34.502676839351544
1026,-60.891043718670325,34.47782291943037
1027,-60.874423201829316,34.45295493109377
1028,-60.85782505439408,34.42807285398589
1029,-60.84124933016669,34.40317666775088
1030,-60.82469608294926,34.37826635203289
1031,-60.80816536654389,34.35334188647607
1032,-60.7916572347527,34.328403250724584
1033,-60.77517174137775,34.30345042442257
1034,-60.75870894022117,34.27848338721419
1035,-60.742268885085046,34.25350211874359
1036,-60.72585162977148,34.228506598654924
1037,-60.70945722808259,34.20349680659234
1038,-60.69308573382045,34.17847272219999
1039,-60.67673720078717,34.15343432512202
1040,-60.66041168278484,34.128381595002594
1041,-60.64410923361557,34.10331451148586
1042,-60.62782990708147,34.078233054215964
1043,-60.61157375698461,34.053137202837064
1044,-60.595340837127125,34.0280269369933
1045,-60.579131201311085,34.00290223632884
1046,-60.56294490333861,33.977763080487826
1047,-60.546781997011784,33.952609449114405
1048,-60.53064253613272,33.92744132185273
1049,-60.51452657450353,33.902258678346975
1050,-60.498434165926255,33.877061498241254
1051,-60.48236536420306,33.85184976117974
1052,-60.466320223136016,33.826623446806586
1053,-60.450298796527214,33.80138253476594
1054,-60.43430113817878,33.776127004701955
1055,-60.4183273018928,33.75085683625878
1056,-60.402377341471386,33.725572009080565
1057,-60.3864513107166,33.70027250281146
1058,-60.37054926343059,33.674958297095614
1059,-60.35467125341542,33.6496293715772
1060,-60.338817334473205,33.62428570590034
1061,-60.322987560406034,33.5989272797092
1062,-60.30718198501603,33.57355407264794
1063,-60.29140066210527,33.54816606436069
1064,-60.27564364547587,33.522763234491634
1065,-60.259910988929896,33.49734556268488
1066,-60.2442027462695,33.47191302858462
1067,-60.22851897129675,33.446465611834974
1068,-60.21285971781375,33.421003292080115
1069,-60.19722503962258,33.395526048964186
1070,-60.181614990525375,33.37003386213133
1071,-60.16602962432421,33.344526711225726
1072,-60.15046899482122,33.319004575891505
1073,-60.134933155818445,33.293467435772804
1074,-60.11942216111804,33.267915270513804
1075,-60.10393606452209,33.24234805975865
1076,-60.08847491983266,33.216765783151466
1077,-60.073038780851896,33.19116842033644
1078,-60.05762769332313,33.16555595519294
1079,-60.042241617342974,33.13992841661151
1080,-60.026880461343126,33.11428586063488
1081,-60.011544133042115,33.08862834368064
1082,-59.996232540158395,33.06295592216635
1083,-59.98094559041049,33.03726865250958
1084,-59.965683191516895,33.01156659112791
1085,-59.95044525119607,32.985849794438906
1086,-59.93523167716652,32.960118318860125
1087,-59.920042377146764,32.93437222080916
1088,-59.90487725885524,32.908611556703576
1089,-59.88973623001049,32.882836382960946
1090,-59.87461919833098,32.85704675599884
1091,-59.85952607153522,32.83124273223481
1092,-59.84445675734168,32.80542436808646
1093,-59.829411163468855,32.779591719971336
1094,-59.81438919763526,32.75374484430703
1095,-59.79939076755935,32.72788379751109
1096,-59.78441578095967,32.7020086360011
1097,-59.76946414555467,32.67611941619464
1098,-59.754535769062855,32.65021619450928
1099,-59.7396305592027,32.62429902736257
1100,-59.72474842369272,32.59836797117209
1101,-59.7098892702514,32.572423082355414
1102,-59.69505300659724,32.546464417330135
1103,-59.68023954044871,32.520492032513786
1104,-59.665448779524326,32.49450598432395
1105,-59.650680631542556,32.468506329178226
1106,-59.635935004221906,32.44249312349415
1107,-59.62121180528088,32.416466423689315
1108,-59.60651094243794,32.390426286181274
1109,-59.59183232341161,32.36437276738763
1110,-59.57717585592036,32.33830592372591
1111,-59.56254144768268,32.312225811613715
1112,-59.547929006417085,32.28613248746861
1113,-59.53333843984206,32.26002600770817
1114,-59.51876965567608,32.23390642874996
1115,-59.50422256163764,32.20777380701155
1116,-59.48969706544525,32.18162819891052
1117,-59.475193074817376,32.15546966086443
1118,-59.46071049747254,32.12929824929087
1119,-59.44624924112922,32.103114020607386
1120,-59.4318092135059,32.07691703123157
1121,-59.417390322321076,32.050707337580974
1122,-59.40299247529325,32.02448499607319
1123,-59.38861558014091,31.99825006312577
1124,-59.37425954458254,31.9720025951563
1125,-59.35992427633664,31.945742648582353
1126,-59.3456096831217,31.919470279821486
1127,-59.3313156726562,31.893185545291274
1128,-59.31704215265865,31.866888501409296
1129,-59.302789030847535,31.840579204593116
1130,-59.28855621494135,31.81425771126031
1131,-59.27434361265859,31.78792407782845
1132,-59.26015113171772,31.76157836071511
1133,-59.245978679837286,31.735220616337852
1134,-59.23182616473573,31.70885090111425
1135,-59.217693494131574,31.682469271461883
1136,-59.20358057574326,31.6560757837983
1137,-59.189487317289355,31.629670494541102
1138,-59.175413626488286,31.603253460107833
1139,-59.1613594110586,31.576824736916095
1140,-59.14732457871873,31.550384381383427
1141,-59.133309037187225,31.523932449927425
1142,-59.11931269418255,31.497468998965644
1143,-59.10533545742318,31.470994084915667
1144,-59.091377234627636,31.44450776419506
1145,-59.07743793351441,31.41801009322139
1146,-59.063517461801965,31.391501128412237
1147,-59.04961572720884,31.36498092618517
1148,-59.035732637453464,31.338449542957747
1149,-59.02186810025438,31.311907035147563
1150,-59.00802202333006,31.28535345917217
1151,-58.994194314398996,31.258788871449145
1152,-58.98038488117969,31.23221332839606
1153,-58.96659363139063,31.205626886430494
1154,-58.9528204727503,31.179029601969997
1155,-58.939065312977206,31.152421531432168
1156,-58.92532805978982,31.12580273123456
1157,-58.91160862090665,31.099173257794746
1158,-58.89790690404618,31.072533167530295
1159,-58.884222816926915,31.045882516858796
1160,-58.87055626726734,31.019221362197808
1161,-58.85690716278594,30.99254975996489
1162,-58.8432754112012,30.965867766577624
1163,-58.829660920231625,30.939175438453585
1164,-58.816063597595715,30.912472832010337
1165,-58.802483351011944,30.885760003665467
1166,-58.78892008819883,30.85903700983653
1167,-58.77537371687484,30.8323039069411
1168,-58.761844144758456,30.80556075139675
1169,-58.748331279568205,30.778807599621057
1170,-58.73483502902257,30.752044508031585
1171,-58.72135530084001,30.7252715330459
1172,-58.70789200273906,30.69848873108159
1173,-58.6944450424382,30.671696158556212
1174,-58.68101432765589,30.644893871887344
1175,-58.66759976611066,30.618081927492547
1176,-58.654201265520996,30.59126038178941
1177,-58.64081873360537,30.564429291195488
1178,-58.62745207808231,30.53758871212837
1179,-58.61410120667027,30.510738701005604
1180,-58.60076602708775,30.48387931424478
1181,-58.58744644705326,30.45701060826346
1182,-58.5741423742853,30.430132639479226
1183,-58.56085371650232,30.403245464309634
1184,-58.54758038142283,30.376349139172262
1185,-58.53432227676535,30.349443720484686
1186,-58.52107931024834,30.32252926466447
1187,-58.507851389590314,30.295605828129197
1188,-58.494638422509716,30.268673467296413
1189,-58.481440316725106,30.241732238583715
1190,-58.468256979954944,30.214782198408663
1191,-58.455088319917714,30.18782340318884
1192,-58.4419342443319,30.16085590934179
1193,-58.428794660916026,30.133879773285116
1194,-58.415669477388576,30.10689505143638
1195,-58.40255860146802,30.07990180021313
1196,-58.38946194087287,30.05290007603297
1197,-58.376379403321614,30.02588993531345
1198,-58.36331089653273,29.998871434472154
1199,-58.350256328224745,29.971844629926647
1200,-58.337215606116104,29.944809578094493
1201,-58.32418863792533,29.917766335393274
1202,-58.31117533137091,29.89071495824056
1203,-58.298175594171354,29.863655503053927
1204,-58.2851893340451,29.83658802625093
1205,-58.272216458710695,29.809512584249156
1206,-58.25925687588661,29.78242923346617
1207,-58.24631049329134,29.75533803031955
1208,-58.23337721864334,29.72823903122685
1209,-58.22045695966117,29.701132292605656
1210,-58.20754962406328,29.674017870873538
1211,-58.194655119568175,29.64689582244806
1212,-58.181773353894336,29.6197662037468
1213,-58.16890423476026,29.59262907118733
1214,-58.156047669884444,29.565484481187212
1215,-58.14320356698537,29.538332490164027
1216,-58.13037183378154,29.511173154535346
1217,-58.11755237799145,29.48400653071873
1218,-58.10474510733357,29.456832675131764
1219,-58.091949929526415,29.429651644192013
1220,-58.07916675228847,29.40246349431705
1221,-58.066395483338226,29.375268281924438
1222,-58.053636030394166,29.34806606343176
1223,-58.0408883011748,29.32085689525658
1224,-58.0281522033986,29.293640833816475
1225,-58.01542764478406,29.266417935529002
1226,-58.0027145330497,29.23918825681175
1227,-57.99001277591398,29.211951854082276
1228,-57.977322281095425,29.184708783758175
1229,-57.96464295631248,29.157459102256983
1230,-57.951974709283675,29.1302028659963
1231,-57.9393174477275,29.102940131393687
1232,-57.92667107936243,29.07567095486672
1233,-57.914035511906945,29.048395392832944
1234,-57.90141065307958,29.021113501709973
1235,-57.88879641059879,28.99382533791535
1236,-57.876192692183096,28.966530957866656
1237,-57.863599405550964,28.93923041798145
1238,-57.85101645842091,28.911923774677327
1239,-57.83844375851138,28.88461108437183
1240,-57.82588121354093,28.857292403482553
1241,-57.813328731228,28.82996778842706
1242,-57.800786219291105,28.80263729562292
1243,-57.78825358544875,28.775300981487703
1244,-57.775730737419394,28.74795890243898
1245,-57.76321758292156,28.72061111489433
1246,-57.75071402967372,28.69325767527131
1247,-57.73821998539439,28.66589863998752
1248,-57.72573535780201,28.638534065460494
1249,-57.71326005461512,28.61116400810782
1250,-57.70079398355221,28.58378852434707
1251,-57.68833705233176,28.556407670595824
1252,-57.675889168672256,28.529021503271643
1253,-57.6634502402922,28.5016300787921
1254,-57.651020174910066,28.47423345357476
1255,-57.63859888024438,28.446831684037214
1256,-57.6261862640136,28.419424826596998
1257,-57.61378223393624,28.392012937671723
1258,-57.60138669773079,28.36459607367894
1259,-57.58899956311573,28.337174291036217
1260,-57.576620737809556,28.309747646161128
1261,-57.56425012953076,28.28231619547125
1262,-57.55188764599785,28.254879995384158
1263,-57.5395331949293,28.22743910231741
1264,-57.52718668404361,28.199993572688587
1265,-57.51484802105925,28.17254346291525
1266,-57.50251711369475,28.145088829414984
1267,-57.49019386966858,28.117629728605355
1268,-57.47787819669923,28.09016621690393
1269,-57.46557000250518,28.06269835072827
1270,-57.45326919480496,28.035226186495976
1271,-57.44097568131704,28.007749780624597
1272,-57.42868936975992,27.980269189531718
1273,-57.41641016785208,27.952784469634892
1274,-57.40413798331199,27.9252956773517
1275,-57.391872723858214,27.897802869099724
1276,-57.379614297209166,27.870306101296514
1277,-57.36736261108339,27.84280543035966
1278,-57.35511757319933,27.81530091270672
1279,-57.34287909127553,27.78779260475527
1280,-57.330647073030455,27.76028056292289
1281,-57.318421426182596,27.73276484362713
1282,-57.30620205845046,27.705245503285585
1283,-57.29398887755253,27.677722598315814
1284,-57.281781791207294,27.65019618513539
1285,-57.26958070713324,27.622666320161876
1286,-57.25738553304886,27.595133059812863
1287,-57.24519617667267,27.567596460505907
1288,-57.233012545723135,27.540056578658586
1289,-57.220834547918756,27.512513470688457
1290,-57.20866209097803,27.484967193013116
1291,-57.196495082619464,27.45741780205012
1292,-57.1843334305615,27.429865354217036
1293,-57.17217704252268,27.40230990593144
1294,-57.160025826221464,27.374751513610903
1295,-57.14787968937636,27.347190233673
1296,-57.13573853970586,27.3196261225353
1297,-57.12360228492846,27.292059236615373
1298,-57.111470832762635,27.264489632330786
1299,-57.09934409092689,27.23691736609912
1300,-57.08722196713972,27.20934249433794
1301,-57.07510436911961,27.18176507346482
1302,-57.06299120458504,27.154185159897324
1303,-57.050882381254524,27.126602810053033
1304,-57.03877780684654,27.09901808034951
1305,-57.026677389079595,27.07143102720434
1306,-57.01458103567217,27.043841707035078
1307,-57.00248865434276,27.01625017625931
1308,-56.99040015280983,26.98865649129458
1309,-56.97831543879193,26.9610607085585
1310,-56.966234420007495,26.93346288446861
1311,-56.95415700417506,26.90586307544249
1312,-56.942083099013104,26.878261337897722
1313,-56.93001261224008,26.850657728251853
1314,-56.91794545157454,26.823052302922477
1315,-56.90588152473494,26.79544511832716
1316,-56.893820739439775,26.76783623088346
1317,-56.88176300340756,26.740225697008974
1318,-56.869708224356756,26.712613573121242
1319,-56.85765631000588,26.684999915637867
1320,-56.84560716807339,26.657384780976386
1321,-56.83356070627784,26.629768225554407
1322,-56.82151683233766,26.60215030578948
1323,-56.809475453971366,26.57453107809917
1324,-56.79743647889747,26.54691059890107
1325,-56.78539981483441,26.51928892461273
1326,-56.77336536950074,26.491666111651732
1327,-56.7613330506149,26.464042216435644
1328,-56.749302765895415,26.43641729538204
1329,-56.737274423060775,26.408791404908488
1330,-56.72524792982945,26.381164601432562
1331,-56.71322319391995,26.353536941371832
1332,-56.70120012305077,26.325908481143877
1333,-56.68917862494039,26.298279277166248
1334,-56.677158607307305,26.270649385856533
1335,-56.66513997787003,26.243018863632308
1336,-56.65312264434701,26.21538776691113
1337,-56.641106514456766,26.187756152110573
1338,-56.6290914959178,26.160124075648213
1339,-56.617077496448594,26.132491593941626
1340,-56.60506442376763,26.104858763408373
1341,-56.593052185593415,26.077225640466025
1342,-56.58104068964442,26.04959228153216
1343,-56.56902984363914,26.021958743024346
1344,-56.5570195552961,25.994325081360156
1345,-56.54500973233377,25.96669135295716
1346,-56.533000282470645,25.939057614232933
1347,-56.5209911134252,25.91142392160504
1348,-56.50898213291594,25.883790331491053
1349,-56.49697324866137,25.856156900308545
1350,-56.48496436837996,25.82852368447509
1351,-56.47295539979022,25.80089074040826
1352,-56.460946250610625,25.773258124525615
1353,-56.44893682855968,25.745625893244746
1354,-56.43692704135587,25.717994102983198
1355,-56.42491679671769,25.690362810158565
1356,-56.412906002363634,25.6627320711884
1357,-56.40089456601218,25.635101942490298
1358,-56.38888239538185,25.60747248048181
1359,-56.37686939819111,25.579843741580518
1360,-56.36485548215845,25.55221578220398
1361,-56.35284055500239,25.524588658769787
1362,-56.3408245244414,25.496962427695497
1363,-56.32880729819396,25.46933714539868
1364,-56.31678878397859,25.44171286829691
1365,-56.304768889513774,25.414089652807764
1366,-56.292747522518,25.386467555348812
1367,-56.28072459070974,25.358846632337613
1368,-56.268700001807524,25.331226940191748
1369,-56.25667366352982,25.30360853532879
1370,-56.24464548359513,25.27599147416631
1371,-56.23261536972194,25.24837581312188
1372,-56.220583229628744,25.22076160861306
1373,-56.20854897103402,25.193148917057435
1374,-56.19651250165629,25.165537794872563
1375,-56.18447372921403,25.137928298476034
1376,-56.17243256142574,25.110320484285406
1377,-56.160388906009885,25.082714408718246
1378,-56.148342670684976,25.05511012819214
1379,-56.13629376316952,25.027507699124644
1380,-56.12424209118198,24.999907177933345
1381,-56.112187562440866,24.972308621035793
1382,-56.10013008466467,24.94471208484958
1383,-56.088069565571885,24.91711762579227
1384,-56.07600591288099,24.889525300281434
1385,-56.06393903431048,24.861935164734636
1386,-56.051868837578866,24.83434727556946
1387,-56.039795230404614,24.806761689203473
1388,-56.027718120506236,24.77917846205424
1389,-56.01563741560221,24.751597650539335
1390,-56.00355302341104,24.724019311076336
1391,-55.9914648516512,24.6964435000828
1392,-55.979372808041205,24.668870273976317
1393,-55.96727680029953,24.641299689174442
1394,-55.955176736144686,24.613731802094765
1395,-55.94307252329514,24.58616666915484
1396,-55.9309640694694,24.55860434677224
1397,-55.918851282385944,24.531044891364537
1398,-55.90673406976329,24.503488359349312
1399,-55.89461233931991,24.475934807144128
1400,-55.88248599877429,24.448384291166555
1401,-55.870354955844945,24.420836867834172
1402,-55.85821911825035,24.39329259356454
1403,-55.846078393709,24.36575152477524
1404,-55.83393268993938,24.338213717883832
1405,-55.82178191466,24.3106792293079
1406,-55.80962597558934,24.283148115465007
1407,-55.7974647804459,24.25562043277273
1408,-55.78529823694816,24.22809623764863
1409,-55.77312625281462,24.20057558651029
1410,-55.76094873576376,24.17305853577527
1411,-55.7487655935141,24.145545141861156
1412,-55.73657673378411,24.11803546118551
1413,-55.72438206429228,24.0905295501659
1414,-55.71218149275711,24.0630274652199
1415,-55.69997492689709,24.035529262765092
1416,-55.68776227443071,24.00803499921902
1417,-55.67554344307648,23.98054473099929
1418,-55.663318340552856,23.953058514523452
1419,-55.651086874578354,23.92557640620908
1420,-55.63884895287147,23.898098462473747
1421,-55.62660448315069,23.870624739735025
1422,-55.614353373134506,23.843155294410483
1423,-55.60209553054139,23.81569018291769
1424,-55.58983086308987,23.788229461674234
1425,-55.57755927849842,23.760773187097666
1426,-55.56528068448552,23.733321415605563
1427,-55.55299498876968,23.70587420361549
1428,-55.54070209906938,23.678431607545033
1429,-55.52840193254944,23.650993677655627
1430,-55.51609447288372,23.62356042086487
1431,-55.50377973230975,23.59613182547548
1432,-55.49145772317519,23.568707879718428
1433,-55.479128457827684,23.541288571824705
1434,-55.46679194861486,23.51387389002526
1435,-55.454448207884376,23.486463822551094
1436,-55.44209724798385,23.459058357633154
1437,-55.42973908126094,23.431657483502434
1438,-55.41737372006327,23.404261188389892
1439,-55.405001176738494,23.376869460526514
1440,-55.39262146363427,23.349482288143253
1441,-55.38023459309821,23.322099659471114
1442,-55.36784057747796,23.294721562741046
1443,-55.355439429121176,23.26734798618404
1444,-55.343031160375496,23.239978918031042
1445,-55.330615783588534,23.21261434651305
1446,-55.31819331110796,23.18525425986103
1447,-55.3057637552814,23.157898646305952
1448,-55.293327128456504,23.13054749407879
1449,-55.28088344298092,23.103200791410533
1450,-55.268432711202266,23.075858526532134
1451,-55.25597494546819,23.048520687674575
1452,-55.243510158126355,23.02118726306882
1453,-55.23103836152438,22.993858240945865
1454,-55.2185595680099,22.96653360953666
1455,-55.20607378993057,22.93921335707219
1456,-55.19358103963403,22.911897471783426
1457,-55.18108132946792,22.88458594190133
1458,-55.16857467177988,22.8572787556569
1459,-55.15606107891754,22.82997590128109
1460,-55.14354056322856,22.80267736700489
1461,-55.13101313706058,22.775383141059244
1462,-55.118478812761225,22.74809321167516
1463,-55.10593760267814,22.72080756708359
1464,-55.09338951915895,22.693526195515513
1465,-55.08083457455133,22.666249085201887
1466,-55.06827278120293,22.638976224373724
1467,-55.055704151461335,22.611707601261962
1468,-55.043128697674234,22.584443204097592
1469,-55.03054643218923,22.55718302111157
1470,-55.01795736735402,22.529927040534893
1471,-55.00536151551619,22.50267525059852
1472,-54.992758889023406,22.47542763953343
1473,-54.9801495002233,22.448184195570587
1474,-54.96753336146352,22.42094490694097
1475,-54.954910485091695,22.393709761875556
1476,-54.942280883455496,22.36647874860532
1477,-54.929644568902525,22.339251855361223
1478,-54.91700155378043,22.31202907037425
1479,-54.904351850436875,22.28481038187537
1480,-54.891695471219485,22.257595778095563
1481,-54.879032428475895,22.230385247265783
1482,-54.86636273455378,22.203178777617026
1483,-54.853686401800736,22.175976357380257
1484,-54.841003442564435,22.14877797478645
1485,-54.8283138691925,22.12158361806658
1486,-54.815617694032575,22.094393275451598
1487,-54.802914929432305,22.067206935172518
1488,-54.79020558773934,22.040024585460287
1489,-54.77748968130131,22.01284621454588
1490,-54.76476722246584,21.98567181066027
1491,-54.7520382235806,21.95850136203444
1492,-54.739302696993214,21.931334856899362
1493,-54.72656065505133,21.904172283486
1494,-54.71381211010257,21.877013630025324
1495,-54.7010570744946,21.849858884748325
1496,-54.68829556057507,21.822708035885974
1497,-54.67552758069158,21.79556107166923
1498,-54.66275314719181,21.76841798032907
1499,-54.64997227242336,21.74127875009647
1500,-54.637184968733926,21.714143369202418
1501,-54.6243912484711,21.687011825877867
1502,-54.61159112398255,21.65988410835379
1503,-54.5987846076159,21.632760204861185
1504,-54.5859717117188,21.605640103631
1505,-54.573152448638886,21.57852379289422
1506,-54.5603268307238,21.551411260881807
1507,-54.5474948703212,21.524302495824745
1508,-54.5346565797787,21.497197485954008
1509,-54.52181197144397,21.470096219500572
1510,-54.508961057664614,21.442998684695397
1511,-54.496103850788295,21.41590486976946
1512,-54.48324036316264,21.388814762953743
1513,-54.47037060713533,21.36172835247922
1514,-54.45749459505395,21.334645626576858
1515,-54.444612339266186,21.307566573477622
1516,-54.431723852119646,21.2804911814125
1517,-54.41882914596201,21.25341943861247
1518,-54.40592823314088,21.22635133330849
1519,-54.39302112600391,21.19928685373153
1520,-54.38010783689873,21.172225988112576
1521,-54.36718837817302,21.14516872468261
1522,-54.35426276217438,21.11811505167259
1523,-54.34133100125047,21.09106495731348
1524,-54.32839310774891,21.064018429836278
1525,-54.315449094017374,21.036975457471947
1526,-54.30249897240347,21.009936028451456
1527,-54.289542755254864,20.982900131005774
1528,-54.276580454919184,20.95586775336589
1529,-54.263612083744086,20.92883888376277
1530,-54.25063765407719,20.90181351042738
1531,-54.23765717826615,20.874791621590706
1532,-54.22467066865858,20.84777320548371
1533,-54.21167813760217,20.82075825033738
1534,-54.19867959744453,20.793746744382673
1535,-54.185675060533306,20.76673867585057
1536,-54.17266453921612,20.73973403297204
1537,-54.15964804584064,20.712732803978067
1538,-54.1466255927545,20.68573497709962
1539,-54.133597192305345,20.658740540567667
1540,-54.1205628568408,20.631749482613177
1541,-54.10752259870852,20.604761791467137
1542,-54.094476430256144,20.577777455360522
1543,-54.08142436383131,20.550796462524293
1544,-54.06836641178165,20.523818801189414
1545,-54.05530258645483,20.496844459586892
1546,-54.04223290019846,20.469873425947675
1547,-54.02915736536019,20.442905688502737
1548,-54.016075994287675,20.41594123548305
1549,-54.002988799328556,20.388980055119614
1550,-53.98989579283045,20.36202213564337
1551,-53.976796987141014,20.33506746528531
1552,-53.9636923946079,20.308116032276384
1553,-53.950582027578726,20.2811678248476
1554,-53.93746589840115,20.25422283122991
1555,-53.9243440194228,20.22728103965429
1556,-53.91121640299133,20.200342438351715
1557,-53.89808306145436,20.173407015553156
1558,-53.88494400715957,20.146474759489596
1559,-53.87179925245456,20.119545658392003
1560,-53.85864880968698,20.09261970049133
1561,-53.845492691204484,20.06569687401858
1562,-53.83233090935471,20.03877716720472
1563,-53.8191634764853,20.011860568280714
1564,-53.80599040494388,19.984947065477545
1565,-53.792811707078094,19.958036647026166
1566,-53.779627395235615,19.931129301157583
1567,-53.76643748176404,19.904225016102743
1568,-53.75324197901103,19.877323780092635
1569,-53.74004089932422,19.85042558135821
1570,-53.726834255051266,19.823530408130473
1571,-53.713622058539784,19.796638248640374
1572,-53.70040432213744,19.7697490911189
1573,-53.68718105819187,19.742862923797013
1574,-53.6739522790507,19.715979734905698
1575,-53.66071799706158,19.689099512675917
1576,-53.647478224572154,19.662222245338654
1577,-53.63423297393005,19.635347921124865
1578,-53.62098225748292,19.608476528265545
1579,-53.60772608757842,19.581608054991662
1580,-53.59446447656414,19.554742489534174
1581,-53.581197436787775,19.527879820124067
1582,-53.56792498059695,19.50102003499232
1583,-53.55464712033931,19.474163122369898
1584,-53.541363868362474,19.447309070487776
1585,-53.528075237014086,19.420457867576914
1586,-53.5147812386418,19.393609501868312
1587,-53.50148188559328,19.36676396159293
1588,-53.48817719021612,19.33992123498174
1589,-53.47486716485797,19.313081310265705
1590,-53.4615518218665,19.286244175675822
1591,-53.448231173589335,19.259409819443054
1592,-53.4349052323741,19.232578229798374
1593,-53.42157401056846,19.205749394972745
1594,-53.408237520520046,19.178923303197156
1595,-53.394895774576504,19.15209994270257
1596,-53.38154878508546,19.125279301719967
1597,-53.368196564394566,19.098461368480322
1598,-53.35483912485145,19.07164613121459
1599,-53.34147647880377,19.04483357815377
1600,-53.32810863859917,19.018023697528825
1601,-53.3147356165853,18.991216477570735
1602,-53.30135742510976,18.964411906510442
1603,-53.28797407652021,18.937609972578954
1604,-53.274585583164296,18.91081066400724
1605,-53.261191957389656,18.88401396902626
1606,-53.24779321154393,18.857219875866992
1607,-53.23438935797477,18.83042837276042
1608,-53.2209804090298,18.803639447937503
1609,-53.20756637705668,18.77685308962923
1610,-53.19414727440303,18.750069286066548
1611,-53.180723113416505,18.72328802548046
1612,-53.16729390644474,18.696509296101926
1613,-53.15385966583538,18.66973308616192
1614,-53.14042040393606,18.642959383891405
1615,-53.12697613309442,18.616188177521373
1616,-53.113526865658116,18.589419455282794
1617,-53.10007261397476,18.562653205406633
1618,-53.08661339039203,18.53588941612387
1619,-53.07314920725753,18.509128075665465
1620,-53.05968007691894,18.482369172262405
1621,-53.04620601172387,18.455612694145668
1622,-53.03272702401995,18.428858629546212
1623,-53.019243126154855,18.40210696669502
1624,-53.00575433047622,18.375357693823066
1625,-52.99226064933167,18.348610799161314
1626,-52.97876209506885,18.321866270940756
1627,-52.965258680035404,18.295124097392343
1628,-52.95175041657898,18.26838426674706
1629,-52.93823731704721,18.241646767235885
1630,-52.92471939378774,18.214911587089784
1631,-52.911196659148196,18.18817871453972
1632,-52.89766912547623,18.161448137816688
1633,-52.8841368051195,18.13471984515166
1634,-52.87059971042561,18.10799382477559
1635,-52.85705785374224,18.081270064919465
1636,-52.843511247417,18.054548553814257
1637,-52.829959903797544,18.02782927969094
1638,-52.81640383523151,18.001112230780482
1639,-52.80284305406655,17.97439739531386
1640,-52.78927757265027,17.947684761522048
1641,-52.77570740333037,17.920974317636027
1642,-52.76213255845444,17.894266051886756
1643,-52.74855305037014,17.86755995250521
1644,-52.73496889142511,17.84085600772238
1645,-52.721380093966985,17.814154205769217
1646,-52.70778667034343,17.78745453487671
1647,-52.69418863290205,17.760756983275822
1648,-52.68058599399049,17.734061539197523
1649,-52.666978765956415,17.707368190872803
1650,-52.65336696114744,17.680676926532627
1651,-52.63975059191126,17.65398773440797
1652,-52.626129670595446,17.627300602729793
1653,-52.61250420954767,17.60061551972909
1654,-52.59887422111558,17.57393247363682
1655,-52.5852397176468,17.547251452683966
1656,-52.57160071148899,17.520572445101482
1657,-52.55795721498974,17.493895439120358
1658,-52.54430924049678,17.46722042297158
1659,-52.53065680035767,17.440547384886095
1660,-52.51699990692011,17.413876313094885
1661,-52.503338572531696,17.38720719582893
1662,-52.48967280954009,17.360540021319203
1663,-52.47600263029294,17.333874777796673
1664,-52.46232804713785,17.307211453492304
1665,-52.448649072422505,17.280550036637084
1666,-52.43496571849451,17.253890515461983
1667,-52.42127799770154,17.227232878197974
1668,-52.40758592239122,17.200577113076026
1669,-52.3938895049112,17.17392320832713
1670,-52.3801887576091,17.14727115218223
1671,-52.36648369283256,17.12062093287232
1672,-52.35277432292924,17.093972538628364
1673,-52.33906066024677,17.06732595768134
1674,-52.32534271713281,17.040681178262226
1675,-52.311620505934975,17.01403818860199
1676,-52.29789403900091,16.9873969769316
1677,-52.28416332867827,16.960757531482034
1678,-52.270428387314695,16.934119840484275
1679,-52.25668922725781,16.907483892169285
1680,-52.24294586085527,16.88084967476804
1681,-52.22919830045471,16.854217176511508
1682,-52.215446558403755,16.82758638563067
1683,-52.201690647050086,16.800957290356507
1684,-52.1879305787413,16.774329878919975
1685,-52.17416636582507,16.74770413955205
1686,-52.16039802064902,16.721080060483715
1687,-52.14662555556079,16.69445762994594
1688,-52.132848982908044,16.667836836169702
1689,-52.1190683150384,16.64121766738596
1690,-52.105283564299505,16.614600111825705
1691,-52.09149474303898,16.5879841577199
1692,-52.07770186360449,16.56136979329952
1693,-52.06390493834369,16.534757006795534
1694,-52.05010397960419,16.508145786438927
1695,-52.036298999733646,16.48153612046067
1696,-52.02249001107969,16.45492799709173
1697,-52.00867702598997,16.428321404563075
1698,-51.99486005681213,16.401716331105693
1699,-51.98103911589379,16.375112764950554
1700,-51.967214215582636,16.348510694328624
1701,-51.953385368226265,16.321910107470885
1702,-51.939552586172326,16.295310992608293
1703,-51.92571588176847,16.268713337971846
1704,-51.91187526736234,16.2421171317925
1705,-51.89803075530156,16.215522362301236
1706,-51.88418235793379,16.18892901772902
1707,-51.87033008760667,16.16233708630684
1708,-51.85647395666782,16.13574655626566
1709,-51.84261397746491,16.10915741583645
1710,-51.82875016234554,16.082569653250182
1711,-51.81488252365739,16.055983256737836
1712,-51.801011073748086,16.029398214530392
1713,-51.787135824965276,16.00281451485881
1714,-51.773256789656585,15.976232145954063
1715,-51.75937398016968,15.949651096047138
1716,-51.74548740885217,15.923071353368996
1717,-51.73159708805173,15.896492906150621
1718,-51.717703030115956,15.869915742622966
1719,-51.70380524739252,15.843339851017028
1720,-51.689903752229064,15.816765219563772
1721,-51.675998556973234,15.790191836494172
1722,-51.66208967397265,15.76361969003919
1723,-51.648177115574974,15.73704876842982
1724,-51.63426089412783,15.71047905989702
1725,-51.62034102197885,15.68391055267177
1726,-51.6064175114757,15.65734323498504
1727,-51.59249037496601,15.630777095067797
1728,-51.578559624797414,15.604212121151031
1729,-51.56462527331757,15.577648301465704
1730,-51.55068733287411,15.551085624242793
1731,-51.536745815814655,15.524524077713263
1732,-51.52280073448688,15.497963650108101
1733,-51.50885210123841,15.471404329658276
1734,-51.49489992841688,15.444846104594758
1735,-51.48094422836994,15.418288963148512
1736,-51.466985013445225,15.391732893550527
1737,-51.45302229599038,15.365177884031777
1738,-51.439056088353055,15.338623922823228
1739,-51.425086402880865,15.312070998155843
1740,-51.41111325192148,15.285519098260616
1741,-51.39713664782251,15.258968211368511
1742,-51.38315660293162,15.232418325710503
1743,-51.36917312959645,15.205869429517556
1744,-51.35518624016463,15.179321511020655
1745,-51.3411959469838,15.152774558450771
1746,-51.327202262401606,15.126228560038877
1747,-51.31320519876571,15.099683504015937
1748,-51.29920476842371,15.073139378612943
1749,-51.285200983723286,15.046596172060859
1750,-51.271193857012044,15.020053872590653
1751,-51.25718340063766,14.993512468433298
1752,-51.24316962694773,14.966971947819777
1753,-51.229152548289946,14.940432298981062
1754,-51.21513217701192,14.91389351014812
1755,-51.20110852546131,14.887355569551932
1756,-51.18708160598572,14.860818465423455
1757,-51.17305143093283,14.834282185993684
1758,-51.159018012650264,14.807746719493581
1759,-51.14498136348567,14.781212054154125
1760,-51.13094149578668,14.754678178206277
1761,-51.11689842190094,14.728145079881024
1762,-51.1028521541761,14.701612747409335
1763,-51.088802704959775,14.675081169022182
1764,-51.07475008659961,14.648550332950531
1765,-51.06069431144329,14.622020227425374
1766,-51.04663539183841,14.595490840677671
1767,-51.03257334013263,14.568962160938401
1768,-51.01850816867358,14.542434176438523
1769,-51.0044398898089,14.515906875409033
1770,-50.99036851588624,14.489380246080893
1771,-50.97629405925324,14.462854276685075
1772,-50.96221653225753,14.436328955452543
1773,-50.94813594724678,14.409804270614298
1774,-50.93405231656859,14.383280210401292
1775,-50.91996565257063,14.356756763044503
1776,-50.90587596760054,14.3302339167749
1777,-50.89178327400593,14.303711659823463
1778,-50.87768758413449,14.27718998042117
1779,-50.86358891033382,14.250668866798986
1780,-50.84948726495158,14.224148307187884
1781,-50.835382660335405,14.197628289818834
1782,-50.82127510883294,14.171108802922822
1783,-50.807164617849494,14.144589838540929
1784,-50.79305113071416,14.118071438111643
1785,-50.778934546038265,14.09155367754708
1786,-50.764814761520185,14.065036633463166
1787,-50.75069167485835,14.038520382475786
1788,-50.73656518375118,14.012005001200853
1789,-50.72243518589705,13.985490566254247
1790,-50.708301578994416,13.958977154251906
1791,-50.69416426074166,13.932464841809711
1792,-50.68002312883719,13.90595370554357
1793,-50.665878080979404,13.879443822069371
1794,-50.65172901486676,13.852935268003042
1795,-50.63757582819762,13.826428119960473
1796,-50.62341841867042,13.799922454557565
1797,-50.60925668398353,13.773418348410212
1798,-50.59509052183541,13.746915878134336
1799,-50.58091982992446,13.720415120345836
1800,-50.56674450594906,13.693916151660602
1801,-50.552564447607644,13.667419048694539
1802,-50.53837955259861,13.640923888063561
1803,-50.524189718620384,13.614430746383565
1804,-50.50999484337136,13.587939700270452
1805,-50.49579482454995,13.561450826340117
1806,-50.48158955985454,13.534964201208474
1807,-50.4673789469836,13.50847990149143
1808,-50.45316288363548,13.481998003804872
1809,-50.43894126750863,13.455518584764713
1810,-50.42471399630144,13.429041720986849
1811,-50.410480967712324,13.40256748908719
1812,-50.39624207943969,13.376095965681637
1813,-50.381997229181955,13.34962722738609
1814,-50.36774631463749,13.323161350816443
1815,-50.35348923350477,13.296698412588617
1816,-50.339225883482165,13.270238489318507
1817,-50.32495616226807,13.243781657622007
1818,-50.31067996756093,13.217327994115024
1819,-50.29639719705915,13.190877575413472
1820,-50.282107748461115,13.164430478133246
1821,-50.26781151946525,13.137986778890243
1822,-50.25350840776996,13.111546554300363
1823,-50.239198311073665,13.085109880979527
1824,-50.22488112707475,13.058676835543618
1825,-50.210556753471664,13.032247494608555
1826,-50.196225087962794,13.005821934790223
1827,-50.18188602824654,12.97940023270454
1828,-50.16753947202133,12.952982464967407
1829,-50.15318531698557,12.926568708194718
1830,-50.13882346083764,12.900159039002371
1831,-50.12445380127599,12.873753534006287
1832,-50.11007623599902,12.847352269822359
1833,-50.095690662705124,12.82095532306649
1834,-50.08129697909272,12.794562770354577
1835,-50.06689508286022,12.768174688302526
1836,-50.05248487170602,12.741791153526243
1837,-50.03806624332856,12.715412242641634
1838,-50.02363909542623,12.689038032264598
1839,-50.009203325697435,12.662668599011022
1840,-49.994758831840585,12.636304019496833
1841,-49.980305511554114,12.609944370337924
1842,-49.9658432625364,12.583589728150198
1843,-49.951371982485874,12.557240169549548
1844,-49.93689156910092,12.530895771151892
1845,-49.92240192007997,12.504556609573125
1846,-49.907902933121434,12.478222761429153
1847,-49.89339450592371,12.451894303335862
1848,-49.87887653618521,12.425571311909183
1849,-49.864348921604346,12.399253863764999
1850,-49.84981155987954,12.372942035519218
1851,-49.835264348709174,12.346635903787739
1852,-49.82070718579169,12.32033554518647
1853,-49.80613996882547,12.294041036331315
1854,-49.791562595508935,12.26775245383817
1855,-49.77697496354048,12.241469874322933
1856,-49.762376970618554,12.215193374401524
1857,-49.74776851444154,12.188923030689836
1858,-49.733149492707824,12.16265891980377
1859,-49.71851980311586,12.136401118359222
1860,-49.70387934336403,12.11014970297211
1861,-49.68922801115075,12.08390475025833
1862,-49.67456570417444,12.057666336833782
1863,-49.6598923201335,12.031434539314372
1864,-49.64520775672633,12.00520943431599
1865,-49.630511911651354,11.978991098454562
1866,-49.615804682606964,11.952779608345972
1867,-49.60108596729159,11.926575040606131
1868,-49.586355663403644,11.900377471850936
1869,-49.57161366864151,11.874186978696295
1870,-49.55685988070363,11.84800363775811
1871,-49.5420941972884,11.821827525652283
1872,-49.527316516094196,11.795658718994705
1873,-49.512526734819495,11.7694972944013
1874,-49.49772475116265,11.74334332848796
1875,-49.4829104628221,11.717196897870588
1876,-49.46808376749623,11.691058079165073
1877,-49.45324456288348,11.664926948987343
1878,-49.438392746682226,11.638803583953285
1879,-49.42352821659091,11.612688060678806
1880,-49.408650870307916,11.586580455779801
1881,-49.39376060553167,11.560480845872185
1882,-49.37885731996058,11.534389307571853
1883,-49.36394091129304,11.508305917494711
1884,-49.34901127722749,11.482230752256655
1885,-49.334068315462304,11.456163888473597
1886,-49.319111923695914,11.430105402761436
1887,-49.30414199962672,11.404055371736069
1888,-49.28915844095315,11.378013872013407
1889,-49.274161145373576,11.351980980209339
1890,-49.259150010586445,11.325956772939787
1891,-49.24412493429015,11.299941326820642
1892,-49.2290858141831,11.273934718467808
1893,-49.2140325479637,11.247937024497181
1894,-49.19896503333038,11.221948321524678
1895,-49.18388316798153,11.195968686166196
1896,-49.168786849615586,11.169998195037637
1897,-49.153675975930895,11.14403692475489
1898,-49.138550444625935,11.11808495193388
1899,-49.12341015339909,11.092142353190498
1900,-49.10825499994876,11.06620920514065
1901,-49.09308488197338,11.040285584400229
1902,-49.07789969717133,11.014371567585153
1903,-49.062699343241036,10.988467231311317
1904,-49.047483717880915,10.962572652194623
1905,-49.03225271878935,10.936687906850965
1906,-49.01700624366476,10.910813071896264
1907,-49.001744190205585,10.884948223946415
1908,-48.98646645611019,10.859093439617313
1909,-48.971172939077015,10.833248795524863
1910,-48.95586353680447,10.807414368284979
1911,-48.94053814699093,10.781590234513555
1912,-48.92519666733486,10.755776470826493
1913,-48.9098389955346,10.72997315383969
1914,-48.89446502928862,10.704180360169063
1915,-48.87907466629531,10.678398166430508
1916,-48.863667804253076,10.652626649239927
1917,-48.84824434086033,10.62686588521322
1918,-48.83280417381547,10.601115950966285
1919,-48.817347200816926,10.57537692311504
1920,-48.8018733195631,10.549648878275379
1921,-48.786382427752386,10.523931893063203
1922,-48.77087442308322,10.49822604409441
1923,-48.75534920325398,10.472531407984915
1924,-48.739806665963094,10.446848061350611
1925,-48.72424670890899,10.42117608080741
1926,-48.70866922979005,10.395515542971198
1927,-48.693074126304694,10.369866524457898
1928,-48.67746129615133,10.3442291018834
1929,-48.66183063702836,10.318603351863612
1930,-48.646182046634216,10.292989351014425
1931,-48.63051542266729,10.267387175951757
1932,-48.61483066282597,10.241796903291503
1933,-48.59912766480871,10.216218609649568
1934,-48.583406326313906,10.190652371641846
1935,-48.56766654503994,10.165098265884255
1936,-48.55190821868526,10.13955636899269
1937,-48.53613124494825,10.114026757583051
1938,-48.520335521527336,10.088509508271237
1939,-48.504520946120905,10.063004697673161
1940,-48.48868741642739,10.03751240240472
1941,-48.47283483014519,10.012032699081823
1942,-48.45696308497272,9.986565664320365
1943,-48.44107207860838,9.96111137473624
1944,-48.42516170875058,9.93566990694537
1945,-48.409231873097745,9.910241337563649
1946,-48.39328246934827,9.884825743206981
1947,-48.37731339520056,9.859423200491259
1948,-48.36132454835304,9.834033786032398
1949,-48.34531582650413,9.808657576446299
1950,-48.329287127352195,9.783294648348862
1951,-48.31323834859569,9.757945078355979
1952,-48.29716938793299,9.732608943083573
1953,-48.28108014306253,9.707286319147535
1954,-48.26497051168272,9.68197728316377
1955,-48.248840391491946,9.656681911748173
1956,-48.23268968018863,9.631400281516656
1957,-48.216518275471195,9.606132469085123
1958,-48.20032607503803,9.580878551069471
1959,-48.184112976587556,9.555638604085598
1960,-48.16787887781818,9.53041270474942
1961,-48.15162367803902,9.505200928540223
1962,-48.13534736993755,9.480003285044042
1963,-48.119050089091395,9.454819683015183
1964,-48.10273198315654,9.429650022684786
1965,-48.08639319978901,9.404494204283974
1966,-48.07003388664475,9.379352128043871
1967,-48.05365419137979,9.354223694195598
1968,-48.03725426165012,9.329108802970287
1969,-48.02083424511166,9.304007354599056
1970,-48.00439428942048,9.278919249313041
1971,-47.98793454223255,9.25384438734336
1972,-47.97145515120383,9.228782668921134
1973,-47.954956263990326,9.203733994277497
1974,-47.93843802824803,9.178698263643572
1975,-47.92190059163295,9.153675377250485
1976,-47.90534410180102,9.12866523532935
1977,-47.8887687064083,9.103667738111314
1978,-47.87217455311073,9.078682785827489
1979,-47.85556178956432,9.053710278709003
1980,-47.838930563425045,9.028750116986972
1981,-47.82228102234889,9.003802200892538
1982,-47.80561331399188,8.978866430656817
1983,-47.788927586009976,8.953942706510938
1984,-47.77222398605915,8.929030928686014
1985,-47.75550266179543,8.904130997413189
1986,-47.7387637608748,8.879242812923582
1987,-47.72200743095322,8.854366275448314
1988,-47.70523381968671,8.829501285218507
1989,-47.688443074731246,8.8046477424653
1990,-47.67163534374281,8.779805547419807
1991,-47.65481077437742,8.75497460031316
1992,-47.63796951429101,8.730154801376473
1993,-47.62111171113962,8.705346050840888
1994,-47.604237512579225,8.68054824893752
1995,-47.58734706626583,8.655761295897499
1996,-47.57044051985538,8.630985091951947
1997,-47.5535180210039,8.606219537331985
1998,-47.536579717367374,8.581464532268749
1999,-47.51962575660179,8.556719976993357
2000,-47.50265628636314,8.53198577173694
2001,-47.4856714543074,8.507261816730612
2002,-47.46867140809056,8.48254801220551
2003,-47.45165629536862,8.45784425839276
2004,-47.43462626379759,8.433150455523483
2005,-47.4175814610334,8.408466503828793
2006,-47.4005220347321,8.383792303539837
2007,-47.38344813254965,8.359127754887732
2008,-47.36635990214204,8.3344727581036
2009,-47.349257491165275,8.30982721341856
2010,-47.332141047275336,8.285191021063754
2011,-47.315010718128185,8.260564081270298
2012,-47.297866651379834,8.235946294269318
2013,-47.28070899468629,8.211337560291934
2014,-47.26353789570353,8.186737779569283
2015,-47.24635350208752,8.162146852332484
2016,-47.22915596149428,8.137564678812664
2017,-47.21194542157979,8.11299115924094
2018,-47.19472203000003,8.08842619384845
2019,-47.17748593441101,8.063869682866315
2020,-47.16023728246869,8.03932152652566
2021,-47.14297622182908,8.014781625057601
2022,-47.12570290014818,7.990249878693284
2023,-47.108417465081935,7.965726187663817
2024,-47.091120064286386,7.941210452200334
2025,-47.0738108454175,7.916702572533959
2026,-47.056489956131244,7.892202448895804
2027,-47.03915754408366,7.867709981517017
2028,-47.02181375693068,7.843225070628711
2029,-47.00445874232833,7.818747616462013
2030,-46.98709264793259,7.794277519248041
2031,-46.969715621399445,7.7698146792179354
2032,-46.95232781038488,7.745358996602813
2033,-46.9349293625449,7.720910371633803
2034,-46.917520425535486,7.696468704542017
2035,-46.90010114701263,7.672033895558601
2036,-46.88267167463232,7.64760584491467
2037,-46.86523215605055,7.62318445284135
2038,-46.84778273892328,7.598769619569759
2039,-46.83032357090654,7.574361245331038
2040,-46.812854799656314,7.549959230356305
2041,-46.79537657282855,7.525563474876683
2042,-46.77788903807929,7.50117387912329
2043,-46.760392343064495,7.476790343327273
2044,-46.74288663544016,7.452412767719742
2045,-46.72537206286226,7.428041052531824
2046,-46.70784877298681,7.40367509799464
2047,-46.690316913469786,7.3793148043393275
2048,-46.67277663196718,7.354960071797007
2049,-46.65522807613499,7.330610800598801
2050,-46.637671393629184,7.306266890975837
2051,-46.62010673210576,7.281928243159231
2052,-46.60253423922071,7.257594757380126
2053,-46.58495406263003,7.233266333869638
2054,-46.5673663499897,7.208942872858891
2055,-46.549771248955714,7.184624274579009
2056,-46.53216890718406,7.160310439261123
2057,-46.51455947233072,7.1360012671363595
2058,-46.4969430920517,7.11169665843584
2059,-46.479319914002964,7.087396513390682
2060,-46.46169008584054,7.063100732232027
2061,-46.44405375522037,7.038809215190993
2062,-46.42641106979848,7.014521862498704
2063,-46.40876217723084,6.990238574386279
2064,-46.39110722517345,6.9659592510848585
2065,-46.37344636128231,6.941683792825563
2066,-46.35577973321337,6.91741209983951
2067,-46.33810748862265,6.893144072357825
2068,-46.32042977516614,6.868879610611646
2069,-46.30274674049983,6.844618614832091
2070,-46.28505853227968,6.820360985250284
2071,-46.267365298161714,6.796106622097346
2072,-46.2496671858019,6.771855425604412
2073,-46.23196434285626,6.747607296002609
2074,-46.21425691698074,6.723362133523053
2075,-46.196545055831336,6.699119838396871
2076,-46.178828907064066,6.674880310855186
2077,-46.1611086183349,6.6506434511291355
2078,-46.14338433729985,6.626409159449838
2079,-46.12565621161485,6.602177336048415
2080,-46.10792438893594,6.57794788115599
2081,-46.09018901691911,6.553720695003701
2082,-46.07245024322032,6.529495677822665
2083,-46.05470821549558,6.50527272984401
2084,-46.036963081400856,6.481051751298849
2085,-46.01921498859217,6.456832642418328
2086,-46.00146408472549,6.432615303433563
2087,-45.98371051745679,6.408399634575676
2088,-45.96595443444211,6.3841855360757895
2089,-45.948195983337406,6.359972908165044
2090,-45.93043531179866,6.335761651074553
2091,-45.91267256748188,6.311551665035445
2092,-45.89490789804303,6.287342850278837
2093,-45.877141451138115,6.263135107035869
2094,-45.85937337442316,6.238928335537662
2095,-45.841603815554095,6.2147224360153395
2096,-45.823832922186924,6.190517308700015
2097,-45.80606084197766,6.166312853822837
2098,-45.78828772258229,6.142108971614917
2099,-45.770513711656776,6.117905562307384
2100,-45.75273895685713,6.093702526131354
2101,-45.734963605839326,6.069499763317966
2102,-45.717187806259375,6.045297174098342
2103,-45.69941170577325,6.021094658703604
2104,-45.68163545203694,5.99689211736488
2105,-45.66385919270644,5.972689450313285
2106,-45.64608307543774,5.948486557779961
2107,-45.628307247886816,5.924283339996026
2108,-45.61053185770969,5.900079697192605
2109,-45.5927570525623,5.875875529600815
2110,-45.57498298010068,5.8516707374518
2111,-45.55720978798082,5.827465220976675
2112,-45.53943762385867,5.803258880406563
2113,-45.52166663539025,5.779051615972588
2114,-45.50389697023153,5.754843327905884
2115,-45.48612877603854,5.730633916437576
2116,-45.46836220046722,5.706423281798782
2117,-45.45059739117358,5.6822113242206225
2118,-45.43283449581362,5.657997943934241
2119,-45.41507366204331,5.633783041170752
2120,-45.39731503751866,5.6095665161612835
2121,-45.379558769895624,5.585348269136951
2122,-45.36180500683023,5.561128200328895
2123,-45.344053895978455,5.536906209968232
2124,-45.32630558499628,5.512682198286091
2125,-45.308560221539686,5.48845606551359
2126,-45.29081795326471,5.464227711881868
2127,-45.27307892782727,5.439997037622041
2128,-45.255343292883424,5.415763942965237
2129,-45.2376111960891,5.391528328142578
2130,-45.219882785100346,5.367290093385187
2131,-45.202158207573106,5.343049138924201
2132,-45.18443761116339,5.318805364990739
2133,-45.166721143527184,5.294558671815927
2134,-45.14900895232047,5.27030895963088
2135,-45.13130118519925,5.246056128666741
2136,-45.1135979898195,5.221800079154626
2137,-45.09589951383724,5.197540711325663
2138,-45.07820590490841,5.173277925410969
2139,-45.06051731068903,5.149011621641684
2140,-45.04283387145331,5.1247417052909015
2141,-45.025155628595215,5.100468149169865
2142,-45.00748255290674,5.076190974313062
2143,-44.98981461365569,5.051910202796077
2144,-44.972151780109854,5.027625856694466
2145,-44.95449402153704,5.003337958083795
2146,-44.93684130720504,4.979046529039621
2147,-44.9191936063817,4.954751591637527
2148,-44.90155088833475,4.930453167953069
2149,-44.883913122332046,4.906151280061816
2150,-44.86628027764134,4.881845950039321
2151,-44.84865232353048,4.857537199961172
2152,-44.83102922926725,4.833225051902922
2153,-44.813410964119434,4.808909527940136
2154,-44.79579749735485,4.784590650148375
2155,-44.7781887982413,4.76026844060322
2156,-44.760584836046576,4.735942921380227
2157,-44.74298558003847,4.711614114554963
2158,-44.7253909994848,4.687282042202995
2159,-44.70780106365337,4.662946726399879
2160,-44.69021574181196,4.6386081892211966
2161,-44.672635003228365,4.6142664527425055
2162,-44.65505881717043,4.589921539039373
2163,-44.63748715290591,4.565573470187355
2164,-44.61991997970263,4.541222268262036
2165,-44.602357266828356,4.516867955338969
2166,-44.58479898355095,4.492510553493725
2167,-44.567245099138155,4.4681500848018585
2168,-44.54969558285782,4.443786571338953
2169,-44.532150403977695,4.419420035180564
2170,-44.514609531765615,4.395050498402258
2171,-44.49707293548937,4.370677983079597
2172,-44.479540584416775,4.3463025112881555
2173,-44.462012447815596,4.321924105103497
2174,-44.444488494953674,4.297542786601184
2175,-44.426968695098765,4.273158577856774
2176,-44.4094530175187,4.248771500945851
2177,-44.39194143148129,4.224381577943974
2178,-44.37443390625432,4.199988830926705
2179,-44.356930411105566,4.175593281969603
2180,-44.33943091530287,4.15119495314825
2181,-44.32193538811403,4.126793866538205
2182,-44.3044437988068,4.102390044215032
2183,-44.28695611664903,4.077983508254297
2184,-44.269472310908476,4.053574280731557
2185,-44.251992350852994,4.029162383722396
2186,-44.23451620575036,4.0047478393023725
2187,-44.21704384486835,3.9803306695470466
2188,-44.19957523747479,3.955910896531982
2189,-44.182110352837476,3.9314885423327564
2190,-44.16464916022422,3.9070636290249317
2191,-44.147191628902796,3.88263617868407
2192,-44.12973772814102,3.858206213385731
2193,-44.11228742720669,3.833773755205495
2194,-44.09484069536762,3.8093388262189207
2195,-44.077397501891575,3.7849014485015724
2196,-44.05995781604639,3.7604616441290117
2197,-44.042521607099864,3.736019435176816
2198,-44.025088844319775,3.711574843720546
2199,-44.007659496973936,3.687127891835764
2200,-43.990233534330144,3.6626786015980315
2201,-43.972810925656226,3.63822699508293
2202,-43.95539164021994,3.613773094366014
2203,-43.93797564728911,3.5893169215228515
2204,-43.92056291613154,3.5648584986290013
2205,-43.903153416015,3.5403978477600426
2206,-43.885747116207334,3.5159349909915334
2207,-43.868343985976324,3.4914699503990425
2208,-43.85094399458976,3.467002748058125
2209,-43.833547111315454,3.442533406044363
2210,-43.8161533054212,3.4180619464333137
2211,-43.79876254617482,3.3935883913005447
2212,-43.781374802844084,3.3691127627216204
2213,-43.76399004469679,3.3446350827720988
2214,-43.74660824100078,3.3201553735275615
2215,-43.72922936102382,3.2956736570635656
2216,-43.71185337403371,3.2711899554556783
2217,-43.69448024929826,3.2467042907794577
2218,-43.67710995608527,3.222216685110483
2219,-43.659742463662546,3.197727160524314
2220,-43.64237774129788,3.173235739096516
2221,-43.625015758259075,3.1487424429026465
2222,-43.60765648381393,3.124247294018287
2223,-43.59029988723026,3.099750314518996
2224,-43.57294593777585,3.075251526480339
2225,-43.55559460471847,3.0507509519778737
2226,-43.53824585732599,3.0262486130871817
2227,-43.52089966486617,3.0017445318838214
2228,-43.50355599660681,2.977238730443357
2229,-43.48621482181573,2.9527312308413487
2230,-43.46887610976069,2.928222055153375
2231,-43.451539829709525,2.903711225454996
2232,-43.434205950930036,2.879198763821778
2233,-43.416874442689995,2.854684692329276
2234,-43.39954527425724,2.8301690330530747
2235,-43.38221841489955,2.805651808068729
2236,-43.36489383388472,2.7811330394518063
2237,-43.34757150048057,2.7566127492778727
2238,-43.33025138395489,2.7320909596224863
2239,-43.31293345357548,2.7075676925612266
2240,-43.29561767861014,2.683042970169654
2241,-43.278304028326666,2.658516814523332
2242,-43.26099247199287,2.6339892476978193
2243,-43.24368297887655,2.609460291768698
2244,-43.22637551824549,2.5849299688115255
2245,-43.20907005936751,2.560398300901868
2246,-43.1917665715104,2.535865310115282
2247,-43.17446502394197,2.5113310185273505
2248,-43.15716538593003,2.4867954482136314
2249,-43.13986762674235,2.4622586212496884
2250,-43.12257171564674,2.4377205597110825
2251,-43.10527762191101,2.413181285673392
2252,-43.087985314802964,2.388640821212177
2253,-43.070694763590396,2.3640991884030025
2254,-43.05340593754109,2.3395564093214265
2255,-43.036118805922875,2.3150125060430295
2256,-43.018833338003546,2.2904675006433703
2257,-43.001549503050896,2.2659214151980156
2258,-42.984267270332715,2.2413742717825227
2259,-42.966986609116816,2.2168260924724708
2260,-42.94970748867101,2.192276899343421
2261,-42.93242987826307,2.167726714470937
2262,-42.915153747160815,2.143175559930578
2263,-42.89787906463205,2.118623457797925
2264,-42.88060579994456,2.094070430148535
2265,-42.86333392236617,2.0695164990579746
2266,-42.84606340116467,2.0449616866018103
2267,-42.82879420560782,2.0204060148555985
2268,-42.81152630496348,1.995849505894921
2269,-42.794259668499414,1.9712921817953362
2270,-42.77699426548345,1.9467340646324096
2271,-42.75973006518336,1.9221751764816994
2272,-42.742467036866955,1.8976155394187857
2273,-42.72520514980205,1.8730551755192288
2274,-42.70794437325643,1.848494106858592
2275,-42.69068467649789,1.8239323555124352
2276,-42.673426028794246,1.7993699435563384
2277,-42.656168399413275,1.7748068930658598
2278,-42.63891175762283,1.7502432261165661
2279,-42.62165607269065,1.725678964784014
2280,-42.60440131388456,1.701114131143785
2281,-42.58714745047237,1.6765487472714382
2282,-42.56989445172188,1.6519828352425383
2283,-42.55264228690088,1.627416417132643
2284,-42.53539092527716,1.6028495150173345
2285,-42.51814033611855,1.5782821509721712
2286,-42.500890488692825,1.5537143470727168
2287,-42.483641352267796,1.5291461253945315
2288,-42.46639289611126,1.504577508013195
2289,-42.449145089491026,1.480008517004266
2290,-42.431897901674894,1.4554391744433095
2291,-42.414651301930654,1.4308695024058928
2292,-42.397405259526096,1.406299522967573
2293,-42.380159743729045,1.3817292582039307
2294,-42.3629147238073,1.357158730190525
2295,-42.34567016902866,1.332587961002921
2296,-42.3284260486609,1.308016972716676
2297,-42.31118233197185,1.2834457874073728
2298,-42.29393898822931,1.2588744271505687
2299,-42.27669598670106,1.2343029140218298
2300,-42.25945329665491,1.209731270096714
2301,-42.24221088735866,1.185159517450801
2302,-42.224968728080114,1.1605876781596511
2303,-42.207726788087086,1.1360157742988284
2304,-42.19048503664736,1.1114438279438923
2305,-42.17324344302873,1.0868718611704227
2306,-42.15600197649899,1.0622998960539782
2307,-42.138760606325974,1.0377279546701248
2308,-42.12151930177746,1.0131560590944195
2309,-42.10427803212125,0.9885842314024447
2310,-42.08703676662515,0.9640124936697576
2311,-42.06979547455697,0.939440867971925
2312,-42.052554125184464,0.9148693763845039
2313,-42.035312687775495,0.8902980409830754
2314,-42.018071131597814,0.8657268838431986
2315,-42.00082942591926,0.8411559270404381
2316,-41.98358754000762,0.8165851926503525
2317,-41.96634544313068,0.7920147027485225
2318,-41.94910310455625,0.7674444794105078
2319,-41.93186049355212,0.7428745447118715
2320,-41.914617579386125,0.7183049207281811
2321,-41.89737433132602,0.6937356295349943
2322,-41.880130718639656,0.6691666932078923
2323,-41.86288671059477,0.6445981338224329
2324,-41.845642276459216,0.6200299734541821
2325,-41.82839738550078,0.5954622341786973
2326,-41.81115200698726,0.5708949380715611
2327,-41.793906110186455,0.5463281072083301
2328,-41.77665966436617,0.5217617636645708
2329,-41.759412638794174,0.4971959295158407
2330,-41.74216500273831,0.4726306268377211
2331,-41.72491672546637,0.44806587770577105
2332,-41.707667776246154,0.42350170419555483
2333,-41.69041812434545,0.39893812838263115
2334,-41.67316773903205,0.3743751723425809
2335,-41.6559165895738,0.34981285815096275
2336,-41.63866464523844,0.32525120788334194
2337,-41.621411875293816,0.3006902436152765
2338,-41.60415824900772,0.27612998742234784
2339,-41.58690373564794,0.25157046138011396
2340,-41.56964830448227,0.22701168756414003
2341,-41.552391924778526,0.20245368804998465
2342,-41.53513456580451,0.17789648491322918
2343,-41.51787619682802,0.15334010022943156
2344,-41.500616787116854,0.12878455607415662
2345,-41.48335630593882,0.10422987452297139
2346,-41.46609472256169,0.07967607765143314
2347,-41.44883200625329,0.055123187535123686
2348,-41.431568126281434,0.03057122624960018
2349,-41.41430305191389,0.006020215870428669
2350,-41.397036752418465,-0.018529821526832246
2351,-41.37976919706298,-0.043078863866602535
2352,-41.36250035511523,-0.0676268890733227
2353,-41.34523019584301,-0.09217387507142794
2354,-41.3279586885141,-0.11671979978535996
2355,-41.310685802396335,-0.14126464113953763
2356,-41.2934115067575,-0.16580837705840334
2357,-41.27613577086539,-0.19035098546639073
2358,-41.25885856398781,-0.21489244428794207
2359,-41.241579855392565,-0.239432731447476
2360,-41.22429961434746,-0.2639718248694345
2361,-41.20701781012027,-0.28850970247825214
2362,-41.18973441197882,-0.3130463421983708
2363,-41.172449389190916,-0.33758172195420866
2364,-41.15516271102433,-0.36211581967020867
2365,-41.13787434674689,-0.38664861327080424
2366,-41.12058426562637,-0.41118008068043765
2367,-41.1032924369306,-0.4357101998235282
2368,-41.08599882992736,-0.4602389486245172
2369,-41.06870341388447,-0.48476630500783935
2370,-41.0514061580697,-0.5092922468979362
2371,-41.03410703175088,-0.5338167522192268
2372,-41.01680600419579,-0.5583397988961533
2373,-40.999503044672245,-0.5828613648531492
2374,-40.98219812244805,-0.6073814280146499
2375,-40.96489120679097,-0.6318999663050966
2376,-40.947582266968844,-0.6564169576489087
2377,-40.930271272249456,-0.6809323799705274
2378,-40.91295819190061,-0.705446211194387
2379,-40.89564299519011,-0.7299584292449305
2380,-40.87832565138575,-0.7544690120465757
2381,-40.86100612975533,-0.7789779375237649
2382,-40.843684399566655,-0.8034851836009322
2383,-40.826360430087526,-0.8279907282025198
2384,-40.809034190585734,-0.8524945492529463
2385,-40.79170565032911,-0.876996624676654
2386,-40.774374778585404,-0.901496932398077
2387,-40.75704154462244,-0.925995450341657
2388,-40.739705917708044,-0.9504921564318136
2389,-40.722367867109995,-0.9749870285929879
2390,-40.70502736209608,-0.9994800447496143
2391,-40.68768437193413,-1.023971182826135
2392,-40.670338865891914,-1.0484604207469694
2393,-40.65299081323725,-1.072947736436558
2394,-40.635640183237946,-1.0974331078193365
2395,-40.61828694516178,-1.121916512819746
2396,-40.60093106827658,-1.1463979293622057
2397,-40.58357252185011,-1.1708773353711575
2398,-40.566211275150195,-1.1953547087710352
2399,-40.54884729744465,-1.219830027486274
2400,-40.531480558001235,-1.244303269441315
2401,-40.5141110260878,-1.2687744125605778
2402,-40.49673867097211,-1.2932434347685038
2403,-40.47936346192195,-1.3177103139895272
2404,-40.461985368205156,-1.3421750281480898
2405,-40.444604359089524,-1.366637555168611
2406,-40.42722040384287,-1.391097872975533
2407,-40.40983347173294,-1.4155559594932892
2408,-40.39244353202757,-1.440011792646322
2409,-40.37505055399457,-1.4644653503590503
2410,-40.35765450690172,-1.4889166105559157
2411,-40.340255360016826,-1.5133655511613529
2412,-40.322853082607686,-1.5378121500998037
2413,-40.30544764394212,-1.5622563852956866
2414,-40.28803901328791,-1.5866982346734444
2415,-40.270627159912856,-1.6111376761575111
2416,-40.25321205308475,-1.6355746876723276
2417,-40.23579366207143,-1.6600092471423138
2418,-40.218371956140665,-1.6844413324919119
2419,-40.20094690456026,-1.7088709216455553
2420,-40.18351847659802,-1.7332979925276866
2421,-40.16608664152174,-1.7577225230627234
2422,-40.14865136859923,-1.7821444911751094
2423,-40.13121262709828,-1.806563874789278
2424,-40.11377038628668,-1.830980651829671
2425,-40.096324615432266,-1.8553948002207075
2426,-40.078875283802816,-1.8798062978868297
2427,-40.06142236066613,-1.904215122752471
2428,-40.04396581529001,-1.9286212527420667
2429,-40.026505616942245,-1.9530246657800585
2430,-40.00904173489066,-1.9774253397908645
2431,-39.99157413840305,-2.001823252698928
2432,-39.974102796747204,-2.0262183824286812
2433,-39.956627679190916,-2.0506107069045685
2434,-39.93914875500201,-2.075000204051007
2435,-39.92166599344827,-2.0993868517924397
2436,-39.90417936379751,-2.1237706280532995
2437,-39.88668883531751,-2.1481515107580296
2438,-39.86919437727608,-2.172529477831049
2439,-39.851695958941036,-2.1969045071967983
2440,-39.834193549580164,-2.2212765767797134
2441,-39.81668711846125,-2.2456456645042344
2442,-39.799176634852124,-2.2700117482947824
2443,-39.781662068020566,-2.294374806075797
2444,-39.764143387234384,-2.3187348157717143
2445,-39.746620561761375,-2.3430917553069754
2446,-39.72909356086936,-2.367445602606
2447,-39.71156235382611,-2.391796335593229
2448,-39.694026909899435,-2.416143932193096
2449,-39.67648719835713,-2.440488370330045
2450,-39.65894318846702,-2.464829627928494
2451,-39.64139484949687,-2.4891676829128837
2452,-39.62384215071452,-2.5135025132076505
2453,-39.606285061387744,-2.5378340967372273
2454,-39.58872355078434,-2.5621624114260557
2455,-39.57115758817212,-2.5864874351985563
2456,-39.553587142818884,-2.610809145979169
2457,-39.536012183992426,-2.63512752169233
2458,-39.518432680960544,-2.6594425402624786
2459,-39.500848602991056,-2.6837541796140365
2460,-39.483259919351745,-2.7080624176714445
2461,-39.465666599310424,-2.7323672323591364
2462,-39.448068612134875,-2.7566686016015542
2463,-39.430465927092925,-2.7809665033231186
2464,-39.412858513452356,-2.805260915448269
2465,-39.39524634048097,-2.829551815901441
2466,-39.37762937744657,-2.853839182607076
2467,-39.360007593616956,-2.878122993489593
2468,-39.342380958259945,-2.902403226473435
2469,-39.32474944064331,-2.9266798594830354
2470,-39.30711301003487,-2.950952870442836
2471,-39.289471635702405,-2.9752222372772548
2472,-39.27182528691374,-2.999487937910736
2473,-39.25417393293665,-3.0237499502677103
2474,-39.23651754303897,-3.0480082522726244
2475,-39.21885608648847,-3.0722628218498933
2476,-39.201189532552974,-3.0965136369239614
2477,-39.18351785050025,-3.1207606754192603
2478,-39.165841009598125,-3.1450039152602347
2479,-39.148158979114406,-3.169243334371302
2480,-39.13047172831686,-3.193478910676905
2481,-39.112779226473336,-3.2177106221014773
2482,-39.09508144285158,-3.2419384465694527
2483,-39.07737834671943,-3.2661623620052733
2484,-39.059669907344684,-3.2903823463333595
2485,-39.041956093995125,-3.314598377478151
2486,-39.024236875938556,-3.3388104333640842
2487,-39.00651222244279,-3.363018491915599
2488,-38.988782102775616,-3.387222531057116
2489,-38.971046486204855,-3.411422528713077
2490,-38.95330534199829,-3.4356184628079145
2491,-38.935558639423704,-3.4598103112660725
2492,-38.917806347748936,-3.4839980520119687
2493,-38.90004843624177,-3.508181662970045
2494,-38.88228487417,-3.5323611220647373
2495,-38.864515630801414,-3.5565364072204835
2496,-38.84674067540386,-3.580707496361709
2497,-38.82895994108724,-3.6048743383871207
2498,-38.811173216577174,-3.6290367662907683
2499,-38.793380254564724,-3.653194584140016
2500,-38.77558080774101,-3.677347596002206
2501,-38.75777462879713,-3.701495605944704
2502,-38.7399614704242,-3.7256384180348703
2503,-38.7221410853133,-3.7497758363400675
2504,-38.70431322615556,-3.773907664927641
2505,-38.68647764564205,-3.798033707864954
2506,-38.66863409646391,-3.822153769219367
2507,-38.65078233131222,-3.846267653058236
2508,-38.63292210287807,-3.870375163448927
2509,-38.6150531638526,-3.8944761044587843
2510,-38.59717526692688,-3.918570280155171
2511,-38.57928816479204,-3.9426574946054487
2512,-38.56139161013916,-3.9667375518769807
2513,-38.54348535565935,-3.9908102560371086
2514,-38.52556915404374,-4.014875411153202
2515,-38.507642757983376,-4.038932821292614
2516,-38.489705920169406,-4.062982290522716
2517,-38.47175839329292,-4.087023622910845
2518,-38.453799930045015,-4.11105662252437
2519,-38.435830283116815,-4.1350810934306494
2520,-38.4178492051994,-4.159096839697047
2521,-38.39985644898387,-4.183103665390907
2522,-38.38185176716135,-4.207101374579593
2523,-38.36383491242294,-4.231089771330467
2524,-38.34580563745972,-4.255068659710889
2525,-38.327763694962805,-4.279037843788207
2526,-38.30970883762331,-4.302997127629785
2527,-38.29164081813233,-4.326946315302981
2528,-38.27355938918096,-4.350885210875159
2529,-38.255464303460315,-4.374813618413665
2530,-38.23735531366148,-4.398731341985861
2531,-38.219232172475586,-4.422638185659108
2532,-38.20109463259371,-4.44653395350077
2533,-38.182942446706974,-4.47041844957819
2534,-38.164775367506465,-4.494291477958735
2535,-38.14659314768329,-4.518152842709761
2536,-38.12839553992856,-4.542002347898628
2537,-38.11018229693337,-4.565839797592702
2538,-38.09195317138883,-4.589664995859323
2539,-38.07370791598604,-4.6134777467658585
2540,-38.0554462834161,-4.637277854379666
2541,-38.03716802637011,-4.661065122768111
2542,-38.01887289753918,-4.684839355998538
2543,-38.000560649614414,-4.7086003581383125
2544,-37.982231035286915,-4.732347933254789
2545,-37.963883807247775,-4.7560818854153375
2546,-37.945518718188104,-4.779802018687298
2547,-37.92713552079901,-4.803508137138038
2548,-37.90873396777158,-4.827200044834912
2549,-37.89031381179694,-4.850877545845292
2550,-37.87187480556618,-4.874540444236514
2551,-37.853416701770406,-4.89818854407595
2552,-37.83493925310073,-4.921821649430954
2553,-37.81644221224821,-4.945439564368891
2554,-37.79792533190401,-4.969042092957106
2555,-37.7793883647592,-4.992629039262964
2556,-37.760831063504895,-5.016200207353823
2557,-37.74225318083218,-5.0397554012970485
2558,-37.72365446943218,-5.0632944251599845
2559,-37.70503468199598,-5.086817083009995
2560,-37.686393571214694,-5.110323178914438
2561,-37.66773088977943,-5.133812516940675
2562,-37.64904639038126,-5.157284901156065
2563,-37.63033982571133,-5.180740135627957
2564,-37.61161094846071,-5.2041780244237135
2565,-37.592859511320526,-5.227598371610696
2566,-37.57408526698186,-5.251000981256265
2567,-37.555287968135836,-5.274385657427766
2568,-37.53646736747354,-5.297752204192566
2569,-37.517623217686086,-5.321100425618021
2570,-37.49875527146457,-5.3444301257714955
2571,-37.479863281500094,-5.367741108720336
2572,-37.460947000483756,-5.391033178531906
2573,-37.44200618110669,-5.414306139273564
2574,-37.423040576059954,-5.437559795012675
2575,-37.40404993803469,-5.460793949816583
2576,-37.385034019721985,-5.484008407752653
2577,-37.365992573812925,-5.507202972888242
2578,-37.34692535299863,-5.530377449290717
2579,-37.3278321099702,-5.553531641027419
2580,-37.30871259741876,-5.576665352165719
2581,-37.289566568035376,-5.599778386772968
2582,-37.27039377451117,-5.622870548916535
2583,-37.25119396953725,-5.6459416426637645
2584,-37.231966905804704,-5.668991472082018
2585,-37.21271233600465,-5.6920198412386585
2586,-37.193430043399076,-5.715026566276286
2587,-37.17412003184514,-5.738011550470611
2588,-37.154782402018625,-5.760974735339872
2589,-37.13541725500967,-5.783916062565982
2590,-37.11602469190846,-5.806835473830854
2591,-37.09660481380518,-5.8297329108164115
2592,-37.07715772178998,-5.852608315204553
2593,-37.057683516953055,-5.875461628677199
2594,-37.038182300384534,-5.898292792916263
2595,-37.01865417317464,-5.921101749603668
2596,-36.99909923641349,-5.943888440421309
2597,-36.97951759119131,-5.96665280705111
2598,-36.959909338598216,-5.989394791174982
2599,-36.940274579724424,-6.012114334474851
2600,-36.920613415660064,-6.03481137863261
2601,-36.900925947495345,-6.057485865330185
2602,-36.88121227632042,-6.080137736249488
2603,-36.861472503225436,-6.102766933072439
2604,-36.8417067293006,-6.125373397480936
2605,-36.82191505563607,-6.147957071156903
2606,-36.80209758332202,-6.170517895782254
2607,-36.78225441344859,-6.193055813038905
2608,-36.762385647106,-6.21557076460876
2609,-36.7424913853844,-6.23806269217374
2610,-36.72257172937394,-6.260531537415754
2611,-36.702626780164806,-6.2829772420167265
2612,-36.682656638847185,-6.305399747658558
2613,-36.66266140651122,-6.327798996023167
2614,-36.642641184247104,-6.350174928792467
2615,-36.62259607314498,-6.372527487648372
2616,-36.60252617429505,-6.394856614272804
2617,-36.582431588787465,-6.417162250347662
2618,-36.5623124177124,-6.439444337554864
2619,-36.54216876216002,-6.461702817576328
2620,-36.5220007232205,-6.483937632093974
2621,-36.50180840198402,-6.506148722789698
2622,-36.48159189954074,-6.528336031345424
2623,-36.46135131698084,-6.550499499443065
2624,-36.44108675539445,-6.572639068764542
2625,-36.4207983158718,-6.594754680991753
2626,-36.40048609950303,-6.61684627780662
2627,-36.38015020737832,-6.638913800891058
2628,-36.35979074058781,-6.6609571919269825
2629,-36.33940780022173,-6.682976392596301
2630,-36.31900148737019,-6.704971344580928
2631,-36.29857190312338,-6.726941989562779
2632,-36.2781191485715,-6.748888269223777
2633,-36.257643324804675,-6.770810125245817
2634,-36.237144532913106,-6.792707499310823
2635,-36.21662287398695,-6.814580333100708
2636,-36.196078449116385,-6.836428568297393
2637,-36.17551135939158,-6.858252146582777
2638,-36.15492170590271,-6.880051009638781
2639,-36.13430958973993,-6.9018250991473185
2640,-36.11367511199341,-6.92357435679031
2641,-36.09301837375334,-6.945298724249655
2642,-36.072339476109875,-6.966998143207276
2643,-36.0516385201532,-6.988672555345084
2644,-36.03091560697347,-7.0103219023449945
2645,-36.01017083766086,-7.031946125888927
2646,-35.98940431330554,-7.053545167658784
2647,-35.96861613499768,-7.075118969336481
2648,-35.94780640382747,-7.096667472603937
2649,-35.92697522088504,-7.118190619143068
2650,-35.90612268726059,-7.139688350635777
2651,-35.8852489040443,-7.161160608763985
2652,-35.86435397232631,-7.182607335209603
2653,-35.8434379931968,-7.204028471654552
2654,-35.82250106774596,-7.225423959780737
2655,-35.80154329706393,-7.2467937412700705
2656,-35.78056478224091,-7.268137757804471
2657,-35.75956562436704,-7.289455951065857
2658,-35.738545924532524,-7.310748262736132
2659,-35.71750578382751,-7.332014634497212
2660,-35.69644530334218,-7.353255008031015
2661,-35.67536458416668,-7.374469325019456
2662,-35.65426372739121,-7.395657527144441
2663,-35.63314283410593,-7.416819556087887
2664,-35.61200200540102,-7.437955353531709
2665,-35.590841342366616,-7.459064861157827
2666,-35.569660946092924,-7.480148020648139
2667,-35.5484609176701,-7.501204773684568
2668,-35.52724135818832,-7.522235061949029
2669,-35.506002368737754,-7.543238827123433
2670,-35.48474405040855,-7.564216010889701
2671,-35.46346650429092,-7.585166554929733
2672,-35.44216983147501,-7.606090400925451
2673,-35.420854133051,-7.6269874905587685
2674,-35.39951951010903,-7.647857765511603
2675,-35.378166063739314,-7.668701167465857
2676,-35.35679389437679,-7.689517637400554
2677,-35.33540226450296,-7.7103062173510795
2678,-35.31398795661586,-7.731063288864643
2679,-35.292547296601136,-7.751784743641626
2680,-35.27107661034442,-7.772466473382435
2681,-35.24957222373134,-7.79310436978746
2682,-35.22803046264752,-7.813694324557112
2683,-35.20644765297858,-7.8342322293917634
2684,-35.18482012061019,-7.854713975991823
2685,-35.16314419142794,-7.875135456057684
2686,-35.141416191317454,-7.89549256128975
2687,-35.1196324461644,-7.915781183388405
2688,-35.097789281854396,-7.935997214054048
2689,-35.07588302427305,-7.956136544987075
2690,-35.053909999306,-7.97619506788789
2691,-35.03186653283889,-7.996168674456875
2692,-35.009748950757334,-8.016053256394432
2693,-34.98755357894697,-8.035844705400958
2694,-34.96527674329343,-8.055538913176852
2695,-34.942914769682346,-8.075131771422502
2696,-34.92046398399934,-8.094619171838305
2697,-34.89792071213003,-8.113997006124658
2698,-34.87528127996008,-8.133261165981963
2699,-34.85254201337508,-8.15240754311061
2700,-34.829699238260694,-8.171432029210992
2701,-34.80674928050253,-8.190330515983508
2702,-34.78368846598623,-8.209098895128554
2703,-34.7605131205974,-8.227733058346528
2704,-34.737219570221704,-8.246228897337819
2705,-34.713804140744756,-8.264582303802827
2706,-34.690263158052176,-8.282789169441944
2707,-34.6665929480296,-8.30084538595558
2708,-34.642789836562685,-8.31874684504411
2709,-34.618850149537025,-8.336489438407943
2710,-34.59477021283826,-8.354069057747468
2711,-34.57054682946599,-8.371481885652667
2712,-34.54618009030434,-8.388726109289708
2713,-34.52167147153966,-8.40580076042379
2714,-34.49702245420827,-8.422704873777034
2715,-34.47223451934646,-8.439437484071568
2716,-34.447309147990566,-8.455997626029509
2717,-34.42224782117687,-8.472384334372979
2718,-34.39705201994168,-8.488596643824105
2719,-34.371723225321304,-8.504633589105014
2720,-34.34626291835205,-8.52049420493782
2721,-34.32067258007022,-8.53617752604465
2722,-34.29495369151213,-8.551682587147628
2723,-34.26910773371407,-8.567008422968874
2724,-34.243136187712345,-8.582154068230519
2725,-34.217040534543266,-8.597118557654674
2726,-34.190822255243155,-8.611900925963472
2727,-34.164482830848314,-8.626500207879031
2728,-34.13802374239501,-8.64091543812348
2729,-34.11144647091959,-8.655145651418932
2730,-34.08475249745834,-8.669189882487517
2731,-34.05794330304759,-8.683047166051358
2732,-34.031020368723595,-8.696716536832577
2733,-34.003985175522715,-8.710197029553296
2734,-33.97683920448123,-8.723487678935637
2735,-33.94958393663545,-8.736587519701725
2736,-33.92222085302167,-8.749495586573687
2737,-33.89475143467621,-8.762210914273638
2738,-33.86717716263537,-8.774732537523702
2739,-33.839499517935465,-8.787059491046008
2740,-33.811719981612775,-8.799190809562681
2741,-33.78384003470363,-8.811125527795834
2742,-33.755861158244336,-8.822862680467594
2743,-33.72778483327117,-8.834401302300083
2744,-33.69961254082047,-8.845740428015434
2745,-33.671345761928535,-8.856879092335758
2746,-33.64298597763166,-8.867816329983182
2747,-33.61453466896615,-8.87855117567983
2748,-33.58599331696832,-8.889082664147825
2749,-33.557363519305675,-8.89940972957498
2750,-33.528647649518554,-8.90953063735862
2751,-33.49984839784632,-8.91944337990636
2752,-33.47096845546563,-8.929145948817913
2753,-33.44201051355308,-8.938636335692992
2754,-33.41297726328531,-8.9479125321313
2755,-33.383871395838966,-8.956972529732555
2756,-33.35469560239067,-8.965814320096467
2757,-33.325452574117044,-8.974435894822749
2758,-33.296145002194734,-8.982835245511106
2759,-33.26677557780035,-8.991010363761253
2760,-33.23734699211054,-8.998959241172905
2761,-33.20786193630192,-9.00667986934577
2762,-33.178323101551136,-9.014170239879558
2763,-33.14873317903482,-9.021428344373984
2764,-33.11909485992958,-9.028452174428754
2765,-33.08941083541205,-9.035239721643583
2766,-33.059683796658895,-9.041788977618184
2767,-33.02991643484671,-9.048097933952263
2768,-33.00011144115213,-9.054164582245532
2769,-32.970271506751786,-9.05998691409771
2770,-32.94039932282232,-9.0655629211085
2771,-32.91049758054035,-9.070890594877614
2772,-32.88056897108253,-9.075967927004768
2773,-32.85061618562544,-9.080792909089672
2774,-32.82064191534576,-9.085363532732032
2775,-32.790648851420116,-9.089677789531565
2776,-32.760639685025104,-9.093733671087978
2777,-32.730617107337395,-9.097529169000989
2778,-32.70058380953357,-9.101062274870301
2779,-32.67054248279031,-9.104330980295632
2780,-32.640495818284215,-9.10733327687669
2781,-32.61044650719194,-9.110067156213189
2782,-32.580397240690075,-9.112530609904836
2783,-32.550350709955296,-9.114721629551344
2784,-32.52030960616419,-9.116638206752423
2785,-32.490276620493425,-9.118278333107789
2786,-32.46025444411961,-9.119640000217151
2787,-32.430245768219386,-9.120721199680219
2788,-32.40025328396938,-9.121519923096704
2789,-32.370279682546226,-9.12203416206632
2790,-32.34032765512653,-9.122261908188772
2791,-32.31039989288695,-9.122201153063783
2792,-32.2804990870041,-9.12184988829105
2793,-32.25062792865464,-9.121206105470296
2794,-32.22078910901516,-9.120267796201228
2795,-32.19098531926232,-9.119032952083556
2796,-32.161219213559676,-9.117499656474775
2797,-32.13149196315137,-9.115669668986582
2798,-32.10180278704637,-9.113549588949324
2799,-32.07215077114718,-9.111146345672847
2800,-32.042535001356356,-9.108466868467008
2801,-32.012954563576415,-9.105518086641654
2802,-31.983408543709885,-9.102306929506632
2803,-31.953896027659304,-9.098840326371795
2804,-31.92441610132721,-9.095125206546994
2805,-31.894967850616123,-9.091168499342075
2806,-31.865550361428582,-9.086977134066895
2807,-31.836162719667104,-9.082558040031296
2808,-31.806804011234235,-9.077918146545132
2809,-31.77747332203251,-9.073064382918252
2810,-31.748169737964435,-9.068003678460506
2811,-31.71889234493256,-9.062742962481746
2812,-31.689640228839423,-9.057289164291818
2813,-31.660412475587545,-9.051649213200582
2814,-31.631208171079457,-9.045830038517876
2815,-31.60202640121768,-9.03983856955355
2816,-31.572866251904774,-9.033681735617463
2817,-31.543726809043253,-9.027366466019464
2818,-31.514607158535643,-9.020899690069395
2819,-31.485506386284474,-9.01428833707711
2820,-31.456423578192293,-9.007539336352464
2821,-31.427357820161625,-9.000659617205297
2822,-31.398308198095,-8.993656108945471
2823,-31.369273797894934,-8.986535740882825
2824,-31.34025370546398,-8.979305442327217
2825,-31.31124700670466,-8.971972142588493
2826,-31.282252787519518,-8.964542770976504
2827,-31.25327013381106,-8.9570242568011
2828,-31.224298131481834,-8.949423529372128
2829,-31.195335866434373,-8.941747517999445
2830,-31.166382424571196,-8.934003151992894
2831,-31.137436891794852,-8.92619736066233
2832,-31.10849835400785,-8.918337073317598
2833,-31.079565897112737,-8.910429219268552
2834,-31.05063860701204,-8.902480727825042
2835,-31.021715569608297,-8.894498528296918
2836,-30.99279587080402,-8.886489549994026
2837,-30.963878596501768,-8.87846072222622
2838,-30.93496283260405,-8.870418974303352
2839,-30.906047665013414,-8.862371235535267
2840,-30.877132309717002,-8.85432344954978
2841,-30.848216590224684,-8.846276956631465
2842,-30.81930050725577,-8.838231754306795
2843,-30.79038406155049,-8.830187839943918
2844,-30.761467253849037,-8.822145210910971
2845,-30.73255008489167,-8.81410386457611
2846,-30.703632555418572,-8.80606379830747
2847,-30.67471466616997,-8.798025009473191
2848,-30.64579641788609,-8.789987495441428
2849,-30.616877811307155,-8.781951253580322
2850,-30.58795884717336,-8.77391628125801
2851,-30.55903952622494,-8.76588257584264
2852,-30.530119849202112,-8.757850134702357
2853,-30.501199816845098,-8.749818955205306
2854,-30.472279429894083,-8.74178903471962
2855,-30.443358689089333,-8.733760370613458
2856,-30.414437595171034,-8.725732960254955
2857,-30.38551614887942,-8.717706801012257
2858,-30.35659435095471,-8.709681890253508
2859,-30.327672202137105,-8.701658225346852
2860,-30.29874970316684,-8.693635803660431
2861,-30.269826854784128,-8.685614622562392
2862,-30.240903657729177,-8.677594679420878
2863,-30.211980112742193,-8.66957597160402
2864,-30.183056220563444,-8.661558496479987
2865,-30.15413198193311,-8.653542251416905
2866,-30.125207397591417,-8.645527233782921
2867,-30.096282468278588,-8.637513440946183
2868,-30.067357194734832,-8.629500870274832
2869,-30.03843157770037,-8.62148951913701
2870,-30.009505617915423,-8.61347938490086
2871,-29.98057931612019,-8.605470464934527
2872,-29.951652673054927,-8.597462756606161
2873,-29.92272568945982,-8.589456257283898
2874,-29.893798366075103,-8.581450964335884
2875,-29.86487070364099,-8.573446875130266
2876,-29.835942702897697,-8.565443987035183
2877,-29.80701436458545,-8.557442297418786
2878,-29.77808568944445,-8.549441803649211
2879,-29.749156678214906,-8.541442503094599
2880,-29.720227331637087,-8.533444393123103
2881,-29.69129765045116,-8.525447471102863
2882,-29.66236763539737,-8.517451734402028
2883,-29.63343728721593,-8.509457180388734
2884,-29.604506606647057,-8.501463806431127
2885,-29.575575594430962,-8.493471609897354
2886,-29.546644251307864,-8.485480588155554
2887,-29.517712578017992,-8.477490738573872
2888,-29.48878057530153,-8.46950205852045
2889,-29.459848243898744,-8.46151454536344
2890,-29.43091558454983,-8.453528196470982
2891,-29.40198259799501,-8.445543009211216
2892,-29.373049284974503,-8.43755898095229
2893,-29.34411564622851,-8.429576109062344
2894,-29.31518168249727,-8.421594390909524
2895,-29.286247394520988,-8.413613823861974
2896,-29.257312783039875,-8.405634405287834
2897,-29.228377848794175,-8.397656132555255
2898,-29.19944259252409,-8.38967900303238
2899,-29.170507014969843,-8.381703014087345
2900,-29.14157111687165,-8.373728163088302
2901,-29.112634898969716,-8.36575444740339
2902,-29.083698362004284,-8.357781864400755
2903,-29.054761506715558,-8.34981041144854
2904,-29.025824333843726,-8.341840085914885
2905,-28.99688684412906,-8.333870885167942
2906,-28.96794903831176,-8.325902806575852
2907,-28.939010917132034,-8.317935847506755
2908,-28.910072481330104,-8.309970005328797
2909,-28.88113373164619,-8.302005277410125
2910,-28.85219466882051,-8.29404166111888
2911,-28.823255293593284,-8.286079153823204
2912,-28.794315606704718,-8.278117752891243
2913,-28.76537560889502,-8.270157455691134
2914,-28.736435300904446,-8.262198259591033
2915,-28.707494683473193,-8.254240161959077
2916,-28.67855375734149,-8.246283160163413
2917,-28.649612523249537,-8.238327251572182
2918,-28.620670981937554,-8.230372433553525
2919,-28.591729134145783,-8.222418703475594
2920,-28.562786980614405,-8.214466058706526
2921,-28.533844522083648,-8.20651449661446
2922,-28.504901759293762,-8.198564014567555
2923,-28.47595869298494,-8.190614609933945
2924,-28.4470153238974,-8.182666280081776
2925,-28.418071652771356,-8.174719022379188
2926,-28.389127680347038,-8.166772834194328
2927,-28.360183407364662,-8.158827712895343
2928,-28.331238834564438,-8.150883655850372
2929,-28.30229396268657,-8.142940660427556
2930,-28.273348792471314,-8.134998723995047
2931,-28.244403324658865,-8.127057843920985
2932,-28.215457559989442,-8.119118017573516
2933,-28.186511499203274,-8.111179242320778
2934,-28.157565143040557,-8.10324151553092
2935,-28.12861849224153,-8.095304834572083
2936,-28.09967154754641,-8.087369196812416
2937,-28.07072430969538,-8.079434599620049
2938,-28.04177677942871,-8.071501040363145
2939,-28.012828957486583,-8.063568516409836
2940,-27.98388084460923,-8.055637025128267
2941,-27.954932441536876,-8.047706563886583
2942,-27.92598374900973,-8.039777130052931
2943,-27.897034767768005,-8.031848720995448
2944,-27.868085498551924,-8.023921334082287
2945,-27.839135942101706,-8.015994966681582
2946,-27.810186099157548,-8.008069616161476
2947,-27.781235970459715,-8.000145279890123
2948,-27.75228555674839,-7.9922219552356655
2949,-27.723334858763796,-7.984299639566238
2950,-27.694383877246164,-7.976378330249995
2951,-27.66543261293569,-7.968458024655073
2952,-27.636481066572607,-7.960538720149615
2953,-27.60752923889713,-7.952620414101771
2954,-27.57857713064946,-7.944703103879676
2955,-27.549624742569858,-7.936786786851487
2956,-27.5206720753985,-7.928871460385336
2957,-27.491719129875626,-7.920957121849374
2958,-27.462765906741446,-7.91304376861174
2959,-27.433812406736187,-7.905131398040581
2960,-27.404858630600057,-7.897220007504039
2961,-27.375904579073275,-7.889309594370258
2962,-27.34695025289604,-7.881400156007379
2963,-27.31799565280861,-7.87349168978355
2964,-27.289040779551183,-7.865584193066916
2965,-27.260085633863987,-7.85767766322562
2966,-27.23113021648722,-7.849772097627803
2967,-27.202174528161116,-7.841867493641611
2968,-27.17321856962588,-7.833963848635185
2969,-27.144262341621744,-7.826061159976672
2970,-27.115305844888923,-7.8181594250342155
2971,-27.08634908016761,-7.810258641175953
2972,-27.057392048198057,-7.802358805770038
2973,-27.02843474972047,-7.794459916184608
2974,-26.999477185475072,-7.786561969787813
2975,-26.970519356202075,-7.778664963947792
2976,-26.941561262641695,-7.770768896032689
2977,-26.912602905534158,-7.7628737634106475
2978,-26.883644285619674,-7.754979563449813
2979,-26.85468540363844,-7.747086293518322
2980,-26.825726260330715,-7.73919395098433
2981,-26.7967668564367,-7.731302533215976
2982,-26.767807192696615,-7.723412037581404
2983,-26.738847269850684,-7.7155224614487565
2984,-26.709887088639103,-7.707633802186178
2985,-26.68092664980211,-7.699746057161814
2986,-26.651965954079916,-7.691859223743806
2987,-26.623005002212718,-7.683973299300291
2988,-26.59404379494078,-7.676088281199427
2989,-26.565082333004288,-7.668204166809351
2990,-26.536120617143464,-7.660320953498206
2991,-26.50715864809854,-7.652438638634138
2992,-26.47819642660972,-7.64455721958529
2993,-26.44923395341722,-7.636676693719802
2994,-26.420271229261267,-7.628797058405825
2995,-26.391308254882073,-7.620918311011497
2996,-26.36234503101985,-7.613040448904959
2997,-26.33338155841483,-7.605163469454364
2998,-26.30441783780723,-7.597287370027853
2999,-26.275453869937262,-7.589412147993569
3000,-26.24648965554514,-7.5815378007196506
3001,-26.2175251953711,-7.57366432557425
3002,-26.18856049015534,-7.565791719925506
3003,-26.15959554063808,-7.557919981141561
3004,-26.130630347559528,-7.550049106590559
3005,-26.101664911659938,-7.542179093640652
3006,-26.072699233679508,-7.534309939659976
3007,-26.04373331435845,-7.526441642016677
3008,-26.01476715443699,-7.518574198078898
3009,-25.98580075465534,-7.510707605214783
3010,-25.956834115753725,-7.502841860792477
3011,-25.92786723847236,-7.494976962180123
3012,-25.898900123551446,-7.487112906745861
3013,-25.86993277173123,-7.479249691857843
3014,-25.84096518375191,-7.471387314884206
3015,-25.811997360353722,-7.463525773193099
3016,-25.78302930227687,-7.455665064152661
3017,-25.754061010261573,-7.447805185131039
3018,-25.725092485048055,-7.439946133496376
3019,-25.696123727376527,-7.432087906616815
3020,-25.667154737987207,-7.424230501860498
3021,-25.638185517620297,-7.416373916595568
3022,-25.609216067016057,-7.408518148190177
3023,-25.580246386914677,-7.400663194012463
3024,-25.551276478056383,-7.3928090514305715
3025,-25.522306341181395,-7.3849557178126455
3026,-25.493335977029922,-7.377103190526829
3027,-25.46436538634218,-7.369251466941264
3028,-25.4353945698584,-7.361400544424097
3029,-25.406423528318765,-7.353550420343463
3030,-25.377452262463546,-7.345701092067519
3031,-25.34848077303294,-7.337852556964405
3032,-25.319509060767153,-7.330004812402263
3033,-25.290537126406413,-7.322157855749236
3034,-25.261564970690937,-7.31431168437347
3035,-25.232592594360934,-7.306466295643104
3036,-25.203619998156643,-7.298621686926289
3037,-25.174647182818237,-7.290777855591158
3038,-25.145674149085995,-7.282934799005869
3039,-25.116700897700103,-7.2750925145385565
3040,-25.087727429400775,-7.267250999557366
3041,-25.058753744928236,-7.259410251430443
3042,-25.029779845022713,-7.25157026752593
3043,-25.000805730424403,-7.24373104521197
3044,-24.971831401873548,-7.235892581856709
3045,-24.942856860110325,-7.2280548748282865
3046,-24.913882105875,-7.220217921494851
3047,-24.884907139907774,-7.212381719224544
3048,-24.855931962948866,-7.204546265385513
3049,-24.826956575738485,-7.196711557345899
3050,-24.797980979016856,-7.188877592473843
3051,-24.769005173524192,-7.181044368137492
3052,-24.740029160000727,-7.173211881704991
3053,-24.71105293918665,-7.165380130544482
3054,-24.682076511822185,-7.1575491120241015
3055,-24.65309987864758,-7.149718823512009
3056,-24.62412304040303,-7.1418892623763375
3057,-24.59514599782876,-7.1340604259852345
3058,-24.56616875166498,-7.12623231170684
3059,-24.537191302651916,-7.118404916909304
3060,-24.508213651529783,-7.110578238960766
3061,-24.47923579903879,-7.102752275229369
3062,-24.450257745919153,-7.0949270230832555
3063,-24.42127949291111,-7.087102479890573
3064,-24.392301040754873,-7.079278643019469
3065,-24.363322390190667,-7.071455509838081
3066,-24.334343541958685,-7.063633077714555
3067,-24.305364496799157,-7.055811344017033
3068,-24.276385255452315,-7.047990306113661
3069,-24.247405818658365,-7.040169961372585
3070,-24.2184261871575,-7.032350307161937
3071,-24.18944636168999,-7.024531340849876
3072,-24.160466342996017,-7.01671305980454
3073,-24.13148613181581,-7.008895461394072
3074,-24.102505728889582,-7.001078542986615
3075,-24.07352513495756,-6.993262301950316
3076,-24.04454435075996,-6.985446735653317
3077,-24.01556337703699,-6.977631841463761
3078,-23.986582214528873,-6.969817616749791
3079,-23.95760086397581,-6.962004058879548
3080,-23.928619326118056,-6.954191165221186
3081,-23.899637601695808,-6.9463789331428405
3082,-23.870655691449286,-6.938567360012659
3083,-23.84167359611872,-6.930756443198785
3084,-23.812691316444305,-6.922946180069359
3085,-23.78370885316627,-6.915136567992528
3086,-23.754726207024834,-6.9073276043364356
3087,-23.725743378760193,-6.899519286469219
3088,-23.69676036911261,-6.8917116117590345
3089,-23.66777717882227,-6.883904577574016
3090,-23.638793808629405,-6.8760981812823125
3091,-23.609810259274234,-6.868292420252068
3092,-23.58082653149696,-6.86048729185142
3093,-23.551842626037818,-6.85268279344852
3094,-23.522858543637007,-6.8448789224115085
3095,-23.49387428503475,-6.8370756761085225
3096,-23.464889850971282,-6.82927305190772
3097,-23.435905242186802,-6.821471047177233
3098,-23.406920459421553,-6.813669659285212
3099,-23.377935503415724,-6.805868885599799
3100,-23.348950374909546,-6.798068723489136
3101,-23.319965074643243,-6.79026917032137
3102,-23.290979603357012,-6.782470223464641
3103,-23.261993961791095,-6.774671880287096
3104,-23.233008150685674,-6.766874138156871
3105,-23.204022170781016,-6.759076994442122
3106,-23.17503602281732,-6.751280446510987
3107,-23.146049707534793,-6.74348449173161
3108,-23.117063225673657,-6.735689127472134
3109,-23.088076577974142,-6.727894351100707
3110,-23.059089765176452,-6.720100159985466
3111,-23.03010278802081,-6.712306551494559
3112,-23.001115647247413,-6.704513522996125
3113,-22.972128343596516,-6.696721071858314
3114,-22.943140877808325,-6.688929195449271
3115,-22.914153250623052,-6.681137891137135
3116,-22.88516546278092,-6.673347156290051
3117,-22.856177515022136,-6.665556988276164
3118,-22.82718940808693,-6.657767384463616
3119,-22.798201142715524,-6.649978342220552
3120,-22.769212719648092,-6.642189858915109
3121,-22.740224139624914,-6.634401931915443
3122,-22.711235403386183,-6.6266145585896945
3123,-22.682246511672112,-6.618827736306003
3124,-22.65325746522292,-6.611041462432514
3125,-22.624268264778838,-6.603255734337374
3126,-22.59527891108006,-6.595470549388721
3127,-22.566289404866826,-6.5876859049547045
3128,-22.53729974687934,-6.579901798403464
3129,-22.508309937857817,-6.572118227103142
3130,-22.47931997854249,-6.5643351884218895
3131,-22.450329869673574,-6.556552679727847
3132,-22.42133961199129,-6.548770698389158
3133,-22.392349206235842,-6.540989241773968
3134,-22.363358653147458,-6.533208307250416
3135,-22.33436795346635,-6.525427892186648
3136,-22.30537710793275,-6.5176479939508125
3137,-22.276386117286833,-6.509868609911041
3138,-22.247394982268872,-6.502089737435492
3139,-22.21840370361906,-6.494311373892301
3140,-22.189412282077623,-6.486533516649616
3141,-22.160420718384767,-6.478756163075578
3142,-22.131429013280723,-6.470979310538331
3143,-22.102437167505695,-6.463202956406019
3144,-22.073445181799904,-6.455427098046785
3145,-22.044453056903574,-6.447651732828773
3146,-22.015460793556922,-6.439876858120129
3147,-21.986468392500168,-6.432102471288995
3148,-21.95747585447353,-6.424328569703516
3149,-21.928483180217224,-6.4165551507318375
3150,-21.89949037047146,-6.408782211742098
3151,-21.87049742597647,-6.401009750102445
3152,-21.841504347472465,-6.393237763181022
3153,-21.812511135699662,-6.385466248345972
3154,-21.783517791398253,-6.377695202965433
3155,-21.754524315308515,-6.369924624407561
3156,-21.725530708170623,-6.362154510040494
3157,-21.696536970724818,-6.354384857232375
3158,-21.667543103711292,-6.346615663351348
3159,-21.638549107870283,-6.3388469257655595
3160,-21.609554983942004,-6.331078641843151
3161,-21.580560732666672,-6.323310808952263
3162,-21.551566354784484,-6.315543424461039
3163,-21.522571851035696,-6.307776485737632
3164,-21.493577222160514,-6.300009990150181
3165,-21.464582468899145,-6.2922439350668276
3166,-21.435587591991816,-6.284478317855716
3167,-21.406592592178743,-6.276713135884995
3168,-21.377597470200143,-6.268948386522802
3169,-21.34860222679623,-6.2611840671372825
3170,-21.319606862707207,-6.253420175096578
3171,-21.290611378673336,-6.24565670776884
3172,-21.26161577543481,-6.2378936625222074
3173,-21.23262005373184,-6.230131036724823
3174,-21.203624214304654,-6.222368827744835
3175,-21.17462825789346,-6.214607032950381
3176,-21.145632185238487,-6.20684564970961
3177,-21.11663599707995,-6.1990846753906625
3178,-21.087639694158046,-6.19132410736168
3179,-21.058643277213033,-6.183563942990815
3180,-21.02964674698511,-6.175804179646207
3181,-21.00065010421449,-6.168044814695996
3182,-20.971653349641393,-6.16028584550833
3183,-20.942656484006044,-6.152527269451354
3184,-20.913659508048646,-6.144769083893206
3185,-20.884662422509443,-6.137011286202038
3186,-20.855665228128622,-6.129253873745984
3187,-20.8266679256464,-6.121496843893192
3188,-20.797670515803027,-6.113740194011808
3189,-20.768672999338705,-6.105983921469976
3190,-20.739675376993663,-6.098228023635841
3191,-20.710677649508096,-6.090472497877541
3192,-20.681679817622236,-6.0827173415632245
3193,-20.652681882076305,-6.074962552061034
3194,-20.6236838436105,-6.067208126739111
3195,-20.594685702965045,-6.0594540629655995
3196,-20.565687460880184,-6.051700358108648
3197,-20.536689118096117,-6.0439470095363985
3198,-20.50769067535306,-6.036194014616993
3199,-20.478692133391235,-6.028441370718579
3200,-20.449693492950853,-6.020689075209295
3201,-20.420694754772146,-6.012937125457287
3202,-20.391695919595325,-6.005185518830702
3203,-20.362696988160575,-5.997434252697671
3204,-20.333697961208177,-5.989683324426357
3205,-20.30469883947831,-5.981932731384893
3206,-20.275699623711198,-5.974182470941424
3207,-20.246700314647068,-5.966432540464097
3208,-20.21770091302612,-5.95868293732105
3209,-20.188701419588586,-5.950933658880429
3210,-20.159701835074685,-5.943184702510382
3211,-20.130702160224622,-5.935436065579046
3212,-20.101702395778613,-5.927687745454567
3213,-20.0727025424769,-5.919939739505093
3214,-20.043702601059696,-5.912192045098765
3215,-20.014702572267193,-5.904444659603725
3216,-19.985702456839636,-5.896697580388122
3217,-19.956702255517232,-5.888950804820093
3218,-19.927701969040204,-5.881204330267787
3219,-19.898701598148754,-5.873458154099346
3220,-19.86970114358311,-5.865712273682908
3221,-19.8407006060835,-5.857966686386628
3222,-19.81169998639014,-5.850221389578644
3223,-19.782699285243233,-5.842476380627101
3224,-19.753698503383017,-5.834731656900142
3225,-19.72469764154969,-5.82698721576591
3226,-19.69569670048348,-5.819243054592549
3227,-19.666695680924608,-5.811499170748204
3228,-19.637694583613264,-5.8037555616010135
3229,-19.608693409289717,-5.796012224519132
3230,-19.579692158694154,-5.7882691568706965
3231,-19.550690832566794,-5.780526356023852
3232,-19.521689431647857,-5.772783819346742
3233,-19.492687956677564,-5.76504154420751
3234,-19.463686408396136,-5.7572995279743004
3235,-19.434684787543777,-5.749557768015256
3236,-19.405683094860716,-5.7418162616985216
3237,-19.376681331087156,-5.734075006392238
3238,-19.347679496963337,-5.726333999464553
3239,-19.318677593229474,-5.718593238283612
3240,-19.289675620625776,-5.710852720217554
3241,-19.260673579892465,-5.703112442634527
3242,-19.231671471769765,-5.695372402902672
3243,-19.20266929699788,-5.687632598390134
3244,-19.173667056317033,-5.679893026465054
3245,-19.144664750467427,-5.672153684495574
3246,-19.115662380189313,-5.664414569849847
3247,-19.086659946222895,-5.656675679896011
3248,-19.05765744930839,-5.648937012002213
3249,-19.028654890186015,-5.641198563536592
3250,-18.99965226959598,-5.633460331867295
3251,-18.97064958827852,-5.6257223143624655
3252,-18.94164684697384,-5.617984508390246
3253,-18.91264404642214,-5.610246911318775
3254,-18.88364118736368,-5.602509520516208
3255,-18.854638270538658,-5.594772333350686
3256,-18.825635296687295,-5.587035347190348
3257,-18.796632266549796,-5.579298559403338
3258,-18.7676291808664,-5.571561967357805
3259,-18.73862604037731,-5.563825568421886
3260,-18.709622845822743,-5.556089359963731
3261,-18.680619597942922,-5.548353339351478
3262,-18.651616297478053,-5.540617503953274
3263,-18.622612945168374,-5.532881851137263
3264,-18.593609541754102,-5.52514637827159
3265,-18.564606087975445,-5.517411082724398
3266,-18.535602584572622,-5.50967596186383
3267,-18.506599032285855,-5.501941013058029
3268,-18.477595431855363,-5.494206233675141
3269,-18.448591784021353,-5.486471621083307
3270,-18.419588089524034,-5.478737172650669
3271,-18.390584349103655,-5.471002885745377
3272,-18.36158056350043,-5.463268757735575
3273,-18.33257673345455,-5.455534785989401
3274,-18.303572859706264,-5.447800967875004
3275,-18.27456894299577,-5.440067300760524
3276,-18.245564984063293,-5.4323337820141075
3277,-18.216560983649046,-5.424600409003895
3278,-18.187556942493234,-5.416867179098027
3279,-18.158552861336105,-5.4091340896646605
3280,-18.129548740917873,-5.401401138071931
3281,-18.10054458197874,-5.393668321687982
3282,-18.071540385258928,-5.385935637880958
3283,-18.04253615149866,-5.3782030840190025
3284,-18.013531881438148,-5.370470657470261
3285,-17.98452757581762,-5.362738355602875
3286,-17.95552323537726,-5.355006175784985
3287,-17.92651886085734,-5.347274115384746
3288,-17.89751445299805,-5.339542171770293
3289,-17.868510012539602,-5.331810342309771
3290,-17.839505540222223,-5.324078624371326
3291,-17.810501036786132,-5.316347015323099
3292,-17.781496502971546,-5.308615512533238
3293,-17.752491939518677,-5.300884113369882
3294,-17.72348734716775,-5.293152815201177
3295,-17.694482726658958,-5.285421615395261
3296,-17.665478078732566,-5.277690511320292
3297,-17.636473404128758,-5.269959500344401
3298,-17.607468703587767,-5.262228579835738
3299,-17.578463977849797,-5.2544977471624446
3300,-17.54945922765508,-5.246766999692664
3301,-17.520454453743834,-5.239036334794544
3302,-17.491449656856265,-5.231305749836224
3303,-17.462444837732576,-5.223575242185843
3304,-17.43343999711303,-5.215844809211557
3305,-17.404435135737813,-5.208114448281504
3306,-17.375430254347158,-5.200384156763828
3307,-17.346425353681273,-5.192653932026671
3308,-17.31742043448038,-5.1849237714381795
3309,-17.288415497484696,-5.177193672366497
3310,-17.259410543434434,-5.169463632179763
3311,-17.2304055730698,-5.1617336482461225
3312,-17.20140058713105,-5.154003717933725
3313,-17.172395586358377,-5.146273838610712
3314,-17.143390571492006,-5.138544007645225
3315,-17.11438554327215,-5.13081422240541
3316,-17.08538050243903,-5.1230844802594095
3317,-17.05637544973286,-5.115354778575368
3318,-17.027370385893867,-5.107625114721429
3319,-16.998365311662255,-5.099895486065734
3320,-16.96936022777824,-5.092165889976426
3321,-16.94035513498206,-5.084436323821657
3322,-16.911350034013925,-5.076706784969565
3323,-16.882344925614053,-5.068977270788294
3324,-16.85333981052265,-5.0612477786459875
3325,-16.824334689479958,-5.053518305910792
3326,-16.795329563226176,-5.045788849950849
3327,-16.76632443250152,-5.038059408134302
3328,-16.737319298046202,-5.030329977829292
3329,-16.708314160600466,-5.022600556403971
3330,-16.679309020904522,-5.014871141226476
3331,-16.650303879698576,-5.007141729664954
3332,-16.621298737722864,-4.999412319087549
3333,-16.592293595717585,-4.991682906862403
3334,-16.563288454422963,-4.983953490357659
3335,-16.534283314579216,-4.976224066941463
3336,-16.50527817692655,-4.968494633981955
3337,-16.47627304220521,-4.960765188847284
3338,-16.447267911155404,-4.953035728905592
3339,-16.418262784517353,-4.945306251525025
3340,-16.389257663031252,-4.937576754073722
3341,-16.360252547437344,-4.92984723391983
3342,-16.331247438475838,-4.922117688431491
3343,-16.302242336886952,-4.914388114976849
3344,-16.273237243410907,-4.906658510924051
3345,-16.2442321587879,-4.898928873641232
3346,-16.21522708375818,-4.891199200496546
3347,-16.186222019061958,-4.883469488858134
3348,-16.157216965439442,-4.875739736094138
3349,-16.128211923630854,-4.868009939572704
3350,-16.099206894376415,-4.860280096661974
3351,-16.07020187841634,-4.852550204730092
3352,-16.041196876490854,-4.844820261145203
3353,-16.012191889340137,-4.837090263275443
3354,-15.983186917704462,-4.829360208488968
3355,-15.954181962324025,-4.821630094153917
3356,-15.925177023939037,-4.813899917638433
3357,-15.896172103289729,-4.806169676310661
3358,-15.867167201116306,-4.798439367538744
3359,-15.838162318158988,-4.790708988690824
3360,-15.809157455158001,-4.782978537135047
3361,-15.780152612853538,-4.775248010239553
3362,-15.751147791985852,-4.767517405372491
3363,-15.722142993295154,-4.759786719902006
3364,-15.693138217521652,-4.752055951196238
3365,-15.66413346540556,-4.74432509662333
3366,-15.63512873768711,-4.736594153551429
3367,-15.606124035106504,-4.728863119348676
3368,-15.577119358403975,-4.721131991383218
3369,-15.548114708319726,-4.713400767023194
3370,-15.519110085593974,-4.705669443636749
3371,-15.490105490966958,-4.697938018592031
3372,-15.461100925178888,-4.690206489257183
3373,-15.43209638896997,-4.682474853000344
3374,-15.403091883080437,-4.674743107189664
3375,-15.3740874082505,-4.6670112491932825
3376,-15.345082965220374,-4.659279276379344
3377,-15.31607855473028,-4.651547186115994
3378,-15.287074177520417,-4.643814975771369
3379,-15.258069834331044,-4.636082642713626
3380,-15.229065525902351,-4.628350184310899
3381,-15.200061252974566,-4.620617597931336
3382,-15.1710570162879,-4.612884880943079
3383,-15.142052816582577,-4.605152030714273
3384,-15.113048654598813,-4.59741904461306
3385,-15.08404453107682,-4.589685920007586
3386,-15.055040446756802,-4.581952654265988
3387,-15.026036402379015,-4.57421924475642
3388,-14.99703239868366,-4.56648568884702
3389,-14.96802843641095,-4.558751983905936
3390,-14.939024516301108,-4.551018127301308
3391,-14.910020639094352,-4.5432841164012805
3392,-14.881016805530894,-4.535549948573997
3393,-14.852013016350956,-4.527815621187602
3394,-14.823009272294739,-4.520081131610235
3395,-14.794005574102489,-4.5123464772100474
3396,-14.765001922514424,-4.504611655355182
3397,-14.735998318270742,-4.4968766634137785
3398,-14.706994762111668,-4.489141498753982
3399,-14.677991254777428,-4.481406158743938
3400,-14.648987797008232,-4.473670640751788
3401,-14.619984389544294,-4.465934942145676
3402,-14.590981033125844,-4.458199060293748
3403,-14.561977728493074,-4.450462992564142
3404,-14.532974476386237,-4.44272673632501
3405,-14.503971277545538,-4.434990288944492
3406,-14.474968132711192,-4.427253647790733
3407,-14.445965042623417,-4.419516810231875
3408,-14.416962008022432,-4.411779773636063
3409,-14.387959029648453,-4.40404253537144
3410,-14.358956108241701,-4.39630509280615
3411,-14.32995324454237,-4.388567443308332
3412,-14.300950439290725,-4.38082958424614
3413,-14.271947693226956,-4.373091512987713
3414,-14.242945007091283,-4.365353226901193
3415,-14.21394238162393,-4.357614723354727
3416,-14.184939817565107,-4.349875999716455
3417,-14.155937315655033,-4.342137053354523
3418,-14.126934876633934,-4.334397881637076
3419,-14.097932501241996,-4.3266584819322516
3420,-14.06893019021949,-4.3189188516082035
3421,-14.0399279443066,-4.311178988033068
3422,-14.010925764243556,-4.303438888574994
3423,-13.98192365077057,-4.295698550602122
3424,-13.95292160462786,-4.287957971482596
3425,-13.923919626555644,-4.280217148584561
3426,-13.894917717294142,-4.272476079276159
3427,-13.865915877583573,-4.264734760925537
3428,-13.836914108164137,-4.256993190900831
3429,-13.807912409776083,-4.249251366570195
3430,-13.77891078315961,-4.241509285301767
3431,-13.749909229054946,-4.233766944463695
3432,-13.720907748202304,-4.226024341424119
3433,-13.691906341341898,-4.218281473551183
3434,-13.66290500921395,-4.210538338213033
3435,-13.633903752558675,-4.2027949327778105
3436,-13.604902572116279,-4.195051254613656
3437,-13.57590146862701,-4.187307301088722
3438,-13.546900442831069,-4.179563069571147
3439,-13.517899495468672,-4.171818557429076
3440,-13.488898627280047,-4.164073762030655
3441,-13.459897839005402,-4.156328680744023
3442,-13.43089713138496,-4.148583310937326
3443,-13.401896505158932,-4.140837649978709
3444,-13.372895961067522,-4.13309169523631
3445,-13.34389549985099,-4.125345444078281
3446,-13.314895122249528,-4.1175988938727635
3447,-13.28589482900336,-4.1098520419879
3448,-13.256894620852698,-4.102104885791835
3449,-13.227894498537763,-4.094357422652711
3450,-13.198894462798775,-4.086609649938673
3451,-13.169894514375951,-4.078861565017865
3452,-13.140894654009502,-4.07111316525843
3453,-13.111894882439636,-4.063364448028508
3454,-13.082895200406607,-4.055615410696249
3455,-13.05389560865061,-4.047866050629797
3456,-13.024896107911864,-4.040116365197293
3457,-12.995896698930594,-4.032366351766881
3458,-12.966897382447007,-4.0246160077067055
3459,-12.937898159201334,-4.01686533038491
3460,-12.908899029933783,-4.009114317169638
3461,-12.879899995384552,-4.00136296542903
3462,-12.850901056293903,-3.993611272531236
3463,-12.821902213402032,-3.9858592358443987
3464,-12.79290346744916,-3.97810685273666
3465,-12.7639048191755,-3.9703541205761637
3466,-12.73490626932127,-3.962601036731054
3467,-12.705907818626697,-3.954847598569476
3468,-12.676909467831988,-3.9470938034595715
3469,-12.647911217677349,-3.9393396487694803
3470,-12.618913068903034,-3.931585131867356
3471,-12.58991502224924,-3.9238302501213376
3472,-12.560917078456184,-3.9160750008995677
3473,-12.531919238264091,-3.908319381570192
3474,-12.502921502413171,-3.9005633895013534
3475,-12.473923871643649,-3.8928070220611963
3476,-12.444926346695734,-3.8850502766178625
3477,-12.415928928309654,-3.877293150539499
3478,-12.386931617225603,-3.8695356411942408
3479,-12.35793441418384,-3.861777745950246
3480,-12.328937319924556,-3.85401946217565
3481,-12.299940335187976,-3.8462607872385983
3482,-12.270943460714317,-3.8385017185072337
3483,-12.241946697243796,-3.8307422533497006
3484,-12.21295004551663,-3.8229823891341423
3485,-12.18395350627304,-3.815222123228704
3486,-12.154957080253224,-3.8074614530015234
3487,-12.125960768197437,-3.7997003758207546
3488,-12.096964570845877,-3.7919388890545367
3489,-12.067968488938762,-3.784176990071012
3490,-12.038972523216314,-3.776414676238326
3491,-12.009976674418747,-3.7686519449246223
3492,-11.980980943286283,-3.760888793498044
3493,-11.951985330559133,-3.7531252193267353
3494,-11.922989836977507,-3.7453612197788355
3495,-11.893994463281645,-3.7375967922224977
3496,-11.86499921021176,-3.72983193402586
3497,-11.836004078508065,-3.7220666425570683
3498,-11.807009068910777,-3.7143009151842645
3499,-11.778014182160117,-3.706534749275594
3500,-11.749019418996303,-3.6987681421992
3501,-11.720024780159543,-3.691001091323224
3502,-11.691030266390051,-3.683233594015809
3503,-11.662035878428073,-3.675465647645105
3504,-11.633041617013813,-3.667697249579254
3505,-11.604047482887486,-3.659928397186398
3506,-11.575053476789314,-3.652159087834681
3507,-11.546059599459506,-3.6443893188922463
3508,-11.51706585163829,-3.6366190877272393
3509,-11.488072234065879,-3.6288483917078023
3510,-11.45907874748249,-3.6210772282020796
3511,-11.43008539262833,-3.6133055945782115
3512,-11.401092170243643,-3.605533488204349
3513,-11.372099081068638,-3.5977609064486327
3514,-11.343106125843526,-3.589987846679206
3515,-11.314113305308528,-3.5822143062642122
3516,-11.28512062020386,-3.5744402825717962
3517,-11.256128071269746,-3.5666657729701012
3518,-11.2271356592464,-3.5588907748272716
3519,-11.198143384874019,-3.551115285511445
3520,-11.169151248892861,-3.543339302390777
3521,-11.140159252043125,-3.5355628228334037
3522,-11.111167395065028,-3.527785844207472
3523,-11.08217567869879,-3.5200083638811237
3524,-11.053184103684629,-3.512230379222503
3525,-11.024192670762758,-3.504451887599754
3526,-10.9952013806734,-3.496672886381021
3527,-10.966210234156751,-3.4888933729344407
3528,-10.937219231953076,-3.4811133446281706
3529,-10.90822837480256,-3.473332798830345
3530,-10.879237663445428,-3.4655517329091112
3531,-10.8502470986219,-3.457770144232612
3532,-10.821256681072192,-3.4499880301689902
3533,-10.79226641153652,-3.442205388086392
3534,-10.763276290755101,-3.4344222153529578
3535,-10.73428631946816,-3.426638509336835
3536,-10.705296498415892,-3.4188542674061604
3537,-10.676306828338554,-3.411069486929088
3538,-10.647317309976339,-3.4032841652737567
3539,-10.61832794406947,-3.3954982998083105
3540,-10.589338731358165,-3.387711887900892
3541,-10.560349672580791,-3.379924926926237
3542,-10.531360768070186,-3.3721374157024435
3543,-10.502372017247932,-3.3643493562909588
3544,-10.473383419411293,-3.3565607511956626
3545,-10.444394973857584,-3.348771602920449
3546,-10.415406679884057,-3.3409819139691943
3547,-10.386418536787998,-3.3331916868457845
3548,-10.357430543866686,-3.3254009240541036
3549,-10.328442700417398,-3.3176096280980363
3550,-10.299455005737407,-3.309817801481463
3551,-10.270467459124,-3.30202544670827
3552,-10.24148005987443,-3.2942325662823366
3553,-10.212492807286013,-3.2864391627075555
3554,-10.183505700656013,-3.2786452384878046
3555,-10.154518739281706,-3.2708507961269695
3556,-10.125531922460365,-3.263055838128933
3557,-10.096545249489276,-3.255260366997579
3558,-10.067558719665715,-3.247464385236793
3559,-10.038572332286959,-3.2396678953504554
3560,-10.00958608665029,-3.2318708998424532
3561,-9.98059998205296,-3.2240734012166636
3562,-9.95161401779229,-3.2162754019769797
3563,-9.922628193165542,-3.2084769046272834
3564,-9.89364250746999,-3.2006779116714554
3565,-9.864656960002907,-3.1928784256133804
3566,-9.835671550061583,-3.1850784489569435
3567,-9.806686276943292,-3.1772779842060266
3568,-9.777701139945307,-3.1694770338645135
3569,-9.748716138364895,-3.1616756004362854
3570,-9.719731271499368,-3.1538736864252344
3571,-9.690746538645985,-3.1460712943352394
3572,-9.661761939102023,-3.1382684266701837
3573,-9.632777472164767,-3.130465085933952
3574,-9.603793137131488,-3.1226612746304285
3575,-9.574808933299465,-3.1148569952634952
3576,-9.54582485996598,-3.1070522503370377
3577,-9.516840916428295,-3.0992470423549348
3578,-9.487857101983717,-3.091441373821078
3579,-9.458873415929512,-3.08363524723935
3580,-9.429889857562957,-3.0758286651136313
3581,-9.400906426181328,-3.0680216299478063
3582,-9.371923121081906,-3.06021414424576
3583,-9.342939941561964,-3.052406210511375
3584,-9.313956886918787,-3.0445978312485362
3585,-9.284973956449653,-3.0367890089611267
3586,-9.255991149451818,-3.0289797461530257
3587,-9.2270084652226,-3.021170045328127
3588,-9.198025903059255,-3.0133599089903083
3589,-9.169043462259067,-3.0055493396434554
3590,-9.140061142119308,-2.99773833979145
3591,-9.111078941937258,-2.9899269119381775
3592,-9.082096861010198,-2.982115058587522
3593,-9.053114898635409,-2.9743027822433654
3594,-9.024133054110145,-2.9664900854095877
3595,-8.99515132673172,-2.958676970590083
3596,-8.9661697157974,-2.9508634402887295
3597,-8.937188220604458,-2.9430494970094117
3598,-8.908206840450173,-2.9352351432560124
3599,-8.879225574631828,-2.9274203815324156
3600,-8.850244422446696,-2.919605214342506
3601,-8.821263383192056,-2.911789644190167
3602,-8.792282456165172,-2.9039736735792774
3603,-8.763301640663352,-2.8961573050137304
3604,-8.734320935983863,-2.8883405409974054
3605,-8.705340341423977,-2.8805233840341873
3606,-8.67635985628098,-2.872705836627958
3607,-8.647379479852145,-2.8648879012826014
3608,-8.618399211434749,-2.8570695805020034
3609,-8.589419050326072,-2.8492508767900455
3610,-8.560438995823375,-2.8414317926506074
3611,-8.531459047223972,-2.8336123305875827
3612,-8.502479203825125,-2.8257924931048506
3613,-8.473499464924108,-2.817972282706295
3614,-8.444519829818205,-2.8101517018958004
3615,-8.415540297804686,-2.802330753177248
3616,-8.386560868180837,-2.7945094390545235
3617,-8.35758154024393,-2.786687762031511
3618,-8.328602313291253,-2.7788657246120945
3619,-8.299623186620053,-2.7710433293001504
3620,-8.270644159527658,-2.7632205785995763
3621,-8.241665231311318,-2.7553974750142483
3622,-8.212686401268314,-2.7475740210480497
3623,-8.183707668695925,-2.739750219204866
3624,-8.154729032891433,-2.731926071988582
3625,-8.12575049315211,-2.724101581903078
3626,-8.096772048775238,-2.7162767514522406
3627,-8.067793699058074,-2.708451583139947
3628,-8.038815443297937,-2.700626079470094
3629,-8.009837280792086,-2.692800242946557
3630,-7.980859210837794,-2.684974076073221
3631,-7.951881232732343,-2.6771475813539696
3632,-7.922903345773014,-2.6693207612926875
3633,-7.893925549257082,-2.661493618393257
3634,-7.864947842481827,-2.653666155159564
3635,-7.835970224744509,-2.645838374095486
3636,-7.8069926953424424,-2.6380102777049173
3637,-7.778015253572883,-2.6301818684917353
3638,-7.749037898733115,-2.622353148959826
3639,-7.720060630120413,-2.6145241216130706
3640,-7.691083447032059,-2.606694788955356
3641,-7.66210634876533,-2.598865153490564
3642,-7.633129334617498,-2.5910352177225784
3643,-7.604152403885851,-2.5832049841552833
3644,-7.575175555867642,-2.5753744552925575
3645,-7.546198789860191,-2.5675436336382957
3646,-7.517222105160755,-2.5597125216963756
3647,-7.4882455010666105,-2.551881121970682
3648,-7.45926897687504,-2.544049436965098
3649,-7.43029253188332,-2.536217469183507
3650,-7.401316165388726,-2.5283852211297937
3651,-7.372339876688541,-2.5205526953078414
3652,-7.343363665080023,-2.5127198942215294
3653,-7.314387529860485,-2.5048868203747503
3654,-7.285411470327188,-2.4970534762713843
3655,-7.256435485777413,-2.4892198644153156
3656,-7.227459575508435,-2.4813859873104263
3657,-7.198483738817533,-2.473551847460601
3658,-7.169507975001985,-2.4657174473697236
3659,-7.140532283359072,-2.457882789541678
3660,-7.11155666318605,-2.4500478764803426
3661,-7.082581113780237,-2.4422127106896117
3662,-7.053605634438893,-2.4343772946733644
3663,-7.024630224459294,-2.4265416309354833
3664,-6.995654883138719,-2.4187057219798533
3665,-6.966679609774445,-2.410869570310357
3666,-6.937704403663751,-2.4030331784308796
3667,-6.908729264103921,-2.3951965488453046
3668,-6.879754190392226,-2.3873596840575155
3669,-6.850779181825928,-2.3795225865713916
3670,-6.8218042377023425,-2.3716852588908264
3671,-6.79282935731873,-2.3638477035196983
3672,-6.763854539972366,-2.3560099229618907
3673,-6.734879784960531,-2.3481719197212887
3674,-6.705905091580505,-2.3403336963017756
3675,-6.676930459129563,-2.332495255207235
3676,-6.647955886904984,-2.3246565989415515
3677,-6.618981374204032,-2.3168177300086032
3678,-6.590006920324015,-2.3089786509122834
3679,-6.561032524562197,-2.3011393641564717
3680,-6.532058186215855,-2.293299872245052
3681,-6.503083904582268,-2.2854601776819075
3682,-6.4741096789587145,-2.277620282970923
3683,-6.445135508642474,-2.269780190615982
3684,-6.416161392930822,-2.2619399031209664
3685,-6.38718733112102,-2.254099422989758
3686,-6.358213322510383,-2.2462587527262485
3687,-6.32923936639617,-2.238417894834318
3688,-6.30026546207566,-2.2305768518178493
3689,-6.271291608846131,-2.222735626180727
3690,-6.242317806004862,-2.2148942204268343
3691,-6.213344052849127,-2.2070526370600554
3692,-6.1843703486762145,-2.1992108785842746
3693,-6.155396692783392,-2.1913689475033737
3694,-6.126423084467926,-2.1835268463212345
3695,-6.097449523027127,-2.1756845775417486
3696,-6.068476007758258,-2.1678421436687954
3697,-6.039502537958595,-2.159999547206259
3698,-6.010529112925418,-2.1521567906580223
3699,-5.981555731956005,-2.1443138765279706
3700,-5.952582394347635,-2.136470807319986
3701,-5.923609099397585,-2.1286275855379544
3702,-5.894635846403116,-2.120784213685752
3703,-5.865662634661541,-2.1129406942672757
3704,-5.836689463470121,-2.1050970297864016
3705,-5.8077163321261365,-2.0972532227470144
3706,-5.778743239926863,-2.0894092756529985
3707,-5.749770186169577,-2.0815651910082376
3708,-5.720797170151563,-2.0737209713166154
3709,-5.691824191170094,-2.0658766190820144
3710,-5.662851248522432,-2.0580321368083156
3711,-5.633878341505891,-2.0501875269994123
3712,-5.604905469417731,-2.0423427921591806
3713,-5.575932631555232,-2.034497934791508
3714,-5.5469598272156695,-2.0266529574002763
3715,-5.517987055696321,-2.01880786248937
3716,-5.489014316294471,-2.010962652562673
3717,-5.460041608307393,-2.003117330124069
3718,-5.431068931032349,-1.9952718976774364
3719,-5.40209628376665,-1.9874263577266689
3720,-5.37312366580756,-1.979580712775646
3721,-5.344151076452355,-1.971734965328251
3722,-5.315178514998315,-1.9638891178883684
3723,-5.286205980742716,-1.9560431729598806
3724,-5.257233472982839,-1.9481971330466732
3725,-5.228260991015961,-1.940351000652629
3726,-5.199288534139359,-1.9325047782816311
3727,-5.170316101650295,-1.9246584684375605
3728,-5.141343692846084,-1.9168120736243086
3729,-5.112371307023983,-1.9089655963457555
3730,-5.083398943481274,-1.9011190391057853
3731,-5.0544266015152335,-1.8932724044082814
3732,-5.02545428042314,-1.8854256947571268
3733,-4.9964819795022715,-1.8775789126562068
3734,-4.967509698049904,-1.8697320606094043
3735,-4.938537435363302,-1.8618851411205977
3736,-4.9095651907397775,-1.8540381566936823
3737,-4.880592963476594,-1.8461911098325352
3738,-4.851620752871023,-1.8383440030410412
3739,-4.82264855822035,-1.8304968388230844
3740,-4.793676378821849,-1.8226496196825477
3741,-4.7647042139727995,-1.8148023481233155
3742,-4.735732062970476,-1.8069550266492709
3743,-4.706759925112149,-1.7991076577642942
3744,-4.677787799695121,-1.7912602439722778
3745,-4.648815686016659,-1.7834127877771015
3746,-4.619843583374042,-1.7755652916826483
3747,-4.590871491064542,-1.7677177581928019
3748,-4.561899408385442,-1.7598701898114473
3749,-4.53292733463402,-1.7520225890424668
3750,-4.503955269107554,-1.7441749583897452
3751,-4.474983211103323,-1.7363273003571662
3752,-4.446011159918586,-1.728479617448609
3753,-4.417039114850658,-1.7206319121679665
3754,-4.3880670751967985,-1.7127841870191183
3755,-4.359095040254284,-1.7049364445059467
3756,-4.330123009320398,-1.6970886871323378
3757,-4.301150981692414,-1.6892409174021739
3758,-4.272178956667611,-1.681393137819339
3759,-4.243206933543271,-1.6735453508877176
3760,-4.21423491161665,-1.6656975591111876
3761,-4.185262890185064,-1.6578497649936437
3762,-4.156290868545773,-1.6500019710389633
3763,-4.127318845996055,-1.6421541797510317
3764,-4.098346821833189,-1.634306393633732
3765,-4.069374795354452,-1.6264586151909486
3766,-4.040402765857124,-1.6186108469265648
3767,-4.011430732638483,-1.6107630913444644
3768,-3.982458694995788,-1.6029153509485263
3769,-3.9534866522263536,-1.5950676282426444
3770,-3.9245146036274416,-1.587219925730697
3771,-3.895542548496327,-1.5793722459165687
3772,-3.866570486130293,-1.5715245913041433
3773,-3.8375984158266125,-1.5636769643973036
3774,-3.808626336882568,-1.5558293676999344
3775,-3.7796542485954356,-1.5479818037159194
3776,-3.7506821502624943,-1.540134274949142
3777,-3.7217100411810042,-1.532286783903481
3778,-3.692737920648279,-1.5244393330828307
3779,-3.6637657879615793,-1.5165919249910698
3780,-3.6347936424181846,-1.508744562132082
3781,-3.605821483315372,-1.500897247009751
3782,-3.5768493099504197,-1.4930499821279608
3783,-3.547877121620606,-1.4852027699905952
3784,-3.518904917623209,-1.4773556131015373
3785,-3.4899326972554903,-1.4695085139646673
3786,-3.4609604598147623,-1.461661475083878
3787,-3.431988204598287,-1.4538144989630482
3788,-3.403015930903342,-1.4459675881060623
3789,-3.3740436380272043,-1.4381207450168036
3790,-3.345071325267154,-1.4302739721991562
3791,-3.3160989919204678,-1.4224272721570037
3792,-3.287126637284426,-1.4145806473942304
3793,-3.2581542606562874,-1.4067341004147143
3794,-3.229181861333366,-1.39888763372235
3795,-3.200209438612923,-1.391041249821016
3796,-3.171236991792237,-1.3831949512145958
3797,-3.1422645201685855,-1.3753487404069737
3798,-3.113292023039248,-1.3675026199020335
3799,-3.0843194997014973,-1.3596565922036579
3800,-3.0553469494526193,-1.3518106598157322
3801,-3.0263743715898896,-1.3439648252421401
3802,-2.9974017654105674,-1.3361190909867597
3803,-2.9684291302119648,-1.3282734595534849
3804,-2.939456465291349,-1.320427933446195
3805,-2.910483769945991,-1.3125825151687733
3806,-2.8815110434731723,-1.3047372072251036
3807,-2.8525382851701737,-1.2968920121190708
3808,-2.823565494334267,-1.2890469323545566
3809,-2.7945926702627366,-1.281201970435447
3810,-2.76561981225284,-1.2733571288656194
3811,-2.73664691960189,-1.2655124101489683
3812,-2.70767399160715,-1.2576678167893722
3813,-2.678701027565898,-1.2498233512907153
3814,-2.64972802677541,-1.2419790161568804
3815,-2.6207549885329655,-1.2341348138917527
3816,-2.5917819121358447,-1.2262907469992155
3817,-2.5628087968813227,-1.2184468179831522
3818,-2.5338356420666606,-1.2106030293474415
3819,-2.504862446989174,-1.2027593835959784
3820,-2.4758892109461197,-1.1949158832326403
3821,-2.4469159332347816,-1.1870725307613117
3822,-2.4179426131524346,-1.1792293286858764
3823,-2.388969249996357,-1.1713862795102183
3824,-2.3599958430638277,-1.1635433857382207
3825,-2.331022391652124,-1.1557006498737683
3826,-2.302048895058507,-1.147858074420739
3827,-2.273075352580289,-1.1400156618830268
3828,-2.2441017635147347,-1.1321734147645113
3829,-2.2151281271591188,-1.1243313355690754
3830,-2.1861544428107202,-1.1164894268006031
3831,-2.157180709766818,-1.1086476909629785
3832,-2.1282069273246904,-1.1008061305600854
3833,-2.0992330947816145,-1.0929647480958071
3834,-2.0702592114348692,-1.0851235460740283
3835,-2.041285276581715,-1.0772825269986268
3836,-2.0123112895194653,-1.0694416933734971
3837,-1.9833372495453832,-1.0616010477025182
3838,-1.954363155956744,-1.0537605924895734
3839,-1.9253890080508265,-1.0459203302385462
3840,-1.89641480512491,-1.0380802634533215
3841,-1.8674405464762713,-1.030240394637782
3842,-1.8384662314021905,-1.0224007262958124
3843,-1.8094918591999272,-1.014561260931291
3844,-1.7805174291667938,-1.0067220010481115
3845,-1.7515429406000513,-0.9988829491501532
3846,-1.7225683927969808,-0.9910441077412995
3847,-1.6935937850548584,-0.9832054793254343
3848,-1.664619116670962,-0.9753670664064416
3849,-1.6356443869425714,-0.9675288714882049
3850,-1.6066695951669623,-0.9596908970746085
3851,-1.5776947406413981,-0.9518531456695309
3852,-1.5487198226631904,-0.9440156197768659
3853,-1.5197448405296003,-0.9361783219004921
3854,-1.4907697935379076,-0.9283412545442937
3855,-1.4617946809853892,-0.9205044202121543
3856,-1.4328195021693233,-0.9126678214079582
3857,-1.403844256386988,-0.9048314606355883
3858,-1.374868942935663,-0.896995340398929
3859,-1.345893561112625,-0.8891594632018646
3860,-1.3169181102151337,-0.8813238315482724
3861,-1.287942589540505,-0.8734884479420477
3862,-1.258966998385999,-0.8656533148870688
3863,-1.229991336048894,-0.8578184348872193
3864,-1.2010156018264697,-0.8499838104463837
3865,-1.1720397950159986,-0.8421494440684446
3866,-1.143063914914765,-0.8343153382572868
3867,-1.114087960820045,-0.8264814955167934
3868,-1.0851119320290987,-0.818647918350844
3869,-1.0561358278392414,-0.8108146092633325
3870,-1.027159647547732,-0.8029815707581368
3871,-0.9981833904518497,-0.7951488053391411
3872,-0.9692070558488737,-0.7873163155102297
3873,-0.9402306430360794,-0.779484103775286
3874,-0.911254151310747,-0.7716521726381933
3875,-0.8822775799701548,-0.7638205246028364
3876,-0.8533009283115632,-0.7559891621730934
3877,-0.8243241956322848,-0.7481580878528588
3878,-0.7953473812295823,-0.7403273041460106
3879,-0.7663704844007326,-0.7324968135564333
3880,-0.7373935044430151,-0.7246666185880102
3881,-0.708416440653706,-0.7168367217446249
3882,-0.6794392923300842,-0.7090071255301615
3883,-0.6504620587694286,-0.7011778324485047
3884,-0.6214847392690184,-0.6933488450035377
3885,-0.5925073331261121,-0.685520165699139
3886,-0.5635298396380258,-0.6776917970392022
3887,-0.5345522581020171,-0.6698637415276065
3888,-0.5055745878153668,-0.6620360016682358
3889,-0.4765968280753522,-0.654208579964974
3890,-0.4476189781792519,-0.6463814789217045
3891,-0.4186410374243441,-0.6385547010423117
3892,-0.38966300510790564,-0.6307282488306787
3893,-0.36068488052719827,-0.6229021247906851
3894,-0.3317066629795353,-0.6150763314262239
3895,-0.3027283517621795,-0.6072508712411745
3896,-0.2737499461724078,-0.5994257467394204
3897,-0.2447714455074963,-0.5916009604248454
3898,-0.21579284906472473,-0.5837765148013336
3899,-0.18681415614137298,-0.5759524123727687
3900,-0.1578353660347176,-0.5681286556430346
3901,-0.12885647804201916,-0.56030524711601
3902,-0.099877491460592,-0.5524821892955885
3903,-0.070898405587696,-0.544659484685649
3904,-0.04191921972061019,-0.5368371357900754
3905,-0.012939933156611572,-0.5290151451127518
3906,0.01603945480701907,-0.5211935151575617
3907,0.04501894487300606,-0.5133722484283886
3908,0.0739985377440695,-0.5055513474291171
3909,0.10297823412293128,-0.4977308146636308
3910,0.13195803471233258,-0.4899106526358082
3911,0.16093794021495822,-0.48209086384954297
3912,0.1899179513335476,-0.47427145080871413
3913,0.21889806877082285,-0.46645241601720533
3914,0.24787829322950494,-0.4586337619789011
3915,0.2768586254123171,-0.4508154911976845
3916,0.30583906602197874,-0.4429976061774395
3917,0.3348196157612138,-0.4351801094220504
3918,0.3638002753327618,-0.4273630034353953
3919,0.39278104543930725,-0.41954629072136834
3920,0.4217619267835906,-0.4117299737838481
3921,0.4507429200683335,-0.40391405512671885
3922,0.47972402599625763,-0.3960985372538641
3923,0.5087052452700842,-0.3882834226691679
3924,0.5376865785925353,-0.38046871387651393
3925,0.5666680266663344,-0.37265441337978544
3926,0.5956495901942185,-0.3648405236828622
3927,0.6246312698788752,-0.3570270472896372
3928,0.6536130664230426,-0.3492139867039902
3929,0.6825949805294436,-0.34140134442980424
3930,0.7115770129008001,-0.3335891229709634
3931,0.740559164239833,-0.3257773248313511
3932,0.7695414352492638,-0.3179659525148519
3933,0.7985238266318164,-0.310155008525349
3934,0.8275063390902286,-0.30234449536672153
3935,0.8564889733271861,-0.29453441554286314
3936,0.8854717300454287,-0.28672477155765264
3937,0.9144546099476778,-0.27891556591497424
3938,0.9434376137366571,-0.2711068011187109
3939,0.9724207421150863,-0.26329847967274717
3940,1.0014039957856882,-0.25549060408096697
3941,1.0303873754511839,-0.24768317684725338
3942,1.0593708818142955,-0.23987620047549058
3943,1.0883545155777632,-0.23206967746955753
3944,1.1173382774442715,-0.22426361033334802
3945,1.1463221681165612,-0.21645800157074085
3946,1.1753061882973528,-0.20865285368561948
3947,1.2042903386893702,-0.2008481691818682
3948,1.2332746199953322,-0.19304395056337054
3949,1.2622590329179626,-0.18524020033401073
3950,1.2912435781599825,-0.1774369209976719
3951,1.3202282564241314,-0.16963411505823361
3952,1.3492130684130963,-0.16183178501958867
3953,1.3781980148296153,-0.15402993338561677
3954,1.4071830963764123,-0.14622856266020146
3955,1.4361683137562056,-0.13842767534722672
3956,1.46515366767172,-0.130627273950576
3957,1.4941391588256756,-0.12282736097413327
3958,1.5231247879207948,-0.11502793892178259
3959,1.5521105556598167,-0.1072290102974025
3960,1.5810964627454287,-0.09943057760488688
3961,1.6100825098803682,-0.09163264334811444
3962,1.6390686977673574,-0.08383521003096928
3963,1.66805502710912,-0.07603828015733488
3964,1.6970414986083748,-0.0682418562310953
3965,1.7260281129678465,-0.06044594075613419
3966,1.7550148708902553,-0.052650536236335366
3967,1.7840017730783235,-0.04485564517558266
3968,1.81298882023479,-0.037061270077755115
3969,1.8419760130623402,-0.029267413446746382
3970,1.8709633522637152,-0.021474077786434953
3971,1.8999508385416353,-0.013681265600705317
3972,1.9289384725988228,-0.005888979393440796
3973,1.9579262551380012,0.0019027783314750635
3974,1.9869141868618907,0.00969400507015783
3975,2.0159022684732104,0.01748469831872368
3976,2.044890500674705,0.025274855573294175
3977,2.0738788841690576,0.03306447432997539
3978,2.102867419659008,0.04085355208488861
3979,2.1318561078472773,0.04864208633414979
3980,2.160844949436589,0.05643007457387533
3981,2.1898339451296627,0.06421751430018119
3982,2.2188230956292223,0.07200440300918381
3983,2.2478124016379875,0.07979073819699917
3984,2.2768018638587,0.08757651735974864
3985,2.3057914829940436,0.09536173799353803
3986,2.3347812597467588,0.1031463975944889
3987,2.3637711948195688,0.11093049365871777
3988,2.3927612889151937,0.11871402368234013
3989,2.421751542736356,0.12649698516147256
3990,2.4507419569857767,0.13427937559223102
3991,2.479732532366176,0.14206119247073168
3992,2.5087232695802792,0.14984243329309088
3993,2.537714169330824,0.15762309555542975
3994,2.5667052323204955,0.16540317675385452
3995,2.595696459252036,0.17318267438448648
3996,2.624687850828165,0.18096158594344158
3997,2.653679407751604,0.18873990892683623
3998,2.6826711307250743,0.19651764083078627
3999,2.711663020451301,0.20429477915140837
4000,2.740655077633003,0.21207132138481838
4001,2.769647302972922,0.21984726502713747
4002,2.7986396971737397,0.22762260757447195
4003,2.827632260938201,0.23539734652294325
4004,2.856624994969024,0.24317147936866712
4005,2.8856178999689317,0.2509450036077599
4006,2.9146109766406454,0.2587179167363379
4007,2.9436042256868875,0.26649021625051716
4008,2.972597647810379,0.2742618996464139
4009,3.001591243713861,0.2820329644201494
4010,3.030585014100018,0.28980340806782967
4011,3.0595789596715885,0.29757322808557574
4012,3.088573081131297,0.3053424219695046
4013,3.1175673791818634,0.3131109872157314
4014,3.1465618545260092,0.32087892132037293
4015,3.1755565078664567,0.32864622177954533
4016,3.2045513399059296,0.3364128860893649
4017,3.2335463513471474,0.34417891174594745
4018,3.2625415428928495,0.35194429624541423
4019,3.291536915245722,0.3597090370838718
4020,3.3205324691085054,0.3674731317574408
4021,3.349528205183922,0.3752365777622382
4022,3.3785241241746924,0.38299937259437944
4023,3.4075202267835376,0.39076151374998097
4024,3.4365165137131815,0.39852299872515906
4025,3.4655129856663427,0.4062838250160298
4026,3.4945096433457636,0.4140439901187141
4027,3.523506487454129,0.42180349152931873
4028,3.55250351869418,0.42956232674396483
4029,3.5815007377686343,0.43732049325876793
4030,3.6104981453802183,0.4450779885698447
4031,3.639495742231651,0.4528348101733114
4032,3.6684935290256546,0.4605909555652839
4033,3.697491506464951,0.46834642224187856
4034,3.7264896752522825,0.4761012076992169
4035,3.7554880360903296,0.48385530943340416
4036,3.784486589681836,0.49160872494056274
4037,3.8134853367295234,0.49936145171680824
4038,3.842484277936111,0.5071134872582566
4039,3.871483414004321,0.514864829061024
4040,3.900482745636877,0.522615474621227
4041,3.9294822735365,0.530365421434982
4042,3.958481998405929,0.5381146669984094
4043,3.987481920947852,0.5458632088076163
4044,4.016482041865005,0.553611044358723
4045,4.045482361860112,0.5613581711478463
4046,4.074482881635895,0.5691045866711022
4047,4.103483601895073,0.5768502884246066
4048,4.13248452334037,0.584595273904476
4049,4.16148564667451,0.5923395406068268
4050,4.190486972600211,0.6000830860277749
4051,4.219488501820216,0.6078259076634416
4052,4.248490235037207,0.6155680030099329
4053,4.2774921729539255,0.62330936956337
4054,4.306494316273093,0.6310500048198693
4055,4.3354966656974305,0.6387899062755469
4056,4.3644992219296626,0.646529071426519
4057,4.393501985672508,0.6542674977689014
4058,4.42250495762869,0.662005182798811
4059,4.451508138500948,0.6697421240123684
4060,4.4805115289919675,0.6774783189056803
4061,4.5095151298044875,0.6852137649748671
4062,4.538518941641231,0.6929484597160458
4063,4.567522965204919,0.7006824006253323
4064,4.596527201198273,0.7084155851988425
4065,4.6255316503240165,0.7161480109326931
4066,4.654536313284869,0.723879675323
4067,4.683541190783572,0.7316105758658841
4068,4.712546283522809,0.7393407100574523
4069,4.741551592205322,0.7470700753938252
4070,4.770557117533832,0.754798669371119
4071,4.799562860211061,0.7625264894854504
4072,4.82856882093973,0.770253533232935
4073,4.85757500042256,0.7779797981096895
4074,4.886581399362276,0.7857052816118297
4075,4.9155880184615945,0.7934299812354717
4076,4.94459485842326,0.8011538944767369
4077,4.973601919949956,0.8088770188317316
4078,5.002609203744424,0.816599351796577
4079,5.031616710509382,0.8243208908673889
4080,5.060624440947554,0.8320416335402837
4081,5.089632395761663,0.8397615773113778
4082,5.11864057565443,0.8474807196767873
4083,5.147648981328576,0.8551990581326283
4084,5.176657613486841,0.8629165901750216
4085,5.20566647283191,0.8706333133000741
4086,5.234675560066524,0.8783492250039066
4087,5.263684875893405,0.8860643227826355
4088,5.292694421015272,0.8937786041323765
4089,5.321704196134851,0.9014920665492463
4090,5.350714201954859,0.9092047075293608
4091,5.379724439178022,0.9169165245688367
4092,5.4087349085070775,0.9246275151637942
4093,5.437745610644711,0.9323376768103402
4094,5.466756546293663,0.9400470070045959
4095,5.495767716156655,0.9477555032426774
4096,5.524779120936406,0.9554631630207006
4097,5.553790761335643,0.9631699838347817
4098,5.582802638057086,0.9708759631810377
4099,5.611814751803456,0.978581098555584
4100,5.6408271032774735,0.986285387454537
4101,5.669839693181881,0.9939888273740176
4102,5.698852522219362,1.0016914158101324
4103,5.727865591092655,1.0093931502590023
4104,5.756878900504486,1.017094028216744
4105,5.78589245115757,1.0247940471794728
4106,5.8149062437546375,1.032493204643306
4107,5.843920278998404,1.0401914981043585
4108,5.872934557591594,1.0478889250587478
4109,5.901949080236944,1.0555854830025937
4110,5.930963847637145,1.0632811694320037
4111,5.95997886049493,1.0709759818430982
4112,5.988994119513028,1.078669917731994
4113,6.018009625394154,1.0863629745948065
4114,6.047025378841035,1.0940551499276523
4115,6.076041380556388,1.1017464412266476
4116,6.105057631242941,1.1094368459879087
4117,6.134074131603427,1.1171263617075564
4118,6.163090882340536,1.1248149858816974
4119,6.192107884157006,1.1325027160064525
4120,6.221125137755559,1.140189549577938
4121,6.250142643838917,1.14787548409227
4122,6.2791604031098025,1.155560517045565
4123,6.308178416270936,1.1632446459339387
4124,6.33719668402504,1.170927868253508
4125,6.366215207074835,1.1786101815003884
4126,6.395233986123062,1.186291583170701
4127,6.424253021872405,1.1939720707605528
4128,6.453272315025606,1.201651641766064
4129,6.482291866285385,1.2093302936833517
4130,6.511311676354465,1.2170080240085315
4131,6.540331745935568,1.22468483023772
4132,6.569352075731413,1.2323607098670328
4133,6.598372666444725,1.2400356603925866
4134,6.627393518778243,1.2477096793105025
4135,6.656414633434651,1.2553827641168862
4136,6.685436011116691,1.2630549123078598
4137,6.7144576525270825,1.2707261213795387
4138,6.743479558368548,1.2783963888280394
4139,6.77250172934381,1.2860657121494783
4140,6.801524166155588,1.2937340888399707
4141,6.830546869506608,1.301401516395634
4142,6.859569840099607,1.3090679923125887
4143,6.88859307863727,1.3167335140869412
4144,6.917616585822338,1.3243980792148125
4145,6.946640362357531,1.3320616851923188
4146,6.975664408945573,1.339724329515576
4147,7.004688726289184,1.347386009680701
4148,7.033713315091089,1.35504672318381
4149,7.062738176054006,1.3627064675210185
4150,7.091763309880657,1.3703652401884432
4151,7.120788717273783,1.3780230386822043
4152,7.149814398936069,1.3856798604984093
4153,7.178840355570257,1.393335703133179
4154,7.2078665878790655,1.4009905640826297
4155,7.23689309656522,1.408644440842877
4156,7.265919882331437,1.4162973309100373
4157,7.294946945880443,1.4239492317802274
4158,7.323974287914956,1.4316001409495624
4159,7.353001909137719,1.4392500559141643
4160,7.382029810251415,1.446898974170139
4161,7.411057991958785,1.4545468932136079
4162,7.440086454962552,1.4621938105406873
4163,7.469115199965435,1.4698397236474927
4164,7.498144227670158,1.477484630030141
4165,7.527173538779442,1.4851285271847479
4166,7.556203133996009,1.4927714126074298
4167,7.585233014022596,1.5004132837943078
4168,7.614263179561894,1.5080541382414885
4169,7.64329363131664,1.5156939734450927
4170,7.672324369989553,1.5233327869012365
4171,7.7013553962833585,1.5309705761060366
4172,7.730386710900778,1.5386073385556083
4173,7.759418314544531,1.5462430717460685
4174,7.788450207917339,1.553877773173533
4175,7.817482391721946,1.5615114403341233
4176,7.846514866661033,1.5691440707239455
4177,7.875547633437343,1.5767756618391209
4178,7.904580692753596,1.5844062111757653
4179,7.933614045312511,1.592035716229995
4180,7.962647691816816,1.5996641744979265
4181,7.991681632969228,1.6072915834756756
4182,8.020715869472472,1.6149179406593592
4183,8.049750402029268,1.6225432435450928
4184,8.078785231342355,1.630167489628997
4185,8.107820358114418,1.6377906764071797
4186,8.1368557830482,1.6454128013757603
4187,8.165891506846421,1.6530338620308567
4188,8.194927530211801,1.6606538558685837
4189,8.223963853847064,1.6682727803850583
4190,8.253000478454933,1.675890633076396
4191,8.282037404738125,1.6835074114387136
4192,8.311074633399384,1.691123112968132
4193,8.340112165141393,1.698737735160757
4194,8.369150000666895,1.706351275512711
4195,8.398188140678608,1.7139637315201086
4196,8.427226585879254,1.7215751006790674
4197,8.45626533697156,1.7291853804857031
4198,8.485304394658243,1.7367945684361317
4199,8.514343759642022,1.7444026620264688
4200,8.543383432625644,1.7520096587528364
4201,8.572423414311789,1.759615556111341
4202,8.6014637054032,1.7672203515981029
4203,8.6305043066026,1.7748240427092394
4204,8.659545218612706,1.7824266269408655
4205,8.68858644213624,1.7900281017890975
4206,8.717627977875926,1.7976284647500527
4207,8.746669826534488,1.8052277133198462
4208,8.775711988814644,1.8128258449945946
4209,8.804754465419133,1.8204228572704186
4210,8.833797257050644,1.828018747643425
4211,8.862840364411916,1.8356135136097353
4212,8.89188378820567,1.8432071526654645
4213,8.920927529134628,1.8507996623067302
4214,8.949971587901512,1.8583910400296475
4215,8.979015965209042,1.8659812833303329
4216,9.00806066175994,1.8735703897049023
4217,9.037105678256948,1.8811583566494774
4218,9.06615101540275,1.8887451816601648
4219,9.09519667390009,1.8963308622330848
4220,9.12424265445168,1.9039153958643533
4221,9.153288957760248,1.9114987800500876
4222,9.182335584528518,1.9190810122864033
4223,9.211382535459208,1.9266620900694162
4224,9.240429811255042,1.9342420108952438
4225,9.269477412618757,1.9418207722600056
4226,9.298525340253041,1.9493983716598091
4227,9.327573594860635,1.9569748065907748
4228,9.356622177144255,1.9645500745490185
4229,9.385671087806626,1.9721241730306573
4230,9.414720327550473,1.9796970995318077
4231,9.443769897078512,1.9872688515485846
4232,9.472819797093473,1.9948394265771054
4233,9.501870028298068,2.0024088221134853
4234,9.530920591395041,2.009977035653846
4235,9.559971487087079,2.0175440646942935
4236,9.589022716076922,2.025109906730949
4237,9.618074279067285,2.0326745592599282
4238,9.6471261767609,2.0402380197773486
4239,9.676178409860483,2.0478002857793256
4240,9.705230979068755,2.055361354761976
4241,9.73428388508844,2.062921224221414
4242,9.763337128622277,2.0704798916537626
4243,9.792390709634116,2.078037357119551
4244,9.821444612019466,2.0855936764515994
4245,9.85049880410289,2.0931489595281625
4246,9.879553253569673,2.100703318446448
4247,9.908607928105097,2.1082568653036606
4248,9.937662795394436,2.1158097121970063
4249,9.966717823122973,2.1233619712236926
4250,9.995772978976007,2.1309137544809293
4251,10.024828230638775,2.138465174065913
4252,10.053883545796586,2.146016342075856
4253,10.082938892134708,2.153567370607962
4254,10.111994237338426,2.161118371759438
4255,10.141049549093022,2.168669457627492
4256,10.17010479508377,2.176220740309328
4257,10.19915994299595,2.1837723319021523
4258,10.228214960514848,2.191324344503172
4259,10.257269815325753,2.198876890209597
4260,10.286324475113917,2.2064300811186244
4261,10.315378907564632,2.2139840293274657
4262,10.34443308036318,2.2215388469333255
4263,10.373486961194843,2.2290946460334116
4264,10.40254051774489,2.236651538724928
4265,10.431593717698616,2.244209637105084
4266,10.460646528741293,2.251769053271083
4267,10.489698918558215,2.2593298993201363
4268,10.51875085483463,2.266892287349442
4269,10.547802305255834,2.2744563294562083
4270,10.57685323750711,2.2820221377376444
4271,10.605903619273734,2.289589824290954
4272,10.634953418240986,2.2971595012133443
4273,10.664002602094149,2.304731280602022
4274,10.693051138518499,2.3123052745541925
4275,10.722098995199334,2.319881595167066
4276,10.751146139821898,2.3274603545378403
4277,10.780192540071488,2.3350416647637258
4278,10.809238163633385,2.342625637941928
4279,10.838282978192868,2.350212386169654
4280,10.867326951435217,2.357802021544109
4281,10.89637005104571,2.3653946561625014
4282,10.925412244709632,2.372990402122034
4283,10.954453500112276,2.3805893715199202
4284,10.983493784938885,2.3881916764533546
4285,11.012533066874756,2.3957974290195505
4286,11.041571313605173,2.403406741315712
4287,11.070608492815412,2.411019725439045
4288,11.099644572190757,2.4186364934867584
4289,11.128679519416481,2.4262571575560554
4290,11.15771330217787,2.4338818297441427
4291,11.186745888160196,2.4415106221482277
4292,11.215777245048763,2.4491436468655197
4293,11.244807340528814,2.456781015993217
4294,11.273836142285646,2.464422841628529
4295,11.302863618004537,2.4720692358686622
4296,11.33188973537077,2.4797203108108232
4297,11.36091446206962,2.487376178552218
4298,11.389937765786373,2.495036951190053
4299,11.418959614206301,2.5027027408215328
4300,11.447979975014707,2.51037365954387
4301,11.47699881589683,2.5180498194542604
4302,11.506016104537972,2.5257313326499142
4303,11.535031808623412,2.533418311228039
4304,11.56404589583843,2.5411108672858407
4305,11.593058333868303,2.5488091129205244
4306,11.622069090398313,2.5565131602292976
4307,11.651078133113739,2.5642231213093654
4308,11.680085429699874,2.5719391082579377
4309,11.709090947841972,2.5796612331722133
4310,11.738094655225323,2.5873896081494023
4311,11.767096519535208,2.5951243452867105
4312,11.796096508456904,2.6028655566813437
4313,11.825094589675697,2.6106133544305083
4314,11.854090730876864,2.618367850631412
4315,11.883084899745679,2.6261291573812584
4316,11.912077063967429,2.6338973867772544
4317,11.941067191227413,2.6416726509166124
4318,11.970055249210867,2.649455061896527
4319,11.999041205603092,2.6572447318142096
4320,12.028025028089365,2.6650417727668665
4321,12.057006684354974,2.6728462968517044
4322,12.08598614208519,2.6806584161659295
4323,12.114963368965299,2.6884782428067466
4324,12.143938332680575,2.6963058888713634
4325,12.172911000916319,2.704141466456989
4326,12.201881341357774,2.711985087660822
4327,12.230849321690236,2.719836864580072
4328,12.259814909598985,2.7276969093119443
4329,12.288778072769304,2.7355653339536468
4330,12.317738778886469,2.7434422506023854
4331,12.346696995635758,2.7513277713553648
4332,12.375652690702456,2.7592220083097927
4333,12.404605831771862,2.76712507356288
4334,12.433556386529213,2.7750370792118217
4335,12.462504322659806,2.78295813735383
4336,12.491449607848928,2.79088836008611
4337,12.520392209781853,2.798827859505869
4338,12.549332096143864,2.8067767477103134
4339,12.578269234620238,2.814735136796647
4340,12.607203592896255,2.8227031388620785
4341,12.636135138657192,2.830680866003812
4342,12.665063839588353,2.838668430319061
4343,12.693989663374978,2.846665943905019
4344,12.722912577702367,2.854673518858899
4345,12.751832550255795,2.8626912672779063
4346,12.780749548720543,2.8707193012592467
4347,12.809663540781894,2.878757732900127
4348,12.838574494125126,2.886806674297754
4349,12.867482376435522,2.894866237549332
4350,12.896387155398367,2.9029365347520732
4351,12.92528879869892,2.911017678003174
4352,12.954187274022471,2.919109779399845
4353,12.9830825490543,2.927212951039292
4354,13.011974591479687,2.935327305018722
4355,13.04086336898391,2.94345295343534
4356,13.06974884925225,2.9515900083863524
4357,13.098630999969991,2.959738581968967
4358,13.127509788822426,2.9678987862803936
4359,13.156385183494796,2.9760707334178274
4360,13.185257151672408,2.984254535478481
4361,13.214125661040532,2.9924503045595605
4362,13.24299067928445,3.0006581527582705
4363,13.271852174089446,3.0088781921718186
4364,13.300710113140795,3.0171105348974105
4365,13.32956446412378,3.025355293032252
4366,13.358415194723673,3.0336125786735497
4367,13.387262272625785,3.041882503918515
4368,13.41610566551535,3.050165180864343
4369,13.444945341077663,3.0584607216082453
4370,13.473781266998015,3.0667692382474288
4371,13.502613410961676,3.0750908428790984
4372,13.531441740653928,3.0834256476004605
4373,13.560266223760053,3.091773764508722
4374,13.589086827965328,3.1001353057010874
4375,13.61790352095505,3.1085103832747705
4376,13.646716270414466,3.116899109326965
4377,13.675525044028873,3.125301595954883
4378,13.704329809483543,3.133717955255729
4379,13.733130534463768,3.1421482993267125
4380,13.761927186654821,3.150592740265037
4381,13.790719733741986,3.1590513901679103
4382,13.819508143410527,3.1675243611325357
4383,13.848292383345761,3.1760117652561273
4384,13.877072421232928,3.18451371463588
4385,13.905848224757317,3.1930303213690054
4386,13.934619761604212,3.201561697552709
4387,13.963386999458898,3.2101079552841965
4388,13.992149906006642,3.2186692066606746
4389,14.020908448932735,3.22724556377935
4390,14.049662595922454,3.2358371387374287
4391,14.078412314661094,3.2444440436321207
4392,14.107157572833902,3.253066390560624
4393,14.13589833812617,3.261704291620147
4394,14.164634578223184,3.2703578589078983
4395,14.193366260810219,3.279027204521083
4396,14.222093353572564,3.2877124405569074
4397,14.250815824195485,3.296413679112578
4398,14.279533640364267,3.3051310322852987
4399,14.308246769764189,3.313864612172279
4400,14.336955180080558,3.322614530870729
4401,14.365658838998602,3.3313809004778427
4402,14.394357714203633,3.340163833090834
4403,14.423051773380925,3.3489634408069078
4404,14.451740984215748,3.357779835723269
4405,14.480425314393397,3.366613129937126
4406,14.509104731599143,3.375463435545684
4407,14.537779203518266,3.384330864646148
4408,14.56644869783607,3.3932155293357313
4409,14.595113182237789,3.402117541711627
4410,14.623772624408726,3.4110370138710495
4411,14.652426992034162,3.4199740579112037
4412,14.681076252799375,3.4289287859292945
4413,14.709720374389644,3.437901310022529
4414,14.738359324490247,3.446891742288114
4415,14.76699307078647,3.4559001948232546
4416,14.795621580963601,3.464926779725163
4417,14.824244822706893,3.4739716090910346
4418,14.852862763701637,3.4830347950180798
4419,14.881475360298687,3.4921164586739497
4420,14.910082516533398,3.5012167630920596
4421,14.938684121357431,3.510335883376652
4422,14.967280063721015,3.519473994633104
4423,14.995870232574385,3.5286312719667947
4424,15.024454516867774,3.537807890483103
4425,15.053032805551426,3.54700402528741
4426,15.081604987575549,3.556219851485086
4427,15.110170951890384,3.565455544181512
4428,15.138730587446174,3.574711278482069
4429,15.167283783193144,3.583987229492132
4430,15.195830428081528,3.5932835723170826
4431,15.224370411061559,3.6026004820622957
4432,15.252903621083476,3.611938133833152
4433,15.28142994709752,3.6212967027350342
4434,15.309949278053896,3.6306763638733095
4435,15.338461502902847,3.6400772923533613
4436,15.366966510594615,3.6494996632805683
4437,15.395464190079428,3.6589436517603087
4438,15.42395443030752,3.6684094328979606
4439,15.452437120229126,3.677897181798903
4440,15.48091214879447,3.687407073568512
4441,15.509379404953812,3.6969392833121737
4442,15.537838777657347,3.7064939861352535
4443,15.566290155855325,3.7160713571431354
4444,15.594733428497982,3.7256715714412
4445,15.623168484535542,3.7352948041348206
4446,15.651595212918249,3.7449412303293794
4447,15.680013502596326,3.7546110251302545
4448,15.708423242520015,3.764304363642822
4449,15.736824321639544,3.7740214209724625
4450,15.765216628905161,3.7837623722245577
4451,15.793600053267067,3.7935273925044743
4452,15.821974483675515,3.8033166569175982
4453,15.850339809080735,3.813130340569307
4454,15.878695918432959,3.8229686185649774
4455,15.907042700682421,3.83283166600999
4456,15.935380044779352,3.8427196580097207
4457,15.96370783967399,3.8526327696695484
4458,15.992025974316578,3.862571176094858
4459,16.020334337657324,3.8725350523910165
4460,16.04863281864647,3.8825245736634058
4461,16.07692130623425,3.892539915017405
4462,16.105199689370902,3.9025812515583937
4463,16.133467857006654,3.912648758391747
4464,16.161725698091736,3.9227426106228456
4465,16.189973101576395,3.932862983357069
4466,16.218209956410863,3.943010051699798
4467,16.246436151545346,3.9531839907564006
4468,16.2746515759301,3.9633849756322608
4469,16.30285611851535,3.973613181432756
4470,16.33104966825133,3.983868783263265
4471,16.359232114088286,3.994151956229168
4472,16.387403344976427,4.004462875435839
4473,16.415563249865997,4.01480171598866
4474,16.443711717707238,4.025168652993006
4475,16.47184863745039,4.035563861554266
4476,16.499973898045653,4.0459875167778
4477,16.528087388443275,4.056439793768996
4478,16.55618899759349,4.0669208676332325
4479,16.584278614446543,4.077430913475887
4480,16.612356127952655,4.087970106402336
4481,16.64042142706206,4.09853862151796
4482,16.66847440072499,4.109136633928135
4483,16.696514937891695,4.11976431873825
4484,16.724542927512378,4.130421851053665
4485,16.752558258537285,4.141109405979767
4486,16.78056081991665,4.151827158621935
4487,16.808550500600703,4.162575284085546
4488,16.83652718953969,4.173353957475977
4489,16.864490775683823,4.184163353898609
4490,16.89244114798335,4.19500364845882
4491,16.92037819538852,4.2058750162619924
4492,16.94830180684953,4.216777632413494
4493,16.97621187131662,4.227711672018707
4494,17.004108277740034,4.23867731018301
4495,17.03199091507001,4.249674722011783
4496,17.059859672256767,4.260704082610403
4497,17.087714438250547,4.271765567084247
4498,17.11555510200158,4.282859350538697
4499,17.143381552460117,4.293985608079133
4500,17.17119367857635,4.305144514810925
4501,17.19899136930054,4.316336245839453
4502,17.22677451358292,4.327560976270099
4503,17.254543000373705,4.338818881208236
4504,17.282296718623147,4.350110135759248
4505,17.310035557281473,4.3614349150285125
4506,17.337759405298918,4.3727933941214046
4507,17.365468151625713,4.384185748143305
4508,17.393161685212103,4.395612152199596
4509,17.420839895008292,4.407072781395645
4510,17.448502669964526,4.418567810836835
4511,17.476149899031046,4.430097415628547
4512,17.503781471158078,4.441661770876156
4513,17.531397275295863,4.4532610516850415
4514,17.55899720039462,4.464895433160583
4515,17.586581135404593,4.476565090408156
4516,17.61414896927603,4.488270198533148
4517,17.641700590959125,4.500010932640923
4518,17.669235889404135,4.511787467836864
4519,17.696754753561287,4.5235999792263515
4520,17.724257072380816,4.535448641914763
4521,17.751742734812957,4.547333631007477
4522,17.77921162980794,4.55925512160987
4523,17.806663646316,4.571213288827324
4524,17.834098673287386,4.58320830776522
4525,17.861516599672296,4.595240353528925
4526,17.888917314420983,4.607309601223823
4527,17.91630070648367,4.619416225955291
4528,17.943666664810603,4.631560402828709
4529,17.97101507835201,4.643742306949456
4530,17.99834583605812,4.655962113422906
4531,18.025658826879177,4.668219997354445
4532,18.052953939765402,4.6805161338494425
4533,18.08023106366705,4.69285069801329
4534,18.107490087534316,4.705223864951348
4535,18.134730900317454,4.717635809769003
4536,18.161953390966698,4.730086707571632
4537,18.189157448432283,4.742576733464618
4538,18.216342961664427,4.755106062553333
4539,18.243509819613376,4.767674869943157
4540,18.27065791122936,4.7802833307394685
4541,18.297787125462637,4.792931620047656
4542,18.32489735126339,4.805619912973079
4543,18.351988477581884,4.8183483846211255
4544,18.37906039336834,4.831117210097173
4545,18.406112987573,4.8439265645065985
4546,18.433146149146094,4.856776622954782
4547,18.460159767037847,4.8696675605471
4548,18.487153730198504,4.882599552388932
4549,18.51412792757831,4.8955727735856645
4550,18.541082248127466,4.908587399242658
4551,18.56801658079621,4.9216436044653
4552,18.594930814534795,4.934741564358969
4553,18.621824838293442,4.947881454029042
4554,18.648698541022377,4.961063448580896
4555,18.675551811671845,4.9742877231199145
4556,18.70238453919208,4.98755445275147
4557,18.729196612533308,5.000863812580944
4558,18.755987920645776,5.014215977713721
4559,18.78275835247969,5.027611123255163
4560,18.8095077969853,5.041049424310659
4561,18.83623614311284,5.054531055985583
4562,18.862943279812534,5.068056193385317
4563,18.88962909603462,5.0816250116152375
4564,18.916293480729333,5.095237685780722
4565,18.942936322846904,5.10889439098715
4566,18.969557511337584,5.122595302339907
4567,18.99615693515157,5.136340594944356
4568,19.022734483239113,5.150130443905881
4569,19.04929004455045,5.163965024329864
4570,19.075823508035803,5.177844511321679
4571,19.10233476264542,5.191769079986707
4572,19.128823697329516,5.205738905430325
4573,19.15529020103834,5.219754162757913
4574,19.18173416272213,5.233815027074855
4575,19.2081554713311,5.247921673486514
4576,19.234554015815483,5.262074277098276
4577,19.26092968512552,5.276273013015519
4578,19.287282368211446,5.290518056343624
4579,19.31361195402349,5.304809582187964
4580,19.339918331511885,5.319147765653921
4581,19.366201389626866,5.333532781846872
4582,19.392461017318663,5.347964805872196
4583,19.418697103537532,5.3624440128352795
4584,19.444909537233663,5.376970577841482
4585,19.47109820735731,5.391544675996193
4586,19.49726300285871,5.406166482404788
4587,19.523403812688088,5.420836172172646
4588,19.549520525795693,5.435553920405148
4589,19.57561303113173,5.450319902207668
4590,19.60168121764646,5.465134292685587
4591,19.62772497429011,5.479997266944289
4592,19.6537441900129,5.494909000089139
4593,19.679738753765065,5.50986966722552
4594,19.705708554496844,5.524879443458813
4595,19.731653481158475,5.539938503894394
4596,19.757573422700172,5.555047023637643
4597,19.783468268072184,5.5702051777939365
4598,19.809337906224748,5.5854131414686545
4599,19.835182189733025,5.600671110624752
4600,19.861000511169895,5.615979544991746
4601,19.88679194768775,5.631339085162187
4602,19.91255557027705,5.64675037526188
4603,19.93829044992825,5.662214059416636
4604,19.963995657631823,5.67773078175226
4605,19.989670264378226,5.693301186394561
4606,20.015313341157903,5.708925917469341
4607,20.04092395896135,5.724605619102421
4608,20.066501188778982,5.740340935419586
4609,20.092044101601285,5.756132510546655
4610,20.117551768418707,5.7719809886094335
4611,20.143023260221714,5.787887013733727
4612,20.168457648000768,5.803851230045344
4613,20.19385400274632,5.819874281670091
4614,20.219211395448838,5.835956812733776
4615,20.24452889709878,5.852099467362203
4616,20.26980557868662,5.868302889681192
4617,20.295040511202792,5.884567723816528
4618,20.320232765637762,5.900894613894027
4619,20.345381412982,5.9172842040395
4620,20.370485524225955,5.933737138378749
4621,20.3955441703601,5.950254061037585
4622,20.42055642237488,5.966835616141812
4623,20.445521351260766,5.983482447817237
4624,20.47043802800823,6.000195200189678
4625,20.49530552360769,6.016974517384921
4626,20.520122909049643,6.033821043528784
4627,20.544889255324538,6.050735422747073
4628,20.56960363342283,6.0677182991655965
4629,20.594265114334984,6.0847703169101575
4630,20.618872769051453,6.101892120106566
4631,20.64342566856271,6.11908435288063
4632,20.667922883859216,6.1363476593581625
4633,20.692363485931416,6.153682683664954
4634,20.716746545769766,6.1710900699268185
4635,20.74107113436474,6.188570462269564
4636,20.765336322706794,6.206124504818997
4637,20.789541181786387,6.223752841700928
4638,20.81368478259398,6.241456117041158
4639,20.837766196120032,6.259234974965498
4640,20.861784493354996,6.277090059599752
4641,20.88573874528936,6.295022015069741
4642,20.909628022913548,6.313031485501248
4643,20.933451397218032,6.331119115020091
4644,20.957207939193275,6.349285547752076
4645,20.980896719829737,6.367531427823012
4646,21.004516810117877,6.385857399358706
4647,21.028067281048145,6.404264106484961
4648,21.05154720361102,6.422752193327588
4649,21.074955648796962,6.441322304012403
4650,21.09829168759641,6.459975082665192
4651,21.121554390999833,6.478711173411772
4652,21.14474282999769,6.497531220377947
4653,21.167856075580445,6.51643586768953
4654,21.190893198738557,6.535425759472325
4655,21.213853270462483,6.5545015398521365
4656,21.23673536174269,6.573663852954774
4657,21.259538543569636,6.592913342906057
4658,21.282261886933775,6.612250653831767
4659,21.30490446282556,6.631676429857723
4660,21.327465342235456,6.651191315109728
4661,21.34994359615394,6.670795953713597
4662,21.372338295571446,6.6904909897951335
4663,21.39464851147845,6.71027706748014
4664,21.416873314865416,6.73015483089443
4665,21.439011776722793,6.750124924163807
4666,21.461062968041055,6.77018799141409
4667,21.483025959810632,6.790344676771062
4668,21.504899823022,6.8105956243605394
4669,21.526683628665626,6.8309414783083335
4670,21.54837644773197,6.85138288274025
4671,21.569977351211485,6.871920481782095
4672,21.59148541009463,6.892554919559675
4673,21.612899695371866,6.913286840198795
4674,21.63421927803367,6.9341168878252795
4675,21.65544322907047,6.955045706564906
4676,21.67657061947274,6.976073940543496
4677,21.697600520230946,6.997202233886856
4678,21.718532002335543,7.0184312307207914
4679,21.739364136776988,7.039761575171112
4680,21.760095994545747,7.061193911363622
4681,21.780726646632278,7.08272888342413
4682,21.801255164027047,7.104367135478454
4683,21.821680617720496,7.126109311652376
4684,21.842002078703096,7.147956056071717
4685,21.8622186179653,7.1699080128622805
4686,21.88232930649758,7.191965826149878
4687,21.902333215290387,7.214130140060313
4688,21.922229415334186,7.236401598719393
4689,21.942016977619435,7.258780846252925
4690,21.961695005330633,7.281268483482681
4691,21.981263243512196,7.303864247868169
4692,22.000722028643548,7.326567081332702
4693,22.0200717192921,7.349375896089318
4694,22.039312674025247,7.372289604351022
4695,22.058445251410365,7.3953071183308365
4696,22.077469810014843,7.418427350241767
4697,22.09638670840606,7.441649212296832
4698,22.11519630515141,7.464971616709043
4699,22.133898958818286,7.48839347569143
4700,22.15249502797404,7.511913701456975
4701,22.170984871186096,7.53553120621871
4702,22.18936884702181,7.559244902189646
4703,22.20764731404859,7.5830537015828
4704,22.225820630833805,7.606956516611181
4705,22.243889155944856,7.630952259487806
4706,22.261853247949123,7.65503984242569
4707,22.279713265413996,7.679218177637859
4708,22.297469566906848,7.703486177337297
4709,22.315122510995064,7.727842753737032
4710,22.332672456246037,7.75228681905008
4711,22.35011976122716,7.776817285489455
4712,22.367464784505803,7.801433065268168
4713,22.384707884649366,7.826133070599235
4714,22.40184942022523,7.850916213695672
4715,22.418889749800783,7.875781406770502
4716,22.435829231943398,7.900727562036711
4717,22.45266822522047,7.9257535917073305
4718,22.46940708819938,7.950858407995368
4719,22.486046179447527,7.976040923113845
4720,22.50258585753228,8.001300049275773
4721,22.51902648102104,8.026634698694163
4722,22.535368408481183,8.052043783582032
4723,22.55161199848009,8.077526216152389
4724,22.567757609585165,8.103080908618269
4725,22.583805600363775,8.12870677319265
4726,22.59975632938331,8.154402722088564
4727,22.615610155211158,8.180167667519026
4728,22.631367436414706,8.206000521697044
4729,22.647028531561336,8.231900196835639
4730,22.662593799218442,8.25786560514782
4731,22.678063597953397,8.283895658846602
4732,22.693438286333603,8.309989270145016
4733,22.70871822292643,8.336145351256041
4734,22.72390376629927,8.36236281439271
4735,22.738995275019505,8.388640571768036
4736,22.75399310765453,8.414977535595032
4737,22.768897622771714,8.441372618086708
4738,22.783709178938466,8.467824731456085
4739,22.79842813472215,8.494332787916173
4740,22.81305484869017,8.52089569968
4741,22.8275896794099,8.547512378960555
4742,22.84203298544872,8.574181737970857
4743,22.856385125374025,8.600902688923927
4744,22.870646457753203,8.627674144032778
4745,22.884817341153635,8.654495015510422
4746,22.8988981341427,8.681364215569873
4747,22.91288919528781,8.708280656424147
4748,22.926790883156315,8.735243250286256
4749,22.94060355631563,8.762250909369232
4750,22.95432757333312,8.789302545886052
4751,22.96796329277618,8.816397072049746
4752,22.981511073212197,8.843533400073335
4753,22.994971273208552,8.870710442169827
4754,23.008344251332634,8.897927110552235
4755,23.02163036615182,8.925182317433576
4756,23.03482997623351,8.952474975026862
4757,23.04794344014509,8.979803995545122
4758,23.06097111645393,9.007168291201342
4759,23.073913363727424,9.034566774208546
4760,23.086770540532957,9.06199835677975
4761,23.099543005437916,9.089461951127968
4762,23.112231117009685,9.116956469466214
4763,23.124835233815652,9.144480824007502
4764,23.137355714423204,9.172033926964847
4765,23.14979291739973,9.199614690551279
4766,23.162147201312603,9.227222026979774
4767,23.17441892472921,9.254854848463367
4768,23.18660844621695,9.282512067215068
4769,23.198716124343193,9.310192595447898
4770,23.21074231767534,9.337895345374863
4771,23.222687384780755,9.365619229208978
4772,23.234551684226858,9.393363159163263
4773,23.246335574581,9.421126047450725
4774,23.258039414410593,9.448906806284397
4775,23.269663506178617,9.476704379103092
4776,23.281207183993832,9.504518248299403
4777,23.292668964575764,9.532348351197511
4778,23.304047339004743,9.560194639391547
4779,23.315340798361074,9.588057064475636
4780,23.326547833725062,9.615935578043903
4781,23.337666936177026,9.643830131690484
4782,23.34869659679728,9.671740677009517
4783,23.35963530666612,9.699667165595097
4784,23.370481556863865,9.72760954904137
4785,23.38123383847082,9.75556777894246
4786,23.3918906425673,9.7835418068925
4787,23.402450460233617,9.811531584485616
4788,23.412911782550083,9.839537063315934
4789,23.423273100597,9.867558194977583
4790,23.433532905454694,9.89559493106471
4791,23.443689688203452,9.923647223171404
4792,23.453741939923603,9.951715022891811
4793,23.46368815169544,9.979798281820061
4794,23.473526814599293,10.007896951550281
4795,23.483256419715467,10.036010983676597
4796,23.492875458124264,10.064140329793137
4797,23.502382420906002,10.09228494149403
4798,23.51177579914099,10.120444770373402
4799,23.521054083909544,10.1486197680254
4800,23.53021576629196,10.176809886044117
4801,23.539259337368563,10.205015076023697
4802,23.54818328821965,10.233235289558268
4803,23.556986109925536,10.261470478241957
4804,23.565666293566544,10.289720593668893
4805,23.57422233022297,10.317985587433206
4806,23.58265271097513,10.346265411129016
4807,23.590955926903337,10.374560016350475
4808,23.599130469087896,10.402869354691674
4809,23.607174828609114,10.431193377746759
4810,23.615087496547307,10.459532037109856
4811,23.62286696398278,10.487885284375093
4812,23.630511721995862,10.5162530711366
4813,23.638020261666835,10.544635348988498
4814,23.645391074076034,10.573032069524922
4815,23.65262265030376,10.601443184340015
4816,23.65971348143032,10.62986864502787
4817,23.666662058536026,10.65830840318263
4818,23.673466872701194,10.686762410398426
4819,23.680126415006125,10.715230618269384
4820,23.686639176531138,10.743712978389635
4821,23.693003648356544,10.772209442353299
4822,23.69921832156264,10.800719961754508
4823,23.70528168722976,10.829244488187411
4824,23.71119223643819,10.857782973246096
4825,23.716948460268252,10.886335368524708
4826,23.72254884980025,10.914901625617377
4827,23.727991896114506,10.94348169611823
4828,23.733276090291323,10.97207553162139
4829,23.738399923411016,11.000683083720995
4830,23.74336188655389,11.029304304011166
4831,23.748160470800254,11.05793914408603
4832,23.752794167230423,11.086587555539735
4833,23.75726146692471,11.115249489966374
4834,23.761560860963417,11.143924898960087
4835,23.76569084042686,11.172613734115007
4836,23.76964989639535,11.20131594702526
4837,23.773436519949197,11.230031489284974
4838,23.777049202168705,11.258760312488276
4839,23.780486434134197,11.287502368229298
4840,23.78374670692597,11.316257608102179
4841,23.786828511624346,11.345025983701015
4842,23.789730339309624,11.373807446619947
4843,23.792450681062128,11.402601948453112
4844,23.79498802796215,11.431409440794628
4845,23.797340871090018,11.460229875238626
4846,23.799507701526036,11.489063203379235
4847,23.80148701035051,11.517909376810584
4848,23.803277288643763,11.546768347126816
4849,23.80487702748609,11.575640065922022
4850,23.806284717957805,11.60452448479035
4851,23.807498851139233,11.633421555325928
4852,23.80851791811066,11.662331229122879
4853,23.80934040995242,11.691253457775337
4854,23.809964817744806,11.720188192877428
4855,23.810389632568143,11.749135386023278
4856,23.81061334550273,11.778094988807014
4857,23.810634447628882,11.807066952822785
4858,23.81045143002691,11.836051229664681
4859,23.810062783777116,11.865047770926843
4860,23.80946699995982,11.894056528203409
4861,23.80866256965534,11.923077453088498
4862,23.807647983943966,11.952110497176244
4863,23.806421733906024,11.981155612060768
4864,23.804982310621813,12.010212749336201
4865,23.80332820517165,12.03928186059669
4866,23.801457908635847,12.068362897436321
4867,23.799369993156404,12.097455805960005
4868,23.797065057254805,12.126560395052545
4869,23.794545820115886,12.155676329994051
4870,23.791815100855143,12.184803269297651
4871,23.788875718588113,12.213940871476472
4872,23.785730492430297,12.243088795043633
4873,23.78238224149721,12.272246698512284
4874,23.77883378490437,12.301414240395502
4875,23.7750879417673,12.330591079206437
4876,23.77114753120151,12.359776873458214
4877,23.7670153723225,12.388971281663956
4878,23.76269428424581,12.418173962336784
4879,23.75818708608693,12.447384573989822
4880,23.753496596961398,12.476602775136199
4881,23.748625635984705,12.505828224289031
4882,23.74357702227238,12.535060579961474
4883,23.73835357493994,12.564299500666605
4884,23.732958113102892,12.593544644917566
4885,23.727393455876758,12.622795671227484
4886,23.721662422377054,12.652052238109485
4887,23.715767831719276,12.681314004076693
4888,23.709712503018967,12.710580627642232
4889,23.70349925539162,12.739851767319218
4890,23.697130907952758,12.769127081620809
4891,23.690610279817886,12.798406229060078
4892,23.683940190102543,12.827688868150176
4893,23.67712345792222,12.856974657404221
4894,23.67016290239245,12.886263255335344
4895,23.663061342628733,12.915554320456664
4896,23.65582159774659,12.94484751128131
4897,23.64844648686153,12.9741424863224
4898,23.640938829089066,13.00343890409308
4899,23.633301443544738,13.032736423106442
4900,23.625537149344037,13.062034701875621
4901,23.617648765602475,13.091333398913742
4902,23.60963911143558,13.120632172733933
4903,23.601511005958855,13.149930681849312
4904,23.593267268287832,13.179228584773016
4905,23.58491071753801,13.208525540018156
4906,23.57644417282491,13.23782120609786
4907,23.567870453264035,13.267115241525273
4908,23.559192377970923,13.296407304813481
4909,23.55041276606108,13.325697054475627
4910,23.541534436650007,13.354984149024832
4911,23.532560208853237,13.384268246974226
4912,23.52349290178627,13.413549006836925
4913,23.51433533456463,13.442826087126063
4914,23.505090326303833,13.472099146354756
4915,23.49576069611938,13.501367843036153
4916,23.4863492631268,13.530631835683337
4917,23.47685884644161,13.559890782809452
4918,23.46729226517931,13.58914434292762
4919,23.457652338455432,13.618392174550971
4920,23.447941885385482,13.647633936192623
4921,23.438163725084973,13.676869286365703
4922,23.42832067666941,13.70609788358333
4923,23.418415559254328,13.735319386358656
4924,23.408451191955233,13.764533453204766
4925,23.398430393887644,13.793739742634799
4926,23.38835598416707,13.822937913161878
4927,23.378230781909025,13.85212762329913
4928,23.36805760622903,13.881308531559679
4929,23.35783927624259,13.91048029645665
4930,23.347578611065238,13.939642576503164
4931,23.33727842981246,13.968795030212368
4932,23.3269415515998,13.997937316097348
4933,23.31657079554276,14.027069092671242
4934,23.306168980756848,14.05619001844718
4935,23.295738926357586,14.085299751938281
4936,23.285283451460494,14.114397951657677
4937,23.27480537518108,14.143484276118485
4938,23.264307516634865,14.172558383833831
4939,23.253792694937356,14.201619933316842
4940,23.243263729204067,14.230668583080659
4941,23.232723438550515,14.259703991638363
4942,23.222174642092227,14.28872581750311
4943,23.211620158944697,14.31773371918801
4944,23.20106280822346,14.346727355206196
4945,23.19050540904401,14.37570638407079
4946,23.17995078052188,14.404670464294917
4947,23.16940174177258,14.433619254391697
4948,23.158861111911605,14.462552412874278
4949,23.148331710054496,14.49146959825574
4950,23.13781635531676,14.520370469049235
4951,23.12731786681392,14.549254683767886
4952,23.116839063661477,14.578121900924812
4953,23.10638276497495,14.60697177903314
4954,23.09595178986985,14.63580397660599
4955,23.08554850351313,14.66461824973264
4956,23.075173329573865,14.693414771826996
4957,23.06482617277529,14.722193827850177
4958,23.054506937835246,14.750955702764546
4959,23.044215529471586,14.77970068153243
4960,23.033951852402158,14.808429049116173
4961,23.023715811344807,14.8371410904781
4962,23.013507311017385,14.865837090580555
4963,23.00332625613774,14.894517334385867
4964,22.993172551423715,14.923182106856364
4965,22.98304610159315,14.951831692954405
4966,22.97294681136391,14.980466377642292
4967,22.96287458545384,15.009086445882371
4968,22.952829328580783,15.037692182636974
4969,22.942810945462583,15.066283872868437
4970,22.932819340817097,15.0948618015391
4971,22.92285441936216,15.12342625361129
4972,22.912916085815638,15.151977514047351
4973,22.903004244895357,15.180515867809621
4974,22.893118801319183,15.20904159986041
4975,22.88325965980496,15.237554995162064
4976,22.87342672507053,15.26605633867692
4977,22.863619901833747,15.294545915367314
4978,22.85383909481246,15.323024010195574
4979,22.84408420872451,15.35149090812404
4980,22.834355148287745,15.379946894115044
4981,22.82465181822001,15.408392253130938
4982,22.814974123239168,15.436827270134023
4983,22.80532196806306,15.465252230086648
4984,22.795695257409523,15.493667417951144
4985,22.786093895996416,15.522073118689853
4986,22.776517788541586,15.550469617265101
4987,22.76696683976288,15.578857198639232
4988,22.757440954378136,15.60723614777457
4989,22.74794003710522,15.635606749633459
4990,22.738463992661966,15.663969289178247
4991,22.729012725766225,15.692324051371223
4992,22.71958614113585,15.720671321174756
4993,22.710184143488675,15.749011383551164
4994,22.70080663754257,15.777344523462798
4995,22.69145352801537,15.805671025871977
4996,22.68212471962492,15.833991175741042
4997,22.672820117089074,15.862305258032332
4998,22.66353962512567,15.890613557708189
4999,22.654283148452564,15.918916359730915
5000,22.645050591787616,15.94721394906287
5001,22.635841859848643,15.975506610666374
5002,22.626656857353524,16.003794629503773
5003,22.61749548902009,16.03207829053739
5004,22.60835765956619,16.060357878729576
5005,22.599243273709682,16.088633679042655
5006,22.590152236168386,16.11690597643897
5007,22.58108445166019,16.14517505588084
5008,22.572039824902912,16.1734412023306
5009,22.563018260614417,16.201704700750593
5010,22.554019663512538,16.229965836103148
5011,22.545043938315136,16.2582248933506
5012,22.536090989740057,16.28648215745529
5013,22.527160722505137,16.314737913379542
5014,22.518253041328236,16.3429924460857
5015,22.50936785092719,16.37124604053611
5016,22.50050505601986,16.39949898169307
5017,22.49166456132409,16.427751554518935
5018,22.482846271557733,16.45600404397604
5019,22.47405009143862,16.484256735026715
5020,22.46527592568461,16.512509912633295
5021,22.456523679013554,16.54076386175812
5022,22.4477932561433,16.569018867363518
5023,22.439084561791674,16.59727521441184
5024,22.43039750067656,16.625533187865393
5025,22.42173197751578,16.65379307268653
5026,22.413087897027186,16.682055153837563
5027,22.404465163928634,16.710319716280843
5028,22.395863682937968,16.73858704497872
5029,22.387283358773033,16.7668574248935
5030,22.378724096151675,16.795131140987525
5031,22.37018579979175,16.82340847822316
5032,22.361668374411096,16.85168972156269
5033,22.35317172472757,16.879975155968467
5034,22.344695755459018,16.908265066402837
5035,22.336240371323285,16.93655973782812
5036,22.32780547703822,16.964859455206664
5037,22.31939097732167,16.99316450350079
5038,22.31099677689148,17.02147516767284
5039,22.302622780465498,17.049791732685165
5040,22.294268892761586,17.078114483500066
5041,22.28593501849757,17.10644370507989
5042,22.277621062391322,17.13477968238697
5043,22.269326929160673,17.16312270038365
5044,22.261052523523468,17.19147304403225
5045,22.25279775019757,17.21983099829512
5046,22.244562513900814,17.24819684813458
5047,22.23634671935105,17.276570878512974
5048,22.228150271266124,17.304953374392646
5049,22.2199730743639,17.333344620735904
5050,22.211815033362203,17.36174490250509
5051,22.2036760529789,17.390154504662547
5052,22.195556037931826,17.418573712170605
5053,22.187454892938835,17.4470028099916
5054,22.179372522717774,17.47544208308786
5055,22.17130883198649,17.503891816421728
5056,22.163263725462823,17.53235229495555
5057,22.155237107864632,17.560823803651626
5058,22.147228883909765,17.58930662747231
5059,22.139238958316067,17.61780105137993
5060,22.131267235801385,17.646307360336838
5061,22.123313621083568,17.674825839305342
5062,22.115378018880463,17.703356773247798
5063,22.107460333909916,17.731900447126527
5064,22.099560470889767,17.760457145903885
5065,22.09167833453789,17.789027154542172
5066,22.083813829572108,17.817610758003745
5067,22.07596686071028,17.846208241250928
5068,22.068137332670258,17.87481988924606
5069,22.060325150169874,17.903445986951475
5070,22.052530217926986,17.932086819329506
5071,22.04475244065944,17.96074267134249
5072,22.036991723085087,17.98941382795276
5073,22.029247969921762,18.018100574122663
5074,22.02152108588734,18.04680319481451
5075,22.01381097569964,18.07552197499064
5076,22.00611754407653,18.104257199613393
5077,21.998440695735844,18.133009153645105
5078,21.990780335395442,18.161778122048105
5079,21.983136367773163,18.190564389784733
5080,21.975508697586857,18.219368241817318
5081,21.967897229554364,18.24818996310821
5082,21.960301868393547,18.27702983861972
5083,21.95272251882225,18.30588815331419
5084,21.945159085558316,18.334765192153952
5085,21.937611473319592,18.363661240101347
5086,21.930079586823936,18.392576582118707
5087,21.92256333078918,18.421511503168368
5088,21.915062609933187,18.45046628821266
5089,21.907577328973787,18.479441222213936
5090,21.900107392628854,18.508436590134497
5091,21.89265270561621,18.53745267693669
5092,21.885213172653717,18.56648976758286
5093,21.877788698459216,18.595548147035323
5094,21.87037918775057,18.624628100256437
5095,21.862984545245602,18.653729912208515
5096,21.855604675662182,18.6828538678539
5097,21.848239483718146,18.71200025215493
5098,21.840888874131338,18.741169350073953
5099,21.833552751619617,18.770361446573265
5100,21.826231020900835,18.799576826615223
5101,21.818923586692826,18.828815775162155
5102,21.81163035371344,18.858078577176403
5103,21.80435122668053,18.887365517620296
5104,21.797086110311948,18.91667688145617
5105,21.789834909325528,18.946012953646353
5106,21.78259752843912,18.975374019153207
5107,21.775373872370587,19.004760362939024
5108,21.76816384583777,19.034172269966163
5109,21.760967353558506,19.06361002519695
5110,21.753784300250658,19.093073913593724
5111,21.746614590632063,19.122564220118818
5112,21.739458129420573,19.152081229734563
5113,21.732314821334036,19.1816252274033
5114,21.7251845710903,19.211196498087375
5115,21.71806728340721,19.240795326749087
5116,21.71096286300262,19.2704219983508
5117,21.70387121459438,19.300076797854828
5118,21.69679224290032,19.32976001022352
5119,21.689725852638304,19.3594719204192
5120,21.682671948526178,19.389212813404214
5121,21.675630435281782,19.418982974140885
5122,21.668601217622975,19.448782687591553
5123,21.66158420026759,19.478612238718576
5124,21.654579287933494,19.50847191248424
5125,21.64758638533852,19.538361993850902
5126,21.640605397200527,19.568282767780897
5127,21.633636228237354,19.598234519236563
5128,21.626678783166845,19.628217533180226
5129,21.619732797701758,19.65823191982804
5130,21.612796528530787,19.68827626012987
5131,21.6058674673753,19.718348344082422
5132,21.598943099531628,19.748445955039053
5133,21.59202091029608,19.77856687635314
5134,21.58509838496498,19.808708891378085
5135,21.578173008834646,19.838869783467267
5136,21.57124226720141,19.869047335974077
5137,21.564303645361584,19.899239332251888
5138,21.557354628611485,19.929443555654085
5139,21.55039270224742,19.95965778953407
5140,21.54341535156574,19.989879817245193
5141,21.53642006186276,20.020107422140864
5142,21.529404318434775,20.050338387574445
5143,21.522365606578134,20.080570496899337
5144,21.515301411589135,20.110801533468916
5145,21.508209218764115,20.141029280636566
5146,21.501086513399382,20.17125152175567
5147,21.493930780791263,20.20146604017962
5148,21.48673950623607,20.231670619261806
5149,21.479510175030143,20.261863042355586
5150,21.472240272469787,20.292041092814348
5151,21.464927283851324,20.322202553991488
5152,21.45756869447107,20.35234520924038
5153,21.450161989625357,20.382466841914415
5154,21.44270465461049,20.41256523536697
5155,21.43519417472282,20.442638172951437
5156,21.427628035258618,20.472683438021207
5157,21.420003721514245,20.50269881392963
5158,21.41231871878601,20.53268208403012
5159,21.40457051237023,20.562631031676048
5160,21.396756587563228,20.592543440220794
5161,21.388874429661318,20.622417093017752
5162,21.38092152396083,20.652249773420305
5163,21.372895355758082,20.682039264781825
5164,21.36479341034939,20.711783350455722
5165,21.35661317303107,20.741479813795344
5166,21.348352129099453,20.77112643815409
5167,21.34000776385086,20.800721006885347
5168,21.331577562581604,20.83026130334249
5169,21.323059010588008,20.859745110878915
5170,21.31444959316639,20.889170212847993
5171,21.305746795613075,20.918534392603117
5172,21.296948103224373,20.94783543349768
5173,21.288051001296623,20.977071118885036
5174,21.27905297512613,21.00623923211859
5175,21.26995151000922,21.035337556551717
5176,21.260744091242213,21.0643638755378
5177,21.251428204121424,21.093315972430226
5178,21.242001333943183,21.12219163058238
5179,21.2324609660038,21.15098863334764
5180,21.222804585599608,21.1797047640794
5181,21.213029678026906,21.208337806131052
5182,21.203133728582035,21.23688554285594
5183,21.193114222561316,21.26534575760748
5184,21.182968645261052,21.29371623373904
5185,21.172694481977576,21.321994754604017
5186,21.16228921800721,21.35017910355579
5187,21.151750338646263,21.37826706394773
5188,21.14107532919107,21.40625641913324
5189,21.13026167493793,21.434144952465704
5190,21.119306861183183,21.461930447298478
5191,21.108208373223153,21.489610686984978
5192,21.09696369635414,21.517183454878563
5193,21.085570315872474,21.54464653433262
5194,21.074025717074477,21.57199770870054
5195,21.062327385256477,21.599234761335712
5196,21.050472805714772,21.626355475591506
5197,21.0384594637457,21.653357634821333
5198,21.02628484464558,21.68023902237854
5199,21.01394643371073,21.70699742161652
5200,21.001441716237466,21.733630615888668
5201,20.988768177522118,21.760136388548357
5202,20.975923302861002,21.786512522948982
5203,20.96290457755043,21.81275680244391
5204,20.949709486886732,21.83886701038654
5205,20.936335516166224,21.864840930130246
5206,20.922780150685224,21.890676345028435
5207,20.90904087574006,21.916371038434452
5208,20.895115176627055,21.9419227937017
5209,20.881000538642517,21.967329394183565
5210,20.86669444708277,21.992588623233427
5211,20.852194387244143,22.01769826420466
5212,20.83749784442295,22.042656100450664
5213,20.822602303915502,22.067459915324807
5214,20.807505251018124,22.092107492180507
5215,20.79220417102715,22.1165966143711
5216,20.776696549238892,22.140925065249988
5217,20.760979870949672,22.165090628170564
5218,20.745051621455808,22.189091086486204
5219,20.728909286053614,22.212924223550285
5220,20.712550350039415,22.236587822716203
5221,20.6959729066713,22.2600801675735
5222,20.679178367534803,22.28340227206014
5223,20.662169270741163,22.30655607702906
5224,20.644948155321295,22.329543524089964
5225,20.627517560306117,22.35236655485255
5226,20.60988002472655,22.375027110926524
5227,20.592038087613524,22.39752713392158
5228,20.573994287997944,22.419868565447413
5229,20.55575116491073,22.442053347113713
5230,20.53731125738281,22.464083420530176
5231,20.518677104445093,22.48596072730653
5232,20.49985124512852,22.50768720905243
5233,20.48083621846399,22.529264807377583
5234,20.461634563482434,22.550695463891696
5235,20.44224881921477,22.571981120204466
5236,20.422681524691914,22.59312371792558
5237,20.402935218944787,22.61412519866474
5238,20.38301244100432,22.634987504031653
5239,20.362915729901403,22.65571257563601
5240,20.34264762466698,22.67630235508749
5241,20.322210664331976,22.69675878399581
5242,20.301607387927305,22.717083803970656
5243,20.280840334483884,22.737279356621734
5244,20.25991204303262,22.75734738355873
5245,20.238825052604454,22.777289826391353
5246,20.2175819022303,22.797108626729294
5247,20.196185130941053,22.816805726182256
5248,20.174637277767676,22.836383066359915
5249,20.15294088174106,22.855842588871987
5250,20.131098481892135,22.875186235328165
5251,20.10911261725182,22.89441594733814
5252,20.086985826851034,22.913533666511615
5253,20.064720649720698,22.93254133445829
5254,20.042319624891725,22.95144089278785
5255,20.019785291395042,22.970234283110003
5256,19.997120188261558,22.988923447034455
5257,19.974326854522204,23.00751032617087
5258,19.951407829207906,23.025996862128963
5259,19.928365651349576,23.044384996518435
5260,19.90520285997813,23.06267667094899
5261,19.881921994124493,23.080873827030302
5262,19.858525592819582,23.098978406372083
5263,19.835016195094315,23.116992350584027
5264,19.811396339979602,23.134917601275845
5265,19.78766856650639,23.152756100057204
5266,19.763835413705593,23.17050978853782
5267,19.739899420608115,23.18818060832738
5268,19.715863126244884,23.205770501035595
5269,19.69172906964681,23.223281408272143
5270,19.667499789844832,23.240715271646735
5271,19.64317782586986,23.258074032769073
5272,19.618765716752797,23.275359633248847
5273,19.59426600152459,23.29257401469574
5274,19.569681219216157,23.309719118719464
5275,19.545013908858405,23.326796886929717
5276,19.520266609482256,23.343809260936183
5277,19.495441860118632,23.360758182348565
5278,19.470542199798462,23.377645592776567
5279,19.445570167552646,23.39447343382988
5280,19.420528302412105,23.411243647118212
5281,19.395419143407782,23.427958174251238
5282,19.370245229570585,23.444618956838667
5283,19.345009099931428,23.461227936490186
5284,19.31971329352124,23.47778705481551
5285,19.294360349370937,23.494298253424326
5286,19.268952806511436,23.51076347392632
5287,19.243493203973657,23.527184657931212
5288,19.217984080788522,23.54356374704868
5289,19.192427975986934,23.55990268288844
5290,19.16682742859985,23.576203407060163
5291,19.141184977658163,23.592467861173567
5292,19.11550316219281,23.608697986838333
5293,19.089784521234687,23.62489572566416
5294,19.064031593814732,23.641063019260763
5295,19.03824691896386,23.65720180923782
5296,19.01243303571299,23.673314037205028
5297,18.986592483093027,23.6894016447721
5298,18.960727800134926,23.705466573548726
5299,18.934841525869583,23.721510765144586
5300,18.908936199327922,23.737536161169395
5301,18.88301435954086,23.753544703232834
5302,18.85707854553933,23.76953833294462
5303,18.831131296354236,23.78551899191444
5304,18.805175151016503,23.80148862175199
5305,18.779212648557035,23.817449164066982
5306,18.753246328006785,23.833402560469082
5307,18.727278728396655,23.849350752568004
5308,18.701312388757568,23.865295681973443
5309,18.675349848120444,23.881239290295106
5310,18.6493936455162,23.897183519142672
5311,18.62344631997575,23.91313031012584
5312,18.59751025952913,23.9290814529265
5313,18.57158600526866,23.94503687895127
5314,18.545672861749587,23.960995275479153
5315,18.51977011080059,23.97695530692304
5316,18.493877034250296,23.992915637695795
5317,18.46799291392736,24.00887493221031
5318,18.442117031660416,24.024831854879466
5319,18.41624866927812,24.040785070116137
5320,18.390387108609108,24.05673324233321
5321,18.364531631482034,24.07267503594356
5322,18.338681519725522,24.08860911536007
5323,18.31283605516824,24.10453414499561
5324,18.286994519638842,24.120448789263076
5325,18.261156194965963,24.13635171257533
5326,18.235320362978243,24.15224157934527
5327,18.209486305504328,24.168117053985764
5328,18.183653304372864,24.183976800909683
5329,18.157820641412503,24.199819484529943
5330,18.13198759845187,24.215643769259394
5331,18.106153457319643,24.231448319510918
5332,18.080317499844455,24.2472317996974
5333,18.054479007854937,24.26299287423171
5334,18.02863726317976,24.278730207526745
5335,18.002791547647547,24.294442463995377
5336,17.97694114308696,24.310128308050484
5337,17.95108533132663,24.32578640410495
5338,17.925223394195207,24.341415416571643
5339,17.899354613521336,24.35701400986348
5340,17.873478271133674,24.372580848393294
5341,17.84759364886086,24.388114596573992
5342,17.821700028531534,24.403613918818444
5343,17.795796691974353,24.419077479539528
5344,17.769882921017953,24.434503943150133
5345,17.74395799749098,24.449891974063128
5346,17.718021203222083,24.465240236691407
5347,17.69207182003989,24.48054739544785
5348,17.66610912977308,24.49581211474532
5349,17.640132414250278,24.51103305899671
5350,17.614140955300133,24.526208892614893
5351,17.588134034751295,24.541338280012756
5352,17.562110934432408,24.556419885603173
5353,17.536070936172102,24.571452373799016
5354,17.510013321799047,24.58643440901319
5355,17.483937373141856,24.60136465565856
5356,17.457842372029212,24.616241778148
5357,17.43172760028975,24.631064440894406
5358,17.405592339752104,24.645831308310637
5359,17.379435872244926,24.660541044809584
5360,17.353257479596866,24.675192314804132
5361,17.32705644363656,24.68978378270715
5362,17.30083204619266,24.704314112931524
5363,17.274583569093814,24.71878196989014
5364,17.248310294168643,24.73318601799588
5365,17.22201150324583,24.747524921661608
5366,17.195686478154,24.761797345300206
5367,17.169334500721813,24.776001953324567
5368,17.142954852777898,24.79013741014756
5369,17.11654681615091,24.804202380182065
5370,17.090109672669485,24.81819552784097
5371,17.063642704162277,24.832115517537144
5372,17.037145192457917,24.84596101368349
5373,17.010616419385077,24.859730680692863
5374,16.984055666772395,24.87342318297815
5375,16.9574622164485,24.88703718495223
5376,16.93083535024206,24.90057135102799
5377,16.9041743499817,24.9140243456183
5378,16.877478497496075,24.927394833136038
5379,16.85074707461384,24.94068147799411
5380,16.823979363163602,24.95388294460538
5381,16.797174644974056,24.966997897382708
5382,16.77033220187383,24.980025000738998
5383,16.743451315691566,24.99296291908712
5384,16.716531268255906,25.00581031683996
5385,16.689571341395503,25.01856585841039
5386,16.662570816939,25.0312282082113
5387,16.635528976715037,25.04379603065556
5388,16.608445102552253,25.05626799015607
5389,16.58131847627932,25.068642751125683
5390,16.55414837972487,25.080918977977294
5391,16.526934094717546,25.093095335123774
5392,16.499674903085996,25.105170486978007
5393,16.472370086658863,25.11714309795288
5394,16.445018927264798,25.129011832461263
5395,16.41762070673244,25.140775354916045
5396,16.390174789552624,25.152432453989093
5397,16.362681277924434,25.163983027286026
5398,16.335140661761667,25.175427555230762
5399,16.30755343442488,25.186766523428478
5400,16.279920089274622,25.198000417484373
5401,16.252241119671474,25.209129723003635
5402,16.224517018976,25.22015492559147
5403,16.196748280548775,25.231076510853057
5404,16.16893539775036,25.241894964393598
5405,16.1410788639413,25.25261077181829
5406,16.113179172482205,25.263224418732314
5407,16.085236816733616,25.27373639074086
5408,16.05725229005612,25.28414717344915
5409,16.029226085810258,25.294457252462347
5410,16.00115869735662,25.304667113385655
5411,15.973050618055762,25.314777241824277
5412,15.944902341268252,25.324788123383385
5413,15.916714360354641,25.334700243668195
5414,15.88848716867554,25.344514088283887
5415,15.860221259591482,25.35423014283565
5416,15.831917126463047,25.363848892928686
5417,15.803575262650803,25.373370824168195
5418,15.775196161515307,25.382796422159352
5419,15.746780316417142,25.39212617250737
5420,15.71832822071686,25.401360560817423
5421,15.68984036777504,25.410500072694717
5422,15.661317250952223,25.41954519374445
5423,15.632759363609022,25.4284964095718
5424,15.604167199105976,25.437354205781972
5425,15.575541250803662,25.44611906798015
5426,15.546882012062634,25.454791481771526
5427,15.518189976243475,25.463371932761312
5428,15.489465636706745,25.47186090655468
5429,15.460709486813013,25.480258888756843
5430,15.43192201992283,25.48856636497298
5431,15.403103729396793,25.496783820808282
5432,15.374255108595454,25.50491174186795
5433,15.345376650879388,25.512950613757173
5434,15.316468849609151,25.52090092208115
5435,15.287532198145318,25.528763152445062
5436,15.258567189848456,25.53653779045412
5437,15.229574318079136,25.544225321713512
5438,15.200554076197898,25.55182623182843
5439,15.17150695756535,25.559341006404054
5440,15.14243345554204,25.566770131045587
5441,15.113334063488544,25.574114091358236
5442,15.084209274765415,25.581373372947166
5443,15.05505958273323,25.5885484614176
5444,15.025885480752555,25.595639842374705
5445,14.996687462183962,25.6026480014237
5446,14.967466020388011,25.60957342416976
5447,14.938221648725253,25.616416596218084
5448,14.908954840556294,25.62317800317387
5449,14.879666089241683,25.629858130642297
5450,14.850355888141982,25.636457464228563
5451,14.821024730617767,25.64297648953787
5452,14.791673110029603,25.649415692175413
5453,14.762301519738052,25.655775557746374
5454,14.73291045310369,25.662056571855956
5455,14.703500403487059,25.66825922010935
5456,14.674071864248766,25.67438398811174
5457,14.644625328749363,25.680431361468322
5458,14.615161290349413,25.6864018257843
5459,14.585680242409483,25.692295866664857
5460,14.556182678290147,25.6981139697152
5461,14.526669091351968,25.703856620540506
5462,14.497139974955509,25.709524304745973
5463,14.467595822461323,25.715117507936792
5464,14.438037127230018,25.720636715718168
5465,14.40846438262214,25.726082413695284
5466,14.378878081998254,25.731455087473336
5467,14.349278718718935,25.736755222657518
5468,14.319666786144744,25.741983304853022
5469,14.290042777636252,25.747139819665044
5470,14.26040718655402,25.75222525269877
5471,14.230760506258623,25.757240089559403
5472,14.201103230110604,25.76218481585213
5473,14.171435851470573,25.76705991718215
5474,14.141758863699078,25.771865879154646
5475,14.112072760156684,25.776603187374825
5476,14.082378034203957,25.781272327447866
5477,14.052675179201467,25.785873784978964
5478,14.022964688509786,25.790408045573326
5479,13.993247055489473,25.79487559483613
5480,13.963522773501081,25.799276918372588
5481,13.933792335905215,25.80361250178787
5482,13.904056236062427,25.80788283068719
5483,13.874314967333278,25.812088390675726
5484,13.84456902307834,25.81622966735868
5485,13.814818896658178,25.82030714634124
5486,13.785065081433359,25.8243213132286
5487,13.755308069435756,25.828272653254423
5488,13.725548200492996,25.832161609093077
5489,13.695785523329274,25.835988542020623
5490,13.66602005384235,25.83975380413422
5491,13.636251807930012,25.84345774753106
5492,13.60648080149004,25.847100724308287
5493,13.576707050420218,25.850683086563087
5494,13.54693057061833,25.85420518639263
5495,13.51715137798215,25.857667375894067
5496,13.487369488409456,25.861070007164592
5497,13.457584917798055,25.864413432301344
5498,13.427797682045721,25.867698003401514
5499,13.398007797050235,25.870924072562268
5500,13.368215278709375,25.87409199188077
5501,13.338420142920928,25.877202113454196
5502,13.308622405582677,25.880254789379705
5503,13.278822082592399,25.883250371754464
5504,13.249019189847887,25.886189212675657
5505,13.21921374324689,25.889071664240433
5506,13.189405758687244,25.891898078545978
5507,13.159595252066707,25.894668807689452
5508,13.12978223928306,25.89738420376803
5509,13.099966736234089,25.90004461887888
5510,13.070148758817567,25.902650405119154
5511,13.040328322931291,25.90520191458604
5512,13.01050544447304,25.907699499376704
5513,12.98068013934057,25.910143511588313
5514,12.95085242343171,25.91253430331803
5515,12.921022312644219,25.91487222666302
5516,12.891189822875885,25.91715763372048
5517,12.861354970024482,25.919390876587542
5518,12.831517769987805,25.921572307361405
5519,12.801678238663627,25.923702278139217
5520,12.771836391949735,25.925781141018163
5521,12.74199224574389,25.927809248095397
5522,12.712145815943916,25.929786951468092
5523,12.682297118447575,25.93171460323342
5524,12.652446169152649,25.93359255548855
5525,12.622592983956928,25.93542116033065
5526,12.592737578758179,25.93720076985689
5527,12.562879969454197,25.93893173616443
5528,12.533020171942765,25.940614411350452
5529,12.503158202121668,25.942249147512126
5530,12.47329407588866,25.943836296746603
5531,12.443427809141564,25.945376211151064
5532,12.41355941777815,25.946869242822675
5533,12.383688917696194,25.9483157438586
5534,12.353816324793486,25.949716066356025
5535,12.323941654967806,25.95107056241211
5536,12.294064924116935,25.95237958412401
5537,12.26418614813865,25.95364348358891
5538,12.234305342930728,25.954862612903977
5539,12.204422524390983,25.95603732416637
5540,12.174537708417182,25.957167969473275
5541,12.144650910907096,25.958254900921833
5542,12.114762147758523,25.959298470609244
5543,12.084871434869235,25.96029903063266
5544,12.05497878813702,25.96125693308925
5545,12.025084223459663,25.962172530076185
5546,11.995187756734925,25.96304617369064
5547,11.965289403860623,25.963878216029773
5548,11.935389180734528,25.96466900919076
5549,11.90548710325442,25.965418905270766
5550,11.875583187318076,25.966128256366957
5551,11.84567744882329,25.96679741457652
5552,11.815769903667835,25.9674267319966
5553,11.785860567749499,25.968016560724376
5554,11.755949456966063,25.968567252857024
5555,11.726036587215289,25.969079160491695
5556,11.696121974395,25.969552635725574
5557,11.66620563440296,25.969988030655827
5558,11.636287583136955,25.970385697379616
5559,11.606367836494758,25.970745987994107
5560,11.576446410374164,25.97106925459649
5561,11.546523320672948,25.971355849283913
5562,11.516598583288895,25.97160612415355
5563,11.486672214119766,25.97182043130257
5564,11.456744229063386,25.97199912282814
5565,11.42681464401752,25.972142550827442
5566,11.396883474879942,25.97225106739762
5567,11.366950737548443,25.97232502463587
5568,11.337016447920803,25.972364774639335
5569,11.30708062189481,25.97237066950521
5570,11.277143275368234,25.97234306133064
5571,11.247204424238854,25.97228230221281
5572,11.217264084404476,25.972188744248875
5573,11.187322271762879,25.97206273953602
5574,11.157379002211838,25.971904640171406
5575,11.127434291649136,25.97171479825221
5576,11.09748815597255,25.971493565875573
5577,11.067540611079874,25.971241295138697
5578,11.037591672868883,25.970958338138725
5579,11.007641357237365,25.970645046972855
5580,10.977689680083081,25.970301773738232
5581,10.947736657303851,25.969928870532023
5582,10.91778230479744,25.969526689451406
5583,10.887826638461627,25.969095582593553
5584,10.857869674194204,25.96863590205563
5585,10.827911427892943,25.968147999934807
5586,10.797951915455632,25.967632228328238
5587,10.767991152780056,25.967088939333106
5588,10.738029155763977,25.966518485046585
5589,10.708065940305215,25.96592121756584
5590,10.678101522301535,25.965297488988035
5591,10.648135917650718,25.964647651410335
5592,10.618169142250547,25.96397205692992
5593,10.588201211998808,25.96327105764395
5594,10.55823214279328,25.962545005649595
5595,10.528261950531748,25.961794253044022
5596,10.498290651111972,25.961019151924415
5597,10.46831826043178,25.960220054387925
5598,10.438344794388927,25.959397312531724
5599,10.408370268881203,25.95855127845298
5600,10.378394699806387,25.957682304248877
5601,10.348418103062265,25.956790742016565
5602,10.318440494546614,25.955876943853216
5603,10.288461890157222,25.954941261856014
5604,10.258482305791855,25.953984048122106
5605,10.228501757348328,25.95300565474868
5606,10.198520260724406,25.952006433832896
5607,10.168537831817872,25.95098673747192
5608,10.13855448652651,25.949946917762922
5609,10.108570240748106,25.94888732680307
5610,10.07858511038044,25.94780831668955
5611,10.048599111321286,25.946710239519497
5612,10.01861225946844,25.945593447390113
5613,9.988624570719658,25.94445829239854
5614,9.958636060972768,25.943305126641974
5615,9.928646746125528,25.94213430221756
5616,9.898656642075721,25.94094617122248
5617,9.868665764721129,25.939741085753894
5618,9.838674129959537,25.938519397908983
5619,9.808681753688731,25.937281459784913
5620,9.778688651806489,25.93602762347884
5621,9.748694840210575,25.934758241087945
5622,9.718700334798813,25.933473664709393
5623,9.688705151468962,25.932174246440354
5624,9.658709306118809,25.930860338377986
5625,9.62871281464613,25.929532292619477
5626,9.598715692948717,25.928190461261977
5627,9.56871795692435,25.92683519640267
5628,9.538719622470811,25.925466850138726
5629,9.508720705485864,25.924085774567303
5630,9.47872122186733,25.92269232178557
5631,9.448721187512966,25.921286843890698
5632,9.418720618320563,25.91986969297985
5633,9.388719530187904,25.918441221150214
5634,9.35871793901277,25.91700178049895
5635,9.32871586069294,25.91555172312321
5636,9.298713311126205,25.914091401120192
5637,9.26871030621034,25.912621166587034
5638,9.238706861843111,25.911141371620925
5639,9.208702993922339,25.909652368319033
5640,9.178698718345789,25.90815450877852
5641,9.148694051011244,25.906648145096554
5642,9.118689007816487,25.90513362937031
5643,9.088683604659298,25.903611313696953
5644,9.058677857437461,25.902081550173655
5645,9.028671782048763,25.900544690897583
5646,8.99866539439096,25.899001087965907
5647,8.968658710361876,25.897451093475784
5648,8.93865174585928,25.8958950595244
5649,8.908644516780946,25.894333338208913
5650,8.878637039024666,25.8927662816265
5651,8.848629328488215,25.89119424187433
5652,8.818621401069379,25.889617571049556
5653,8.788613272665943,25.888036621249366
5654,8.758604959175667,25.886451744570916
5655,8.728596476496374,25.884863293111376
5656,8.698587840525827,25.883271618967925
5657,8.668579067161808,25.88167707423773
5658,8.638570172302101,25.88008001101794
5659,8.608561171844487,25.878480781405745
5660,8.578552081686754,25.876879737498314
5661,8.548542917726678,25.875277231392808
5662,8.518533695862047,25.87367361518639
5663,8.488524431990623,25.87206924097624
5664,8.458515142010226,25.87046446085952
5665,8.42850584181862,25.868859626933403
5666,8.398496547313588,25.86725509129506
5667,8.368487274392912,25.865651206041655
5668,8.33847803895438,25.864048323270353
5669,8.308468856887155,25.862446794886278
5670,8.278459740093979,25.86084688386738
5671,8.248450690169213,25.85924862323924
5672,8.218441707063205,25.857652009352524
5673,8.18843279072626,25.856057038557932
5674,8.15842394110869,25.85446370720613
5675,8.12841515816081,25.852872011647804
5676,8.098406441832937,25.851281948233634
5677,8.068397792075386,25.849693513314307
5678,8.038389208838476,25.848106703240504
5679,8.008380692072498,25.846521514362887
5680,7.978372241727811,25.844937943032164
5681,7.9483638577547095,25.843355985599
5682,7.9183555401035095,25.84177563841409
5683,7.888347288724523,25.840196897828093
5684,7.858339103568071,25.83861976019171
5685,7.828330984584469,25.837044221855617
5686,7.798322931724031,25.83547027917049
5687,7.768314944937071,25.833897928487016
5688,7.7383070241738885,25.832327166155878
5689,7.708299169384834,25.830757988527754
5690,7.678291380520207,25.82919039195332
5691,7.648283657530325,25.827624372783262
5692,7.6182760003655,25.826059927368267
5693,7.58826840897605,25.824497052059005
5694,7.5582608833122675,25.822935743206163
5695,7.528253423324532,25.82137599716043
5696,7.498246028963081,25.81981781027248
5697,7.468238700178301,25.818261178892985
5698,7.438231436920438,25.81670609937264
5699,7.408224239139879,25.815152568062118
5700,7.378217106786869,25.813600581312105
5701,7.348210039811758,25.81205013547328
5702,7.318203038164899,25.810501226896328
5703,7.288196101796537,25.80895385193193
5704,7.258189230657056,25.80740800693076
5705,7.2281824246967,25.805863688243505
5706,7.198175683865862,25.804320892220847
5707,7.16816900811478,25.802779615213456
5708,7.138162397393807,25.801239853572028
5709,7.108155851653298,25.79970160364725
5710,7.078149370843493,25.798164861789783
5711,7.048142954914781,25.796629624350317
5712,7.018136603817405,25.795095887679523
5713,6.988130317501757,25.79356364812811
5714,6.958124095918072,25.792032902046735
5715,6.928117939016748,25.790503645786092
5716,6.898111846748021,25.78897587569685
5717,6.868105819062244,25.787449588129697
5718,6.838099855909771,25.785924779435316
5719,6.808093957240845,25.784401445964388
5720,6.778088123005853,25.782879584067587
5721,6.7480823531550405,25.781359190095607
5722,6.718076647638793,25.77984026039912
5723,6.688071006407358,25.778322791328808
5724,6.658065429411116,25.776806779235354
5725,6.628059916600319,25.775292220469446
5726,6.598054467925309,25.773779111381746
5727,6.568049083336449,25.772267448322957
5728,6.538043762783975,25.770757227643745
5729,6.508038506218277,25.7692484456948
5730,6.478033313589598,25.767741098826797
5731,6.448028184848328,25.766235183390425
5732,6.418023119944708,25.764730695736354
5733,6.388018118829091,25.76322763221528
5734,6.358013181451828,25.76172598917787
5735,6.328008307763164,25.76022576297481
5736,6.298003497713485,25.758726949956785
5737,6.267998751253038,25.757229546474477
5738,6.237994068332207,25.755733548878567
5739,6.207989448901235,25.754238953519724
5740,6.177984892910517,25.75274575674865
5741,6.147980400310287,25.75125395491601
5742,6.1179759710509005,25.74976354437248
5743,6.087971605082714,25.74827452146877
5744,6.057967302355965,25.746786882555533
5745,6.027963062821044,25.745300623983454
5746,5.997958886428193,25.74381574210323
5747,5.967954773127804,25.742332233265536
5748,5.937950722870115,25.740850093821038
5749,5.907946735605517,25.739369320120435
5750,5.877942811284253,25.737889908514404
5751,5.847938949856673,25.73641185535362
5752,5.817935151273134,25.734935156988776
5753,5.787931415483872,25.733459809770533
5754,5.757927742439283,25.731985810049597
5755,5.727924132089603,25.730513154176638
5756,5.697920584385227,25.729041838502333
5757,5.667917099276392,25.72757185937736
5758,5.637913676713453,25.72610321315242
5759,5.6079103166467625,25.72463589617817
5760,5.577907019026561,25.723169904805307
5761,5.547903783803243,25.721705235384512
5762,5.517900610927044,25.720241884266464
5763,5.487897500348357,25.718779847801837
5764,5.457894452017423,25.717319122341323
5765,5.427891465884633,25.715859704235587
5766,5.397888541900225,25.71440158983533
5767,5.367885680014557,25.71294477549123
5768,5.337882880177978,25.711489257553957
5769,5.307880142340731,25.7100350323742
5770,5.277877466453203,25.708582096302635
5771,5.24787485246564,25.707130445689945
5772,5.21787230032843,25.70568007688682
5773,5.187869809991815,25.70423098624393
5774,5.157867381406183,25.702783170111957
5775,5.1278650145217775,25.70133662484159
5776,5.09786270928895,25.699891346783502
5777,5.067860465658056,25.698447332288385
5778,5.0378582835793315,25.697004577706906
5779,5.007856163003174,25.69556307938976
5780,4.977854103879818,25.69412283368762
5781,4.947852106159657,25.69268383695117
5782,4.917850169792932,25.69124608553108
5783,4.887848294729997,25.689809575778053
5784,4.857846480921203,25.68837430404276
5785,4.8278447283167925,25.686940266675876
5786,4.797843036867154,25.68550746002809
5787,4.767841406522529,25.684075880450077
5788,4.737839837233312,25.68264552429253
5789,4.707838328949736,25.68121638790611
5790,4.677836881622199,25.679788467641526
5791,4.647835495200938,25.678361759849434
5792,4.617834169636308,25.67693626088052
5793,4.587832904878663,25.67551196708548
5794,4.55783170087824,25.674088874814977
5795,4.527830557585433,25.672666980419717
5796,4.497829474950481,25.67124628025035
5797,4.467828452923774,25.669826770657576
5798,4.4378274914555575,25.668408447992075
5799,4.407826590496215,25.666991308604523
5800,4.377825749995993,25.6655753488456
5801,4.34782496990524,25.66416056506599
5802,4.317824250174314,25.662746953616384
5803,4.287823590753454,25.66133451084745
5804,4.257822991593051,25.659923233109886
5805,4.227822452643342,25.658513116754342
5806,4.197821973854723,25.65710415813153
5807,4.167821555177433,25.65569635359212
5808,4.137821196561823,25.654289699486785
5809,4.10782089795825,25.652884192166226
5810,4.0778206593169495,25.651479827981102
5811,4.047820480588318,25.650076603282113
5812,4.017820361722593,25.64867451441992
5813,3.987820302670167,25.647273557745237
5814,3.957820303381277,25.645873729608713
5815,3.9278203638063163,25.644475026361036
5816,3.8978204838955266,25.643077444352897
5817,3.8678206635992605,25.641680979934964
5818,3.8378209028678705,25.640285629457942
5819,3.807821201651597,25.638891389272484
5820,3.7778215599008313,25.637498255729295
5821,3.747821977565815,25.636106225179038
5822,3.717822454596939,25.634715293972402
5823,3.6878229909444404,25.633325458460067
5824,3.6578235865587136,25.63193671499272
5825,3.6278242413899986,25.630549059921037
5826,3.5978249553886466,25.629162489595696
5827,3.5678257285050146,25.62777700036738
5828,3.5378265606893398,25.626392588586775
5829,3.507827451892014,25.625009250604563
5830,3.4778284020632793,25.623626982771416
5831,3.4478294111535255,25.622245781438025
5832,3.417830479112992,25.620865642955064
5833,3.387831605892034,25.61948656367322
5834,3.357832791441004,25.61810853994317
5835,3.3278340357101417,25.616731568115597
5836,3.29783533864984,25.615355644541182
5837,3.267836700210337,25.613980765570606
5838,3.237838120342026,25.612606927554555
5839,3.2078395989951445,25.6112341268437
5840,3.1778411361200876,25.609862359788732
5841,3.1478427316670916,25.608491622740328
5842,3.1178443855865114,25.607121912049166
5843,3.0878460978287023,25.60575322406593
5844,3.057847868343903,25.604385555141317
5845,3.0278496970825044,25.603018901625976
5846,2.9978515839947466,25.601653259870616
5847,2.9678535290310215,25.600288626225897
5848,2.9378555321415685,25.59892499704252
5849,2.9078575932767814,25.59756236867116
5850,2.877859712386897,25.59620073746249
5851,2.84786188942227,25.594840099767197
5852,2.817864124333253,25.593480451935964
5853,2.787866417070089,25.592121790319464
5854,2.7578687675831675,25.590764111268395
5855,2.7278711758227288,25.589407411133426
5856,2.697873641739163,25.588051686265235
5857,2.6678761652827108,25.58669693301451
5858,2.637878746403727,25.58534314773193
5859,2.6078813850525666,25.583990326768188
5860,2.577884081179464,25.58263846647394
5861,2.547886834734816,25.58128756319989
5862,2.51788964566886,25.579937613296707
5863,2.487892513931988,25.57858861311508
5864,2.457895439474441,25.577240559005688
5865,2.427898422246608,25.575893447319206
5866,2.3979014621987313,25.574547274406317
5867,2.3679045592811647,25.57320203661771
5868,2.337907713444259,25.571857730304057
5869,2.3079109246382568,25.570514351816048
5870,2.2779141928135482,25.569171897504354
5871,2.247917517920375,25.567830363719672
5872,2.217920899909125,25.56648974681266
5873,2.187924338730043,25.565150043134025
5874,2.1579278343334782,25.563811249034423
5875,2.1279313866697867,25.562473360864562
5876,2.0979349956892097,25.561136374975103
5877,2.0679386613421356,25.559800287716733
5878,2.037942383578804,25.558465095440134
5879,2.0079461623496107,25.55713079449599
5880,1.9779499976047907,25.555797381234974
5881,1.9479538892947375,25.554464852007776
5882,1.917957837369693,25.553133203165075
5883,1.8879618417800088,25.551802431057546
5884,1.8579659024760387,25.55047253203588
5885,1.827970019408022,25.549143502450754
5886,1.7979741925263502,25.547815338652846
5887,1.7679784217812662,25.546488036992844
5888,1.7379827071231582,25.54516159382142
5889,1.7079870485022666,25.543836005489265
5890,1.677991445868985,25.542511268347052
5891,1.6479958991735502,25.541187378745473
5892,1.6180004083663184,25.539864333035187
5893,1.5880049733976411,25.53854212756691
5894,1.558009594217761,25.537220758691294
5895,1.5280142707770676,25.535900222759036
5896,1.4980190030258018,25.534580516120805
5897,1.4680237909143525,25.53326163512729
5898,1.4380286343929622,25.53194357612917
5899,1.408033533411984,25.530626335477127
5900,1.3780384879217724,25.529309909521842
5901,1.3480434978725666,25.527994294614004
5902,1.3180485632147574,25.526679487104282
5903,1.288053683898585,25.52536548334336
5904,1.2580588598744424,25.52405227968193
5905,1.2280640910925666,25.522739872470655
5906,1.198069377503352,25.52142825806023
5907,1.1680747190570362,25.52011743280134
5908,1.1380801157039748,25.51880739304464
5909,1.1080855673945211,25.517498135140844
5910,1.0780910740789127,25.51618965544062
5911,1.0480966357075436,25.51488195029464
5912,1.018102252230654,25.513575016053593
5913,0.9881079235986334,25.512268849068167
5914,0.9581136497617226,25.51096344568903
5915,0.9281194306703147,25.509658802266877
5916,0.8981252662746475,25.50835491515238
5917,0.8681311565250756,25.507051780696226
5918,0.8381371013719503,25.505749395249087
5919,0.8081431007655158,25.504447755161657
5920,0.7781491546561601,25.503146856784607
5921,0.7481552629941259,25.501846696468622
5922,0.7181614257298009,25.50054727056438
5923,0.6881676428134289,25.49924857542257
5924,0.6581739141953622,25.497950607393864
5925,0.6281802398259535,25.49665336282895
5926,0.5981866196554437,25.49535683807851
5927,0.5681930536342245,25.49406102949322
5928,0.538199541712534,25.492765933423765
5929,0.5082060838407664,25.491471546220822
5930,0.47821267996915795,25.490177864235072
5931,0.44821933004810477,25.48888488381721
5932,0.41822603402784303,25.487592601317896
5933,0.3882327918587285,25.48630101308783
5934,0.35823960349111517,25.48501011547768
5935,0.32824646887524,25.483719904838132
5936,0.2982533879614974,25.48243037751987
5937,0.26826036070012593,25.481141529873568
5938,0.2382673870415174,25.479853358249922
5939,0.20827446693591212,25.4785658589996
5940,0.17828160033370088,25.477279028473276
5941,0.14828878718512317,25.475992863021652
5942,0.11829602744053502,25.474707358995392
5943,0.08830332105028882,25.473422512745195
5944,0.05831066796462281,25.47213832062172
5945,0.028318068133930008,25.470854778975678
5946,-0.001674478491549558,25.46957188415771
5947,-0.031666971961425094,25.468289632518534
5948,-0.06165941232545569,25.46700802040881
5949,-0.09165179963328884,25.465727044179232
5950,-0.1216441339345693,25.46444670018047
5951,-0.15163641527906024,25.46316698476321
5952,-0.18162864371636578,25.46188789427813
5953,-0.21162081929624976,25.460609425075926
5954,-0.2416129420683184,25.45933157350726
5955,-0.2716050120823328,25.458054335922824
5956,-0.301597029387902,25.456777708673293
5957,-0.3315889940347846,25.45550168810936
5958,-0.36158090607262905,25.454226270581696
5959,-0.3915727655510791,25.452951452440978
5960,-0.42156457251989665,25.451677230037898
5961,-0.4515563270286892,25.45040359972314
5962,-0.48154802912721817,25.449130557847365
5963,-0.5115396788650901,25.447858100761273
5964,-0.5415312762920667,25.44658622481554
5965,-0.5715228214577565,25.44531492636085
5966,-0.6015143144119186,25.44404420174788
5967,-0.6315057552041988,25.44277404732731
5968,-0.6614971438842459,25.44150445944982
5969,-0.6914884805018181,25.440235434466103
5970,-0.7214797651065239,25.43896696872683
5971,-0.7514709977481229,25.43769905858268
5972,-0.7814621784762267,25.436431700384347
5973,-0.8114533073405917,25.4351648904825
5974,-0.841444384390866,25.433898625227815
5975,-0.8714354096766956,25.432632900970997
5976,-0.901426383247841,25.431367714062706
5977,-0.9314173051539094,25.430103060853632
5978,-0.9614081754446635,25.428838937694454
5979,-0.9913989941697093,25.427575340935853
5980,-1.0213897613788085,25.426312266928512
5981,-1.051380477121568,25.425049712023107
5982,-1.0813711414477483,25.423787672570317
5983,-1.1113617544069965,25.422526144920848
5984,-1.1413523160489594,25.42126512542535
5985,-1.171342826423396,25.420004610434518
5986,-1.2013332855799148,25.41874459629904
5987,-1.2313236935682763,25.41748507936958
5988,-1.2613140504380886,25.416226055996834
5989,-1.2913043562391127,25.414967522531473
5990,-1.3212946110209551,25.41370947532419
5991,-1.3512848148333794,25.412451910725657
5992,-1.3812749677260276,25.411194825086554
5993,-1.4112650697485498,25.409938214757574
5994,-1.4412551209507038,25.408682076089384
5995,-1.4712451213820996,25.407426405432677
5996,-1.5012350710924953,25.406171199138125
5997,-1.5312249701315017,25.40491645355641
5998,-1.5612148185488781,25.40366216503822
5999,-1.5912046163942692,25.402408329934236
6000,-1.6211943637173238,25.40115494459513
6001,-1.6511840605678008,25.39990200537159
6002,-1.6811737069953079,25.398649508614298
6003,-1.711163303049607,25.397397450673935
6004,-1.7411528487803056,25.396145827901183
6005,-1.7711423442371648,25.394894636646715
6006,-1.8011317894697911,25.39364387326123
6007,-1.8311211845279454,25.392393534095383
6008,-1.8611105294612744,25.39114361549987
6009,-1.8910998243194252,25.38989411382538
6010,-1.9210890691521565,25.388645025422587
6011,-1.9510782640090762,25.38739634664217
6012,-1.9810674089399476,25.386148073834804
6013,-2.011056503994376,25.384900203351187
6014,-2.0410455492221224,25.383652731541986
6015,-2.0710345446727954,25.382405654757896
6016,-2.101023490396157,25.38115896934959
6017,-2.1310123864418493,25.37991267166774
6018,-2.161001232859523,25.378666758063044
6019,-2.190990029698936,25.377421224886177
6020,-2.2209787770096963,25.37617606848781
6021,-2.250967474841565,25.37493128521864
6022,-2.2809561232441506,25.373686871429335
6023,-2.3109447222672124,25.37244282347059
6024,-2.340933271960398,25.371199137693072
6025,-2.370921772373353,25.369955810447475
6026,-2.4009102235558375,25.368712838084473
6027,-2.430898625557459,25.367470216954747
6028,-2.4608869784279808,25.366227943408987
6029,-2.490875282217007,25.36498601379786
6030,-2.520863536974301,25.363744424472053
6031,-2.5508517427494706,25.362503171782254
6032,-2.5808398995922754,25.361262252079136
6033,-2.61082800755236,25.36002166171338
6034,-2.640816066679375,25.35878139703568
6035,-2.6708040770230776,25.357541454396706
6036,-2.700792038633077,25.35630183014713
6037,-2.7307799515591316,25.355062520637652
6038,-2.7607678158508526,25.35382352221895
6039,-2.7907556315579978,25.352584831241696
6040,-2.8207433987301775,25.351346444056574
6041,-2.8507311174171504,25.35010835701427
6042,-2.8807187876685636,25.348870566465457
6043,-2.910706409534064,25.34763306876083
6044,-2.940693983063411,25.346395860251064
6045,-2.9706815083062126,25.345158937286833
6046,-3.000668985312231,25.34392229621882
6047,-3.0306564141310712,25.342685933397718
6048,-3.060643794812495,25.34144984517419
6049,-3.0906311274061498,25.340214027898934
6050,-3.120618411961682,25.338978477922627
6051,-3.15060564852885,25.33774319159594
6052,-3.1805928371572625,25.336508165269564
6053,-3.210579977896681,25.335273395294188
6054,-3.240567070796712,25.334038878020472
6055,-3.2705541159071183,25.33280460979912
6056,-3.3005411132775055,25.33157058698079
6057,-3.3305280629576357,25.33033680591618
6058,-3.3605149649971557,25.32910326295597
6059,-3.390501819445709,25.327869954450843
6060,-3.420488626353058,25.326636876751458
6061,-3.45047538576881,25.325404026208524
6062,-3.480462097742727,25.324171399172712
6063,-3.5104487623244145,25.322938991994697
6064,-3.540435379563636,25.32170680102518
6065,-3.570421949509998,25.320474822614813
6066,-3.6004084722132603,25.3192430531143
6067,-3.63039494772307,25.318011488874312
6068,-3.6603813760890738,25.31678012624554
6069,-3.69036775736103,25.31554896157865
6070,-3.7203540915885496,25.314317991224335
6071,-3.7503403788213907,25.313087211533272
6072,-3.7803266191091636,25.31185661885615
6073,-3.8103128125016257,25.310626209543635
6074,-3.840298959048426,25.30939597994642
6075,-3.8702850587992104,25.308165926415178
6076,-3.900271111803736,25.306936045300596
6077,-3.930257118111616,25.305706332953363
6078,-3.960243077772608,25.304476785724145
6079,-3.990228990836321,25.30324739996363
6080,-4.020214857352514,25.3020181720225
6081,-4.050200677370795,25.300789098251435
6082,-4.080186450940928,25.299560175001123
6083,-4.110172178112556,25.298331398622235
6084,-4.140157858935325,25.297102765465453
6085,-4.170143493458997,25.295874271881463
6086,-4.20012908173318,25.294645914220947
6087,-4.230114623807632,25.293417688834577
6088,-4.260100119731965,25.292189592073054
6089,-4.290085569555937,25.290961620287035
6090,-4.320070973329194,25.28973376982721
6091,-4.350056331101384,25.28850603704427
6092,-4.380041642922265,25.2872784182889
6093,-4.410026908841448,25.286050909911754
6094,-4.440012128908691,25.28482350826354
6095,-4.469997303173603,25.28359620969492
6096,-4.499982431685946,25.282369010556593
6097,-4.529967514495325,25.281141907199224
6098,-4.559952551651501,25.2799148959735
6099,-4.589937543204124,25.278687973230113
6100,-4.619922489202835,25.277461135319733
6101,-4.649907389697399,25.276234378593042
6102,-4.67989224473742,25.275007699400724
6103,-4.709877054372662,25.273781094093458
6104,-4.73986181865273,25.272554559021923
6105,-4.7698465376273855,25.27132809053681
6106,-4.799831211346241,25.270101684988795
6107,-4.829815839859049,25.26887533872855
6108,-4.859800423215462,25.267649048106765
6109,-4.889784961465123,25.26642280947413
6110,-4.919769454657795,25.265196619181307
6111,-4.949753902843083,25.26397047357899
6112,-4.9797383060707485,25.26274436901786
6113,-5.0097226643904005,25.26151830184859
6114,-5.0397069778518,25.26029226842187
6115,-5.069691246504592,25.25906626508838
6116,-5.099675470398422,25.257840288198796
6117,-5.129659649583051,25.256614334103805
6118,-5.1596437841080895,25.25538839915409
6119,-5.189627874023293,25.254162479700316
6120,-5.219611919378275,25.252936572093187
6121,-5.249595920222793,25.25171067268337
6122,-5.279579876606456,25.250484777821555
6123,-5.309563788579023,25.24925888385841
6124,-5.339547656190142,25.24803298714463
6125,-5.369531479489458,25.24680708403089
6126,-5.399515258526732,25.24558117086787
6127,-5.429498993351573,25.24435524400625
6128,-5.459482684013738,25.243129299796717
6129,-5.4894663305628395,25.241903334589953
6130,-5.519449933048637,25.240677344736635
6131,-5.5494334915207375,25.23945132658745
6132,-5.5794170060288995,25.238225276493065
6133,-5.609400476622772,25.236999190804173
6134,-5.639383903352002,25.235773065871452
6135,-5.669367286266345,25.234546898045583
6136,-5.699350625415417,25.233320683677253
6137,-5.729333920848972,25.23209441911714
6138,-5.759317172616621,25.23086810071592
6139,-5.789300380768121,25.229641724824276
6140,-5.819283545353123,25.2284152877929
6141,-5.84926666642127,25.227188785972462
6142,-5.879249744022324,25.22596221571364
6143,-5.909232778205892,25.224735573367123
6144,-5.939215769021738,25.223508855283598
6145,-5.969198716519462,25.222282057813736
6146,-5.999181620748832,25.221055177308212
6147,-6.029164481759453,25.219828210117722
6148,-6.059147299601088,25.218601152592946
6149,-6.089130074323379,25.217374001084558
6150,-6.119112805975978,25.21614675194324
6151,-6.149095494608638,25.214919401519676
6152,-6.179078140270972,25.21369194616454
6153,-6.20906074301274,25.212464382228532
6154,-6.239043302883551,25.21123670606232
6155,-6.269025819933162,25.21000891401658
6156,-6.299008294211184,25.208781002442
6157,-6.32899072576738,25.207552967689267
6158,-6.358973114651387,25.20632480610904
6159,-6.388955460912859,25.205096514052034
6160,-6.418937764601557,25.203868087868905
6161,-6.448920025767084,25.202639523910346
6162,-6.478902244459203,25.201410818527023
6163,-6.508884420727524,25.200181968069643
6164,-6.538866554621803,25.198952968888868
6165,-6.56884864619169,25.197723817335373
6166,-6.598830695486832,25.196494509759866
6167,-6.628812702556986,25.195265042513007
6168,-6.65879466745176,25.19403541194547
6169,-6.688776590220918,25.192805614407966
6170,-6.718758470914066,25.191575646251156
6171,-6.748740309580965,25.19034550382572
6172,-6.778722106271221,25.189115183482343
6173,-6.808703861034597,25.187884681571713
6174,-6.838685573920737,25.18665399444449
6175,-6.8686672449792905,25.18542311845139
6176,-6.898648874260015,25.184192049943064
6177,-6.92863046181252,25.182960785270204
6178,-6.958612007686565,25.18172932078349
6179,-6.988593511931761,25.180497652833616
6180,-7.018574974597863,25.17926577777124
6181,-7.048556395734484,25.178033691947057
6182,-7.078537775391381,25.17680139171174
6183,-7.108519113618203,25.175568873415987
6184,-7.138500410464596,25.174336133410467
6185,-7.168481665980318,25.173103168045856
6186,-7.19846288021498,25.171869973672848
6187,-7.22844405321834,25.17063654664212
6188,-7.258425185040009,25.16940288330435
6189,-7.288406275729744,25.16816898001022
6190,-7.318387325337193,25.16693483311041
6191,-7.348368333912004,25.16570043895561
6192,-7.378349301503931,25.164465793896483
6193,-7.4083302281625905,25.163230894283732
6194,-7.438311113937738,25.16199573646803
6195,-7.468291958878982,25.160760316800047
6196,-7.498272763036084,25.159524631630482
6197,-7.528253526458652,25.158288677310004
6198,-7.558234249196445,25.157052450189298
6199,-7.588214931299113,25.155815946619043
6200,-7.6181955728162984,25.15457916294993
6201,-7.648176173797762,25.153342095532633
6202,-7.678156734293113,25.152104740717828
6203,-7.708137254352113,25.150867094856206
6204,-7.738117734024367,25.149629154298434
6205,-7.768098173359638,25.14839091539521
6206,-7.798078572407533,25.147152374497203
6207,-7.828058931217813,25.14591352795511
6208,-7.858039249840122,25.14467437211959
6209,-7.88801952832411,25.143434903341348
6210,-7.917999766719537,25.142195117971045
6211,-7.947979965076007,25.140955012359377
6212,-7.9779601234432835,25.139714582857014
6213,-8.007940241870974,25.13847382581464
6214,-8.037920320408844,25.13723273758295
6215,-8.06790035910653,25.1359913145126
6216,-8.097880358013684,25.134749552954293
6217,-8.127860317180065,25.133507449258694
6218,-8.157840236655282,25.132264999776496
6219,-8.187820116489096,25.13102220085838
6220,-8.217799956731113,25.12977904885502
6221,-8.247779757431093,25.128535540117102
6222,-8.277759518638652,25.127291670995305
6223,-8.30773924040354,25.12604743784032
6224,-8.337718922775409,25.12480283700281
6225,-8.367698565803899,25.123557864833465
6226,-8.397678169538779,25.122312517682968
6227,-8.427657734029651,25.121066791902006
6228,-8.45763725932628,25.11982068384125
6229,-8.48761674547827,25.11857418985139
6230,-8.517596192535386,25.117327306283098
6231,-8.547575600547232,25.116080029487062
6232,-8.577554969563568,25.114832355813956
6233,-8.607534299634043,25.113584281614468
6234,-8.637513590808304,25.11233580323928
6235,-8.667492843136104,25.11108691703906
6236,-8.69747205666706,25.109837619364512
6237,-8.727451231450932,25.10858790656631
6238,-8.757430367537324,25.107337774995123
6239,-8.787409464975998,25.106087221001637
6240,-8.817388523816597,25.104836240936535
6241,-8.847367544108772,25.103584831150503
6242,-8.87734652590228,25.102332987994217
6243,-8.907325469246736,25.10108070781836
6244,-8.937304374191887,25.099827986973615
6245,-8.967283240787353,25.098574821810658
6246,-8.997262069082893,25.097321208680178
6247,-9.02724085912811,25.096067143932842
6248,-9.05721961097277,25.094812623919353
6249,-9.087198324666515,25.093557644990373
6250,-9.117177000258993,25.092302203496594
6251,-9.147155637799962,25.091046295788686
6252,-9.177134237339033,25.089789918217342
6253,-9.20711279892597,25.08853306713325
6254,-9.237091322610368,25.087275738887065
6255,-9.267069808442004,25.086017929829495
6256,-9.297048256470475,25.0847596363112
6257,-9.327026666745546,25.08350085468288
6258,-9.357005039316862,25.082241581295204
6259,-9.386983374234068,25.080981812498855
6260,-9.416961671546929,25.079721544644517
6261,-9.446939931305042,25.07846077408287
6262,-9.476918153558184,25.077199497164596
6263,-9.506896338355952,25.07593771024038
6264,-9.536874485748106,25.074675409660898
6265,-9.566852595784297,25.073412591776822
6266,-9.596830668514169,25.072149252938857
6267,-9.626808703987479,25.070885389497658
6268,-9.656786702253843,25.069620997803924
6269,-9.686764663363018,25.068356074208335
6270,-9.716742587364608,25.067090615061566
6271,-9.74672047430838,25.065824616714306
6272,-9.776698324243934,25.064558075517226
6273,-9.806676137221041,25.06329098782101
6274,-9.836653913289338,25.062023349976343
6275,-9.866631652498477,25.060755158333915
6276,-9.89660935489821,25.059486409244375
6277,-9.926587020538161,25.058217099058446
6278,-9.956564649468072,25.056947224126777
6279,-9.986542241737567,25.05567678080007
6280,-10.016519797396393,25.054405765428996
6281,-10.046497316494168,25.05313417436424
6282,-10.076474799080648,25.05186200395648
6283,-10.10645224520548,25.050589250556396
6284,-10.13642965491831,25.049315910514675
6285,-10.166407028268898,25.048041980181992
6286,-10.196384365306853,25.046767455909034
6287,-10.226361666081939,25.045492334046482
6288,-10.256338930643754,25.044216610945014
6289,-10.28631615904207,25.042940282955314
6290,-10.316293351326527,25.04166334642806
6291,-10.34627050754677,25.04038579771393
6292,-10.376247627752562,25.03910763316361
6293,-10.406224711993515,25.037828849127795
6294,-10.436201760319378,25.03654944195714
6295,-10.46617877277977,25.035269408002343
6296,-10.49615574942445,25.033988743614078
6297,-10.526132690303022,25.032707445143036
6298,-10.556109595465248,25.031425508939886
6299,-10.586086464960772,25.030142931355314
6300,-10.61606329883925,25.02885970874001
6301,-10.64604009715043,25.027575837444637
6302,-10.676016859943928,25.026291313819897
6303,-10.705993587269496,25.02500613421645
6304,-10.735970279176753,25.023720294984997
6305,-10.765946935715451,25.0224337924762
6306,-10.795923556935204,25.021146623040764
6307,-10.825900142885772,25.01985878302935
6308,-10.855876693616796,25.01857026879265
6309,-10.885853209177926,25.017281076681336
6310,-10.91582968961892,25.0159912030461
6311,-10.945806134989388,25.01470064423761
6312,-10.975782545339094,25.013409396606566
6313,-11.00575892071764,25.01211745650363
6314,-11.03573526117479,25.010824820279502
6315,-11.065711566760184,25.009531484284835
6316,-11.09568783752348,25.008237444870346
6317,-11.125664073514427,25.006942698386688
6318,-11.155640274782641,25.005647241184555
6319,-11.185616441377876,25.00435106961463
6320,-11.215592573349745,25.003054180027583
6321,-11.245568670748007,25.001756568774113
6322,-11.27554473362227,25.000458232204878
6323,-11.305520762022297,24.99915916667058
6324,-11.335496755997728,24.997859368521894
6325,-11.365472715598212,24.996558834109493
6326,-11.395448640873513,24.99525755978407
6327,-11.425424531873233,24.993955541896298
6328,-11.455400388647138,24.99265277679686
6329,-11.485376211244834,24.991349260836444
6330,-11.515351999716083,24.990044990365725
6331,-11.545327754110525,24.988739961735376
6332,-11.575303474477813,24.987434171296094
6333,-11.605279160867708,24.98612761539856
6334,-11.635254813329812,24.984820290393436
6335,-11.665230431913887,24.983512192631423
6336,-11.695206016669548,24.9822033184632
6337,-11.72518156764655,24.98089366423943
6338,-11.755157084894497,24.97958322631082
6339,-11.785132568463155,24.97827200102804
6340,-11.815108018402173,24.97695998474176
6341,-11.845083434761191,24.975647173802685
6342,-11.875058817589972,24.97433356456147
6343,-11.905034166938124,24.973019153368817
6344,-11.935009482855406,24.971703936575395
6345,-11.964984765391424,24.970387910531887
6346,-11.994960014595948,24.969071071588985
6347,-12.024935230518578,24.967753416097356
6348,-12.054910413209077,24.966434940407687
6349,-12.08488556271709,24.965115640870664
6350,-12.114860679092262,24.963795513836963
6351,-12.144835762384357,24.96247455565726
6352,-12.174810812642981,24.961152762682254
6353,-12.204785829917896,24.959830131262606
6354,-12.234760814258708,24.958506657749005
6355,-12.264735765715178,24.957182338492142
6356,-12.294710684336954,24.95585716984268
6357,-12.32468557017368,24.954531148151318
6358,-12.354660423275117,24.953204269768722
6359,-12.384635243690875,24.951876531045585
6360,-12.414610031470708,24.950547928332576
6361,-12.444584786664231,24.949218457980386
6362,-12.474559509321207,24.9478881163397
6363,-12.504534199491236,24.946556899761188
6364,-12.53450885722408,24.94522480459554
6365,-12.564483482569392,24.943891827193433
6366,-12.594458075576808,24.942557963905546
6367,-12.624432636296095,24.941223211082566
6368,-12.654407164776863,24.939887565075168
6369,-12.684381661068866,24.938551022234037
6370,-12.714356125221714,24.937213578909855
6371,-12.744330557285174,24.935875231453306
6372,-12.774304957308843,24.93453597621506
6373,-12.804279325342495,24.933195809545815
6374,-12.834253661435763,24.931854727796235
6375,-12.864227965638301,24.930512727317016
6376,-12.894202237999867,24.92916980445883
6377,-12.924176478570068,24.927825955572356
6378,-12.954150687398666,24.92648117700828
6379,-12.984124864535271,24.925135465117293
6380,-13.01409901002964,24.923788816250056
6381,-13.044073123931422,24.922441226757265
6382,-13.07404720629026,24.921092692989596
6383,-13.10402125715592,24.91974321129774
6384,-13.133995276578002,24.91839277803236
6385,-13.163969264606273,24.917041389544146
6386,-13.193943221290338,24.915689042183782
6387,-13.223917146679957,24.914335732301947
6388,-13.253891040824744,24.912981456249327
6389,-13.283864903774452,24.911626210376596
6390,-13.31383873557873,24.91026999103444
6391,-13.343812536287222,24.90891279457353
6392,-13.373786305949698,24.907554617344566
6393,-13.403760044615755,24.906195455698214
6394,-13.433733752335154,24.904835305985156
6395,-13.46370742915751,24.903474164556087
6396,-13.493681075132578,24.902112027761667
6397,-13.52365469030997,24.900748891952595
6398,-13.553628274739445,24.899384753479552
6399,-13.583601828470647,24.898019608693204
6400,-13.613575351553223,24.896653453944243
6401,-13.643548844036937,24.895286285583353
6402,-13.673522305971394,24.89391809996121
6403,-13.703495737412995,24.892548892800654
6404,-13.733469138685525,24.89117863453238
6405,-13.763442510465975,24.889807262210365
6406,-13.793415853455373,24.88843471060472
6407,-13.823389168354751,24.887060914485573
6408,-13.853362455865259,24.885685808623055
6409,-13.883335716687897,24.884309327787292
6410,-13.913308951523799,24.882931406748394
6411,-13.943282161073963,24.881551980276498
6412,-13.973255346039538,24.88017098314172
6413,-14.003228507121523,24.878788350114192
6414,-14.033201645021053,24.877404015964036
6415,-14.063174760439166,24.876017915461375
6416,-14.0931478540769,24.87462998337634
6417,-14.12312092663539,24.87324015447904
6418,-14.153093978815638,24.871848363539613
6419,-14.18306701131879,24.87045454532818
6420,-14.213040024845842,24.869058634614863
6421,-14.24301302009793,24.867660566169786
6422,-14.272985997776058,24.866260274763075
6423,-14.302958958581375,24.864857695164854
6424,-14.332931903214902,24.863452762145247
6425,-14.362904832377682,24.86204541047439
6426,-14.392877746770857,24.86063557492239
6427,-14.42285064709542,24.85922319025938
6428,-14.452823534052516,24.85780819125548
6429,-14.482796408343148,24.85639051268082
6430,-14.512769270668457,24.854970089305528
6431,-14.54274212172947,24.853546855899708
6432,-14.572714962227224,24.852120747233503
6433,-14.60268779286287,24.850691698077043
6434,-14.632660614337395,24.84925964320043
6435,-14.662633427351949,24.847824517373798
6436,-14.692606232607522,24.84638625536728
6437,-14.722579030805267,24.84494479195099
6438,-14.752551822646176,24.843500061895064
6439,-14.782524608831395,24.842051999969613
6440,-14.812497390061958,24.840600540944777
6441,-14.842470167038892,24.83914561959066
6442,-14.872442940463344,24.837687170677402
6443,-14.902415711036314,24.836225128975112
6444,-14.93238847945895,24.834759429253943
6445,-14.962361246432234,24.83329000628399
6446,-14.992334012657325,24.831816794835394
6447,-15.022306778835212,24.83033972967827
6448,-15.052279545667043,24.828858745582746
6449,-15.082252313853846,24.827373777318947
6450,-15.11222508409666,24.825884759657
6451,-15.142197857096624,24.824391627367024
6452,-15.172170633554737,24.82289431521915
6453,-15.202143414172152,24.8213927579835
6454,-15.232116199649848,24.819886890430194
6455,-15.26208899068898,24.81837664732936
6456,-15.29206178799058,24.816861963451114
6457,-15.322034592255681,24.815342773565593
6458,-15.352007404185429,24.813819012442917
6459,-15.381980224480815,24.81229061485321
6460,-15.411953053842991,24.810757515566596
6461,-15.441925892972948,24.809219649353203
6462,-15.471898742571835,24.807676950983147
6463,-15.501871603340636,24.80612935522656
6464,-15.531844475980513,24.804576796853564
6465,-15.561817361192483,24.803019210634275
6466,-15.591790259677596,24.801456531338836
6467,-15.621763172136987,24.79988869373736
6468,-15.651736099271645,24.798315632599962
6469,-15.681709041782732,24.796737282696792
6470,-15.711682000371228,24.79515357879795
6471,-15.741654975738284,24.793564455673568
6472,-15.7716279685849,24.791969848093782
6473,-15.801600979612216,24.790369690828697
6474,-15.831574009521265,24.788763918648446
6475,-15.861547059013079,24.787152466323157
6476,-15.891520128788809,24.785535268622954
6477,-15.921493219549442,24.783912260317955
6478,-15.951466331996135,24.78228337617829
6479,-15.981439466829869,24.78064855097408
6480,-16.011412624751795,24.779007719475448
6481,-16.041385806462955,24.77736081645252
6482,-16.071359012664374,24.775707776675436
6483,-16.10133224405719,24.77404853491429
6484,-16.13130550134241,24.772383025939234
6485,-16.16127878522118,24.770711184520373
6486,-16.191252096394486,24.769032945427846
6487,-16.22122543556348,24.76734824343177
6488,-16.25119880342915,24.765657013302267
6489,-16.281172200692655,24.763959189809466
6490,-16.311145628055016,24.762254707723482
6491,-16.34111908621727,24.760543501814453
6492,-16.37109257588056,24.758825506852503
6493,-16.401066097745883,24.757100657607747
6494,-16.431039652514386,24.755368888850313
6495,-16.461013240887066,24.753630135350335
6496,-16.490986863565062,24.751884331877914
6497,-16.52096052124937,24.750131413203196
6498,-16.550934214641142,24.748371314096296
6499,-16.580907944441407,24.74660396932734
6500,-16.61088171135119,24.744829313666447
6501,-16.640855516071653,24.74304728188375
6502,-16.67082935930378,24.741257808749378
6503,-16.700803241748723,24.73946082903345
6504,-16.730777164107465,24.737656277506083
6505,-16.760751127081164,24.735844088937398
6506,-16.79072513137085,24.73402419809754
6507,-16.820699177677547,24.732196539756618
6508,-16.850673266702408,24.730361048684752
6509,-16.880647399146433,24.72851765965208
6510,-16.91062157571076,24.72666630742873
6511,-16.94059579709639,24.72480692678481
6512,-16.97057006400446,24.722939452490444
6513,-17.000544377135974,24.72106381931578
6514,-17.03051873719207,24.719179962030918
6515,-17.060493144873785,24.71728781540598
6516,-17.090467600882153,24.715387314211114
6517,-17.120442105918322,24.71347839321643
6518,-17.150416660683273,24.71156098719205
6519,-17.180391265878164,24.7096350309081
6520,-17.21036592220399,24.707700459134713
6521,-17.240340630361896,24.705757206642
6522,-17.27031539105288,24.703805208200105
6523,-17.300290204978072,24.70184439857913
6524,-17.330265072838518,24.6998747125492
6525,-17.36023999533525,24.697896084880465
6526,-17.390214973169414,24.69590845034303
6527,-17.420190007042002,24.693911743707023
6528,-17.45016509765416,24.69190589974256
6529,-17.480140245706885,24.689890853219776
6530,-17.510115451901317,24.687866538908796
6531,-17.5400907169385,24.685832891579736
6532,-17.570066041519453,24.683789846002725
6533,-17.60004142634533,24.681737336947894
6534,-17.630016872117128,24.679675299185362
6535,-17.65999237953599,24.67760366748524
6536,-17.689967949302904,24.675522376617675
6537,-17.719943582119026,24.673431361352776
6538,-17.749919278685343,24.67133055646068
6539,-17.77989503970301,24.6692198967115
6540,-17.809870865873044,24.667099316875355
6541,-17.8398467578965,24.66496875172239
6542,-17.86982271647451,24.662828136022718
6543,-17.899798742308068,24.660677404546462
6544,-17.929774836098318,24.658516492063747
6545,-17.959750998546262,24.656345333344692
6546,-17.989727230353047,24.654163863159436
6547,-18.019703532219697,24.651972016278098
6548,-18.049679904847256,24.649769727470794
6549,-18.07965634893686,24.647556931507655
6550,-18.109632865189504,24.6453335631588
6551,-18.13960945430634,24.64309955719436
6552,-18.169586116988352,24.640854848384457
6553,-18.1995628539367,24.63859937149922
6554,-18.229539665852375,24.63633306130877
6555,-18.259516553436516,24.63405585258322
6556,-18.28949351739016,24.631767680092707
6557,-18.319470558414345,24.629468478607365
6558,-18.349447677210204,24.62715818289729
6559,-18.379424874478744,24.624836727732635
6560,-18.409402150921103,24.622504047883506
6561,-18.43937950723828,24.620160078120037
6562,-18.46935694413142,24.617804753212344
6563,-18.499334462301523,24.61543800793057
6564,-18.52931206244972,24.61305977704481
6565,-18.559289745277056,24.610669995325203
6566,-18.58926751148456,24.608268597541887
6567,-18.619245361773384,24.605855518464967
6568,-18.649223296844514,24.603430692864578
6569,-18.679201317399098,24.600994055510835
6570,-18.70917942413813,24.59854554117387
6571,-18.739157617762757,24.596085084623798
6572,-18.769135898974017,24.593612620630765
6573,-18.79911426847294,24.591128083964875
6574,-18.829092726960667,24.588631409396257
6575,-18.8590712751382,24.586122531695047
6576,-18.88904991370667,24.583601385631344
6577,-18.919028643367092,24.5810679059753
6578,-18.9490074648206,24.57852202749702
6579,-18.978986378768187,24.575963684966638
6580,-19.008965385911008,24.57339281315427
6581,-19.038944486950086,24.570809346830053
6582,-19.068923682586465,24.568213220764108
6583,-19.098902973521284,24.56560436972655
6584,-19.128882360455535,24.562982728487512
6585,-19.15886184392891,24.560348231463742
6586,-19.18884139440478,24.55770074724363
6587,-19.218820917175073,24.55504000177319
6588,-19.24880030900534,24.552365702336907
6589,-19.278779466661312,24.549677556219297
6590,-19.30875828690857,24.546975270704827
6591,-19.338736666512713,24.544258553078
6592,-19.368714502239452,24.541527110623303
6593,-19.398691690854356,24.53878065062524
6594,-19.428668129123125,24.5360188803683
6595,-19.45864371381132,24.533241507136964
6596,-19.48861834168466,24.530448238215744
6597,-19.51859190950872,24.527638780889106
6598,-19.548564314049134,24.52481284244158
6599,-19.578535452071577,24.52197013015762
6600,-19.608505220341627,24.519110351321746
6601,-19.638473515624987,24.516233213218435
6602,-19.66844023468723,24.513338423132186
6603,-19.698405274294043,24.510425688347485
6604,-19.728368531211,24.507494716148834
6605,-19.758329902203815,24.504545213820716
6606,-19.788289284038083,24.501576888647637
6607,-19.818246573479392,24.49858944791408
6608,-19.848201667293463,24.495582598904534
6609,-19.878154462245856,24.492556048903506
6610,-19.908104855102266,24.489509505195464
6611,-19.93805274262827,24.486442675064925
6612,-19.967998021589576,24.48335526579637
6613,-19.997940588751735,24.480246984674295
6614,-20.02788034088046,24.477117538983194
6615,-20.057817174741356,24.473966636007546
6616,-20.087750987100012,24.470793983031864
6617,-20.117681674722142,24.467599287340626
6618,-20.1476091343733,24.464382256218336
6619,-20.177533262819214,24.461142596949475
6620,-20.207453956825418,24.457880016818542
6621,-20.237371113157643,24.45459422311003
6622,-20.26728462858148,24.451284923108428
6623,-20.29719439986251,24.447951824098222
6624,-20.327100323766473,24.444594633363927
6625,-20.35700229705891,24.44121305819001
6626,-20.386900216505534,24.437806805860976
6627,-20.416793978871898,24.43437558366132
6628,-20.446683480923735,24.43091909887553
6629,-20.476568619426583,24.4274370587881
6630,-20.506449291146158,24.423929170683525
6631,-20.53632539284806,24.42039514184629
6632,-20.56619682129788,24.41683467956089
6633,-20.596063473261342,24.413247491111825
6634,-20.625925245503986,24.409633283783577
6635,-20.655782034791542,24.405991764860648
6636,-20.685633737889564,24.402322641627528
6637,-20.715480251563754,24.398625621368705
6638,-20.745321472579672,24.39490041136868
6639,-20.775157297703036,24.39114671891193
6640,-20.804987623699443,24.38736425128296
6641,-20.83481234733449,24.383552715766264
6642,-20.864631365373885,24.37971181964633
6643,-20.89444457458318,24.37584127020765
6644,-20.9242518717281,24.371940774734718
6645,-20.954053153574193,24.368010040512026
6646,-20.983848316887183,24.36404877482407
6647,-21.013637258432652,24.360056684955335
6648,-21.043419874976205,24.356033478190326
6649,-21.07319606328355,24.35197886181351
6650,-21.10296572012025,24.347892543109417
6651,-21.132728742252006,24.343774229362502
6652,-21.162485026444397,24.339623627857296
6653,-21.192234469463113,24.33544044587825
6654,-21.221976968073722,24.33122439070989
6655,-21.251712419041937,24.326975169636686
6656,-21.281440719133357,24.32269248994315
6657,-21.311161765113567,24.318376058913763
6658,-21.340875453748293,24.31402558383302
6659,-21.370581681803074,24.309640771985407
6660,-21.400280346043644,24.305221330655428
6661,-21.42997134323555,24.30076696712757
6662,-21.459654570144505,24.29627738868632
6663,-21.489329923536065,24.29175230261619
6664,-21.518997300175947,24.287191416201647
6665,-21.54865659682974,24.282594436727187
6666,-21.578307710263047,24.27796107147733
6667,-21.607950537241575,24.27329102773653
6668,-21.637584974530895,24.268584012789322
6669,-21.667210918896696,24.263839733920157
6670,-21.69682826710456,24.25905789841356
6671,-21.726436915920182,24.254238213553993
6672,-21.756036762109172,24.24938038662598
6673,-21.785627702437107,24.244484124913992
6674,-21.815209633669717,24.239549135702525
6675,-21.844782452572556,24.234575126276088
6676,-21.874346055911335,24.22956180391915
6677,-21.90390034045161,24.224508875916218
6678,-21.933445202959092,24.219416049551775
6679,-21.962980540199343,24.214283032110327
6680,-21.99250624893807,24.209109530876344
6681,-22.02202222594087,24.203895253134345
6682,-22.051528367973347,24.198639906168808
6683,-22.081024571801212,24.19334319726423
6684,-22.11051073419001,24.188004833705108
6685,-22.139986751905475,24.18262452277592
6686,-22.16945252171314,24.17720197176117
6687,-22.19890794037874,24.17173688794535
6688,-22.22835290466781,24.16622897861294
6689,-22.257787311346082,24.160677951048452
6690,-22.287211057179142,24.15508351253636
6691,-22.316624038932595,24.14944537036118
6692,-22.346026153372136,24.14376323180738
6693,-22.375417297263347,24.13803680415947
6694,-22.404797367371906,24.132265794701915
6695,-22.434166260463414,24.126449910719252
6696,-22.46352387330355,24.12058885949594
6697,-22.49287010265793,24.114682348316478
6698,-22.52220484529213,24.108730084465364
6699,-22.55152799797188,24.102731775227085
6700,-22.580839457462737,24.09668712788615
6701,-22.610139120530405,24.090595849727023
6702,-22.639426883940445,24.084457648034224
6703,-22.668702644458566,24.07827223009222
6704,-22.69796629885033,24.07203930318553
6705,-22.727217743881454,24.065758574598625
6706,-22.756456876317518,24.059429751616005
6707,-22.785683592924144,24.053052541522177
6708,-22.81489779046702,24.046626651601606
6709,-22.844099365711713,24.040151789138807
6710,-22.873288215423933,24.033627661418254
6711,-22.902464236369248,24.02705397572446
6712,-22.931627325313354,24.020430439341904
6713,-22.96077737902182,24.01375675955508
6714,-22.98991429426036,24.007032643648483
6715,-23.01903796779456,24.000257798906603
6716,-23.04814829639002,23.993431932613937
6717,-23.07724517681246,23.986554752054975
6718,-23.10632850582743,23.979625964514213
6719,-23.13539818020064,23.972645277276133
6720,-23.16445409669766,23.965612397625243
6721,-23.193496152084187,23.958527032846014
6722,-23.22252424312583,23.95138889022296
6723,-23.251538266588177,23.94419767704057
6724,-23.280538119236944,23.936953100583324
6725,-23.30952369783769,23.92965486813573
6726,-23.33849489915612,23.922302686982263
6727,-23.367451619957805,23.914896264407442
6728,-23.396393757008447,23.907435307695728
6729,-23.4253212070736,23.89991952413164
6730,-23.45423386691899,23.89234862099965
6731,-23.4831316333102,23.88472230558426
6732,-23.512014403012838,23.87704028516997
6733,-23.540882072792602,23.869302267041252
6734,-23.569734539415073,23.86150795848263
6735,-23.59857169964593,23.85365706677856
6736,-23.627393450250764,23.84574929921357
6737,-23.656199687995258,23.837784363072114
6738,-23.684990309644995,23.829761965638724
6739,-23.71376521196568,23.82168181419787
6740,-23.742524291722894,23.81354361603404
6741,-23.77126744568225,23.80534707843174
6742,-23.799994570609456,23.79709190867546
6743,-23.828705563270063,23.788777814049688
6744,-23.857400320429797,23.780404501838923
6745,-23.88607873885421,23.771971679327653
6746,-23.914740715309005,23.763479053800364
6747,-23.94338614655979,23.754926332541558
6748,-23.97201492937215,23.74631322283573
6749,-24.000626960511813,23.737639431967366
6750,-24.029222136744327,23.72890466722096
6751,-24.057800354835404,23.720108635881
6752,-24.086361511550603,23.711251045231997
6753,-24.114905503655642,23.702331602558424
6754,-24.143432227916062,23.693350015144773
6755,-24.17194158109759,23.684305990275547
6756,-24.20043345996582,23.675199235235226
6757,-24.22890776128635,23.666029457308326
6758,-24.257364381824885,23.65679636377931
6759,-24.28580321834699,23.6474996619327
6760,-24.314224167618377,23.638139059052964
6761,-24.342627115345024,23.6287142717628
6762,-24.371011840498323,23.619225106806663
6763,-24.399378062311843,23.609671421368756
6764,-24.427725499363408,23.600053073186963
6765,-24.45605387023097,23.590369919999137
6766,-24.484362893492317,23.58062181954315
6767,-24.512652287725388,23.570808629556858
6768,-24.54092177150797,23.56093020777815
6769,-24.569171063418015,23.550986411944862
6770,-24.59739988203332,23.540977099794897
6771,-24.625607945931808,23.530902129066092
6772,-24.65379497369132,23.520761357496323
6773,-24.681960683889677,23.51055464282348
6774,-24.710104795104844,23.50028184278539
6775,-24.738227025914586,23.489942815119964
6776,-24.76632709489686,23.479537417565034
6777,-24.79440472062945,23.46906550785849
6778,-24.822459621690303,23.458526943738182
6779,-24.850491516657204,23.447921582941998
6780,-24.878500124108104,23.437249283207773
6781,-24.90648516262083,23.426509902273402
6782,-24.934446350773214,23.41570329787676
6783,-24.96238340714319,23.40482932775568
6784,-24.99029605030855,23.393887849648063
6785,-25.018183998847245,23.382878721291746
6786,-25.046046971337056,23.371801800424635
6787,-25.073884686355935,23.360656944784548
6788,-25.101696862481706,23.349444012109394
6789,-25.129483218292194,23.338162860137025
6790,-25.15724347236535,23.326813346605306
6791,-25.184977343278973,23.315395329252123
6792,-25.21268454961098,23.303908665815307
6793,-25.240364809939184,23.29235321403276
6794,-25.268017842841516,23.28072883164232
6795,-25.295643366895774,23.26903537638189
6796,-25.323241100679887,23.257272705989298
6797,-25.350810762771708,23.24544067820243
6798,-25.378352071749052,23.23353915075917
6799,-25.40586474618986,23.22156798139736
6800,-25.433348504671926,23.209527027854886
6801,-25.460803065773195,23.19741614786959
6802,-25.488228148071453,23.18523519917937
6803,-25.515623470144646,23.172984039522067
6804,-25.54298875057056,23.16066252663557
6805,-25.570323707927155,23.14827051825773
6806,-25.597628060792236,23.13580787212642
6807,-25.624901527743642,23.123274445979515
6808,-25.652143827359325,23.110670097554866
6809,-25.679354678217067,23.097994684590365
6810,-25.7065337988948,23.085248064823844
6811,-25.733680907970342,23.072430095993216
6812,-25.76079572402161,23.0595406358363
6813,-25.787877965626446,23.046579542090985
6814,-25.81492735136268,23.033546672495163
6815,-25.841943599808246,23.02044188478666
6816,-25.86892642954095,23.00726503670338
6817,-25.895875559138716,22.99401598598315
6818,-25.922790707179345,22.980694590363875
6819,-25.94967159224078,22.967300707583394
6820,-25.976517932900816,22.953834195379603
6821,-26.00332944773738,22.940294911490334
6822,-26.03010585532832,22.92668271365348
6823,-26.05684687425146,22.912997459606917
6824,-26.083552223084723,22.899239007088475
6825,-26.110221620405937,22.885407213836068
6826,-26.136854784793005,22.871501937587517
6827,-26.163451434823756,22.857523036080735
6828,-26.190011289076104,22.84347036705355
6829,-26.21653406612785,22.829343788243857
6830,-26.243019484556932,22.815143157389493
6831,-26.26946726294119,22.800868332228347
6832,-26.295877119858446,22.786519170498295
6833,-26.322248773886642,22.77209552993719
6834,-26.348581943603573,22.757597268282908
6835,-26.374876347587175,22.743024243273297
6836,-26.401131704415256,22.728376312646258
6837,-26.427347732665737,22.713653334139618
6838,-26.45352415091645,22.698855165491267
6839,-26.479660677745244,22.68398166443909
6840,-26.505757031730038,22.66903268872091
6841,-26.531812931448634,22.654008096074637
6842,-26.557828095478975,22.63890774423811
6843,-26.583802242398853,22.62373149094922
6844,-26.60973509078621,22.608479193945804
6845,-26.635626359218826,22.59315071096576
6846,-26.661475791173853,22.577745950759134
6847,-26.687283353005498,22.562265278695488
6848,-26.71304912849146,22.54670930071563
6849,-26.73877320246237,22.53107862491735
6850,-26.76445565974876,22.515373859398533
6851,-26.79009658518126,22.499595612256986
6852,-26.81569606359042,22.483744491590578
6853,-26.84125417980687,22.46782110549713
6854,-26.866771018661133,22.451826062074506
6855,-26.892246664983865,22.435759969420516
6856,-26.917681203605607,22.419623435633017
6857,-26.94307471935691,22.403417068809873
6858,-26.968427297068445,22.387141477048885
6859,-26.9937390215707,22.370797268447927
6860,-27.01900997769435,22.354385051104813
6861,-27.0442402502699,22.337905433117413
6862,-27.06942992412801,22.321359022583543
6863,-27.094579084099223,22.30474642760105
6864,-27.119687815014093,22.288068256267795
6865,-27.144756201703277,22.271325116681584
6866,-27.16978432899728,22.2545176169403
6867,-27.19477228172677,22.237646365141753
6868,-27.219720144722253,22.220711969383807
6869,-27.244628002814377,22.203715037764265
6870,-27.269495940833668,22.186656178381014
6871,-27.29432404361078,22.169535999331863
6872,-27.31911239597626,22.15235510871466
6873,-27.34386108276065,22.13511411462727
6874,-27.36857018879461,22.1178136251675
6875,-27.39323979890866,22.100454248433223
6876,-27.41786999793345,22.083036592522248
6877,-27.442460870699495,22.065561265532455
6878,-27.46701250203744,22.04802887556163
6879,-27.49152497677781,22.03044003070767
6880,-27.51599837975127,22.012795339068383
6881,-27.540432795788348,21.99509540874161
6882,-27.564828309719605,21.977340847825236
6883,-27.589185006375693,21.959532264417042
6884,-27.613502970587128,21.941670266614913
6885,-27.637782287184557,21.923755462516656
6886,-27.66202304099851,21.90578846022015
6887,-27.686225316859623,21.8877698678232
6888,-27.710389199598453,21.86970029342366
6889,-27.734514774045568,21.851580345119398
6890,-27.758602125031583,21.833410631008206
6891,-27.78265133738706,21.81519175918798
6892,-27.806662495942607,21.796924337756504
6893,-27.830635685528772,21.778608974811675
6894,-27.854570990976192,21.76024627845128
6895,-27.878468497115392,21.741836856773215
6896,-27.90232828877702,21.72338131787527
6897,-27.926150450791617,21.704880269855302
6898,-27.949935067989752,21.68633432081119
6899,-27.97368222520207,21.667744078840727
6900,-27.99739200725909,21.64911015204179
6901,-28.02106449899145,21.630433148512182
6902,-28.04469978522969,21.61171367634979
6903,-28.068297950804435,21.592952343652403
6904,-28.091859080546232,21.57414975851792
6905,-28.1153832592857,21.55530652904412
6906,-28.138870571853424,21.536423263328885
6907,-28.16232110307993,21.51750056947007
6908,-28.185734937795882,21.498539055565466
6909,-28.209112160831793,21.47953932971297
6910,-28.232452857018306,21.46050200001037
6911,-28.25575711118596,21.44142767455556
6912,-28.279025008165387,21.422316961446324
6913,-28.302256632787138,21.403170468780534
6914,-28.325452069881784,21.38398880465606
6915,-28.34861140427995,21.36477257717069
6916,-28.371734720812174,21.34552239442231
6917,-28.3948221043091,21.326238864508717
6918,-28.417873639601247,21.3069225955278
6919,-28.440889411519265,21.287574195577356
6920,-28.463869504893673,21.268194272755267
6921,-28.486814004555114,21.24878343515933
6922,-28.509722995334148,21.22934229088741
6923,-28.532596562061322,21.209871448037365
6924,-28.555434789567297,21.19037151470701
6925,-28.578237762682576,21.17084309899421
6926,-28.601005566237827,21.151286808996772
6927,-28.623738285063553,21.13170325281258
6928,-28.64643600399041,21.112093038539435
6929,-28.66909880784892,21.092456774275217
6930,-28.691726781469715,21.072795068117713
6931,-28.71432000968337,21.053108528164806
6932,-28.736878577084845,21.03339776170422
6933,-28.759402484118706,21.013663086655015
6934,-28.781891522996197,20.993904104883907
6935,-28.80434545427848,20.97412030942182
6936,-28.826764038526594,20.954311193299784
6937,-28.849147036301698,20.934476249548705
6938,-28.87149420816486,20.9146149711996
6939,-28.89380531467715,20.89472685128346
6940,-28.91608011639973,20.874811382831204
6941,-28.938318373893622,20.854868058873855
6942,-28.960519847720008,20.834896372442344
6943,-28.982684298439906,20.814895816567688
6944,-29.004811486614493,20.794865884280817
6945,-29.026901172804795,20.774806068612747
6946,-29.048953117571962,20.754715862594402
6947,-29.070967081477086,20.734594759256783
6948,-29.092942825081224,20.71444225163089
6949,-29.11488010894554,20.694257832747645
6950,-29.136778693631058,20.674040995638062
6951,-29.158638339698953,20.65379123333308
6952,-29.180458807710263,20.633508038863717
6953,-29.202239858226125,20.613190905260886
6954,-29.2239812518076,20.59283932555562
6955,-29.245682749015845,20.572452792778844
6956,-29.26734411041192,20.55203079996155
6957,-29.288965096556897,20.53157284013474
6958,-29.31054546801194,20.511078406329332
6959,-29.33208498533808,20.490546991576363
6960,-29.353583409096473,20.46997808890674
6961,-29.37504049984817,20.449371191351492
6962,-29.396456018154318,20.42872579194154
6963,-29.417829724575995,20.408041383707896
6964,-29.439161379674257,20.38731745968154
6965,-29.460450744010277,20.366553512893407
6966,-29.481697578145088,20.345749036374517
6967,-29.50290164263985,20.32490352315579
6968,-29.524062698055598,20.304016466268255
6969,-29.545180504953493,20.28308735874283
6970,-29.566254823894575,20.26211569361054
6971,-29.58728541543999,20.241100963902305
6972,-29.608272040150823,20.22004266264913
6973,-29.629214458588145,20.198940282882017
6974,-29.65011243131309,20.17779331763187
6975,-29.67096571888673,20.15660125992974
6976,-29.691774081870197,20.13536360280652
6977,-29.712537280824545,20.114079839293254
6978,-29.733255076310922,20.092749462420862
6979,-29.753927228890404,20.071371965220333
6980,-29.77455349912406,20.04994684072268
6981,-29.795133647573046,20.028473581958814
6982,-29.815667434798407,20.006951681959766
6983,-29.83615462136128,19.98538063375645
6984,-29.856594967822733,19.963759930379904
6985,-29.876988234743905,19.942089064861037
6986,-29.897334182685842,19.920367530230877
6987,-29.9176325722097,19.898594819520348
6988,-29.93788316387655,19.876770425760448
6989,-29.958085718247457,19.854893841982175
6990,-29.978239995883587,19.832964561216457
6991,-29.99834575734597,19.81098207649431
6992,-30.01840276319577,19.788945880846658
6993,-30.038410773994027,19.76685546730453
6994,-30.058369550301894,19.744710328898844
6995,-30.078278852680416,19.722509958660634
6996,-30.098138441690743,19.7002538496208
6997,-30.11794807789395,19.677941494810362
6998,-30.137707521851105,19.65557238726031
6999,-30.15741653412337,19.63314602000157
7000,-30.177074875271774,19.61066188606516
7001,-30.196682305857486,19.58811947848201
7002,-30.216238586441545,19.56551829028314
7003,-30.235743477585093,19.54285781449947
7004,-30.25519673984921,19.520137544162
7005,-30.274598133794978,19.497356972301734
7006,-30.29394741998354,19.474515591949594
7007,-30.313244358975933,19.4516128961366
7008,-30.33248871133332,19.428648377893666
7009,-30.351680237616737,19.405621530251832
7010,-30.37081869838735,19.382531846242014
7011,-30.3899038542062,19.359378818895237
7012,-30.408935465634425,19.336161941242416
7013,-30.427913293233114,19.312880706314562
7014,-30.446837097563332,19.289534607142667
7015,-30.465706639186234,19.266123136757653
7016,-30.48452167866285,19.242645788190543
7017,-30.50328197655435,19.21910205447226
7018,-30.521987293421788,19.195491428633837
7019,-30.54063740987392,19.17181343015828
7020,-30.55923302338033,19.148068788292818
7021,-30.577776108730923,19.12425991766134
7022,-30.596268735348602,19.100389357752697
7023,-30.614712972656275,19.07645964805575
7024,-30.633110890076928,19.052473328059254
7025,-30.651464557033453,19.028432937252106
7026,-30.669776042948822,19.00434101512307
7027,-30.68804741724594,18.980200101161035
7028,-30.706280749347787,18.956012734854767
7029,-30.724478108677268,18.931781455693116
7030,-30.742641564657305,18.907508803164948
7031,-30.76077318671087,18.88319731675902
7032,-30.77887504426086,18.858849535964236
7033,-30.79694920673026,18.83446800026934
7034,-30.81499774354196,18.810055249163234
7035,-30.83302272411894,18.785613822134685
7036,-30.851026217884087,18.761146258672568
7037,-30.86901029426038,18.736655098265654
7038,-30.88697702267075,18.71214288040281
7039,-30.904928472538085,18.687612144572874
7040,-30.922866713285394,18.66306543026463
7041,-30.94079381433555,18.63850527696696
7042,-30.95871184511154,18.613934224168627
7043,-30.976622875036252,18.589354811358522
7044,-30.99452897353267,18.564769578025402
7045,-31.01243221002369,18.540181063658164
7046,-31.03033465393229,18.515591807745572
7047,-31.04823837468138,18.491004349776485
7048,-31.066145441693873,18.466421229239753
7049,-31.084057924392752,18.441844985624144
7050,-31.101977892200914,18.417278158418547
7051,-31.119907414541334,18.392723287111735
7052,-31.13784856083691,18.368182911192584
7053,-31.155803400510614,18.343659570149864
7054,-31.173774002985372,18.31915580347243
7055,-31.19176243768408,18.294674150649143
7056,-31.209770774029735,18.270217151168772
7057,-31.227801081445225,18.245787344520195
7058,-31.245855429353522,18.221387270192185
7059,-31.26393588717754,18.197019467673627
7060,-31.28204452434024,18.172686476453286
7061,-31.300183410264513,18.148390836020056
7062,-31.31835461437334,18.124135085862687
7063,-31.336560206089658,18.09992176547005
7064,-31.354802254836343,18.075753414331
7065,-31.37308283003641,18.0516325719343
7066,-31.39140400111273,18.027561777768835
7067,-31.409767837488303,18.00354357132338
7068,-31.428176408586005,17.979580492086818
7069,-31.44663178382881,17.95567507954791
7070,-31.465136032639627,17.931829873195543
7071,-31.48369122444144,17.908047412518496
7072,-31.502299428657146,17.884330237005614
7073,-31.520962714709665,17.86068088614575
7074,-31.539683152021976,17.837101899427687
7075,-31.558462810016987,17.8135958163403
7076,-31.577303758117647,17.79016517637235
7077,-31.596208065746875,17.76681251901274
7078,-31.61517780232765,17.743540383750226
7079,-31.63421503728288,17.720351310073664
7080,-31.65332184003548,17.697247837471917
7081,-31.67250028000843,17.674232505433743
7082,-31.691752426624614,17.651307853448035
7083,-31.711080349307018,17.62847642100356
7084,-31.730486117478545,17.605740747589202
7085,-31.74997180056216,17.583103372693728
7086,-31.769539467980767,17.560566835806025
7087,-31.78919118915734,17.53813367641486
7088,-31.808929033514797,17.51580643400909
7089,-31.82875507047605,17.49358764807757
7090,-31.84867136946408,17.47147985810907
7091,-31.868679999901776,17.44948560359247
7092,-31.888783031212117,17.427607424016543
7093,-31.908982532818,17.405847858870167
7094,-31.92928057414241,17.384209447642128
7095,-31.949679224608232,17.362694729821293
7096,-31.970180553638457,17.341306244896437
7097,-31.99078663065598,17.320046532356415
7098,-32.01149952508373,17.298918131690083
7099,-32.032321306344684,17.277923582386208
7100,-32.05325404386173,17.25706542393368
7101,-32.07429980705785,17.236346195821255
7102,-32.095460665355944,17.215768437537832
7103,-32.116738688178984,17.195334688572178
7104,-32.138135944949894,17.17504748841314
7105,-32.159654505091574,17.15490937654958
7106,-32.18129643802701,17.134922892470264
7107,-32.2030638131791,17.115090575664073
7108,-32.22495869997083,17.095414965619792
7109,-32.24698316782506,17.07589860182628
7110,-32.26913928616481,17.05654402377233
7111,-32.29142887335152,17.03735354742839
7112,-32.3138517865613,17.018327742733582
7113,-32.33640696083304,16.99946635865418
7114,-32.35909332584747,16.98076913938609
7115,-32.381909811285404,16.962235829125177
7116,-32.40485534682754,16.94386617206737
7117,-32.42792886215468,16.925659912408513
7118,-32.451129286947534,16.907616794344555
7119,-32.47445555088692,16.889736562071345
7120,-32.497906583653524,16.872018959784807
7121,-32.52148131492817,16.85446373168081
7122,-32.545178674391586,16.837070621955267
7123,-32.56899759172447,16.81983937480408
7124,-32.59293699660767,16.802769734423112
7125,-32.616995818721875,16.785861445008305
7126,-32.64117298774789,16.769114250755493
7127,-32.66546743336642,16.75252789586063
7128,-32.689878085258286,16.736102124519558
7129,-32.7144038731042,16.719836680928196
7130,-32.739043726584896,16.703731309282457
7131,-32.763796575381186,16.687785753778194
7132,-32.78866134917376,16.67199975861134
7133,-32.813636977643455,16.65637306797776
7134,-32.838722390470934,16.640905426073374
7135,-32.86391651733704,16.625596577094043
7136,-32.88921828792246,16.6104462652357
7137,-32.91462663190801,16.595454234694202
7138,-32.94014047897441,16.58062022966546
7139,-32.9657587588024,16.565943994345385
7140,-32.991480401072785,16.55142527292984
7141,-33.01730433546626,16.537063809614754
7142,-33.043229491663645,16.522859348595986
7143,-33.069254799345636,16.508811634069456
7144,-33.09537918819304,16.494920410231032
7145,-33.12160158788656,16.48118542127665
7146,-33.14792092810702,16.46760641140215
7147,-33.17433613853513,16.45418312480346
7148,-33.20084614885162,16.440915305676487
7149,-33.22744988873731,16.427802698217086
7150,-33.25414628787289,16.414845046621192
7151,-33.28093427593919,16.40204209508466
7152,-33.3078127826169,16.389393587803426
7153,-33.33478073758682,16.376899268973343
7154,-33.361837070529695,16.364558882790323
7155,-33.38898071112624,16.352372173450277
7156,-33.41621058905727,16.340338885149066
7157,-33.443525634003485,16.328458762082622
7158,-33.4709247756457,16.316731548446803
7159,-33.498406943664605,16.305156988437528
7160,-33.52597106774103,16.293734826250677
7161,-33.55361607755567,16.28246480608216
7162,-33.581340902789314,16.271346672127844
7163,-33.60914447312272,16.26038016858364
7164,-33.63702571823659,16.24956503964546
7165,-33.66498356781176,16.23890102950917
7166,-33.69301695152891,16.228387882370676
7167,-33.72112479906887,16.218025342425864
7168,-33.749306040112316,16.207813153870646
7169,-33.77755960434008,16.197751060900895
7170,-33.80588442143285,16.18783880771253
7171,-33.83427942107146,16.17807613850142
7172,-33.8627435329366,16.168462797463462
7173,-33.89127568670902,16.15899852879457
7174,-33.91987481206954,16.14968307669062
7175,-33.94853983869884,16.140516185347526
7176,-33.97726969627775,16.131497598961154
7177,-34.00606331448695,16.12262706172742
7178,-34.03491962300727,16.113904317842206
7179,-34.06383755151944,16.10532911150141
7180,-34.09281602970416,16.096901186900936
7181,-34.12185398724227,16.08862028823666
7182,-34.150950353814444,16.080486159704495
7183,-34.18010405910154,16.072498545500316
7184,-34.20931403278419,16.064657189820032
7185,-34.23857920454327,16.056961836859536
7186,-34.26789850405944,16.04941223081472
7187,-34.29727086101353,16.04200811588147
7188,-34.326695205086274,16.034749236255685
7189,-34.35617046595836,16.027635336133272
7190,-34.38569557331065,16.020666159710103
7191,-34.41526945682381,16.013841451182092
7192,-34.44489104617867,16.007160954745125
7193,-34.4745592710559,16.00062441459509
7194,-34.50427306113637,15.994231574927891
7195,-34.53403134610071,15.987982179939424
7196,-34.56383305562979,15.981875973825568
7197,-34.59367711940432,15.975912700782228
7198,-34.623562467104996,15.970092105005305
7199,-34.653488028412674,15.964413930690679
7200,-34.68345273300802,15.958877922034254
7201,-34.71345551057187,15.953483823231913
7202,-34.74349529078491,15.94823137847957
7203,-34.77357100332796,15.9431203319731
7204,-34.80368157788175,15.938150427908402
7205,-34.833825944126986,15.93332141048138
7206,-34.8640030317445,15.928633023887912
7207,-34.894211770414984,15.924085012323909
7208,-34.924451089819264,15.91967711998525
7209,-34.954719919638016,15.915409091067845
7210,-34.98501718955207,15.91128066976757
7211,-35.01534182924212,15.907291600280338
7212,-35.04569276838898,15.903441626802032
7213,-35.07606893667338,15.899730493528542
7214,-35.10646926377603,15.896157944655775
7215,-35.13689267937776,15.892723724379612
7216,-35.16733811315926,15.889427576895962
7217,-35.19780449480136,15.886269246400705
7218,-35.22829075398474,15.883248477089749
7219,-35.25879582039021,15.88036501315897
7220,-35.28931862369852,15.877618598804279
7221,-35.31985809359036,15.875008978221564
7222,-35.35041315974658,15.872535895606713
7223,-35.38098275184786,15.870199095155634
7224,-35.41156579957503,15.867998321064212
7225,-35.442161232608754,15.865933317528341
7226,-35.47276798062988,15.864003828743911
7227,-35.50338497331909,15.862209598906833
7228,-35.5340111403572,15.86055037221298
7229,-35.56464541142495,15.859025892858265
7230,-35.59528671620303,15.85763590503857
7231,-35.62593398437229,15.856380152949793
7232,-35.65658614561342,15.855258380787832
7233,-35.68724212960722,15.85427033274857
7234,-35.717900866034384,15.853415753027912
7235,-35.748561284575764,15.852694385821751
7236,-35.77922231491202,15.852105975325976
7237,-35.80988288672398,15.851650265736485
7238,-35.84054192969238,15.851327001249171
7239,-35.87119837349792,15.85113592605993
7240,-35.90185114782143,15.851076784364654
7241,-35.932499182343605,15.85114932035924
7242,-35.963141406745265,15.851353278239575
7243,-35.9937767507071,15.85168840220156
7244,-36.02440414390993,15.85215443644109
7245,-36.055022516034484,15.852751125154056
7246,-36.08563079676148,15.853478212536356
7247,-36.11622791577173,15.854335442783878
7248,-36.14681280274594,15.855322560092517
7249,-36.177384387364924,15.856439308658175
7250,-36.207941599309365,15.857685432676737
7251,-36.2384833682601,15.8590606763441
7252,-36.26900862389781,15.860564783856162
7253,-36.299516295903324,15.862197499408817
7254,-36.33000531395735,15.863958567197951
7255,-36.36047460774062,15.865847731419466
7256,-36.390923106933954,15.867864736269254
7257,-36.42134974121804,15.870009325943208
7258,-36.45175344027371,15.872281244637229
7259,-36.482133133781645,15.8746802365472
7260,-36.512487751422654,15.87720604586902
7261,-36.54281622287746,15.879858416798587
7262,-36.573117477826855,15.882637093531795
7263,-36.603390445951575,15.885541820264534
7264,-36.63363405693234,15.888572341192695
7265,-36.66384724044996,15.891728400512182
7266,-36.69402892618514,15.89500974241888
7267,-36.72417804381871,15.898416111108691
7268,-36.754293523031336,15.901947250777502
7269,-36.78437429350385,15.905602905621215
7270,-36.814419284916994,15.909382819835718
7271,-36.844427426951455,15.913286737616904
7272,-36.874397649288085,15.917314403160677
7273,-36.904328881607555,15.921465560662918
7274,-36.93422005359069,15.925739954319535
7275,-36.96407009491818,15.930137328326403
7276,-36.99387793527086,15.934657426879442
7277,-37.023642504329395,15.939299994174519
7278,-37.05336273177464,15.944064774407554
7279,-37.083037547287276,15.948951511774425
7280,-37.112665880548064,15.953959950471026
7281,-37.14224666123781,15.959089834693259
7282,-37.1717788190372,15.964340908637011
7283,-37.201261283627055,15.969712916498182
7284,-37.23069298468807,15.97520560247266
7285,-37.260072851901086,15.980818710756349
7286,-37.28939981494675,15.986551985545132
7287,-37.31867280350591,15.992405171034914
7288,-37.34789074725929,15.998378011421583
7289,-37.3770525758876,16.004470250901026
7290,-37.40615721907169,16.010681633669158
7291,-37.43520360649221,16.017011903921844
7292,-37.46419066783606,16.023460805853286
7293,-37.49311768434877,16.030027983370957
7294,-37.521985236164184,16.036712709857863
7295,-37.550794203321,16.043514173145244
7296,-37.57954546585787,16.05043156106433
7297,-37.60823990381361,16.057464061446392
7298,-37.63687839722687,16.064610862122652
7299,-37.66546182613644,16.071871150924377
7300,-37.69399107058097,16.07924411568279
7301,-37.72246701059924,16.08672894422915
7302,-37.75089052622992,16.094324824394697
7303,-37.779262497511795,16.102030944010686
7304,-37.807583804483535,16.109846490908346
7305,-37.83585532718384,16.117770652918917
7306,-37.86407794565151,16.12580261787367
7307,-37.892252539925195,16.13394157360383
7308,-37.92037999004368,16.142186707940652
7309,-37.94846117604562,16.15053720871537
7310,-37.976496977969795,16.15899226375924
7311,-38.00448827585487,16.167551060903495
7312,-38.032435949739636,16.176212787979406
7313,-38.06034087966275,16.184976632818188
7314,-38.08820394566293,16.19384178325109
7315,-38.116026027778986,16.202807427109377
7316,-38.14380800604952,16.211872752224266
7317,-38.17155076051336,16.221036946427034
7318,-38.19925517120914,16.230299197548895
7319,-38.22692211817566,16.23965869342112
7320,-38.254552481451604,16.249114621874945
7321,-38.282147141075654,16.2586661707416
7322,-38.3097069770866,16.268312527852345
7323,-38.33723286952312,16.278052881038416
7324,-38.36472569842397,16.287886418131077
7325,-38.39218634382781,16.297812326961548
7326,-38.419615685773444,16.307829795361094
7327,-38.44701460429952,16.317938011160944
7328,-38.474383979444816,16.328136162192365
7329,-38.50172469124803,16.338423436286583
7330,-38.52903761974786,16.348799021274836
7331,-38.55632364498307,16.359262104988392
7332,-38.58358364699234,16.369811875258474
7333,-38.61081850581442,16.38044751991635
7334,-38.638029101488016,16.391168226793237
7335,-38.66521631405188,16.40197318372041
7336,-38.692381023544684,16.412861578529085
7337,-38.71952411000521,16.423832599050538
7338,-38.74664645347214,16.434885433115998
7339,-38.77374893398418,16.44601926855669
7340,-38.80083243158008,16.457233293203895
7341,-38.827897826298546,16.468526694888826
7342,-38.85494599817833,16.479898661442757
7343,-38.88197782725811,16.49134838069691
7344,-38.908994193576646,16.502875040482547
7345,-38.93599597717265,16.51447782863091
7346,-38.96298405808481,16.52615593297322
7347,-38.98995931635189,16.537908541340755
7348,-39.01692263201258,16.54973484156473
7349,-39.04387488510563,16.561634021476426
7350,-39.07081695566973,16.573605268907052
7351,-39.09774972374364,16.58564777168788
7352,-39.12467406936604,16.597760717650132
7353,-39.15159087257569,16.609943294625076
7354,-39.178501013411314,16.62219469044395
7355,-39.205405371911574,16.63451409293798
7356,-39.23230482811525,16.646900689938434
7357,-39.25920026206102,16.659353669276534
7358,-39.28609255378766,16.67187221878356
7359,-39.312982583333834,16.68445552629072
7360,-39.33987123073832,16.697102779629287
7361,-39.366759376039774,16.709813166630482
7362,-39.39364789927699,16.722585875125578
7363,-39.42053768048865,16.735420092945798
7364,-39.44742959971345,16.748315007922386
7365,-39.474324536990174,16.761269807886602
7366,-39.50122337235747,16.774283680669672
7367,-39.52812698585414,16.78735581410287
7368,-39.55503625751882,16.8004853960174
7369,-39.581952067390304,16.813671614244548
7370,-39.60887529550732,16.826913656615545
7371,-39.63580682190849,16.840210710961607
7372,-39.66274752663264,16.853561965114032
7373,-39.68969828971842,16.86696660690401
7374,-39.71665999120462,16.880423824162833
7375,-39.74363346804212,16.89393282803105
7376,-39.7706184954201,16.907493404034106
7377,-39.797613745910596,16.921105934183814
7378,-39.82461784082325,16.93477082822369
7379,-39.8516294014676,16.9484884958972
7380,-39.87864704915322,16.962259346947825
7381,-39.90566940518978,16.976083791119073
7382,-39.93269509088675,16.989962238154394
7383,-39.95972272755383,17.003895097797322
7384,-39.98675093650053,17.017882779791293
7385,-40.01377833903648,17.03192569387983
7386,-40.04080355647123,17.046024249806393
7387,-40.067825210114414,17.060178857314494
7388,-40.09484192127559,17.074389926147596
7389,-40.12185231126431,17.08865786604918
7390,-40.148855001390245,17.102983086762755
7391,-40.17584861296288,17.117365998031772
7392,-40.202831767291904,17.13180700959976
7393,-40.229803085686825,17.146306531210165
7394,-40.256761189457286,17.160864972606507
7395,-40.28370469991285,17.175482743532253
7396,-40.31063223836307,17.190160253730863
7397,-40.3375424261176,17.204897912945878
7398,-40.36443388448596,17.21969613092073
7399,-40.3913052347778,17.23455531739895
7400,-40.41815509830265,17.249475882123978
7401,-40.444982096370154,17.264458234839346
7402,-40.47178485028982,17.27950278528849
7403,-40.49856198137134,17.294609943214944
7404,-40.52531211092424,17.309780118362173
7405,-40.552033860258064,17.32501372047364
7406,-40.57872585068249,17.340311159292867
7407,-40.60538670350702,17.355672844563305
7408,-40.632015040041324,17.371099186028477
7409,-40.6586094815949,17.38659059343183
7410,-40.68516864947742,17.402147476516888
7411,-40.711691164998406,17.417770245027093
7412,-40.73817564946749,17.433459308705974
7413,-40.76462072419424,17.449215077296994
7414,-40.79102501048823,17.465037960543626
7415,-40.81738712965908,17.480928368189392
7416,-40.84370570301632,17.496886709977726
7417,-40.86997935186961,17.512913395652166
7418,-40.89620669752848,17.52900883495616
7419,-40.92238636130255,17.54517343763322
7420,-40.94851696450141,17.56140761342682
7421,-40.97459712843459,17.57771177208042
7422,-41.00062547441175,17.594086323337557
7423,-41.026600623742404,17.61053167694166
7424,-41.05252119773622,17.62704824263627
7425,-41.07838581770271,17.643636430164815
7426,-41.104193104951534,17.66029664927084
7427,-41.129941680792214,17.67702930969778
7428,-41.15563016653439,17.69383482118916
7429,-41.1812571834876,17.710713593488446
7430,-41.20682135296145,17.7276660363391
7431,-41.232321296265546,17.74469255948466
7432,-41.25775563470943,17.761793572668555
7433,-41.28312298960275,17.77896948563432
7434,-41.30842198225503,17.796220708125404
7435,-41.33365123397592,17.81354764988532
7436,-41.358809366074965,17.830950720657544
7437,-41.38389499986174,17.848430330185533
7438,-41.40890675664588,17.86598688821282
7439,-41.43384325773692,17.88362080448285
7440,-41.45870312444449,17.90133248873914
7441,-41.48348497807814,17.91912235072514
7442,-41.50818743994749,17.93699080018438
7443,-41.53280913136211,17.9549382468603
7444,-41.557348673631594,17.97296510049643
7445,-41.581804688065546,17.99107177083623
7446,-41.60617579597348,18.00925866762317
7447,-41.63046061866507,18.027526200600768
7448,-41.654657777449835,18.045874779512477
7449,-41.67876589363743,18.06430481410182
7450,-41.70278358853737,18.08281671411224
7451,-41.72670948345931,18.101410889287262
7452,-41.75054219971278,18.120087749370338
7453,-41.77428035860742,18.138847704104993
7454,-41.79792258145278,18.157691163234684
7455,-41.82146748955844,18.17661853650288
7456,-41.84491370423402,18.195630233653112
7457,-41.86825984678905,18.214726664428813
7458,-41.891504538533205,18.23390823857352
7459,-41.914646400775986,18.25317536583067
7460,-41.93768405482704,18.2725284559438
7461,-41.96061612199594,18.29196791865637
7462,-41.98344125503402,18.31149414922952
7463,-42.006159031869224,18.331107116781883
7464,-42.02877008405949,18.350806305122727
7465,-42.051275100431624,18.370591171683046
7466,-42.07367476981234,18.390461173893744
7467,-42.09596978102842,18.410415769185803
7468,-42.11816082290659,18.430454414990116
7469,-42.14024858427365,18.45057656873768
7470,-42.16223375395632,18.470781687859418
7471,-42.18411702078134,18.491069229786245
7472,-42.20589907357552,18.511438651949163
7473,-42.22758060116555,18.53188941177906
7474,-42.24916229237825,18.552420966706926
7475,-42.27064483604031,18.573032774163657
7476,-42.29202892097857,18.59372429158026
7477,-42.31331523601969,18.61449497638762
7478,-42.33450446999049,18.63534428601672
7479,-42.35559731171771,18.656271677898495
7480,-42.376594450028065,18.677276609463856
7481,-42.39749657374837,18.6983585381438
7482,-42.41830437170534,18.71951692136922
7483,-42.43901853272577,18.74075121657112
7484,-42.45963974563635,18.76206088118038
7485,-42.48016869926391,18.783445372627998
7486,-42.500606082435176,18.804904148344896
7487,-42.52095258397686,18.82643666576199
7488,-42.54120889271577,18.84804238231028
7489,-42.56137569747863,18.869720755420655
7490,-42.581453687092235,18.891471242524112
7491,-42.601443550383294,18.913293301051542
7492,-42.621345976178596,18.93518638843394
7493,-42.641161653304856,18.957149962102203
7494,-42.66089127058889,18.97918347948732
7495,-42.68053551685741,19.00128639802022
7496,-42.70009508093717,19.02345817513181
7497,-42.71957065165496,19.0456982682531
7498,-42.73896291783746,19.06800613481496
7499,-42.75827256831152,19.090381232248404
7500,-42.77750029190383,19.112823017984326
7501,-42.79664677744118,19.135330949453706
7502,-42.81571271375029,19.15790448408745
7503,-42.834698789657956,19.180543079316557
7504,-42.8536056939909,19.203246192571928
7505,-42.87243411557589,19.226013281284494
7506,-42.89118474323969,19.248843802885254
7507,-42.90985826580903,19.27173721480509
7508,-42.92845537211069,19.294692974475005
7509,-42.946976750971395,19.317710539325887
7510,-42.96542309121795,19.340789366788734
7511,-42.983795081677094,19.363928914294465
7512,-43.00209341117553,19.387128639274007
7513,-43.02031876854008,19.410387999158335
7514,-43.038471842597446,19.43370645137836
7515,-43.05655332217442,19.457083453365073
7516,-43.07456389609774,19.480518462549355
7517,-43.09250425319418,19.50401093636222
7518,-43.11037508229046,19.527560332234543
7519,-43.128177072213376,19.551166107597336
7520,-43.14591091178967,19.574827719881515
7521,-43.16357728984606,19.598544626517985
7522,-43.181176895209354,19.622316284937753
7523,-43.19871041670626,19.64614215257171
7524,-43.21617854316359,19.670021686850852
7525,-43.23358196340806,19.693954345206073
7526,-43.25092136626641,19.717939585068358
7527,-43.26819744056542,19.741976863868615
7528,-43.285410875131866,19.766065639037826
7529,-43.302562358792485,19.79020536800693
7530,-43.31965258037399,19.814395508206815
7531,-43.3366822287032,19.8386355170685
7532,-43.353651992606814,19.86292485202287
7533,-43.37056256091164,19.887262970500924
7534,-43.38741462244438,19.911649329933546
7535,-43.40420886603185,19.936083387751747
7536,-43.42094598050077,19.960564601386434
7537,-43.43762665467787,19.985092428268523
7538,-43.45425157738997,20.009666325829023
7539,-43.470821437463755,20.03428575149881
7540,-43.48733692372602,20.058950162708886
7541,-43.50379872500352,20.083659016890152
7542,-43.520207530122995,20.1084117714736
7543,-43.53656402791121,20.133207883890112
7544,-43.55286890719493,20.1580468115707
7545,-43.569122856800895,20.18292801194627
7546,-43.585326565555846,20.207850942447738
7547,-43.60148072228657,20.232815060506113
7548,-43.61758601581979,20.25781982355228
7549,-43.6336431349823,20.282864689017238
7550,-43.64965276860081,20.307949114331873
7551,-43.66561560550212,20.333072556927185
7552,-43.68153233451294,20.358234474234067
7553,-43.697403644460074,20.38343432368352
7554,-43.713230224170246,20.408671562706456
7555,-43.72901276247019,20.433945648733783
7556,-43.744751948186725,20.459256039196525
7557,-43.760448470146535,20.484602191525543
7558,-43.77610301717643,20.50998356315185
7559,-43.791716278103124,20.53539961150633
7560,-43.80728894175341,20.560849794020005
7561,-43.82282169695404,20.586333568123763
7562,-43.83831523253173,20.611850391248527
7563,-43.85377023731327,20.63739972082531
7564,-43.86918740012539,20.66298101428498
7565,-43.88456740979487,20.688593729058553
7566,-43.89991095514844,20.714237322576913
7567,-43.91521872501289,20.739911252271057
7568,-43.93049140821493,20.76561497557187
7569,-43.94572969358136,20.791347949910367
7570,-43.96093426993891,20.817109632717447
7571,-43.976105826114335,20.84289948142404
7572,-43.9912450509344,20.868716953461142
7573,-44.00635263322584,20.894561506259638
7574,-44.02142926181545,20.920432597250528
7575,-44.03647562552993,20.946329683864693
7576,-44.05149241319609,20.97225222353316
7577,-44.06648031364064,20.99819967368678
7578,-44.08144001569037,21.02417149175659
7579,-44.09637220817201,21.050167135173478
7580,-44.11127757991234,21.076186061368375
7581,-44.12615681973809,21.102227727772277
7582,-44.14101061647601,21.128291591816065
7583,-44.1558396589529,21.154377110930756
7584,-44.17064463599546,21.180483742547224
7585,-44.18542623643048,21.206610944096475
7586,-44.200185149084724,21.232758173009426
7587,-44.21492206278488,21.258924886716976
7588,-44.229637666357796,21.28511054265016
7589,-44.24433264863016,21.31131459823984
7590,-44.25900769842877,21.337536510917023
7591,-44.27366350458033,21.363775738112587
7592,-44.288300755911656,21.390031737257555
7593,-44.302920141249444,21.416303965782795
7594,-44.31752234942051,21.44259188111932
7595,-44.33210806925157,21.468894940698043
7596,-44.346677989569365,21.49521260194987
7597,-44.361232799200685,21.52154432230581
7598,-44.37577318697227,21.54788955919675
7599,-44.39029984171087,21.57424777005369
7600,-44.40481345224324,21.600618412307522
7601,-44.41931470739616,21.62700094338924
7602,-44.433804295996346,21.653394820729737
7603,-44.44828290687061,21.679799501760016
7604,-44.46275122884564,21.706214443910977
7605,-44.47720995074822,21.732639104613554
7606,-44.491659761405124,21.75907294129874
7607,-44.50610134964306,21.78551541139742
7608,-44.52053540428885,21.81196597234061
7609,-44.53496261416918,21.838424081559168
7610,-44.54938366811086,21.864889196484125
7611,-44.56379925494062,21.89136077454639
7612,-44.5782100634852,21.917838273176862
7613,-44.59261678257138,21.94432114980655
7614,-44.60702010102592,21.970808861866356
7615,-44.62142070767555,21.997300866787267
7616,-44.635819291347026,22.023796622000173
7617,-44.650216540867135,22.05029558493607
7618,-44.66461314506259,22.076797213025856
7619,-44.67900979276018,22.103300963700523
7620,-44.693407172786664,22.129806294391
7621,-44.70780597396876,22.15631266252818
7622,-44.72220688513324,22.182819525543085
7623,-44.73661059510686,22.20932634086659
7624,-44.75101779271639,22.2358325659297
7625,-44.765429166788564,22.262337658163307
7626,-44.779845406150166,22.28884107499841
7627,-44.794267199627896,22.315342273865888
7628,-44.80869523604858,22.341840712196753
7629,-44.82313020423892,22.368335847421918
7630,-44.837572793025686,22.39482713697229
7631,-44.85202369123565,22.421314038278883
7632,-44.86648358769553,22.44779600877257
7633,-44.880953171232115,22.474272505884368
7634,-44.89543313067214,22.500742987045154
7635,-44.90992415484237,22.527206909685933
7636,-44.92442693256959,22.55366373123762
7637,-44.938942152680475,22.580112909131124
7638,-44.953470504001864,22.60655390079746
7639,-44.968012675360455,22.632986163667503
7640,-44.98256935558304,22.65940915517226
7641,-44.99714123295248,22.68582233313654
7642,-45.01172876492116,22.712225322577297
7643,-45.02633182049644,22.73861817472579
7644,-45.04095017628016,22.76500100774338
7645,-45.055583608874116,22.791373939791303
7646,-45.07023189488009,22.81773708903082
7647,-45.084894810899904,22.844090573623276
7648,-45.099572133535325,22.870434511729894
7649,-45.1142636393882,22.896769021512025
7650,-45.128969105060285,22.92309422113088
7651,-45.14368830715345,22.949410228747826
7652,-45.15842102226944,22.975717162524095
7653,-45.173167027010045,23.00201514062095
7654,-45.18792609797711,23.02830428119974
7655,-45.20269801177241,23.054584702421685
7656,-45.21748254499779,23.080856522448133
7657,-45.23227947425499,23.107119859440306
7658,-45.24708857614584,23.133374831559546
7659,-45.261909627272146,23.159621556967085
7660,-45.27674240423572,23.185860153824258
7661,-45.29158668363834,23.21209074029233
7662,-45.30644224208181,23.238313434532547
7663,-45.32130885616795,23.26452835470626
7664,-45.33618630249854,23.290735618974686
7665,-45.3510743576754,23.31693534549918
7666,-45.36597279830032,23.34312765244096
7667,-45.38088140097512,23.369312657961377
7668,-45.395799942301565,23.395490480221635
7669,-45.41072819888151,23.421661237383113
7670,-45.42566594731671,23.447825047607033
7671,-45.440612964208974,23.47398202905466
7672,-45.45556902616014,23.500132299887362
7673,-45.47053390977196,23.52627597826633
7674,-45.48550739164627,23.55241318235292
7675,-45.50048924838485,23.578544030308365
7676,-45.515479256589536,23.60466864029401
7677,-45.5304771928621,23.63078713047109
7678,-45.54548283380433,23.656899619000882
7679,-45.56049595601807,23.68300622404472
7680,-45.57551633610509,23.709107063763824
7681,-45.59054375066721,23.735202256319553
7682,-45.60557797630621,23.761291919873116
7683,-45.620618789623926,23.787376172585873
7684,-45.63566596722211,23.813455132619037
7685,-45.65071928570262,23.83952891813396
7686,-45.665778521667235,23.865597647291892
7687,-45.68084345171772,23.891661438254076
7688,-45.695913852455945,23.917720409181886
7689,-45.71098950048365,23.94377467823652
7690,-45.7260701724027,23.969824363579345
7691,-45.741155644814825,23.995869583371565
7692,-45.756245694321876,24.021910455774535
7693,-45.77134009752563,24.047947098949475
7694,-45.78643863102793,24.07397963105774
7695,-45.80154107143053,24.10000817026057
7696,-45.81664719533523,24.126032834719222
7697,-45.83175677934386,24.152053742595054
7698,-45.84686960005822,24.17807101204928
7699,-45.86198543408012,24.204084761243244
7700,-45.87710405801133,24.230095108338176
7701,-45.89222524845367,24.25610217149542
7702,-45.90734878200895,24.282106068876224
7703,-45.92247443527894,24.30810691864184
7704,-45.93760198486549,24.334104838953632
7705,-45.95273120737035,24.360099947972806
7706,-45.96786187939537,24.386092363860723
7707,-45.98299377754231,24.412082204778585
7708,-45.998126678413016,24.43806958888776
7709,-46.013260358609244,24.46405463434946
7710,-46.028394594732816,24.49003745932502
7711,-46.043529163385564,24.516018181975717
7712,-46.05866384116923,24.541996920462793
7713,-46.07379840468567,24.5679737929476
7714,-46.088932630536625,24.593948917591348
7715,-46.10406629532396,24.61992241255539
7716,-46.11919917564945,24.645894396000966
7717,-46.1343310481149,24.67186498608939
7718,-46.149461689322095,24.697834300981917
7719,-46.16459087587286,24.723802458839863
7720,-46.17971838436901,24.749769577824512
7721,-46.19484399141229,24.775735776097093
7722,-46.209967473604564,24.801701171818966
7723,-46.22508860754759,24.82766588315135
7724,-46.240207169843195,24.853630028255584
7725,-46.255322937093155,24.87959372529291
7726,-46.270435685899315,24.905557092424658
7727,-46.285545192863445,24.931520247812088
7728,-46.30065123458734,24.957483309616453
7729,-46.31575358767282,24.983446395999092
7730,-46.33085202872167,25.00940962512124
7731,-46.345946334335736,25.035373115144246
7732,-46.361036281116746,25.061336984229314
7733,-46.37612164566657,25.087301350537803
7734,-46.39120220458697,25.113266332230936
7735,-46.40627773447978,25.13923204747006
7736,-46.42134801194677,25.165198614416425
7737,-46.436412813589754,25.191166151231286
7738,-46.45147191601053,25.217134776075987
7739,-46.466525095810894,25.243104607111754
7740,-46.481572129592685,25.269075762499938
7741,-46.49661279395765,25.295048360401758
7742,-46.511646865507636,25.32102251897855
7743,-46.52667412084442,25.346998356391552
7744,-46.54169433656982,25.372975990802104
7745,-46.556707289285626,25.398955540371457
7746,-46.57171275559363,25.424937123260875
7747,-46.58671051209566,25.450920857631694
7748,-46.601700335393495,25.47690686164514
7749,-46.61668200208896,25.502895253462558
7750,-46.63165528878382,25.528886151245175
7751,-46.64661997207991,25.554879673154336
7752,-46.66157582857903,25.580875937351294
7753,-46.676522634882964,25.6068750619973
7754,-46.691460167593526,25.632877165253703
7755,-46.706388203312514,25.65888236528173
7756,-46.721306518641725,25.684890780242718
7757,-46.73621489018298,25.7109025282979
7758,-46.75111309453806,25.736917727608613
7759,-46.76600090830876,25.76293649633609
7760,-46.78087810809693,25.788958952641664
7761,-46.79574447050432,25.814985214686605
7762,-46.81059977213274,25.841015400632152
7763,-46.82544378958402,25.867049628639663
7764,-46.840276299459916,25.89308801687035
7765,-46.85509707836229,25.91913068348558
7766,-46.86990590289288,25.945177746646543
7767,-46.88470254965355,25.97122932451461
7768,-46.899486795246034,25.99728553525099
7769,-46.914258416272204,26.02334649701705
7770,-46.92901718933382,26.049412327974025
7771,-46.94376289103268,26.075483146283176
7772,-46.95849529797061,26.101559070105843
7773,-46.97321418674938,26.127640217603254
7774,-46.98791933397084,26.153726706936762
7775,-47.00261051623673,26.17981865626757
7776,-47.01728751014892,26.20591618375705
7777,-47.031950092309174,26.232019407566444
7778,-47.04659803931927,26.258128445856997
7779,-47.061231127781056,26.284243416790062
7780,-47.075849134296305,26.310364438526868
7781,-47.09045183546684,26.336491629228753
7782,-47.10503900789444,26.36262510705695
7783,-47.11961042818092,26.38876499017279
7784,-47.13416587292808,26.41491139673751
7785,-47.14870511873773,26.44106444491245
7786,-47.16322794221166,26.467224252858866
7787,-47.17773411995166,26.493390938738003
7788,-47.192223428559586,26.51956462071123
7789,-47.20669564463715,26.54574541693974
7790,-47.22115054478623,26.5719334455849
7791,-47.23558790560859,26.598128824807926
7792,-47.250007503706065,26.62433167277017
7793,-47.26440911568042,26.650542107632848
7794,-47.278792518133486,26.67676024755731
7795,-47.293157487667045,26.702986210704807
7796,-47.307503800882905,26.729220115236593
7797,-47.32183123438287,26.755462079314018
7798,-47.336139564768736,26.781712221098307
7799,-47.350428568642315,26.807970658750794
7800,-47.364698022605396,26.834237510432715
7801,-47.37894770325979,26.86051289430541
7802,-47.39317738720731,26.88679692853013
7803,-47.40738685104972,26.913089731268137
7804,-47.42157587138887,26.93939142068078
7805,-47.43574422482652,26.965702114929268
7806,-47.44989168796451,26.99202193217496
7807,-47.46401803740459,27.018350990579066
7808,-47.47812304974862,27.044689408302936
7809,-47.49220650159836,27.07103730350781
7810,-47.50626816955564,27.09739479435502
7811,-47.52030783022224,27.123761999005808
7812,-47.53432526019998,27.150139035621454
7813,-47.548320236090646,27.176526022363284
7814,-47.56229253449603,27.202923077392526
7815,-47.576241932017986,27.229330318870538
7816,-47.59016820525825,27.25574786495853
7817,-47.60407113081867,27.282175833817846
7818,-47.61795048374554,27.30861434415181
7819,-47.63180573688256,27.335063619982474
7820,-47.64563570187538,27.361524115761483
7821,-47.65943910289436,27.38799631642592
7822,-47.673214664109906,27.41448070691298
7823,-47.68696110969232,27.4409777721597
7824,-47.700677163812,27.467487997103262
7825,-47.714361550639275,27.494011866680715
7826,-47.72801299434455,27.520549865829256
7827,-47.741630219098155,27.54710247948595
7828,-47.755211949070436,27.573670192587894
7829,-47.76875690843178,27.600253490072266
7830,-47.78226382135252,27.626852856876113
7831,-47.795731412003065,27.653468777936624
7832,-47.8091584045537,27.68010173819083
7833,-47.82254352317485,27.70675222257594
7834,-47.835885492036844,27.73342071602899
7835,-47.849183035310055,27.76010770348716
7836,-47.86243487716483,27.78681366988754
7837,-47.87563974177153,27.813539100167212
7838,-47.88879635330054,27.840284479263367
7839,-47.901903435922186,27.86705029211304
7840,-47.91495971380684,27.89383702365341
7841,-47.92796391112486,27.920645158821547
7842,-47.94091475204661,27.947475182554616
7843,-47.95381096074245,27.97432757978968
7844,-47.96665126138275,28.001202835463914
7845,-47.979434378137846,28.028101434514397
7846,-47.9921590351781,28.05502386187822
7847,-48.0048239566739,28.081970602492568
7848,-48.01742786679557,28.10894214129448
7849,-48.02996948971351,28.135938963221154
7850,-48.04244754959803,28.16296155320962
7851,-48.054860770619534,28.190010396197078
7852,-48.06720787694836,28.217085977120604
7853,-48.07948759275485,28.244188780917277
7854,-48.09169864220943,28.271319292524293
7855,-48.10383974948237,28.298477996878685
7856,-48.115909638744114,28.325665378917652
7857,-48.12790703416494,28.352881923578224
7858,-48.13983065991529,28.380128115797614
7859,-48.151679240165464,28.407404440512845
7860,-48.16345149908585,28.434711382661106
7861,-48.17514616084679,28.46204942717948
7862,-48.186761949618656,28.489419059005055
7863,-48.19829758957181,28.51682076307501
7864,-48.20975180487659,28.544255024326393
7865,-48.22112331970339,28.571722327696396
7866,-48.23241085822254,28.59922315812206
7867,-48.24361314460444,28.626758000540583
7868,-48.25472890301939,28.65432733988901
7869,-48.2657568576378,28.681931661104475
7870,-48.27669573262998,28.709571449124113
7871,-48.28754425216635,28.737247188885014
7872,-48.29830114041724,28.76495936532433
7873,-48.308965121552994,28.79270846337913
7874,-48.319534919743994,28.820494967986587
7875,-48.33000925916059,28.848319364083757
7876,-48.340386863973166,28.876182136607824
7877,-48.35066645835204,28.904083770495866
7878,-48.36084676646759,28.932024750684956
7879,-48.37092651249019,28.960005562112297
7880,-48.380904420590184,28.98802668971493
7881,-48.39077921493795,29.01608861843004
7882,-48.40054961970382,29.044191833194674
7883,-48.410214359058166,29.07233681894601
7884,-48.41977215717135,29.10052406062111
7885,-48.42922173821371,29.128754043157134
7886,-48.43856182635567,29.157027251491197
7887,-48.44779114576751,29.185344170560356
7888,-48.456908420619655,29.213705285301813
7889,-48.46591237508241,29.2421110806526
7890,-48.474801733326174,29.27056204154991
7891,-48.48357521952129,29.299058652930796
7892,-48.492231557838124,29.32760139973243
7893,-48.50076947244703,29.356190766891903
7894,-48.509187687518356,29.384827239346293
7895,-48.517484927222505,29.4135113020328
7896,-48.52565991572979,29.442243439888443
7897,-48.53371137721059,29.471024137850428
7898,-48.54163803583526,29.499853880855795
7899,-48.54943861577417,29.52873315384173
7900,-48.55711184119765,29.55766244174528
7901,-48.564656436276124,29.586642229503646
7902,-48.57207112517989,29.61567300205388
7903,-48.57935463207932,29.644755244333084
7904,-48.586505681144786,29.673889441278437
7905,-48.593522996546646,29.703076077826992
7906,-48.60040530245524,29.732315638915924
7907,-48.60715132304097,29.7616086094823
7908,-48.61375978247416,29.790955474463278
7909,-48.620229404925176,29.82035671879592
7910,-48.6265589145644,29.84981282741742
7911,-48.632747111751634,29.87932417055429
7912,-48.638793504899766,29.908890052391275
7913,-48.64469798695408,29.938509198162816
7914,-48.650460454684406,29.968180327345028
7915,-48.65608080486056,29.997902159414163
7916,-48.661558934252305,30.027673413846326
7917,-48.666894739629484,30.05749281011778
7918,-48.67208811776191,30.08735906770468
7919,-48.67713896541937,30.117270906083142
7920,-48.68204717937167,30.14722704472944
7921,-48.68681265638865,30.177226203119695
7922,-48.6914352932401,30.207267100730135
7923,-48.69591498669581,30.237348457036894
7924,-48.700251633525646,30.267468991516218
7925,-48.70444513049935,30.29762742364421
7926,-48.708495374386764,30.32782247289713
7927,-48.712402261957706,30.358052858751126
7928,-48.716165689981956,30.388317300682335
7929,-48.71978555522936,30.418614518167036
7930,-48.72326175446968,30.44894323068131
7931,-48.726594184472766,30.479302157701422
7932,-48.72978274200841,30.509690018703488
7933,-48.73282732384642,30.540105533163757
7934,-48.73572782675661,30.57054742055834
7935,-48.738484147508785,30.601014400363486
7936,-48.74109618287275,30.631505192055357
7937,-48.74356382961834,30.662018515110084
7938,-48.745886984515316,30.692553089003923
7939,-48.74806554433354,30.723107633212994
7940,-48.75009940584278,30.75368086721355
7941,-48.751988465812865,30.78427151048168
7942,-48.753732621013604,30.814878282493673
7943,-48.75533176821478,30.84549990272564
7944,-48.75678580418624,30.876135090653744
7945,-48.758094625697765,30.906782565754256
7946,-48.759258129519196,30.937441047503256
7947,-48.7602762124203,30.96810925537702
7948,-48.761148771170916,30.99878590885165
7949,-48.76187570254083,31.029469727403384
7950,-48.76245690329988,31.060159430508367
7951,-48.76289227021786,31.090853737642835
7952,-48.76318170006456,31.121551368282926
7953,-48.763325089609815,31.152251041904798
7954,-48.76332233562343,31.182951477984705
7955,-48.763173334875205,31.213651395998756
7956,-48.762877984134946,31.244349515423195
7957,-48.76243618017248,31.275044555734137
7958,-48.76184781975762,31.30573523640786
7959,-48.76111279966014,31.336420276920435
7960,-48.76023101664988,31.367098396748155
7961,-48.75920236749663,31.39776831536713
7962,-48.7580267489702,31.428428752253517
7963,-48.756704057840416,31.459078426883597
7964,-48.75523419087708,31.48971605873345
7965,-48.75361704484998,31.520340367279335
7966,-48.75185251652897,31.55095007199738
7967,-48.74994050268381,31.581543892363825
7968,-48.74788090008433,31.612120547854815
7969,-48.74567360550035,31.642678757946495
7970,-48.743318515701674,31.67321724211513
7971,-48.74081552745809,31.703734719836817
7972,-48.738164537539426,31.734229910587818
7973,-48.735365442715484,31.764701533844235
7974,-48.73241813975607,31.795148309082343
7975,-48.72932252543103,31.82556895577824
7976,-48.72607849651011,31.85596219340817
7977,-48.72268594976316,31.886326741448293
7978,-48.719144781959976,31.91666131937475
7979,-48.71545488987038,31.9469646466638
7980,-48.71161617026416,31.977235442791542
7981,-48.70762851991115,32.00747242723425
7982,-48.70349183558112,32.03767431946801
7983,-48.69920601404393,32.06783983896909
7984,-48.694770952069355,32.097967705213605
7985,-48.690186546427206,32.128056637677794
7986,-48.6854526938873,32.15810535583782
7987,-48.68056929121945,32.188112579169825
7988,-48.67553623519345,32.218077027150045
7989,-48.67035342257912,32.24799741925462
7990,-48.66502075014626,32.27787247495978
7991,-48.65953811466469,32.30770091374164
7992,-48.65390541290421,32.337481455076464
7993,-48.64812254163465,32.3672128184404
7994,-48.642189397625785,32.39689372330959
7995,-48.636105877647445,32.426522889160275
7996,-48.62987187846943,32.456099035468576
7997,-48.62348729686156,32.48562088171076
7998,-48.616952029593634,32.515087147362905
7999,-48.61026597343546,32.5444965519013
8000,-48.603429025156856,32.57384781480203
8001,-48.59644108152762,32.60313965554136
8002,-48.589302138150224,32.632370969698265
8003,-48.5820126117385,32.66154140320001
8004,-48.57457303114428,32.69065080178458
8005,-48.566983925220306,32.719699011191494
8006,-48.55924582281936,32.748685877160476
8007,-48.55135925279423,32.77761124543107
8008,-48.54332474399763,32.80647496174293
8009,-48.5351428252824,32.83527687183566
8010,-48.52681402550126,32.86401682144893
8011,-48.518338873506984,32.89269465632231
8012,-48.5097178981524,32.92131022219542
8013,-48.50095162829019,32.949863364807925
8014,-48.49204059277319,32.97835392989939
8015,-48.48298532045415,33.006781763209496
8016,-48.47378634018584,33.03514671047782
8017,-48.46444418082102,33.063448617444024
8018,-48.45495937121245,33.0916873298477
8019,-48.44533244021297,33.11986269342846
8020,-48.43556391667526,33.14797455392596
8021,-48.42565432945215,33.17602275707978
8022,-48.41560420739638,33.20400714862959
8023,-48.40541407936075,33.23192757431498
8024,-48.39508447419801,33.259783879875606
8025,-48.384615920760915,33.287575911051015
8026,-48.374008947902254,33.315303513580915
8027,-48.36326408447479,33.342966533204894
8028,-48.352381859331324,33.37056481566254
8029,-48.34136280132459,33.39809820669355
8030,-48.330207439307365,33.425566552037445
8031,-48.31891630213243,33.45296969743395
8032,-48.30748991865255,33.48030748862261
8033,-48.2959288177205,33.50757977134309
8034,-48.284233528189034,33.53478639133498
8035,-48.27240457891092,33.56192719433795
8036,-48.26044249873895,33.5890020260916
8037,-48.24834781652591,33.6160107323355
8038,-48.23612106112452,33.64295315880936
8039,-48.223762761387604,33.66982915125272
8040,-48.21127344616788,33.69663855540528
8041,-48.19865364431816,33.72338121700658
8042,-48.185903884691164,33.75005698179631
8043,-48.17302469613974,33.77666569551409
8044,-48.16001660751659,33.80320720389946
8045,-48.14688014767451,33.82968135269214
8046,-48.133615845466274,33.85608798763169
8047,-48.12022422974464,33.88242695445777
8048,-48.10670582936241,33.90869809890996
8049,-48.093061173172295,33.934901266727934
8050,-48.07929079002713,33.96103630365125
8051,-48.065395208779634,33.98710305541961
8052,-48.0513749582826,34.013101367772585
8053,-48.037230567388804,34.039031086449775
8054,-48.02296256495102,34.06489205719087
8055,-48.008571479822,34.09068412573541
8056,-47.99405784085451,34.116407137823096
8057,-47.97942217690135,34.14206093919348
8058,-47.96466501681527,34.16764537558625
8059,-47.94978688944904,34.19316029274095
8060,-47.934788323655425,34.2186055363973
8061,-47.91966984828721,34.24398095229486
8062,-47.90443199219716,34.26928638617322
8063,-47.88907528423804,34.29452168377209
8064,-47.873600253262644,34.319686690831006
8065,-47.85800742812368,34.34478125308965
8066,-47.84229733767401,34.36980521628761
8067,-47.82647051076633,34.394758426164536
8068,-47.81052747625342,34.41964072846004
8069,-47.7944687629881,34.44445196891371
8070,-47.77829489982309,34.46919199326521
8071,-47.76200641561119,34.49386064725414
8072,-47.74560383920514,34.51845777662014
8073,-47.72908769945775,34.5429832271028
8074,-47.712458525221734,34.567436844441794
8075,-47.69571684534993,34.59181847437668
8076,-47.678863188695054,34.61612796264715
8077,-47.661898084109886,34.64036515499278
8078,-47.64482206044724,34.66452989715317
8079,-47.627635646559824,34.688622034868
8080,-47.61033937130046,34.712641413876845
8081,-47.592933763521884,34.73658787991936
8082,-47.575419352076885,34.760461278735136
8083,-47.55779666581822,34.784261456063845
8084,-47.540066233598665,34.807988257645064
8085,-47.522228584271,34.831641529218395
8086,-47.50428424668799,34.85522111652353
8087,-47.48623374970239,34.878726865300024
8088,-47.46807762216698,34.90215862128755
8089,-47.44981639293456,34.92551623022568
8090,-47.431450590857835,34.948799537854086
8091,-47.41298074478965,34.97200838991235
8092,-47.39440738358272,34.99514263214013
8093,-47.3757310360898,35.01820211027702
8094,-47.356952231163746,35.04118667006263
8095,-47.33807149765724,35.064096157236634
8096,-47.319089364423135,35.08693041753859
8097,-47.300006360314114,35.10968929670818
8098,-47.28082301418302,35.132372640484974
8099,-47.261539854882564,35.154980294608634
8100,-47.242157411265566,35.177512104818746
8101,-47.222676212184744,35.199967916854966
8102,-47.20309678649291,35.22234757645692
8103,-47.183419663042855,35.24465092936418
8104,-47.16364537068729,35.26687782131641
8105,-47.14377443827903,35.289028098053215
8106,-47.12380739467079,35.311101605314235
8107,-47.103744768715416,35.333098188839045
8108,-47.08358708926563,35.355017694367355
8109,-47.0633348851742,35.3768599676387
8110,-47.04298868529392,35.39862485439272
8111,-47.02254901847755,35.42031220036908
8112,-47.00201641357788,35.441921851307356
8113,-46.981391399447624,35.4634536529472
8114,-46.960674504939625,35.48490745102821
8115,-46.93986625890657,35.50628309129002
8116,-46.91896719020133,35.52758041947225
8117,-46.89797782767658,35.54879928131454
8118,-46.87689870018513,35.56993952255649
8119,-46.85573033657979,35.59100098893771
8120,-46.83447326571326,35.61198352619785
8121,-46.813128016438384,35.6328869800765
8122,-46.79169511760785,35.65371119631334
8123,-46.77017509807448,35.6744560206479
8124,-46.748568486691035,35.695121298819906
8125,-46.7268758123103,35.71570687656889
8126,-46.70509760378499,35.73621259963455
8127,-46.683234389967936,35.75663831375647
8128,-46.66128669971191,35.77698386467424
8129,-46.639255061869626,35.797249098127544
8130,-46.617140005293926,35.817433859855946
8131,-46.5949420588375,35.837537995599135
8132,-46.5726617513532,35.857561351096656
8133,-46.550299611693724,35.8775037720882
8134,-46.527856168711885,35.89736510431336
8135,-46.505331951260445,35.917145193511715
8136,-46.48272748819216,35.93684388542296
8137,-46.46004330835985,35.95646102578667
8138,-46.43727994061619,35.975996460342486
8139,-46.414437913814076,35.99545003483003
8140,-46.39151775680617,36.01482159498892
8141,-46.368519998445294,36.034110986558765
8142,-46.345445167584195,36.05331805527922
8143,-46.32229379307566,36.07244264688989
8144,-46.299066403772486,36.09148460713036
8145,-46.27576352852737,36.110443781740315
8146,-46.25238569619315,36.12932001645931
8147,-46.22893343562255,36.14811315702704
8148,-46.205407275668406,36.166823049183066
8149,-46.181807745183406,36.18544953866706
8150,-46.15813537302037,36.203992471218584
8151,-46.13439068803205,36.22245169257732
8152,-46.11057421907121,36.24082704848287
8153,-46.086686494990666,36.25911838467482
8154,-46.06272804464313,36.27732554689285
8155,-46.03869939688142,36.29544838087652
8156,-46.01460108055826,36.313486732365504
8157,-45.99043362452646,36.331440447099396
8158,-45.966197557638765,36.34930937081784
8159,-45.94189340874795,36.36709334926046
8160,-45.91752170670681,36.384792228166816
8161,-45.89308298036808,36.40240585327662
8162,-45.868577758584564,36.41993407032942
8163,-45.844006570209,36.43737672506489
8164,-45.81936994409419,36.454733663222605
8165,-45.79466840909285,36.472004730542224
8166,-45.76990249405784,36.48918977276335
8167,-45.74507272784182,36.50628863562562
8168,-45.72017963929765,36.52330116486867
8169,-45.695223757278065,36.54022720623205
8170,-45.67020561063584,36.557066605455475
8171,-45.6451257264104,36.57381920878339
8172,-45.61998457313138,36.59048487875178
8173,-45.59478254960857,36.60706349730927
8174,-45.56952005057462,36.62355494753973
8175,-45.54419747076234,36.63995911252699
8176,-45.51881520490441,36.656275875354936
8177,-45.49337364773359,36.672505119107406
8178,-45.46787319398266,36.68864672686822
8179,-45.44231423838426,36.70470058172129
8180,-45.41669717567123,36.72066656675042
8181,-45.391022400576205,36.73654456503949
8182,-45.365290307832005,36.75233445967233
8183,-45.339501292171306,36.768036133732835
8184,-45.31365574832685,36.783649470304816
8185,-45.28775407103142,36.79917435247212
8186,-45.2617966550177,36.814610663318646
8187,-45.23578389501847,36.8299582859282
8188,-45.20971618576642,36.84521710338467
8189,-45.18359392199432,36.86038699877188
8190,-45.157417498434874,36.87546785517372
8191,-45.13118730982086,36.89045955567399
8192,-45.10490375088495,36.90536198335659
8193,-45.07856721635993,36.92017502130537
8194,-45.052178100978544,36.93489855260412
8195,-45.02573679947348,36.94953246033679
8196,-44.99924370657754,36.96407662758715
8197,-44.972699217023376,36.9785309374391
8198,-44.94610372554379,36.99289527297647
8199,-44.919457626871484,37.007169517283124
8200,-44.892761315739236,37.02135355344291
8201,-44.86601518687971,37.035447264539705
8202,-44.83921963502568,37.04945053365733
8203,-44.81237505490991,37.06336324387963
8204,-44.785481841265074,37.07718527829049
8205,-44.75854038882399,37.09091651997374
8206,-44.73155109231929,37.10455685201325
8207,-44.704514346483805,37.11810615749284
8208,-44.6774305460502,37.13156431949642
8209,-44.65030008575125,37.1449312211078
8210,-44.62312336031969,37.15820674541082
8211,-44.59590076448823,37.17139077548938
8212,-44.568632692989645,37.184483194427294
8213,-44.541319540556614,37.19748388530844
8214,-44.51396170192195,37.21039273121664
8215,-44.4865595718183,37.22320961523578
8216,-44.45911354497847,37.23593442044969
8217,-44.431624016135146,37.248567029942244
8218,-44.404091380021086,37.26110732679729
8219,-44.37651603136904,37.273555194098634
8220,-44.34889836491171,37.28591051493021
8221,-44.32123877538189,37.29817317237579
8222,-44.29353765751224,37.3103430495193
8223,-44.265795406035565,37.32242002944454
8224,-44.238012415684516,37.334403995235384
8225,-44.21018908119191,37.34629482997567
8226,-44.18232579729045,37.35809241674929
8227,-44.15442295871284,37.369796638640054
8228,-44.1264809601919,37.38140737873182
8229,-44.09850019646026,37.39292452010846
8230,-44.070481062250764,37.404347945853814
8231,-44.04242395229605,37.41567753905175
8232,-44.01432926132894,37.42691318278609
8233,-43.98619738408206,37.43805476014071
8234,-43.95802871528824,37.44910215419947
8235,-43.929823649680216,37.4600552480462
8236,-43.90158258199065,37.47091392476477
8237,-43.87330590695237,37.48167806743903
8238,-43.844994019298,37.49234755915282
8239,-43.8166473137604,37.502922282990006
8240,-43.788266185072196,37.51340212203445
8241,-43.75985102796621,37.52378695936997
8242,-43.7314022371751,37.53407667808046
8243,-43.70292020743164,37.544271161249746
8244,-43.6744053334686,37.55437029196169
8245,-43.64585801001864,37.56437395330014
8246,-43.617278631814585,37.57428202834894
8247,-43.58866759358907,37.584094400191965
8248,-43.560025290074925,37.59381095191307
8249,-43.53135211600481,37.603431566596086
8250,-43.50264846611151,37.61295612732486
8251,-43.473914735127735,37.62238451718328
8252,-43.445151317786205,37.63171661925517
8253,-43.416358608819735,37.6409523166244
8254,-43.38753700296095,37.650091492374806
8255,-43.35868689494268,37.65913402959024
8256,-43.329808679497596,37.66807981135458
8257,-43.30090275135848,37.676928720751654
8258,-43.271969505258014,37.68568064086532
8259,-43.24300933592897,37.69433545477945
8260,-43.214022638104105,37.70289304557787
8261,-43.185009806516085,37.711353296344434
8262,-43.155971235897724,37.719716090163004
8263,-43.1269073209817,37.72798131011745
8264,-43.097818456500804,37.736148839291594
8265,-43.06870503718769,37.74421856076931
8266,-43.03956745777518,37.75219035763443
8267,-43.01040611299593,37.76006411297084
8268,-42.98122139758272,37.76783970986237
8269,-42.95201370626832,37.77551703139286
8270,-42.92278343378539,37.78309596064619
8271,-42.89353097486674,37.790576380706206
8272,-42.86425672424502,37.79795817465674
8273,-42.83496107665305,37.80524122558167
8274,-42.80564442682349,37.812425416564835
8275,-42.776307169489165,37.8195106306901
8276,-42.74694969938272,37.82649675104131
8277,-42.717572411236915,37.83338366070231
8278,-42.688175699784544,37.840171242756966
8279,-42.65875995975826,37.84685938028913
8280,-42.62932558589087,37.85344795638264
8281,-42.599872972915044,37.85993685412137
8282,-42.57040251556357,37.866325956589144
8283,-42.540914608569146,37.87261514686984
8284,-42.51140964666452,37.878804308047314
8285,-42.48188802458247,37.8848933232054
8286,-42.452350137055646,37.89088207542797
8287,-42.42279637881687,37.896770447798836
8288,-42.39322714459881,37.9025583234019
8289,-42.36364282913426,37.90824558532099
8290,-42.334043827155895,37.91383211663998
8291,-42.30443053339651,37.91931780044269
8292,-42.27480334258877,37.924702519812996
8293,-42.245162649465456,37.92998615783475
8294,-42.215508848759335,37.93516859759178
8295,-42.18584233520307,37.94024972216798
8296,-42.15616350352946,37.94522941464716
8297,-42.12647274847119,37.9501075581132
8298,-42.09677046476104,37.954884035649954
8299,-42.0670570471317,37.959558730341264
8300,-42.03733289031596,37.964131525270986
8301,-42.00759838904649,37.96860230352297
8302,-41.977853938056064,37.97297094818108
8303,-41.94809993207744,37.97723734232914
8304,-41.91833676584329,37.981401369051035
8305,-41.88856483408644,37.9854629114306
8306,-41.85878453153951,37.9894218525517
8307,-41.828996252935355,37.99327807549818
8308,-41.7992003930066,37.99703146335389
8309,-41.76939734648605,38.000681899202704
8310,-41.739587508106446,38.00422926612843
8311,-41.70977127260047,38.00767344721497
8312,-41.679949034700925,38.01101432554614
8313,-41.650121189140464,38.01425178420581
8314,-41.62028813065192,38.01738570627784
8315,-41.59045025396793,38.02041597484607
8316,-41.56060795382132,38.02334247299435
8317,-41.53076162494473,38.02616508380654
8318,-41.500911662070955,38.0288836903665
8319,-41.47105845993276,38.03149817575806
8320,-41.44120241326281,38.034008423065096
8321,-41.411343916793896,38.03641431537145
8322,-41.3814833652587,38.03871573576098
8323,-41.351621153390035,38.040912567317534
8324,-41.32175767592054,38.04300469312496
8325,-41.291893327583004,38.04499199626713
8326,-41.2620285031102,38.046874359827875
8327,-41.23216359723477,38.048651666891054
8328,-41.202299004689564,38.050323800540525
8329,-41.172435120207204,38.05189064386015
8330,-41.14257233852051,38.053352079933745
8331,-41.11271105436215,38.05470799184521
8332,-41.08285166246492,38.05595826267836
8333,-41.0529945575615,38.05710277551707
8334,-41.023140134384654,38.05814141344519
8335,-40.993288787667154,38.05907405954656
8336,-40.96344091214166,38.05990059690505
8337,-40.933596902540984,38.060620908604506
8338,-40.90375715359778,38.06123487772877
8339,-40.87392206004487,38.061742387361704
8340,-40.844092016614916,38.06214332058717
8341,-40.81426741804071,38.062437560489
8342,-40.78444865905493,38.06262499015108
8343,-40.75463613439034,38.062705492657216
8344,-40.72483023877971,38.062678951091286
8345,-40.695031366955725,38.06254524853717
8346,-40.66523990191884,38.062304294463864
8347,-40.6354559982898,38.06195651195052
8348,-40.6056796032152,38.06150279067179
8349,-40.575910656302284,38.06094403725737
8350,-40.54614909715841,38.06028115833702
8351,-40.51639486539098,38.05951506054048
8352,-40.486647900607224,38.05864665049747
8353,-40.45690814241454,38.05767683483773
8354,-40.42717553042019,38.05660652019099
8355,-40.39745000423158,38.05543661318698
8356,-40.36773150345595,38.05416802045544
8357,-40.338019967700745,38.05280164862611
8358,-40.30831533657317,38.0513384043287
8359,-40.278617549680625,38.04977919419297
8360,-40.24892654663045,38.04812492484864
8361,-40.21924226702994,38.04637650292546
8362,-40.189564650486446,38.04453483505314
8363,-40.159893636607265,38.042600827861435
8364,-40.13022916499979,38.04057538798006
8365,-40.10057117527126,38.03845942203876
8366,-40.0709196070291,38.036253836667264
8367,-40.041274399880564,38.03395953849532
8368,-40.01163549343298,38.031577434152624
8369,-39.98200282729377,38.02910843026896
8370,-39.952376341070156,38.02655343347403
8371,-39.92275597436956,38.02391335039758
8372,-39.8931416667992,38.02118908766933
8373,-39.863533357966524,38.01838155191903
8374,-39.833930987478766,38.0154916497764
8375,-39.80433449494331,38.01252028787118
8376,-39.77474381996749,38.00946837283312
8377,-39.74515890215858,38.006336811291916
8378,-39.715579681123984,38.00312650987735
8379,-39.686006096470955,37.999838375219106
8380,-39.656438087806904,37.99647331394696
8381,-39.626875594739076,37.99303223269061
8382,-39.59731855687487,37.98951603807981
8383,-39.56776691382156,37.9859256367443
8384,-39.538220605186496,37.98226193531381
8385,-39.508679570577044,37.978525840418044
8386,-39.47914374960047,37.974718258686785
8387,-39.449613081864165,37.970840096749725
8388,-39.42008750697541,37.96689226123663
8389,-39.39056696454157,37.96287565877721
8390,-39.361051394169934,37.9587911960012
8391,-39.33154073546789,37.954639779538354
8392,-39.30203492804268,37.95042231601838
8393,-39.27253391150171,37.946139712071044
8394,-39.24303762545231,37.941792874326055
8395,-39.213546009501734,37.937382709413136
8396,-39.18405900325742,37.93291012396206
8397,-39.15457654632658,37.92837602460253
8398,-39.12509857831665,37.92378131796428
8399,-39.09562503883487,37.91912691067706
8400,-39.06615586748862,37.91441370937058
8401,-39.036691003885245,37.90964262067461
8402,-39.00723038763201,37.90481455121884
8403,-38.97777395833633,37.89993040763305
8404,-38.94832165560545,37.89499109654694
8405,-38.918873419046776,37.889997524590264
8406,-38.88942918826755,37.884950598392734
8407,-38.85998890287518,37.879851224584094
8408,-38.83055250247694,37.87470030979408
8409,-38.80111992668019,37.86949876065243
8410,-38.77169111509228,37.86424748378888
8411,-38.742266007320474,37.85894738583314
8412,-38.712844542972185,37.85359937341498
8413,-38.68342666165467,37.8482043531641
8414,-38.65401230297531,37.842763231710265
8415,-38.624601406541366,37.83727691568317
8416,-38.59519391196025,37.831746311712585
8417,-38.56578975883923,37.82617232642823
8418,-38.536388886785645,37.82055586645983
8419,-38.506991235406886,37.81489783843714
8420,-38.47759674431018,37.80919914898986
8421,-38.44820535310296,37.80346070474777
8422,-38.41881700139246,37.79768341234056
8423,-38.3894316287861,37.79186817839799
8424,-38.360049174891124,37.78601590954979
8425,-38.33066957931489,37.78012751242568
8426,-38.30129278166479,37.77420389365541
8427,-38.27191872154806,37.76824595986871
8428,-38.2425473385721,37.76225461769531
8429,-38.213178572344184,37.75623077376494
8430,-38.1838123624717,37.75017533470736
8431,-38.15444864856192,37.74408920715226
8432,-38.12508737022222,37.737973297729404
8433,-38.095728467059864,37.73182851306851
8434,-38.06637187868224,37.725655759799324
8435,-38.037017544696695,37.719455944551584
8436,-38.00766540471049,37.71322997395501
8437,-37.97831539852603,37.70697875061858
8438,-37.94896747465873,37.70070299750522
8439,-37.91962159364504,37.69440318973262
8440,-37.89027771689931,37.68807978431355
8441,-37.86093580583616,37.68173323826082
8442,-37.83159582186997,37.675364008587145
8443,-37.802257726415256,37.66897255230533
8444,-37.772921480886566,37.66255932642816
8445,-37.74358704669829,37.65612478796837
8446,-37.71425438526499,37.649669393938765
8447,-37.684923458001066,37.643193601352095
8448,-37.655594226321085,37.636697867221145
8449,-37.626266651639476,37.63018264855868
8450,-37.596940695370726,37.623648402377476
8451,-37.56761631892935,37.61709558569029
8452,-37.53829348372982,37.61052465550992
8453,-37.50897215118662,37.60393606884912
8454,-37.479652282714206,37.59733028272068
8455,-37.450333839727115,37.59070775413733
8456,-37.421016783639764,37.58406894011189
8457,-37.391701075866706,37.5774142976571
8458,-37.362386677822364,37.57074428378575
8459,-37.33307355092125,37.564059355510594
8460,-37.30376165657787,37.557359969844434
8461,-37.27445095620665,37.5506465838
8462,-37.24514141122216,37.54391965439011
8463,-37.21583298303877,37.53717963862749
8464,-37.186525633071085,37.530426993524955
8465,-37.15721932273348,37.52366217609524
8466,-37.12791401344053,37.51688564335114
8467,-37.098609666606635,37.510097852305414
8468,-37.069306243646324,37.50329925997084
8469,-37.04000370597412,37.496490323360206
8470,-37.01070201500442,37.48967149948624
8471,-36.98140113215179,37.48284324536176
8472,-36.95210101883064,37.4760060179995
8473,-36.92280163645553,37.46916027441228
8474,-36.89350294644086,37.46230647161281
8475,-36.86420491020116,37.45544506661392
8476,-36.83490748915095,37.448576516428346
8477,-36.80561064470463,37.44170127806886
8478,-36.77631433827677,37.43481980854826
8479,-36.74701853128176,37.42793256487929
8480,-36.71772318513419,37.42104000407474
8481,-36.688428261248454,37.414142583147374
8482,-36.659133721039105,37.40724075910997
8483,-36.62983952592053,37.40033498897527
8484,-36.600545637307306,37.39342572975609
8485,-36.571252016613926,37.3865134384652
8486,-36.54195862525477,37.37959857211532
8487,-36.512665424644446,37.37268158771928
8488,-36.48337237619734,37.36576294228982
8489,-36.454079441328,37.35884309283972
8490,-36.42478658145086,37.351922496381746
8491,-36.39549375798044,37.34500160992867
8492,-36.366200932331196,37.338080890493295
8493,-36.336908065917605,37.33116079508834
8494,-36.30761512015423,37.324241780726624
8495,-36.278322056455444,37.317324304420886
8496,-36.24902883623582,37.31040882318391
8497,-36.219735420909785,37.30349579402848
8498,-36.19044177189187,37.29658567396735
8499,-36.1611478505965,37.2896789200133
8500,-36.131853618438186,37.282775989179086
8501,-36.102559036831444,37.275877338477514
8502,-36.073264067190706,37.268983424921316
8503,-36.043968670930504,37.262094705523296
8504,-36.01467280946527,37.255211637296206
8505,-35.98537644420956,37.24833467725284
8506,-35.956079536577754,37.24146428240593
8507,-35.92678204798445,37.23460090976829
8508,-35.89748393984402,37.22774501635267
8509,-35.86818517357102,37.22089705917184
8510,-35.83888571057996,37.214057495238585
8511,-35.809585512285224,37.207226781565666
8512,-35.78028454010141,37.20040537516587
8513,-35.75098275544289,37.19359373305194
8514,-35.721680119724255,37.18679231223668
8515,-35.6923765943599,37.180001569732845
8516,-35.66307214076438,37.173221962553214
8517,-35.63376672035211,37.166453947710544
8518,-35.60446029453759,37.159697982217615
8519,-35.57515282473537,37.15295452308721
8520,-35.54584427235985,37.14622402733208
8521,-35.51653459882557,37.13950695196502
8522,-35.48722376554698,37.13280375399877
8523,-35.4579117339386,37.126114890446146
8524,-35.428598466289614,37.119440802311736
8525,-35.399283938868514,37.11278167477716
8526,-35.36996813917939,37.106137487410116
8527,-35.340651055044034,37.09950821396243
8528,-35.31133267428439,37.09289382818598
8529,-35.28201298472224,37.0862943038326
8530,-35.25269197417953,37.07970961465416
8531,-35.223369630478025,37.07313973440249
8532,-35.194045941439676,37.06658463682947
8533,-35.16472089488627,37.06004429568693
8534,-35.13539447863971,37.05351868472672
8535,-35.1060666805219,37.04700777770071
8536,-35.076737488354595,37.04051154836074
8537,-35.047406889959774,37.034029970458676
8538,-35.01807487315921,37.027563017746346
8539,-34.98874142577482,37.021110663975634
8540,-34.9594065356284,37.014672882898346
8541,-34.93007019054187,37.008249648266386
8542,-34.9007323783371,37.00184093383157
8543,-34.87139308683591,36.99544671334578
8544,-34.84205230386019,36.98906696056084
8545,-34.81271001723177,36.98270164922861
8546,-34.78336621477258,36.97635075310096
8547,-34.75402088430439,36.970014245929704
8548,-34.72467401364914,36.963692101466734
8549,-34.69532559062862,36.95738429346388
8550,-34.665975603064744,36.951090795673004
8551,-34.63662403877939,36.944811581845954
8552,-34.60727088559435,36.93854662573458
8553,-34.57791613133158,36.93229590109075
8554,-34.54855976381284,36.92605938166628
8555,-34.519201770860086,36.919837041213064
8556,-34.48984214029509,36.913628853482926
8557,-34.4604808599398,36.90743479222773
8558,-34.431117917615985,36.90125483119933
8559,-34.401753301145575,36.89508894414957
8560,-34.37238699835045,36.888937104830305
8561,-34.3430189970524,36.88279928699338
8562,-34.31364928507335,36.876675464390686
8563,-34.28427785023511,36.87056561077401
8564,-34.254904680359594,36.86446969989526
8565,-34.22552976326861,36.85838770550627
8566,-34.19615308678405,36.85231960135887
8567,-34.1667746387278,36.84626536120495
8568,-34.137394406921665,36.840224958796334
8569,-34.10801237918758,36.83419836788489
8570,-34.07862854334731,36.82818556222246
8571,-34.04924288722282,36.8221865155609
8572,-34.01985539863588,36.81620120165207
8573,-33.990466065408434,36.81022959424781
8574,-33.961074875362264,36.80427166709997
8575,-33.93168181631927,36.798327393960406
8576,-33.90228687610137,36.792396748581
8577,-33.87289004253032,36.786479704713564
8578,-33.843491303428074,36.78057623610996
8579,-33.814090646616414,36.77468631652204
8580,-33.78468805991727,36.768809919701674
8581,-33.755283531152465,36.76294701940069
8582,-33.72587704814388,36.75709758937095
8583,-33.69646859871334,36.751261603364306
8584,-33.66705817068275,36.74543903513262
8585,-33.637645751873976,36.73962985842773
8586,-33.608231330108836,36.73383404700151
8587,-33.57881489320924,36.728051574605765
8588,-33.54939642899701,36.7222824149924
8589,-33.51997592529404,36.71652654191324
8590,-33.49055336992215,36.71078392912013
8591,-33.46112875070322,36.70505455036495
8592,-33.43170205545917,36.699338379399535
8593,-33.40227327201176,36.69363538997574
8594,-33.37284238818295,36.68794555584542
8595,-33.343409391794516,36.68226885076041
8596,-33.31397427066839,36.676605248472576
8597,-33.28453701262637,36.670954722733775
8598,-33.255097605490405,36.66531724729587
8599,-33.225656037082246,36.65969279591067
8600,-33.19621229522381,36.65408134233006
8601,-33.16676636773702,36.648482860305904
8602,-33.13731824244361,36.64289732359001
8603,-33.10786790716557,36.637324705934276
8604,-33.078415349724665,36.63176498109054
8605,-33.04896055794282,36.62621812281064
8606,-33.019503519641844,36.62068410484643
8607,-32.99004422264366,36.61516290094979
8608,-32.96058265477006,36.60965448487254
8609,-32.931118803842935,36.604158830366536
8610,-32.9016526576842,36.59867591118366
8611,-32.872184204115634,36.593205701075725
8612,-32.842713430959165,36.587748173794616
8613,-32.813240326036585,36.582303303092154
8614,-32.78376487716984,36.576871062720215
8615,-32.7542870721807,36.571451426430635
8616,-32.72480689889108,36.56604436797527
8617,-32.69532434512289,36.56064986110601
8618,-32.665839398697884,36.55526787957464
8619,-32.636352047438024,36.54989839713307
8620,-32.60686227916508,36.54454138753311
8621,-32.577370081701,36.539196824526634
8622,-32.54787544286758,36.533864681865495
8623,-32.51837835048673,36.528544933301546
8624,-32.488878792380255,36.52323755258663
8625,-32.459376756370055,36.5179425134726
8626,-32.42987223027803,36.512659789711314
8627,-32.40036520192596,36.50738935505462
8628,-32.370855659135785,36.50213118325438
8629,-32.3413435897293,36.49688524806243
8630,-32.31182898152841,36.49165152323063
8631,-32.28231182235494,36.48642998251084
8632,-32.25279210003082,36.481220599654904
8633,-32.223269802377814,36.47602334841466
8634,-32.19374491721784,36.470838202541984
8635,-32.164217432372794,36.465665135788726
8636,-32.134687335664466,36.46050412190672
8637,-32.105154614914795,36.45535513464785
8638,-32.07561925794556,36.450218147763934
8639,-32.04608125257869,36.44509313500684
8640,-32.01654058663599,36.43998007012842
8641,-31.986997247939353,36.43487892688052
8642,-31.957451224310667,36.429789679015
8643,-31.92790250357174,36.424712300283716
8644,-31.89835107354449,36.419646764438504
8645,-31.86879692205071,36.41459304523122
8646,-31.839240036912347,36.40955111641374
8647,-31.80968040595117,36.40452095173788
8648,-31.780118016989128,36.39950252495552
8649,-31.750552857848014,36.39449580981851
8650,-31.720984916349714,36.38950078007867
8651,-31.691414180316126,36.3845174094879
8652,-31.66184063756905,36.37954567179802
8653,-31.632264275930407,36.3745855407609
8654,-31.602685083221992,36.369636990128356
8655,-31.57310304726575,36.3646999936523
8656,-31.543518155883454,36.35977452508453
8657,-31.51393039689705,36.35486055817693
8658,-31.48433975812833,36.34995806668134
8659,-31.454746227399163,36.34506702434962
8660,-31.425149792531485,36.3401874049336
8661,-31.395550441347073,36.33531918218517
8662,-31.365948161667852,36.33046232985615
8663,-31.33634294131562,36.325616821698404
8664,-31.306734768112303,36.320782631463786
8665,-31.277123629879696,36.31595973290413
8666,-31.247509514439706,36.31114809977132
8667,-31.21789240961422,36.306347705817196
8668,-31.188272303225016,36.30155852479359
8669,-31.158649183094067,36.296780530452395
8670,-31.12902303704312,36.29201369654542
8671,-31.09939385289413,36.28725799682454
8672,-31.06976161846888,36.2825134050416
8673,-31.04012632158931,36.27777989494845
8674,-31.010487950077206,36.27305744029695
8675,-30.980846491754473,36.268346014838954
8676,-30.951201934442995,36.263645592326306
8677,-30.92155426596458,36.25895614651087
8678,-30.89190347414115,36.25427765114449
8679,-30.862249546794484,36.249610079979014
8680,-30.832592471746537,36.24495340676629
8681,-30.802932236819093,36.240307605258195
8682,-30.77326882983408,36.23567264920656
8683,-30.743602238613285,36.23104851236324
8684,-30.713932450978614,36.22643516848009
8685,-30.684259454751974,36.22183259130896
8686,-30.654583237755133,36.217240754601704
8687,-30.624903787810034,36.212659632110174
8688,-30.59522109273848,36.208089197586226
8689,-30.565535140362385,36.203529424781706
8690,-30.53584591850355,36.198980287448464
8691,-30.50615341498386,36.19444175933835
8692,-30.47645761762524,36.189913814203244
8693,-30.446758514249453,36.18539642579496
8694,-30.417056092678436,36.18088956786537
8695,-30.38735034073399,36.17639321416633
8696,-30.357641246238046,36.171907338449685
8697,-30.327928797012394,36.167431914467286
8698,-30.298212980878972,36.162966915971005
8699,-30.26849378565955,36.15851231671264
8700,-30.238771199176046,36.15406809044409
8701,-30.20904521143109,36.14963422719061
8702,-30.179315836423044,36.14521089604194
8703,-30.149583103011405,36.14079837698544
8704,-30.119847040276785,36.136396951659535
8705,-30.090107677299947,36.132006901702695
8706,-30.06036504316151,36.12762850875335
8707,-30.03061916694222,36.12326205444993
8708,-30.00087007772271,36.11890782043087
8709,-29.97111780458368,36.11456608833462
8710,-29.94136237660587,36.110237139799615
8711,-29.91160382286989,36.10592125646429
8712,-29.8818421724565,36.101618719967085
8713,-29.85207745444631,36.09732981194644
8714,-29.822309697920083,36.093054814040805
8715,-29.792538931958436,36.088794007888595
8716,-29.76276518564209,36.08454767512827
8717,-29.732988488051756,36.08031609739825
8718,-29.703208868268064,36.07609955633699
8719,-29.67342635537177,36.07189833358292
8720,-29.643640978443486,36.06771271077449
8721,-29.61385276656397,36.06354296955013
8722,-29.58406174881384,36.059389391548265
8723,-29.55426795427385,36.05525225840736
8724,-29.52447141202462,36.05113185176583
8725,-29.494672151146876,36.047028453262136
8726,-29.464870200721325,36.042942344534694
8727,-29.435065589828596,36.03887380722196
8728,-29.405258347549438,36.03482312296236
8729,-29.37544850296448,36.030790573394356
8730,-29.34563608515447,36.026776440156354
8731,-29.315821123200024,36.022781004886816
8732,-29.286003646181904,36.01880454922417
8733,-29.256183683180723,36.01484735480687
8734,-29.2263612632772,36.01090970327333
8735,-29.196536415552064,36.006991876262
8736,-29.16670916908592,36.003094155411326
8737,-29.136879552959545,35.99921682235975
8738,-29.10704759625353,35.99536015874568
8739,-29.077213328048657,35.9915244462076
8740,-29.047376777425523,35.9877099663839
8741,-29.017537973464858,35.98391700091306
8742,-28.98769694524739,35.98014583143351
8743,-28.957853721853727,35.97639673958367
8744,-28.928008332364623,35.97267000700199
8745,-28.8981608058607,35.968965915326905
8746,-28.868311171422718,35.965284746196865
8747,-28.83845945813129,35.9616267812503
8748,-28.808605695067175,35.957992302125646
8749,-28.77874991131098,35.954381590461345
8750,-28.748892135943443,35.95079492789584
8751,-28.719032398045275,35.94723259606757
8752,-28.689170726697093,35.94369487661496
8753,-28.659307150979657,35.94018205117647
8754,-28.629441699973583,35.936694401390504
8755,-28.59957440275962,35.93323220889555
8756,-28.569705288418408,35.92979575533002
8757,-28.53983438603064,35.92638532233233
8758,-28.509961724677055,35.923001191540955
8759,-28.480087333438274,35.919643644594316
8760,-28.45021124139503,35.916312963130856
8761,-28.420333477627963,35.91300942878901
8762,-28.39045407121782,35.909733323207234
8763,-28.360573051245215,35.90648492802394
8764,-28.330690446790918,35.9032645248776
8765,-28.300806286935533,35.90007239540661
8766,-28.270920600759787,35.89690882124945
8767,-28.2410334173444,35.89377408404452
8768,-28.21114476576999,35.89066846543029
8769,-28.18125467511731,35.887592247045184
8770,-28.15136317446699,35.88454571052765
8771,-28.121470292899758,35.881529137516104
8772,-28.091576059496262,35.878542809649026
8773,-28.061680503337243,35.87558700856481
8774,-28.031783653503325,35.87266201590192
8775,-28.00188553907522,35.86976811329879
8776,-27.971986189133663,35.86690558239387
8777,-27.942085632759255,35.86407470482557
8778,-27.91218389903277,35.86127576223237
8779,-27.882281017034803,35.858509036252656
8780,-27.852377015846137,35.85577480852491
8781,-27.82247192454737,35.85307336068755
8782,-27.792565772219223,35.85040497437902
8783,-27.762658587942436,35.84776993123777
8784,-27.7327504007976,35.84516851290221
8785,-27.70284123986549,35.842601001010806
8786,-27.672931134226722,35.84006767720199
8787,-27.643020112962045,35.83756882311419
8788,-27.613108205152077,35.83510472038585
8789,-27.58319543987759,35.832675650655425
8790,-27.55328184621918,35.83028189556134
8791,-27.523367453257578,35.82792373674202
8792,-27.493452290073503,35.82560145583593
8793,-27.463536385747574,35.82331533448149
8794,-27.433619769360547,35.821065654317145
8795,-27.403702469993036,35.81885269698133
8796,-27.37378451672581,35.81667674411249
8797,-27.343865938639475,35.81453807734907
8798,-27.313946764814776,35.81243697832948
8799,-27.284027024332357,35.81037372869219
8800,-27.25410674627292,35.808348610075626
8801,-27.224185959717193,35.80636190411823
8802,-27.19426469374579,35.80441389245843
8803,-27.16434297743948,35.802504856734686
8804,-27.134420839878864,35.80063507858542
8805,-27.104498310144702,35.798804839649065
8806,-27.074575417317607,35.797014421564064
8807,-27.044652190478324,35.79526410596888
8808,-27.014728658707547,35.79355417450192
8809,-26.984804851085904,35.79188490880165
8810,-26.954880796694155,35.79025659050647
8811,-26.924956524612906,35.78866950125486
8812,-26.895032063922937,35.78712392268525
8813,-26.865107443704836,35.785620136436044
8814,-26.83518269303937,35.78415842414572
8815,-26.805257841007172,35.78273906745271
8816,-26.775332916688935,35.78136234799543
8817,-26.745407949165408,35.78002854741235
8818,-26.71548296751719,35.778737947341895
8819,-26.68555800082504,35.77749082942248
8820,-26.655633078169586,35.77628747529259
8821,-26.625708228631566,35.775128166590626
8822,-26.595783481291615,35.774013184955045
8823,-26.565858865230485,35.772942812024276
8824,-26.53593440952878,35.77191732943676
8825,-26.50601014326724,35.77093701883095
8826,-26.476086095526586,35.77000216184527
8827,-26.446162295387413,35.769113040118164
8828,-26.4162387719305,35.76826993528807
8829,-26.386315554236457,35.767473128993416
8830,-26.356392671386033,35.766722902872644
8831,-26.32647015245986,35.766019538564215
8832,-26.296548026538645,35.76536331770654
8833,-26.266626322703125,35.76475452193807
8834,-26.236705070033896,35.76419343289725
8835,-26.206784297611733,35.763680332222506
8836,-26.17686403451724,35.76321550155228
8837,-26.14694430983119,35.76279922252501
8838,-26.11702515263418,35.76243177677914
8839,-26.087106592006993,35.76211344595312
8840,-26.05718865703021,35.761844511685354
8841,-26.027271376784586,35.76162525561433
8842,-25.99735478035083,35.76145595937844
8843,-25.96743889680954,35.76133690461612
8844,-25.937523755241507,35.76126837296586
8845,-25.907609384727326,35.76125064606605
8846,-25.877695814347756,35.761284005555154
8847,-25.847783073183418,35.7613687330716
8848,-25.817871190315078,35.76150511025384
8849,-25.787960194823327,35.76169341874029
8850,-25.758050115788908,35.761933940169406
8851,-25.728140982292537,35.76222695617963
8852,-25.698232823414834,35.76257274840938
8853,-25.66832566823655,35.762971598497124
8854,-25.638419545838307,35.763423788081276
8855,-25.608514485300855,35.76392959880028
8856,-25.578610515704817,35.76448931229258
8857,-25.548707666130912,35.76510321019663
8858,-25.518805965659855,35.76577157415082
8859,-25.488905443372275,35.76649468579364
8860,-25.459006128348932,35.7672728267635
8861,-25.429108049670432,35.768106278698866
8862,-25.399211236417525,35.76899532323813
8863,-25.369315717670844,35.76994024201977
8864,-25.339421522511135,35.770941316682226
8865,-25.30952868001902,35.771998828863914
8866,-25.27963721927522,35.77311306020328
8867,-25.24974716936046,35.77428429233878
8868,-25.219858559355348,35.77551280690882
8869,-25.189971418340647,35.77679888555186
8870,-25.160085775396976,35.77814280990634
8871,-25.130201659605078,35.77954486161069
8872,-25.100319100045592,35.781005322303365
8873,-25.070438125799257,35.782524473622786
8874,-25.040558765946695,35.784102597207394
8875,-25.010681049568625,35.78573997469563
8876,-24.98080500574578,35.78743688772593
8877,-24.95093066355876,35.789193617936746
8878,-24.92105805208834,35.791010446966496
8879,-24.891187200501886,35.792887656171196
8880,-24.861318164085976,35.794825441882615
8881,-24.83145106074971,35.79682379657964
8882,-24.80158601759312,35.79888268282269
8883,-24.771723161716196,35.80100206317224
8884,-24.74186262021887,35.80318190018873
8885,-24.71200452020118,35.805422156432634
8886,-24.68214898876302,35.80772279446436
8887,-24.652296153004464,35.81008377684441
8888,-24.62244614002541,35.81250506613321
8889,-24.592599076925897,35.81498662489121
8890,-24.562755090805858,35.817528415678886
8891,-24.532914308765267,35.82013040105666
8892,-24.503076857904176,35.822792543584995
8893,-24.473242865322472,35.82551480582434
8894,-24.443412458120214,35.82829715033516
8895,-24.413585763397297,35.831139539677906
8896,-24.38376290825379,35.83404193641301
8897,-24.35394401978958,35.83700430310093
8898,-24.324129225104738,35.84002660230215
8899,-24.294318651299147,35.843108796577084
8900,-24.26451242547284,35.84625084848621
8901,-24.23471067472583,35.849452720589944
8902,-24.204913526158002,35.85271437544877
8903,-24.17512110686943,35.856035775623134
8904,-24.14533354396002,35.859416883673504
8905,-24.11555096452981,35.86285766216029
8906,-24.085773495678712,35.86635807364398
8907,-24.05600126450674,35.86991808068501
8908,-24.026234398113914,35.87353764584384
8909,-23.99647302360014,35.877216731680925
8910,-23.966717268065448,35.88095530075669
8911,-23.936967258609773,35.88475331563162
8912,-23.907223122333153,35.88861073886616
8913,-23.877484986335485,35.89252753302074
8914,-23.84775297771684,35.89650366065585
8915,-23.818027223577108,35.90053908433191
8916,-23.788307851016306,35.90463376660939
8917,-23.75859498713446,35.90878767004874
8918,-23.72888875903146,35.91300075721039
8919,-23.69918929380737,35.917272990654816
8920,-23.669496718562087,35.92160433294247
8921,-23.639811160395666,35.92599474663379
8922,-23.610132746408016,35.930444194289244
8923,-23.580461603699185,35.93495263846927
8924,-23.55079785936907,35.93952004173433
8925,-23.521141640517712,35.944146366644894
8926,-23.491493074245092,35.94883157576136
8927,-23.46185228765113,35.95357563164422
8928,-23.43221940783589,35.958378496853925
8929,-23.402594561899257,35.96324013395091
8930,-23.372977876941302,35.96816050549565
8931,-23.343369480061916,35.97313957404859
8932,-23.313769498361115,35.97817730217017
8933,-23.284178058938927,35.98327365242085
8934,-23.254595288895246,35.98842858736108
8935,-23.225021315330117,35.9936420695513
8936,-23.19545626534346,35.99891406155201
8937,-23.165900266035322,36.004244525923596
8938,-23.136353444505602,36.00963342522655
8939,-23.10681592785436,36.015080722021324
8940,-23.077287843181487,36.020586378868344
8941,-23.04776931758702,36.0261503583281
8942,-23.01826047817097,36.03177262296103
8943,-22.98876145203322,36.03745313532756
8944,-22.95927236627385,36.04319185798818
8945,-22.929793347992746,36.04898875350331
8946,-22.90032452428996,36.054843784433416
8947,-22.87086602226541,36.06075691333898
8948,-22.84141796901914,36.06672810278039
8949,-22.81198049165106,36.07275731531816
8950,-22.782553717261173,36.07884451351269
8951,-22.753137772949515,36.084989659924474
8952,-22.723732785815965,36.09119271711394
8953,-22.69433888296059,36.09745364764155
8954,-22.6649561914833,36.103772414067755
8955,-22.635584838484142,36.110148978953006
8956,-22.60622495106301,36.116583304857755
8957,-22.576876656319932,36.12307535434246
8958,-22.547540081354917,36.12962508996755
8959,-22.518215353267877,36.136232474293514
8960,-22.488902599158866,36.14289746988078
8961,-22.45960194612777,36.1496200392898
8962,-22.430313521274662,36.15640014508103
8963,-22.40103745169943,36.163237749814925
8964,-22.371773864502142,36.17013281605192
8965,-22.342522886782692,36.1770853063525
8966,-22.313284645641104,36.1840951832771
8967,-22.284059268177387,36.191162409386166
8968,-22.25484688149144,36.19828694724016
8969,-22.225647612683336,36.20546875939953
8970,-22.19646158885295,36.212707808424724
8971,-22.167288937100356,36.22000405687619
8972,-22.138129784525454,36.227357467314405
8973,-22.108984258228258,36.2347680022998
8974,-22.079852485308788,36.242235624392826
8975,-22.050734592866938,36.249760296153944
8976,-22.021630708002768,36.257341980143586
8977,-21.992540957816175,36.26498063892224
8978,-21.963465469407232,36.27267623505033
8979,-21.93440436987582,36.28042873108833
8980,-21.905357786322003,36.28823808959665
8981,-21.87632584584568,36.296104273135796
8982,-21.847308675546866,36.30402724426619
8983,-21.818306402525586,36.312006965548285
8984,-21.789319153881742,36.32004339954254
8985,-21.760347056715375,36.3281365088094
8986,-21.7313902381264,36.33628625590933
8987,-21.702448825214866,36.34449260340276
8988,-21.673522945080684,36.35275551385018
8989,-21.644612724823894,36.36107494981199
8990,-21.61571829154441,36.369450873848685
8991,-21.586839772342238,36.3778832485207
8992,-21.55797729431741,36.38637203638849
8993,-21.52913098456982,36.39491720001251
8994,-21.50030097019952,36.40351870195321
8995,-21.471487378306406,36.412176504771026
8996,-21.44269033599055,36.420890571026426
8997,-21.413909970351845,36.42966086327987
8998,-21.385146408490307,36.438487344091804
8999,-21.35639977750596,36.44736997602267
9000,-21.327670204498688,36.45630872163294
9001,-21.298957816568567,36.46530354348303
9002,-21.270262740815483,36.47435440413343
9003,-21.241585104339496,36.48346126614456
9004,-21.212925034240516,36.49262409207692
9005,-21.18428265761859,36.5018428444909
9006,-21.15565810157363,36.511117485947025
9007,-21.127051493205627,36.520447979005674
9008,-21.098462959614622,36.52983428622733
9009,-21.06989262790051,36.53927637017246
9010,-21.04134062516335,36.54877419340149
9011,-21.012807078503045,36.55832771847491
9012,-20.98429211501963,36.567936907953104
9013,-20.955795861813034,36.57760172439661
9014,-20.927318445983296,36.58732213036582
9015,-20.898859994630318,36.59709808842119
9016,-20.87042063485413,36.60692956112321
9017,-20.84200049375473,36.616816511032276
9018,-20.81359969843203,36.62675890070889
9019,-20.785218375986087,36.636756692713476
9020,-20.756856653516802,36.646809849606505
9021,-20.728514658124222,36.65691833394841
9022,-20.700192516908267,36.667082108299674
9023,-20.67189035696893,36.677301135220716
9024,-20.643608305406243,36.68757537727199
9025,-20.61534648932011,36.697904797013976
9026,-20.587105035810573,36.70828935700708
9027,-20.558884071977545,36.71872901981182
9028,-20.530683724921076,36.72922374798857
9029,-20.502504121741072,36.739773504097855
9030,-20.474345389537586,36.75037825070008
9031,-20.446207655410518,36.761037950355714
9032,-20.418091046459892,36.77175256562521
9033,-20.38999568978571,36.78252205906902
9034,-20.361921712487884,36.793346393247575
9035,-20.333869241666473,36.80422553072136
9036,-20.305838404421372,36.815159434050805
9037,-20.277829327852636,36.826148065796374
9038,-20.249842139060167,36.83719138851851
9039,-20.22187696514403,36.84828936477767
9040,-20.193933933204114,36.85944195713433
9041,-20.16601317034044,36.8706491281489
9042,-20.138114803653025,36.88191084038184
9043,-20.11023896024177,36.89322705639362
9044,-20.082385767206734,36.90459773874469
9045,-20.054555351647817,36.916022849995485
9046,-20.026747840665067,36.92750235270646
9047,-19.998963361358403,36.939036209438115
9048,-19.97120204082782,36.95062438275084
9049,-19.94346400617335,36.9622668352051
9050,-19.91574938449489,36.97396352936136
9051,-19.888058302892492,36.98571442778007
9052,-19.86039088846607,36.99751949302169
9053,-19.832747268315664,37.00937868764665
9054,-19.805127569541185,37.02129197421543
9055,-19.77753191924268,37.033259315288454
9056,-19.749960444520067,37.045280673426205
9057,-19.722413272473354,37.057356011189114
9058,-19.69489053020254,37.06948529113762
9059,-19.66739234480755,37.0816684758322
9060,-19.63991884338843,37.09390552783329
9061,-19.612470153045095,37.106196409701376
9062,-19.585046400877573,37.11854108399686
9063,-19.55764771398579,37.13093951328024
9064,-19.530274219469796,37.143391660111924
9065,-19.502926044429483,37.1558974870524
9066,-19.47560331596488,37.168456956662105
9067,-19.448306161175996,37.181070031501484
9068,-19.421034707162733,37.19373667413101
9069,-19.393789081025147,37.206456847111106
9070,-19.366569409863143,37.21923051300226
9071,-19.339375820776777,37.2320576343649
9072,-19.312208440865945,37.24493817375949
9073,-19.285067397230666,37.25787209374648
9074,-19.257952816970956,37.270859356886284
9075,-19.230864827186725,37.28389992573942
9076,-19.203803554978013,37.29699376286628
9077,-19.176769127444743,37.31014083082738
9078,-19.14976167168694,37.3233410921831
9079,-19.12278131480454,37.33659450949396
9080,-19.09582818389757,37.34990104532036
9081,-19.06890240606595,37.363260662222785
9082,-19.04200410840969,37.37667332276167
9083,-19.015133418028803,37.390138989497466
9084,-18.988290462023194,37.40365762499063
9085,-18.96147536749292,37.417229191801624
9086,-18.934688261537886,37.430853652490896
9087,-18.90792927125813,37.44453096961887
9088,-18.881198523753582,37.45826110574604
9089,-18.85449614612427,37.47204402343284
9090,-18.827822265470118,37.48587968523971
9091,-18.80117700889113,37.49976805372714
9092,-18.77456050348732,37.51370909145552
9093,-18.7479728763586,37.52770276098536
9094,-18.721414254605012,37.54174902487708
9095,-18.69488476532647,37.55584784569115
9096,-18.668384535623023,37.569999185987996
9097,-18.64191369259458,37.58420300832811
9098,-18.615472363341155,37.59845927527192
9099,-18.589060674962763,37.61276794937988
9100,-18.562678754559297,37.62712899321244
9101,-18.536326729230822,37.64154236933004
9102,-18.510004726077238,37.65600804029316
9103,-18.4837128721986,37.67052596866223
9104,-18.45745129469482,37.68509611699774
9105,-18.43122012066593,37.699718447860086
9106,-18.40501947721186,37.71439292380976
9107,-18.3788494914326,37.7291195074072
9108,-18.352710290428178,37.74389816121285
9109,-18.326602001298507,37.7587288477872
9110,-18.30052475114362,37.773611529690626
9111,-18.274478667063438,37.78854616948366
9112,-18.248463876158002,37.803532729726705
9113,-18.222480505527226,37.81857117298025
9114,-18.19652868227115,37.8336614618047
9115,-18.17060853348971,37.84880355876058
9116,-18.14472018628288,37.86399742640827
9117,-18.11886376775069,37.879243027308235
9118,-18.093039404993053,37.89454032402096
9119,-18.067247225110016,37.90988927910687
9120,-18.041487355201493,37.92528985512643
9121,-18.015759922367522,37.94074201464008
9122,-17.99006505370801,37.95624572020829
9123,-17.96440287632298,37.971800934391496
9124,-17.938773517312438,37.98740761975015
9125,-17.9131771037763,38.00306573884472
9126,-17.887613762814603,38.01877525423564
9127,-17.862083621527265,38.03453612848337
9128,-17.83658680701433,38.05034832414835
9129,-17.811123446375717,38.06621180379108
9130,-17.78569366671146,38.08212652997194
9131,-17.76029759512148,38.09809246525145
9132,-17.734935358705773,38.11410957219
9133,-17.709607084564368,38.13017781334808
9134,-17.68431289979717,38.14629715128616
9135,-17.659052931504224,38.16246754856463
9136,-17.633827306785445,38.17868896774401
9137,-17.60863615274087,38.19496137138469
9138,-17.583479596470422,38.211284722047175
9139,-17.558357765074135,38.22765898229188
9140,-17.53327078565193,38.24408411467929
9141,-17.508218785303814,38.26056008176983
9142,-17.483201891129802,38.27708684612396
9143,-17.458220230229806,38.293664370302146
9144,-17.43327392970386,38.31029261686481
9145,-17.40836311665189,38.32697154837244
9146,-17.383487918173937,38.343701127385444
9147,-17.35864846136991,38.36048131646432
9148,-17.33384487333982,38.37731207816951
9149,-17.309077281183686,38.39419337506143
9150,-17.284345812001416,38.41112516970059
9151,-17.259650592893053,38.42810742464738
9152,-17.234991750958507,38.445140102462304
9153,-17.210369413297826,38.46222316570577
9154,-17.185783707010923,38.47935657693827
9155,-17.161234759197843,38.49654029872023
9156,-17.1367226969585,38.51377429361213
9157,-17.112247647392895,38.5310585241744
9158,-17.087809737601056,38.548392952967475
9159,-17.063409094682882,38.56577754255184
9160,-17.039045845738418,38.58321225548792
9161,-17.01472011786759,38.60069705433621
9162,-16.990432038170425,38.618231901657104
9163,-16.96618173374685,38.63581676001111
9164,-16.941969331696896,38.65345159195863
9165,-16.91779495912049,38.67113636006016
9166,-16.893658743117633,38.688871026876136
9167,-16.869560810788336,38.706655554966986
9168,-16.845501289232523,38.724489906893204
9169,-16.821480305550224,38.74237404521519
9170,-16.797497986841357,38.760307932493454
9171,-16.77355446020597,38.7782915312884
9172,-16.74964985274398,38.796324804160534
9173,-16.72578429155538,38.814407713670256
9174,-16.701957903740194,38.83254022237803
9175,-16.67817081639834,38.850722292844324
9176,-16.65442315662985,38.868953887629566
9177,-16.630715051534647,38.887234969294255
9178,-16.607046628212768,38.90556550039878
9179,-16.583418013764128,38.92394544350364
9180,-16.559829335288768,38.94237476116926
9181,-16.536280719886612,38.96085341595612
9182,-16.51277229465766,38.97938137042466
9183,-16.489304186701926,38.997958587135315
9184,-16.465876523119324,39.01658502864856
9185,-16.442489431009896,39.035260657524816
9186,-16.419143037473564,39.053985436324595
9187,-16.395837469610356,39.072759327608274
9188,-16.3725728545202,39.09158229393636
9189,-16.3493493193031,39.11045429786929
9190,-16.326166991059065,39.12937530196749
9191,-16.303025996888017,39.14834526879147
9192,-16.279926463889986,39.16736416090161
9193,-16.256868519164904,39.18643194085844
9194,-16.23385228981279,39.20554857122232
9195,-16.210877902933582,39.2247140145538
9196,-16.18794548562731,39.243928233413264
9197,-16.165055164993888,39.2631911903612
9198,-16.142207068133335,39.28250284795804
9199,-16.11940132214565,39.30186316876423
9200,-16.09663805413076,39.321272115340264
9201,-16.073917391188694,39.34072965024652
9202,-16.051239460419374,39.36023573604353
9203,-16.02860438892284,39.37979033529169
9204,-16.006012303799015,39.39939341055149
9205,-15.983463332147927,39.41904492438334
9206,-15.960957601069502,39.43874483934774
9207,-15.938495237663753,39.45849311800514
9208,-15.916076369030673,39.47828972291592
9209,-15.893701122270194,39.49813461664063
9210,-15.871369624482348,39.51802776173963
9211,-15.849082002767057,39.537969120773454
9212,-15.82683838422436,39.55795865630249
9213,-15.804638895954163,39.57799633088723
9214,-15.782483665056496,39.59808210708813
9215,-15.760372818631357,39.618215947465615
9216,-15.738306483778654,39.638397814580145
9217,-15.71628478759844,39.65862767099216
9218,-15.694307857190635,39.678905479262156
9219,-15.672375819655263,39.699231201950525
9220,-15.650488802092253,39.71960480161778
9221,-15.628646931601642,39.74002624082432
9222,-15.606850335283347,39.760495482130636
9223,-15.585099140237384,39.78101248809719
9224,-15.563393473563742,39.801577221284354
9225,-15.541733462362364,39.82218964425268
9226,-15.520119233733267,39.84284971956254
9227,-15.498550914776384,39.86355740977445
9228,-15.477028632591743,39.884312677448804
9229,-15.455552514279278,39.90511548514612
9230,-15.434122686939013,39.925965795426784
9231,-15.41273927767087,39.94686357085129
9232,-15.391402413574857,39.96780877398009
9233,-15.370112221750983,39.9888013673736
9234,-15.348868829299175,40.00984131359232
9235,-15.327672363319458,40.030928575196654
9236,-15.30652295091176,40.0520631147471
9237,-15.28542071917611,40.07324489480406
9238,-15.264365795212434,40.09447387792804
9239,-15.243358306120747,40.115750026679486
9240,-15.222398379001037,40.137073303618784
9241,-15.201486140953243,40.158443671306465
9242,-15.180621664180858,40.179861065700244
9243,-15.159804775347483,40.20132530377011
9244,-15.139035232494482,40.222836169231826
9245,-15.118312793659923,40.24439344579969
9246,-15.097637216881985,40.26599691718787
9247,-15.077008260198749,40.287646367110696
9248,-15.056425681648369,40.309341579282375
9249,-15.035889239268997,40.33108233741712
9250,-15.015398691098717,40.35286842522925
9251,-14.994953795175705,40.37469962643296
9252,-14.974554309538041,40.39657572474253
9253,-14.954199992223902,40.418496503872184
9254,-14.933890601271372,40.44046174753622
9255,-14.913625894718622,40.462471239448796
9256,-14.89340563060374,40.484524763324245
9257,-14.873229566964875,40.5066221028768
9258,-14.85309746184018,40.528763041820646
9259,-14.833009073267743,40.55094736387012
9260,-14.81296415928573,40.57317485273939
9261,-14.792962477932226,40.59544529214277
9262,-14.773003787245413,40.61775846579445
9263,-14.75308784526337,40.64011415740874
9264,-14.733214410024246,40.662512150699854
9265,-14.713383239566202,40.68495222938201
9266,-14.693594091927306,40.70743417716952
9267,-14.67384672514575,40.729957777776576
9268,-14.65414089725961,40.752522814917484
9269,-14.634476366307059,40.77512907230641
9270,-14.614852890326176,40.7977763336577
9271,-14.595270227355147,40.820464382685515
9272,-14.575728135432051,40.84319300310417
9273,-14.556226372595036,40.86596197862789
9274,-14.536764696882265,40.88877109297089
9275,-14.517342866331802,40.91162012984745
9276,-14.497960638981843,40.93450887297181
9277,-14.478617772870455,40.957437106058244
9278,-14.459314026035821,40.980404612820934
9279,-14.440049156516023,41.00341117697422
9280,-14.42082292234924,41.02645658223228
9281,-14.401635081573549,41.0495406123094
9282,-14.382485392227101,41.07266305091981
9283,-14.363373612348054,41.09582368177774
9284,-14.344299499974491,41.11902228859748
9285,-14.325262813144581,41.14225865509323
9286,-14.30626330989641,41.16553256497929
9287,-14.287300748268155,41.18884380196986
9288,-14.268374886297899,41.21219214977924
9289,-14.24948548202379,41.23557739212165
9290,-14.230632293483989,41.25899931271131
9291,-14.211815078716567,41.282457695262515
9292,-14.193033595759712,41.305952323489485
9293,-14.174287602651496,41.32948298110648
9294,-14.155576857430098,41.35304945182773
9295,-14.136901118133606,41.37665151936753
9296,-14.118260142800189,41.40028896744006
9297,-14.099653689467933,41.423961579759634
9298,-14.081081516174986,41.44766914004048
9299,-14.062543380959506,41.4714114319968
9300,-14.044039041859573,41.49518823934292
9301,-14.02556825691336,41.518999345793
9302,-14.007130784158957,41.54284453506138
9303,-13.988726381634532,41.56672359086222
9304,-13.970354807378172,41.59063629690985
9305,-13.952015819428052,41.614582436918454
9306,-13.933709175822255,41.638561794602325
9307,-13.915434634598927,41.66257415367569
9308,-13.897191953796233,41.68661929785278
9309,-13.878980891452239,41.71069701084789
9310,-13.860801205605139,41.734807076375205
9311,-13.842652654293001,41.75894927814904
9312,-13.824534995554012,41.78312339988359
9313,-13.806447987426242,41.807329225293145
9314,-13.788391387947852,41.831566538091934
9315,-13.770364955156992,41.855835121994176
9316,-13.752368447091753,41.88013476071418
9317,-13.734401621790292,41.90446523796613
9318,-13.71646423729071,41.928826337464336
9319,-13.698556051631172,41.95321784292298
9320,-13.680676822849765,41.977639538056394
9321,-13.66282630898466,42.00209120657872
9322,-13.645004268073947,42.026572632204314
9323,-13.627210458155773,42.05108359864737
9324,-13.60944463726829,42.07562388962211
9325,-13.591706563449584,42.10019328884283
9326,-13.57399599473783,42.12479158002375
9327,-13.556312689171106,42.14941854687915
9328,-13.538656404787595,42.17407397312323
9329,-13.521026899625372,42.198757642470284
9330,-13.503423931722619,42.22346933863452
9331,-13.485847259117415,42.24820884533024
9332,-13.468296639847914,42.27297594627166
9333,-13.450771831952268,42.297770425172985
9334,-13.433272593468562,42.32259206574855
9335,-13.4157986833317,42.34744065194495
9336,-13.398350666375535,42.37231617658912
9337,-13.38093139676139,42.397219225876505
9338,-13.36354413241145,42.42215049065305
9339,-13.346192131247967,42.44711066176464
9340,-13.328878651193193,42.472100430057154
9341,-13.311606950169315,42.497120486376545
9342,-13.294380286098601,42.522171521568666
9343,-13.277201916903243,42.54725422647948
9344,-13.26007510050551,42.57236929195483
9345,-13.243003094827593,42.59751740884067
9346,-13.22598915779176,42.622699267982874
9347,-13.2090365473202,42.647915560227375
9348,-13.192148521335161,42.67316697642008
9349,-13.175328337758897,42.69845420740683
9350,-13.158579254513594,42.7237779440336
9351,-13.141904529521526,42.74913887714625
9352,-13.125307420704875,42.774537697590745
9353,-13.108791185985924,42.79997509621291
9354,-13.092359083286842,42.825451763858716
9355,-13.076014370529919,42.85096839137402
9356,-13.05976030563733,42.87652566960476
9357,-13.04360014653133,42.90212428939683
9358,-13.027537151134174,42.927764941596116
9359,-13.011574577368044,42.95344831704857
9360,-12.995715683155213,42.979175106600024
9361,-12.979963726417866,43.00494600109646
9362,-12.96432196507828,43.03076169138372
9363,-12.948793657058637,43.05662286830776
9364,-12.933382060281197,43.08253022271448
9365,-12.918090432668196,43.10848444544972
9366,-12.902922032141833,43.13448622735945
9367,-12.887880116624375,43.16053625928955
9368,-12.872967944038013,43.18663523208595
9369,-12.85818877230501,43.21278383659449
9370,-12.843545859347566,43.23898276366117
9371,-12.829042463087942,43.265232704131805
9372,-12.814681841448332,43.29153434885237
9373,-12.800467252350984,43.31788838866874
9374,-12.786401953718148,43.34429551442678
9375,-12.772489203472016,43.37075641697248
9376,-12.75873225953485,43.39727178715166
9377,-12.745134379828851,43.42384231581028
9378,-12.731698822276279,43.450468693794214
9379,-12.718428844799325,43.47715161194941
9380,-12.70532770532026,43.5038917611217
9381,-12.692398661761283,43.53068983215708
9382,-12.67964497204463,43.5575465159014
9383,-12.667069894092549,43.584462503200534
9384,-12.654676685827239,43.61143848490045
9385,-12.642468605170965,43.638475151847004
9386,-12.630448910045923,43.66557319488616
9387,-12.618620858374369,43.69273330486373
9388,-12.606987708078508,43.71995617262572
9389,-12.595552717080583,43.747242489018
9390,-12.584319143302833,43.77459294488641
9391,-12.57329024466747,43.80200823107696
9392,-12.562469279096742,43.82948903843546
9393,-12.551859504512853,43.8570360578079
9394,-12.541464178838062,43.8846499800401
9395,-12.531286559994573,43.91233149597805
9396,-12.521329905904635,43.94008129646757
9397,-12.511597474490461,43.96790007235465
9398,-12.502092523674285,43.99578851448515
9399,-12.492818311378354,44.02374731370493
9400,-12.483778095524869,44.051777160859984
9401,-12.474975134036088,44.07987874679614
9402,-12.466412684834216,44.10805276235938
9403,-12.458094005841504,44.136299898395514
9404,-12.450022354980158,44.164620845750534
9405,-12.442200990172434,44.19301629527029
9406,-12.43463316934054,44.22148693780073
9407,-12.42732215040671,44.25003346418774
9408,-12.420271191293184,44.27865656527717
9409,-12.41348354992218,44.30735693191501
9410,-12.406962484215939,44.336135254947095
9411,-12.400711252096677,44.3649922252194
9412,-12.39473311148664,44.39392853357777
9413,-12.389031320308039,44.42294487086816
9414,-12.38360913648311,44.452041927936435
9415,-12.378469817934093,44.48122039562848
9416,-12.373616622583206,44.51048096479028
9417,-12.369052808352686,44.53982432626765
9418,-12.364781633164753,44.56925117090657
9419,-12.360806354941651,44.59876218955288
9420,-12.357130231605595,44.628358073052546
9421,-12.353756521078822,44.658039512251406
9422,-12.350688481283555,44.687807197995426
9423,-12.347929370142031,44.7176618211305
9424,-12.345482445576485,44.74760407250248
9425,-12.343350965509133,44.77763464295735
9426,-12.341538187862213,44.807754223340936
9427,-12.340047331022172,44.83796336699323
9428,-12.338880487834539,44.868258712607116
9429,-12.338038490509605,44.89863251436879
9430,-12.337522104594193,44.929076794607866
9431,-12.337332095635114,44.95958357565389
9432,-12.33746922917917,44.990144879836535
9433,-12.337934270773186,45.02075272948534
9434,-12.338727985963969,45.05139914693
9435,-12.33985114029833,45.08207615450005
9436,-12.341304499323085,45.112775774525176
9437,-12.34308882858504,45.14349002933488
9438,-12.345204893631017,45.174210941258885
9439,-12.347653460007825,45.20493053262673
9440,-12.350435293262267,45.23564082576801
9441,-12.353551158941167,45.26633384301239
9442,-12.357001822591329,45.29700160668942
9443,-12.360788049759574,45.327636139128764
9444,-12.364910605992705,45.35822946265998
9445,-12.36937025683754,45.388773599612705
9446,-12.37416776784089,45.41926057231654
9447,-12.379303904549568,45.44968240310111
9448,-12.38477943251039,45.48003111429602
9449,-12.390595117270156,45.510298728230815
9450,-12.396751724375692,45.54047726723519
9451,-12.403250019373797,45.57055875363869
9452,-12.410090767811301,45.60053520977099
9453,-12.417274735234994,45.630398657961614
9454,-12.424802687191713,45.66014112054026
9455,-12.432675389228258,45.68975461983648
9456,-12.44089360689143,45.71923117817987
9457,-12.449458105728064,45.74856281790009
9458,-12.458369651284947,45.77774156132668
9459,-12.467629009108917,45.80675943078931
9460,-12.477236944746764,45.83560844861756
9461,-12.48719422374532,45.864280637141064
9462,-12.497501611651378,45.89276801868938
9463,-12.508159874011772,45.921062615592184
9464,-12.5191697763733,45.94915645017903
9465,-12.530532084282768,45.977041544779524
9466,-12.54224756328701,46.00470992172333
9467,-12.554316978932809,46.03215360333997
9468,-12.56674109676701,46.05936461195916
9469,-12.579520682336389,46.08633496991038
9470,-12.592656501187804,46.113056699523376
9471,-12.606149318868015,46.13952182312763
9472,-12.619999900923883,46.16572236305286
9473,-12.63420853187149,46.19165107102421
9474,-12.64877143213684,46.21730686122032
9475,-12.663682780450067,46.24269174368051
9476,-12.678936740128497,46.26780775181456
9477,-12.694527474489531,46.292656919032396
9478,-12.710449146850488,46.31724127874381
9479,-12.726695920528758,46.34156286435869
9480,-12.74326195884169,46.365623709286915
9481,-12.760141425106621,46.38942584693828
9482,-12.777328482640952,46.41297131072269
9483,-12.794817294761996,46.436262134049954
9484,-12.81260202478716,46.459300350330004
9485,-12.830676836033758,46.482087992972595
9486,-12.849035891819199,46.50462709538768
9487,-12.867673355460784,46.52691969098504
9488,-12.886583390275932,46.54896781317459
9489,-12.905760159581972,46.57077349536614
9490,-12.925197826696243,46.59233877096955
9491,-12.944890554936151,46.61366567339471
9492,-12.964832507619002,46.634756236051416
9493,-12.985017848062215,46.65561249234959
9494,-13.005440739583094,46.67623647569904
9495,-13.026095345499044,46.69663021950966
9496,-13.046975829127382,46.71679575719126
9497,-13.068076353785514,46.73673512215372
9498,-13.089391082790778,46.75645034780692
9499,-13.110914179460496,46.775943467560644
9500,-13.132639807112094,46.79521651482483
9501,-13.154562129062867,46.81427152300926
9502,-13.176675308630239,46.833110525523864
9503,-13.198973509131502,46.85173555577842
9504,-13.221450893884086,46.870148647182866
9505,-13.244101626205309,46.888351833147
9506,-13.26691986941251,46.906347147080666
9507,-13.289899796867655,46.92413662214202
9508,-13.313036815539705,46.94172226056874
9509,-13.336328738107314,46.95910600429957
9510,-13.359773655030876,46.976289788310574
9511,-13.38336965677093,46.99327554757792
9512,-13.407114833787874,47.010065217077646
9513,-13.43100727654224,47.02666073178589
9514,-13.455045075494457,47.04306402667874
9515,-13.47922632110497,47.05927703673228
9516,-13.503549103834299,47.075301696922644
9517,-13.528011514142854,47.0911399422259
9518,-13.552611642491163,47.10679370761818
9519,-13.57734757933963,47.12226492807558
9520,-13.602217415148782,47.13755553857418
9521,-13.627219240379025,47.152667474090094
9522,-13.65235114549089,47.167602669599454
9523,-13.677611220944812,47.18236306007832
9524,-13.702997557201218,47.19695058050279
9525,-13.728508244720652,47.211367165849005
9526,-13.754141373963503,47.22561475109302
9527,-13.779895035390313,47.23969527121099
9528,-13.805767319461474,47.25361066117896
9529,-13.831756316637527,47.267362855973076
9530,-13.857860117378902,47.28095379056941
9531,-13.884076812146029,47.294385399944076
9532,-13.910404491399445,47.30765961907319
9533,-13.936841245599549,47.320778382932815
9534,-13.963385165206875,47.333743626499086
9535,-13.990034340681822,47.34655728474809
9536,-14.016786862484924,47.35922129265595
9537,-14.04364082107658,47.37173758519873
9538,-14.070594306917327,47.38410809735257
9539,-14.097645410467592,47.39633476409354
9540,-14.124792222187812,47.408419520397764
9541,-14.152032832538524,47.420364301241335
9542,-14.179365331980117,47.43217104160034
9543,-14.206787810973136,47.4438416764509
9544,-14.234298359977972,47.455378140769106
9545,-14.261895069455166,47.46678236953108
9546,-14.289576029865115,47.4780562977129
9547,-14.317339331668352,47.48920186029069
9548,-14.345183065325307,47.50022099224052
9549,-14.373105321296418,47.511115628538505
9550,-14.401104190042215,47.521887704160754
9551,-14.429177762023096,47.532539154083345
9552,-14.457324127699602,47.54307191328244
9553,-14.48554137753213,47.55348791673406
9554,-14.51382760198121,47.563789099414386
9555,-14.542180891507275,47.57397739629945
9556,-14.570599336570764,47.58405474236539
9557,-14.599081027632208,47.59402307258831
9558,-14.627624055151998,47.60388432194427
9559,-14.656226509590683,47.61364042540944
9560,-14.684886481408654,47.623293317959885
9561,-14.713602061066444,47.632844934571686
9562,-14.742371339024452,47.64229721022096
9563,-14.771192405743218,47.65165207988384
9564,-14.800063351683168,47.660911478536384
9565,-14.828982267304735,47.670077341154695
9566,-14.857947243068459,47.679151602714924
9567,-14.886956369434737,47.6881361981931
9568,-14.9160077368641,47.697033062565396
9569,-14.94509943581695,47.70584413080787
9570,-14.974229556753823,47.714571337896636
9571,-15.00339619013511,47.723216618807776
9572,-15.032597426421352,47.73178190851743
9573,-15.061831356072984,47.74026914200168
9574,-15.09109606955043,47.7486802542366
9575,-15.120389657314236,47.757017180198346
9576,-15.149710209824791,47.76528185486297
9577,-15.17905581754263,47.77347621320661
9578,-15.208424570928157,47.78160219020534
9579,-15.237814560441901,47.78966172083528
9580,-15.267223876544305,47.797656740072526
9581,-15.296650609695792,47.80558918289317
9582,-15.326092850356897,47.813460984273334
9583,-15.35554868898802,47.821274079189095
9584,-15.385016216049694,47.829030402616574
9585,-15.414493522002326,47.83673188953186
9586,-15.443978697306441,47.84438047491108
9587,-15.473469832422438,47.85197809373028
9588,-15.50296514447679,47.85952656330667
9589,-15.532464001589483,47.867026631808876
9590,-15.561966385740213,47.874478477196284
9591,-15.591472284650681,47.88188227209471
9592,-15.620981686042422,47.88923818912991
9593,-15.650494577637128,47.89654640092775
9594,-15.680010947156351,47.90380708011401
9595,-15.70953078232177,47.911020399314495
9596,-15.739054070854937,47.918186531155
9597,-15.76858080047754,47.92530564826136
9598,-15.798110958911163,47.93237792325935
9599,-15.82764453387738,47.93940352877479
9600,-15.857181513097894,47.94638263743349
9601,-15.886721884294232,47.953315421861234
9602,-15.916265635188104,47.960202054683855
9603,-15.945812753501038,47.967042708527124
9604,-15.975363226954734,47.9738375560169
9605,-16.004917043270765,47.980586769778924
9606,-16.03447419017072,47.98729052243904
9607,-16.064034655376286,47.99394898662305
9608,-16.093598426609006,48.00056233495676
9609,-16.12316549159058,48.00713074006597
9610,-16.15273583804254,48.01365437457647
9611,-16.182309453686578,48.02013341111409
9612,-16.211886326244247,48.02656802230462
9613,-16.24146644343723,48.03295838077387
9614,-16.271049792987103,48.03930465914765
9615,-16.300636362615467,48.04560703005176
9616,-16.330226140043994,48.05186566611201
9617,-16.359819112994234,48.0580807399542
9618,-16.389415269187875,48.064252424204135
9619,-16.419014596346468,48.07038089148762
9620,-16.4486170821917,48.07646631443048
9621,-16.478222714445106,48.082508865658475
9622,-16.507831480828393,48.08850871779746
9623,-16.537443369063137,48.094466043473226
9624,-16.567058366870913,48.10038101531154
9625,-16.596676461973413,48.10625380593825
9626,-16.62629764209219,48.11208458797916
9627,-16.65592189494892,48.11787353406006
9628,-16.685549208265165,48.123620816806756
9629,-16.71517956976259,48.12932660884505
9630,-16.7448129671628,48.13499108280076
9631,-16.77444938818737,48.140614411299694
9632,-16.804088820557986,48.14619676696763
9633,-16.833731251996202,48.15173832243041
9634,-16.86337667022369,48.15723925031381
9635,-16.89302506296201,48.162699723243655
9636,-16.922676417932845,48.168119913845736
9637,-16.95233072285774,48.17349999474585
9638,-16.9819879654584,48.17884013856984
9639,-17.011648133456386,48.184140517943476
9640,-17.04131121457329,48.189401305492574
9641,-17.070977196530798,48.19462267384296
9642,-17.100646067050455,48.199804795620395
9643,-17.130317813853953,48.20494784345071
9644,-17.159992424662835,48.210051989959716
9645,-17.189669887198793,48.2151174077732
9646,-17.219350189183405,48.22014426951699
9647,-17.24903331833826,48.22513274781687
9648,-17.278719262385035,48.23008301529867
9649,-17.30840800904529,48.23499524458816
9650,-17.338099546040702,48.23986960831117
9651,-17.36779386109282,48.244706279093506
9652,-17.397490941923344,48.24950542956097
9653,-17.4271907762538,48.25426723233936
9654,-17.456893351805892,48.25899186005448
9655,-17.4865986563012,48.26367948533216
9656,-17.5163066774613,48.26833028079817
9657,-17.546017403007887,48.272944419078335
9658,-17.5757308206625,48.277522072798455
9659,-17.605446918146836,48.28206341458435
9660,-17.635165683182436,48.286568617061796
9661,-17.66488710349099,48.291037852856626
9662,-17.694611166794044,48.29547129459463
9663,-17.724337860813282,48.29986911490161
9664,-17.754067173270304,48.30423148640341
9665,-17.783799091886664,48.308558581725755
9666,-17.813533604384073,48.312850573494536
9667,-17.843270698484066,48.3171076343355
9668,-17.87301036190834,48.321329936874484
9669,-17.902752582378433,48.32551765373728
9670,-17.93249734761604,48.32967095754971
9671,-17.962244645342736,48.33379002093755
9672,-17.991994463280104,48.33787501652661
9673,-18.021746789149848,48.34192611694274
9674,-18.051501610673487,48.34594349481168
9675,-18.08125891557273,48.349927322759264
9676,-18.11101869156912,48.35387777341132
9677,-18.14078092638434,48.35779501939362
9678,-18.170545607739943,48.361679233331984
9679,-18.20031272335762,48.36553058785223
9680,-18.23008226095894,48.36934925558013
9681,-18.25985420826549,48.37313540914152
9682,-18.289628552998963,48.37688922116218
9683,-18.319405282880908,48.38061086426794
9684,-18.349184385633002,48.38430051108458
9685,-18.378965848976797,48.387958334237936
9686,-18.408749660633987,48.39158450635379
9687,-18.438535808326115,48.395179200057946
9688,-18.46832427977487,48.39874258797623
9689,-18.498115062701828,48.40227484273442
9690,-18.52790814482858,48.405776136958345
9691,-18.5577035138768,48.40924664327379
9692,-18.587501157568052,48.41268653430658
9693,-18.617301063624016,48.416095982682506
9694,-18.647103219766237,48.419475161027385
9695,-18.676907613716413,48.42282424196701
9696,-18.706714233196113,48.42614339812718
9697,-18.73652306592692,48.42943280213372
9698,-18.766334099630537,48.432692626612436
9699,-18.796147322028492,48.43592304418911
9700,-18.825962720842487,48.43912422748958
9701,-18.85578028379406,48.44229634913961
9702,-18.88559999860491,48.445439581765044
9703,-18.915421852996577,48.44855409799168
9704,-18.945245834690745,48.45164007044529
9705,-18.975071931408998,48.454697671751724
9706,-19.00490013087292,48.45772707453675
9707,-19.034730420804202,48.460728451426206
9708,-19.06456278892439,48.46370197504587
9709,-19.094397222955166,48.46664781802157
9710,-19.124233710618082,48.469566152979084
9711,-19.15407223963483,48.472457152544266
9712,-19.183912797726943,48.475320989342855
9713,-19.21375537261612,48.47815783600069
9714,-19.243599952023946,48.48096786514359
9715,-19.273446523671993,48.48375124939734
9716,-19.30329507528196,48.48650816138776
9717,-19.333145594575385,48.48923877374064
9718,-19.362998069273964,48.49194325908179
9719,-19.392852487099233,48.494621790037016
9720,-19.422708835772895,48.49727453923214
9721,-19.452567103016516,48.49990167929293
9722,-19.482427276551686,48.50250338284523
9723,-19.512289344100093,48.505079822514816
9724,-19.542153293383286,48.50763117092752
9725,-19.572019112122952,48.51015760070912
9726,-19.60188678804063,48.51265928448544
9727,-19.631756308858023,48.515136394882276
9728,-19.66162766229666,48.51758910452543
9729,-19.691500836078248,48.52001758604073
9730,-19.72137581792436,48.522422012053966
9731,-19.751252595556576,48.524802555190924
9732,-19.781131156696578,48.52715938807744
9733,-19.811011489065926,48.5294926833393
9734,-19.840893580386307,48.53180261360232
9735,-19.87077741837926,48.534089351492305
9736,-19.900662990766477,48.53635306963505
9737,-19.930550285269504,48.53859394065637
9738,-19.960439289610026,48.54081213718206
9739,-19.99032999150964,48.54300783183793
9740,-20.020222378689905,48.54518119724979
9741,-20.050116438872536,48.54733240604346
9742,-20.080012159779052,48.54946163084472
9743,-20.10990952913116,48.55156904427937
9744,-20.1398085346504,48.553654818973236
9745,-20.169709164058464,48.55571912755214
9746,-20.199611405076922,48.55776214264182
9747,-20.229515245427375,48.55978403686815
9748,-20.2594206728315,48.56178498285691
9749,-20.28932767501084,48.563765153233895
9750,-20.319236239687097,48.56572472062493
9751,-20.3491463545818,48.5676638576558
9752,-20.379058007416656,48.56958273695233
9753,-20.408971185913195,48.57148153114031
9754,-20.438885877793115,48.57336041284555
9755,-20.468802070777997,48.57521955469386
9756,-20.49871975258942,48.577059129311046
9757,-20.528638910949077,48.5788793093229
9758,-20.558559533578507,48.58068026735524
9759,-20.588481608199405,48.58246217603386
9760,-20.61840512253331,48.58422520798458
9761,-20.64833006430192,48.5859695358332
9762,-20.67825642122678,48.58769533220552
9763,-20.70818418102957,48.589402769727336
9764,-20.738113331431887,48.59109202102449
9765,-20.768043860155295,48.592763258722755
9766,-20.7979757549215,48.59441665544793
9767,-20.82790900345203,48.59605238382585
9768,-20.857843593468587,48.59767061648228
9769,-20.887779512692713,48.59927152604308
9770,-20.9177167488461,48.60085528513401
9771,-20.94765528965033,48.60242206638091
9772,-20.97759512282697,48.60397204240953
9773,-21.00753623609773,48.60550538584573
9774,-21.037478617184146,48.6070222693153
9775,-21.067422253807905,48.60852286544404
9776,-21.097367133690557,48.610007346857756
9777,-21.127313244553786,48.61147588618224
9778,-21.15726057411915,48.61292865604332
9779,-21.187209110108324,48.614365829066806
9780,-21.2171588402429,48.61578757787848
9781,-21.247109752244445,48.617194075104145
9782,-21.277061833834665,48.61858549336963
9783,-21.3070150727351,48.61996200530073
9784,-21.336969456667436,48.621323783523245
9785,-21.366924973353218,48.62267100066297
9786,-21.396881610514143,48.62400382934574
9787,-21.42683935587175,48.62532244219735
9788,-21.456798197147727,48.62662701184359
9789,-21.486758122063666,48.627917710910275
9790,-21.51671911834113,48.6291947120232
9791,-21.546681173701828,48.630458187808195
9792,-21.576644275867295,48.63170831089104
9793,-21.60660841255922,48.63294525389756
9794,-21.636573571499152,48.63416918945356
9795,-21.666539740408787,48.63538029018481
9796,-21.696506907009695,48.636578728717176
9797,-21.72647505902346,48.6377646776764
9798,-21.756444184171766,48.63893830968832
9799,-21.786414270176166,48.640099797378745
9800,-21.81638530475836,48.641249313373464
9801,-21.84635727563987,48.6423870302983
9802,-21.876330170542406,48.643513120779055
9803,-21.90630397718751,48.64462775744152
9804,-21.936278683296855,48.6457311129115
9805,-21.96625427659204,48.64682335981482
9806,-21.99623074479464,48.647904670777265
9807,-22.02620807562634,48.64897521842465
9808,-22.05618625680869,48.650035175382776
9809,-22.086165276063383,48.651084714277474
9810,-22.116145121111966,48.652124007734514
9811,-22.146125779676122,48.65315322837971
9812,-22.176107239477396,48.65417254883888
9813,-22.20608948823748,48.655182141737804
9814,-22.236072513677954,48.65618217970231
9815,-22.266056303520404,48.65717283535821
9816,-22.296040845486512,48.65815428133129
9817,-22.326026127297833,48.659126690247355
9818,-22.356012136676046,48.66009023473223
9819,-22.38599886134271,48.66104508741169
9820,-22.415986289019507,48.66199142091158
9821,-22.445974407428004,48.662929407857675
9822,-22.475963204289805,48.66385922087578
9823,-22.505952667326593,48.664781032591705
9824,-22.535942784259902,48.665695015631265
9825,-22.565933542811436,48.66660134262026
9826,-22.59592493070273,48.66750018618448
9827,-22.62591693565549,48.66839171894977
9828,-22.655909545391243,48.6692761135419
9829,-22.68590274763168,48.67015354258669
9830,-22.71589653009839,48.671024178709914
9831,-22.74589088051296,48.67188819453743
9832,-22.775885786597065,48.672745762694994
9833,-22.805881236072256,48.67359705580845
9834,-22.835877216660236,48.674442246503595
9835,-22.86587371608253,48.67528150740621
9836,-22.89587072206083,48.67611501114212
9837,-22.92586822231669,48.676942930337134
9838,-22.9558662045718,48.67776543761704
9839,-22.985864656547744,48.67858270560765
9840,-23.01586356596609,48.67939490693479
9841,-23.045862920548533,48.68020221422424
9842,-23.07586270801662,48.68100480010181
9843,-23.105862916092047,48.68180283719332
9844,-23.135863532496344,48.68259649812454
9845,-23.165864544951226,48.68338595552132
9846,-23.195865941178244,48.684171382009424
9847,-23.225867708899,48.6849529502147
9848,-23.255869835835174,48.685730832762914
9849,-23.285872309708317,48.686505202279896
9850,-23.315875118240115,48.68727623139144
9851,-23.345878249152115,48.68804409272335
9852,-23.37588169016601,48.68880895890145
9853,-23.40588542900334,48.689571002551524
9854,-23.43588945338579,48.690330396299366
9855,-23.465893751034955,48.69108731277081
9856,-23.495898309672402,48.691841924591664
9857,-23.525903117019837,48.69259440438771
9858,-23.555908160798793,48.69334492478477
9859,-23.58591342873096,48.694093658408626
9860,-23.615918908537886,48.69484077788511
9861,-23.64592458794126,48.69558645584002
9862,-23.675930454662666,48.69633086489916
9863,-23.705936496423675,48.697074177688314
9864,-23.735942700945998,48.69781656683332
9865,-23.765949055951157,48.698558204959966
9866,-23.795955549160862,48.69929926469408
9867,-23.82596216829664,48.70003991866143
9868,-23.85596890108019,48.700780339487835
9869,-23.885975735233057,48.70152069979911
9870,-23.915982658476928,48.70226117222106
9871,-23.945989658533392,48.70300192937949
9872,-23.97599672312402,48.703743143900184
9873,-24.006003839970507,48.70448498840898
9874,-24.036010996794403,48.705227635531664
9875,-24.066018181317382,48.70597125789403
9876,-24.096025381261,48.70671602812191
9877,-24.126032584346955,48.70746211884109
9878,-24.15603977829678,48.7082097026774
9879,-24.18604695083216,48.7089589522566
9880,-24.216054089674692,48.709710040204534
9881,-24.246061182545944,48.71046313914698
9882,-24.276068217167627,48.7112184217098
9883,-24.306075181261257,48.71197606051874
9884,-24.336082062548538,48.71273622819962
9885,-24.366088848751012,48.71349909737823
9886,-24.396095527590376,48.714264840680414
9887,-24.426102086788212,48.715033630731966
9888,-24.456108514066088,48.715805640158656
9889,-24.486114797145706,48.71658104158634
9890,-24.516120923748606,48.71736000764079
9891,-24.54612688159648,48.71814271094782
9892,-24.576132658410867,48.71892932413324
9893,-24.606138241913463,48.71972001982283
9894,-24.636143619825813,48.72051497064244
9895,-24.666148779869612,48.72131434921785
9896,-24.696153709766428,48.72211832817485
9897,-24.72615839723785,48.722927080139286
9898,-24.756162830005565,48.72374077773692
9899,-24.78616699579112,48.724559593593575
9900,-24.81617088231621,48.725383700335065
9901,-24.84617447730237,48.72621327058719
9902,-24.876177768471294,48.72704847697574
9903,-24.90618074354454,48.72788949212656
9904,-24.93618339024377,48.7287364886654
9905,-24.966185696290598,48.72958963921812
9906,-24.996187649406572,48.730449116410476
9907,-25.026189237313403,48.73131509286829
9908,-25.056190447732636,48.732187741217395
9909,-25.086191268385953,48.73306723408356
9910,-25.1161916869949,48.73395374409262
9911,-25.14619169128117,48.73484744387035
9912,-25.176191268966353,48.73574850604259
9913,-25.20619040777201,48.73665710323511
9914,-25.236189095419846,48.737573408073736
9915,-25.2661873196314,48.73849759318427
9916,-25.296185068128366,48.73942983119252
9917,-25.326182328632285,48.74037029472427
9918,-25.35617908886485,48.74131915640535
9919,-25.38617533654759,48.74227658886154
9920,-25.416171059402238,48.74324276471871
9921,-25.446166245150327,48.744217856602575
9922,-25.476160881513458,48.74520203713901
9923,-25.506154956213322,48.746195478953766
9924,-25.536148456971468,48.7471983546727
9925,-25.566141371509577,48.74821083692157
9926,-25.596133687549198,48.749233098326215
9927,-25.626125392812025,48.75026531151243
9928,-25.65611647501959,48.751307649106025
9929,-25.686106921893604,48.752360283732806
9930,-25.71609672115563,48.75342338801856
9931,-25.74608586052725,48.7544971345891
9932,-25.776074327730164,48.75558169607024
9933,-25.80606211048591,48.75667724508777
9934,-25.836049196516186,48.75778395426753
9935,-25.866035573542522,48.75890199623528
9936,-25.896021229286625,48.76003154361687
9937,-25.926006151470062,48.76117276903806
9938,-25.955990327814426,48.76232584512469
9939,-25.9859737460414,48.76349094450254
9940,-26.01595639387252,48.76466823979743
9941,-26.045938259029498,48.765857903635165
9942,-26.07591932923387,48.76706010864156
9943,-26.105899592207315,48.76827502744239
9944,-26.135879035671387,48.769502832663484
9945,-26.165857647347778,48.77074369693065
9946,-26.19583541495807,48.77199779286968
9947,-26.22581232622384,48.77326529310639
9948,-26.25578836886677,48.77454637026657
9949,-26.28576353060842,48.77584119697604
9950,-26.31573779917047,48.77714994586059
9951,-26.345711162274473,48.77847278954604
9952,-26.375683607642113,48.77980990065821
9953,-26.405655122995828,48.78116145180795
9954,-26.43562569850634,48.78252757458817
9955,-26.465595332131606,48.783908270117095
9956,-26.49556402337449,48.78530351362844
9957,-26.525531771737974,48.7867132803559
9958,-26.555498576724876,48.78813754553317
9959,-26.58546443783816,48.78957628439398
9960,-26.615429354580666,48.791029472172
9961,-26.64539332645537,48.79249708410098
9962,-26.67535635296513,48.79397909541459
9963,-26.705318433612803,48.79547548134655
9964,-26.735279567901372,48.79698621713055
9965,-26.765239755333667,48.79851127800032
9966,-26.795198995412655,48.80005063918954
9967,-26.825157287641158,48.80160427593193
9968,-26.855114631522163,48.803172163461205
9969,-26.88507102655848,48.804754277011035
9970,-26.915026472253103,48.80635059181515
9971,-26.944980968108887,48.807961083107266
9972,-26.974934513628686,48.80958572612106
9973,-27.004887108315476,48.81122449609025
9974,-27.034838751672098,48.81287736824856
9975,-27.06478944320151,48.81454431782964
9976,-27.094739182406556,48.81622532006726
9977,-27.12468796879019,48.817920350195095
9978,-27.154635801855246,48.819629383446845
9979,-27.184582681104708,48.82135239505622
9980,-27.214528606041423,48.82308936025693
9981,-27.244473576168268,48.82484025428266
9982,-27.274417590988207,48.82660505236716
9983,-27.30436065000407,48.82838372974409
9984,-27.334302752718845,48.83017626164718
9985,-27.36424389863533,48.83198262331011
9986,-27.394184087256534,48.833802789966626
9987,-27.424123318085282,48.8356367368504
9988,-27.45406159062446,48.837484439195116
9989,-27.48399890437704,48.83934587223454
9990,-27.51393525884585,48.84122101120236
9991,-27.543870653533858,48.843109831332235
9992,-27.573805087943892,48.8450123078579
9993,-27.603738561578925,48.84692841601308
9994,-27.633671073941795,48.84885813103144
9995,-27.66360262453546,48.85080142814673
9996,-27.6935332128628,48.85275828259263
9997,-27.723462838426656,48.85472866960283
9998,-27.753391500730018,48.85671256441106
9999,-27.78331919927572,48.85870994225102
10000,-27.813245933566705,48.86072077835641
10001,-27.843171703105835,48.86274504796094
10002,-27.87309650739606,48.8647827262983
10003,-27.903020345940224,48.86683378860221
10004,-27.932943218241284,48.86889821010639
10005,-27.962865123802114,48.87097596604451
10006,-27.99278606212558,48.873067031650294
10007,-28.022706032714648,48.87517138215745
10008,-28.05262503507215,48.877288992799656
10009,-28.082543068701057,48.87941983881067
10010,-28.11246013310419,48.88156389542415
10011,-28.142376227784535,48.88372113787381
10012,-28.172291352244947,48.88589154139338
10013,-28.202205505988285,48.88807508121653
10014,-28.23211868851755,48.890271732577
10015,-28.262030899335528,48.892481470708454
10016,-28.291942137945217,48.894704270844635
10017,-28.321852403849444,48.896940108219226
10018,-28.35176169655118,48.899188958065956
10019,-28.381670015553247,48.901450795618494
10020,-28.411577360358617,48.90372559611057
10021,-28.44148373047017,48.906013334775885
10022,-28.471389125390754,48.908313986848135
10023,-28.50129354462335,48.91062752756104
10024,-28.53119698767078,48.9129539321483
10025,-28.561099454036018,48.9152931758436
10026,-28.591000943221896,48.917645233880684
10027,-28.620901454731378,48.920010081493224
10028,-28.650800988067296,48.92238769391493
10029,-28.68069954273263,48.92477804637952
10030,-28.710597118230236,48.927181114120685
10031,-28.740493714062982,48.92959687237215
10032,-28.77038932973384,48.93202529636761
10033,-28.80028396474563,48.934466361340746
10034,-28.830177618601336,48.93692004252531
10035,-28.860070290803776,48.93938631515495
10036,-28.889961980855933,48.94186515446342
10037,-28.919852688260665,48.944356535684406
10038,-28.949742412520838,48.94686043405163
10039,-28.979631153139422,48.94937682479876
10040,-29.009518909619242,48.951905683159524
10041,-29.039405681463286,48.954446984367635
10042,-29.069291468174363,48.95700070365678
10043,-29.09917626925546,48.9595668162607
10044,-29.129060084209392,48.96214529741303
10045,-29.15894291253914,48.96473612234754
10046,-29.188824753747564,48.967339266297905
10047,-29.21870560733754,48.96995470449785
10048,-29.24858547281202,48.97258241218105
10049,-29.27846434967385,48.975222364581235
10050,-29.308342237425986,48.977874536932106
10051,-29.338219135571272,48.98053890446736
10052,-29.36809504361268,48.98321544242071
10053,-29.39796996105301,48.985904126025844
10054,-29.42784388739528,48.988604930516495
10055,-29.45771682214233,48.99131783112636
10056,-29.487588764797014,48.99404280308913
10057,-29.517459714862323,48.99677982163851
10058,-29.54732967184107,48.99952886200822
10059,-29.577198635236233,49.00228989943195
10060,-29.60706660455065,49.00506290914342
10061,-29.63693357928728,49.00784786637632
10062,-29.666799558948995,49.01064474636438
10063,-29.69666454303865,49.013453524341266
10064,-29.72652853105924,49.01627417554073
10065,-29.75639152251356,49.019106675196426
10066,-29.786253516904605,49.02195099854209
10067,-29.816114513735197,49.02480712081143
10068,-29.84597451250831,49.027675017238145
10069,-29.875833512726775,49.03055466305593
10070,-29.905691513893554,49.03344603349849
10071,-29.93554851551153,49.036349103799566
10072,-29.965404517083538,49.039263849192814
10073,-29.995259518112576,49.04219024491196
10074,-30.025113518101463,49.04512826619071
10075,-30.05496651655317,49.04807788826277
10076,-30.08481851297053,49.05103908636184
10077,-30.114669506856508,49.054011835721624
10078,-30.14451949771398,49.05699611157584
10079,-30.174368485045804,49.0599918891582
10080,-30.20421646835494,49.06299914370235
10081,-30.234063447144226,49.066017850442066
10082,-30.26390942091665,49.06904798461103
10083,-30.293754389175017,49.07208952144293
10084,-30.323598351422305,49.07514243617148
10085,-30.35344130716135,49.07820670403039
10086,-30.383283255895122,49.08128230025337
10087,-30.41312419712648,49.08436920007412
10088,-30.44296413035829,49.08746737872634
10089,-30.472803055093532,49.09057681144374
10090,-30.502640970835014,49.09369747346001
10091,-30.532477877085732,49.09682934000888
10092,-30.562313773348492,49.099972386324026
10093,-30.5921486591263,49.103126587639196
10094,-30.621982533921948,49.10629191918806
10095,-30.651815397238426,49.10946835620432
10096,-30.681647248578603,49.11265587392172
10097,-30.71147808744532,49.11585444757391
10098,-30.741307913341572,49.11906405239463
10099,-30.771136725770184,49.122284663617584
10100,-30.800964524234118,49.12551625647647
10101,-30.83079130823621,49.128758806205
10102,-30.86061707727943,49.132012288036854
10103,-30.89044183086665,49.13527667720578
10104,-30.920265568500724,49.138551948945455
10105,-30.950088289684622,49.14183807848957
10106,-30.979909993921183,49.14513504107186
10107,-31.009730680713375,49.148442811926024
10108,-31.03955034956402,49.151761366285754
10109,-31.069368999976103,49.15509067938476
10110,-31.09918663145243,49.15843072645675
10111,-31.129003243496005,49.161781482735435
10112,-31.158818835609665,49.16514292345451
10113,-31.188633407296287,49.168515023847675
10114,-31.21844695805885,49.17189775914867
10115,-31.24825948740016,49.17529110459114
10116,-31.27807099482321,49.178695035408836
10117,-31.30788147983081,49.18210952683546
10118,-31.33769094192596,49.1855345541047
10119,-31.367499380611456,49.18897009245027
10120,-31.397306795390293,49.19241611710587
10121,-31.427113185765336,49.195872603305226
10122,-31.456918551239422,49.199339526282
10123,-31.48672289131555,49.20281686126993
10124,-31.516526205496547,49.20630458350272
10125,-31.546328493285376,49.209802668214074
10126,-31.576129754184866,49.21331109063768
10127,-31.60592998769799,49.216829826007256
10128,-31.635729193327613,49.22035884955651
10129,-31.665527370576598,49.22389813651914
10130,-31.695324518947924,49.22744766212886
10131,-31.72512063794441,49.23100740161936
10132,-31.754915727069033,49.234577330224354
10133,-31.784709785824624,49.23815742317754
10134,-31.814502813714157,49.24174765571266
10135,-31.84429481024045,49.245348003063356
10136,-31.874085774906472,49.248958440463376
10137,-31.903875707215104,49.25257894314641
10138,-31.933664606669208,49.256209486346194
10139,-31.963452472771746,49.259850045296375
10140,-31.993239305025543,49.263500595230695
10141,-32.02302510293358,49.26716111138287
10142,-32.0528098659987,49.27083156898658
10143,-32.08259359372384,49.27451194327553
10144,-32.11237628561186,49.27820220948344
10145,-32.14215794116571,49.28190234284402
10146,-32.17193855988827,49.28561231859095
10147,-32.2017181412824,49.28933211195795
10148,-32.231496684851074,49.29306169817874
10149,-32.261274190097105,49.29680105248699
10150,-32.29105065652348,49.30055015011643
10151,-32.32082608363303,49.30430896630076
10152,-32.350600470928725,49.308077476273695
10153,-32.380373817913416,49.311855655268914
10154,-32.410146124089984,49.31564347852014
10155,-32.43991738896139,49.31944092126108
10156,-32.46968761203047,49.323247958725425
10157,-32.499456792800196,49.3270645661469
10158,-32.52922493077338,49.33089071875918
10159,-32.55899202545303,49.33472639179602
10160,-32.58875807634193,49.33857156049107
10161,-32.618523082943085,49.342426200078066
10162,-32.64828704475935,49.3462902857907
10163,-32.67804996129359,49.350163792862695
10164,-32.70781183204876,49.35404669652774
10165,-32.73757265652772,49.35793897201953
10166,-32.76733243423342,49.36184059457181
10167,-32.79709116466868,49.365751539418234
10168,-32.82684884733649,49.36967178179254
10169,-32.856605481739685,49.373601296928435
10170,-32.88636106738122,49.37754006005961
10171,-32.91611560376398,49.38148804641978
10172,-32.945869090390794,49.38544523124263
10173,-32.97562152676466,49.38941158976189
10174,-33.00537291238841,49.39338709721126
10175,-33.035123246765004,49.397371728824425
10176,-33.06487252939728,49.40136545983512
10177,-33.09462075978819,49.40536826547702
10178,-33.124367937440624,49.409380120983855
10179,-33.15411406185742,49.4134010015893
10180,-33.183859132541585,49.4174308825271
10181,-33.213603148995915,49.42146973903094
10182,-33.243346110723394,49.42551754633452
10183,-33.273088017226854,49.42957427967153
10184,-33.302828868009264,49.433639914275716
10185,-33.33256866257344,49.43771442538075
10186,-33.36230740042238,49.441797788220356
10187,-33.392045081058946,49.44588997802824
10188,-33.42178170398598,49.44999097003808
10189,-33.45151726870647,49.45410073948363
10190,-33.48125177472322,49.45821926159852
10191,-33.51098522153924,49.46234651161653
10192,-33.54071760865733,49.466482464771325
10193,-33.57044893558047,49.47062709629662
10194,-33.6001792018115,49.47478038142612
10195,-33.629908406853374,49.47894229539353
10196,-33.65963655020899,49.48311281343256
10197,-33.68936363138116,49.48729191077691
10198,-33.7190896498729,49.49147956266029
10199,-33.748814605187015,49.495675744316394
10200,-33.77853849682647,49.49988043097891
10201,-33.80826132429412,49.50409359788158
10202,-33.83798308709294,49.50831522025811
10203,-33.86770378472576,49.51254527334219
10204,-33.89742341669547,49.5167837323675
10205,-33.927141982505034,49.521030572567796
10206,-33.95685948165728,49.52528576917674
10207,-33.98657591365519,49.52954929742807
10208,-34.01629127800157,49.53382113255545
10209,-34.046005574199405,49.538101249792625
10210,-34.07571880175154,49.542389624373286
10211,-34.10543096016092,49.54668623153113
10212,-34.13514204893043,49.55099104649989
10213,-34.164852067562926,49.55530404451322
10214,-34.194561015561376,49.559625200804874
10215,-34.22426889242861,49.56395449060853
10216,-34.253975697667606,49.568291889157905
10217,-34.28368143078119,49.5726373716867
10218,-34.31338609127233,49.576990913428624
10219,-34.34308967864385,49.58135248961735
10220,-34.372792192398734,49.58572207548664
10221,-34.40249363203986,49.59009964627018
10222,-34.432193997070044,49.59448517720163
10223,-34.46189328699231,49.598878643514766
10224,-34.49159150130945,49.60328002044323
10225,-34.52128863952446,49.607689283220765
10226,-34.550984701140145,49.61210640708106
10227,-34.58067968565951,49.616531367257835
10228,-34.6103735925854,49.62096413898479
10229,-34.64006642142066,49.625404697495604
10230,-34.6697581716683,49.62985301802402
10231,-34.69944884283112,49.63430907580371
10232,-34.72913843441211,49.63877284606842
10233,-34.75882694591409,49.643244304051805
10234,-34.78851437684003,49.64772342498762
10235,-34.81820072669276,49.652210184109514
10236,-34.84788599497526,49.656704556651256
10237,-34.87757018119038,49.6612065178465
10238,-34.90725328484099,49.66571604292897
10239,-34.93693530543007,49.67023310713238
10240,-34.96661624246043,49.67475768569041
10241,-34.99629609543508,49.6792897538368
10242,-35.0259748638568,49.683829286805214
10243,-35.055652547228604,49.6883762598294
10244,-35.08532914505328,49.69293064814302
10245,-35.11500465683384,49.697492426979814
10246,-35.14467908207313,49.70206157157348
10247,-35.174352420274,49.70663805715769
10248,-35.20402467093945,49.711221858966205
10249,-35.233695833572284,49.71581295223268
10250,-35.26336590767549,49.72041131219085
10251,-35.29303489275189,49.7250169140744
10252,-35.32270278830446,49.729629733117065
10253,-35.352369593836066,49.73424974455252
10254,-35.38203530884956,49.73887692361448
10255,-35.41169993284793,49.74351124553665
10256,-35.441363465333986,49.748152685552725
10257,-35.47102590581072,49.75280121889644
10258,-35.500687253780946,49.75745682080146
10259,-35.53034750874765,49.762119466501545
10260,-35.56000667021365,49.76678913123033
10261,-35.58966473768191,49.77146579022157
10262,-35.619321710655306,49.77614941870897
10263,-35.64897758863671,49.7808399919262
10264,-35.67863237112908,49.785537485106985
10265,-35.70828605763525,49.79024187348505
10266,-35.73793864765818,49.794953132294054
10267,-35.767590140700726,49.79967123676775
10268,-35.79724053626583,49.80439616213981
10269,-35.82688983385635,49.80912788364397
10270,-35.85653803297523,49.8138663765139
10271,-35.886185133125345,49.818611615983315
10272,-35.91583113380957,49.82336357728593
10273,-35.94547603453087,49.828122235655464
10274,-35.97511983479205,49.832887566325574
10275,-36.00476253409612,49.83765954453001
10276,-36.0344041319459,49.84243814550247
10277,-36.06404462784434,49.847223344476646
10278,-36.09368402129433,49.85201511668625
10279,-36.1233223117987,49.85681343736498
10280,-36.152959498860476,49.861618281746544
10281,-36.18259558198243,49.86642962506465
10282,-36.21223056066757,49.871247442553
10283,-36.241864434418716,49.8760717094453
10284,-36.271497202738836,49.880902400975266
10285,-36.30112886513075,49.88573949237659
10286,-36.33075942109745,49.89058295888296
10287,-36.3603888701418,49.89543277572814
10288,-36.39001721176664,49.90028891814577
10289,-36.419644445474965,49.90515136136958
10290,-36.44927057076959,49.91002008063329
10291,-36.47889558715349,49.91489505117057
10292,-36.5085194941295,49.919776248215165
10293,-36.5381422912006,49.92466364700076
10294,-36.56776397786959,49.929557222761055
10295,-36.597384553639465,49.93445695072976
10296,-36.62700401801308,49.9393628061406
10297,-36.65662237049331,49.94427476422724
10298,-36.68623961058311,49.9491928002234
10299,-36.71585573778532,49.95411688936281
10300,-36.74547075160291,49.959047006879146
10301,-36.77508465153872,49.96398312800613
10302,-36.8046974370957,49.968925227977465
10303,-36.83430910777672,49.97387328202684
10304,-36.86391966308465,49.978827265387956
10305,-36.89352910252247,49.98378715329457
10306,-36.923137425593,49.988752920980325
10307,-36.952744631799206,49.993724543678965
10308,-36.98235072064392,49.99870199662417
10309,-37.01195569163012,50.00368525504966
10310,-37.041559544505844,50.0086742949911
10311,-37.071162281084725,50.01366909923949
10312,-37.10076390421538,50.018669653971074
10313,-37.13036441675415,50.023675945387424
10314,-37.15996382155749,50.02868795969011
10315,-37.1895621214817,50.03370568308069
10316,-37.219159319383245,50.038729101760744
10317,-37.24875541811842,50.043758201931816
10318,-37.27835042054369,50.04879296979551
10319,-37.30794432951539,50.05383339155335
10320,-37.33753714788986,50.05887945340693
10321,-37.36712887852357,50.06393114155782
10322,-37.39671952427281,50.068988442207576
10323,-37.426309087994056,50.074051341557784
10324,-37.45589757254358,50.07911982580997
10325,-37.48548498077787,50.08419388116575
10326,-37.5150713155532,50.08927349382665
10327,-37.544656579726066,50.094358649994284
10328,-37.57424077615277,50.09944933587018
10329,-37.60382390768968,50.10454553765592
10330,-37.63340597719323,50.10964724155306
10331,-37.66298698751975,50.11475443376319
10332,-37.692566941525676,50.11986710048785
10333,-37.72214584206733,50.124985227928626
10334,-37.75172369200115,50.1301088022871
10335,-37.781300494183455,50.135237809764796
10336,-37.810876251470695,50.14037223656332
10337,-37.84045096671921,50.14551206888422
10338,-37.87002464278533,50.15065729292906
10339,-37.89959728252554,50.15580789489943
10340,-37.92916888879613,50.16096386099688
10341,-37.95873946445356,50.16612517742298
10342,-37.98830901235412,50.17129183037929
10343,-38.01787753535427,50.17646380606739
10344,-38.04744503631038,50.18164109068884
10345,-38.07701151807877,50.18682367044522
10346,-38.10657698351588,50.19201153153808
10347,-38.136141435478045,50.19720466016899
10348,-38.165704876821714,50.20240304253955
10349,-38.19526731040317,50.20760666485126
10350,-38.22482873907888,50.21281551330575
10351,-38.25438916570517,50.218029574104555
10352,-38.283948593138476,50.22324883344927
10353,-38.313507024235136,50.22847327754144
10354,-38.3430644618515,50.23370289258262
10355,-38.37262090884402,50.238937664774404
10356,-38.40217636806901,50.244177580318336
10357,-38.43173084238291,50.24942262541602
10358,-38.461284334642045,50.25467278626899
10359,-38.49083684770286,50.25992804907882
10360,-38.52038838442166,50.26518840004708
10361,-38.54993894765491,50.270453825375355
10362,-38.57948854025893,50.27572431126518
10363,-38.60903716509007,50.28099984391814
10364,-38.6385848250048,50.2862804095358
10365,-38.66813152285941,50.29156599431973
10366,-38.697677261510364,50.296856584471485
10367,-38.727222043813974,50.30215216619266
10368,-38.75676587262668,50.3074527256848
10369,-38.78630875080483,50.31275824914948
10370,-38.815850681204765,50.318068722788254
10371,-38.84539166668295,50.32338413280271
10372,-38.87493171009568,50.328704465394395
10373,-38.904470814299415,50.3340297067649
10374,-38.93400898215045,50.339359843115766
10375,-38.96354621650526,50.34469486064858
10376,-38.99308252022013,50.350034745564905
10377,-39.02261789615153,50.35537948406631
10378,-39.05215234715579,50.360729062354345
10379,-39.08168587608927,50.366083466630606
10380,-39.111218485808415,50.371442683096646
10381,-39.14075017916952,50.376806697954024
10382,-39.17028095902905,50.38217549740431
10383,-39.19981082824332,50.38754906764908
10384,-39.22933978966878,50.39292739488992
10385,-39.25886784616172,50.39831046532834
10386,-39.28839500057861,50.403698265165964
10387,-39.317921255775794,50.409090780604345
10388,-39.3474466146096,50.41448799784503
10389,-39.376971079936496,50.419889903089604
10390,-39.40649465461279,50.42529648253963
10391,-39.43601734149493,50.430707722396676
10392,-39.46553914343922,50.4361236088623
10393,-39.49506006330213,50.441544128138105
10394,-39.52458010393997,50.44696926642561
10395,-39.55409926820912,50.45239900992641
10396,-39.58361755896602,50.45783334484207
10397,-39.613134979066956,50.46327225737415
10398,-39.642651531368415,50.468715733724224
10399,-39.67216721872669,50.474163760093845
10400,-39.70168204399823,50.47961632268461
10401,-39.731196010039355,50.48507340769807
10402,-39.76070911970649,50.490535001335765
10403,-39.790221375856014,50.49600108979932
10404,-39.81973278134425,50.50147165929025
10405,-39.84924333902765,50.506946696010154
10406,-39.87875305176253,50.51242618616058
10407,-39.908261922405345,50.5179101159431
10408,-39.9377699538124,50.5233984715593
10409,-39.967277148840154,50.52889123921073
10410,-39.99678351034488,50.53438840509896
10411,-40.026289041183084,50.53988995542556
10412,-40.055793744211066,50.545395876392085
10413,-40.085297622285196,50.55090615420011
10414,-40.11480067826191,50.55642077505121
10415,-40.14430291499752,50.56193972514694
10416,-40.1738043353485,50.5674629906889
10417,-40.20330494217113,50.57299055787861
10418,-40.23280473832187,50.57852241291766
10419,-40.26230372665707,50.584058542007625
10420,-40.29180191003307,50.589598931350054
10421,-40.32129929130633,50.595143567146536
10422,-40.35079587333315,50.60069243559861
10423,-40.38029165896998,50.60624552290789
10424,-40.40978665107313,50.61180281527587
10425,-40.439280852499046,50.6173642989042
10426,-40.46877426610407,50.62292995999439
10427,-40.49826689474461,50.62849978474802
10428,-40.527758741277026,50.63407375936668
10429,-40.55724980855768,50.63965187005192
10430,-40.58674009944299,50.64523410300529
10431,-40.616229616789305,50.65082044442839
10432,-40.64571836345305,50.65641088052277
10433,-40.67520634229054,50.66200539748999
10434,-40.70469355615821,50.66760398153164
10435,-40.73418000791239,50.673206618849264
10436,-40.76366570040955,50.67881329564446
10437,-40.793150636506,50.68442399811877
10438,-40.82263481905808,50.69003871247374
10439,-40.85211825092226,50.69565742491099
10440,-40.88160093495486,50.701280121632045
10441,-40.911082874012315,50.70690678883851
10442,-40.940564070950934,50.712537412731926
10443,-40.97004452862717,50.71817197951386
10444,-40.99952424989737,50.72381047538589
10445,-41.029003237617886,50.72945288654957
10446,-41.05848149464514,50.73509919920647
10447,-41.087959023835474,50.74074939955817
10448,-41.11743582804532,50.74640347380623
10449,-41.14691191013102,50.752061408152244
10450,-41.17638727294897,50.75772318879772
10451,-41.20586191935553,50.76338880194427
10452,-41.23533585220713,50.76905823379346
10453,-41.2648090743601,50.774731470546826
10454,-41.2942815886708,50.78040849840597
10455,-41.323753397995695,50.78608930357246
10456,-41.353224505191065,50.79177387224782
10457,-41.3826949131134,50.797462190633674
10458,-41.41216462461897,50.80315424493155
10459,-41.441633642564234,50.80885002134303
10460,-41.47110196980552,50.81454950606967
10461,-41.50056960919927,50.820252685313065
10462,-41.53003656360182,50.82595954527476
10463,-41.559502835869516,50.831670072156314
10464,-41.58896842885883,50.837384252159325
10465,-41.61843334542605,50.843102071485326
10466,-41.64789758842763,50.8488235163359
10467,-41.67736116071989,50.85454857291263
10468,-41.70682406515928,50.860277227417065
10469,-41.736286304602125,50.86600946605076
10470,-41.76574788190479,50.87174527501531
10471,-41.795208799923714,50.877484640512264
10472,-41.82466906151523,50.88322754874321
10473,-41.85412866953574,50.88897398590968
10474,-41.88358762684161,50.89472393821328
10475,-41.913045936289265,50.90047739185556
10476,-41.942503600734995,50.90623433303808
10477,-41.97196062303528,50.91199474796241
10478,-42.00141700604647,50.91775862283014
10479,-42.03087275262489,50.923525943842805
10480,-42.060327865627,50.929296697202005
10481,-42.0897823479091,50.93507086910927
10482,-42.119236202327635,50.94084844576618
10483,-42.14868943173894,50.94662941337432
10484,-42.178142038999454,50.95241375813525
10485,-42.20759402696549,50.958201466250536
10486,-42.23704539849348,50.963992523921746
10487,-42.2664961564398,50.96978691735044
10488,-42.29594630366076,50.97558463273818
10489,-42.32539584301285,50.98138565628656
10490,-42.35484477735234,50.98718997419712
10491,-42.3842931095357,50.99299757267144
10492,-42.413740842419244,50.99880843791108
10493,-42.44318797885943,51.004622556117624
10494,-42.47263452171258,51.01043991349263
10495,-42.50208047383504,51.01626049623765
10496,-42.53152583808328,51.022084290554275
10497,-42.5609706173136,51.02791128264406
10498,-42.590414814382456,51.03374145870857
10499,-42.61985843214615,51.03957480494938
10500,-42.649301473461136,51.04541130756806
10501,-42.67874394118372,51.05125095276617
10502,-42.70818583817036,51.05709372674528
10503,-42.737627167277395,51.062939615706966
10504,-42.767067931361176,51.06878860585278
10505,-42.79650813327814,51.074640683384274
10506,-42.82594777588461,51.08049583450306
10507,-42.85538686203704,51.08635404541067
10508,-42.88482539459172,51.092215302308695
10509,-42.91426337640513,51.09807959139869
10510,-42.94370081033355,51.103946898882214
10511,-42.973137699233455,51.10981721096085
10512,-43.002574045961175,51.11569051383617
10513,-43.03200985337305,51.12156679370971
10514,-43.06144512432556,51.127446036783084
10515,-43.090879861674985,51.13332822925781
10516,-43.12031406827778,51.13921335733549
10517,-43.14974774699025,51.145101407217666
10518,-43.179180900668875,51.150992365105935
10519,-43.20861353216998,51.15688621720186
10520,-43.23804564434991,51.16278294970697
10521,-43.267477240065105,51.16868254882287
10522,-43.296908322171895,51.174585000751115
10523,-43.326338893526724,51.18049029169329
10524,-43.3557689569859,51.18639840785093
10525,-43.38519851540587,51.19230933542562
10526,-43.41462757164295,51.198223060618936
10527,-43.444056128553584,51.20413956963243
10528,-43.47348418899413,51.210058848667686
10529,-43.50291175582091,51.215980883926235
10530,-43.53233883189039,51.221905661609696
10531,-43.56176542005888,51.22783316791959
10532,-43.59119152318284,51.23376338905753
10533,-43.62061714411857,51.23969631122503
10534,-43.650042285722506,51.245631920623715
10535,-43.679466950851015,51.25157020345512
10536,-43.70889114236043,51.25751114592079
10537,-43.738314863107206,51.263454734222336
10538,-43.76773811594765,51.2694009545613
10539,-43.797160903738224,51.27534979313926
10540,-43.82658322933522,51.28130123615778
10541,-43.8560050955951,51.287255269818424
10542,-43.88542650537417,51.29321188032276
10543,-43.914847461528886,51.29917105387237
10544,-43.944267966915596,51.30513277666882
10545,-43.973688024390626,51.31109703491364
10546,-44.00310763681044,51.317063814808435
10547,-44.032526807031346,51.32303310255476
10548,-44.0619455379098,51.32900488435419
10549,-44.09136383230209,51.33497914640828
10550,-44.1207816930647,51.340955874918606
10551,-44.15019912305392,51.34693505608674
10552,-44.1796161251262,51.35291667611422
10553,-44.2090327021379,51.35890072120266
10554,-44.23844885694535,51.3648871775536
10555,-44.267864592405004,51.37087603136861
10556,-44.29727991137316,51.37686726884924
10557,-44.3266948167063,51.38286087619711
10558,-44.35610931126071,51.38885683961372
10559,-44.38552339789284,51.394855145300696
10560,-44.41493707945905,51.40085577945957
10561,-44.444350358815655,51.4068587282919
10562,-44.473763238819146,51.41286397799931
10563,-44.50317572232581,51.41887151478329
10564,-44.5325878121921,51.424881324845465
10565,-44.56199951127432,51.43089339438738
10566,-44.591410822428934,51.43690770961063
10567,-44.62082174851225,51.442924256716736
10568,-44.6502322923807,51.44894302190729
10569,-44.679642456890655,51.45496399138388
10570,-44.709052244898444,51.460987151348014
10571,-44.73846165926052,51.46701248800133
10572,-44.76787070283319,51.47303998754535
10573,-44.797279378472915,51.47906963618164
10574,-44.82668768903601,51.4851014201118
10575,-44.85609563737891,51.491135325537385
10576,-44.885503226357905,51.49717133865994
10577,-44.91491045882948,51.50320944568104
10578,-44.944317337649984,51.50924963280229
10579,-44.973723865675744,51.51529188622521
10580,-45.00313004576321,51.521336192151374
10581,-45.03253588076869,51.52738253678236
10582,-45.061941373548656,51.533430906319765
10583,-45.091346526959406,51.53948128696511
10584,-45.12075134385737,51.545533664919994
10585,-45.15015582709893,51.55158802638596
10586,-45.17955997954039,51.55764435756458
10587,-45.208963804038234,51.563702644657425
10588,-45.23836730344876,51.56976287386607
10589,-45.26777048062842,51.575825031392085
10590,-45.297173338433524,51.581889103437014
10591,-45.326575879720515,51.58795507620245
10592,-45.355978107345706,51.59402293588994
10593,-45.38538002416556,51.600092668701066
10594,-45.41478163303641,51.6061642608374
10595,-45.44418293681461,51.612237698500486
10596,-45.4735839383566,51.61831296789192
10597,-45.50298464051869,51.624390055213254
10598,-45.532385046157344,51.63046894666605
10599,-45.561785158128856,51.636549628451874
10600,-45.59118497928968,51.6426320867723
10601,-45.62058451249614,51.64871630782892
10602,-45.64998376060468,51.65480227782326
10603,-45.67938272647162,51.6608899829569
10604,-45.708781412953336,51.66697940943143
10605,-45.73817982290627,51.6730705434484
10606,-45.767577959186745,51.67916337120936
10607,-45.79697582465117,51.685257878915905
10608,-45.826373422155896,51.691354052769576
10609,-45.855770754557355,51.697451878971975
10610,-45.885167824711914,51.703551343724655
10611,-45.91456463547588,51.70965243322917
10612,-45.94396118970573,51.7157551336871
10613,-45.973357490257776,51.72185943130001
10614,-46.00275353998844,51.727965312269454
10615,-46.03214934175408,51.73407276279703
10616,-46.06154489841111,51.74018176908429
10617,-46.09094021281584,51.74629231733276
10618,-46.120335287824744,51.75240439374409
10619,-46.149730126294145,51.758517984519784
10620,-46.17912473108041,51.76463307586144
10621,-46.20851910503995,51.770749653970604
10622,-46.237913251029106,51.77686770504884
10623,-46.26730717190433,51.78298721529774
10624,-46.29670087052192,51.78910817091887
10625,-46.32609434973833,51.79523055811378
10626,-46.35548761240988,51.801354363084045
10627,-46.38488066139301,51.80747957203124
10628,-46.41427349954406,51.81360617115691
10629,-46.4436661297194,51.81973414666266
10630,-46.47305855477544,51.82586348475001
10631,-46.502450777568534,51.83199417162056
10632,-46.53184280095509,51.83812619347587
10633,-46.56123462779146,51.84425953651752
10634,-46.59062626093406,51.85039418694705
10635,-46.62001770323925,51.85653013096604
10636,-46.64940895756337,51.86266735477606
10637,-46.678800026762886,51.86880584457869
10638,-46.708190913694075,51.87494558657546
10639,-46.737581621213444,51.881086566967994
10640,-46.76697215217723,51.88722877195778
10641,-46.79636250944195,51.893372187746465
10642,-46.825752695863876,51.89951680053559
10643,-46.85514271429946,51.905662596526696
10644,-46.88453256760506,51.91180956192137
10645,-46.91392225863702,51.91795768292119
10646,-46.94331179025179,51.924106945727715
10647,-46.97270116530566,51.93025733654249
10648,-47.00209038665511,51.936408841567115
10649,-47.03147945715643,51.942561447003136
10650,-47.06086837966609,51.94871513905215
10651,-47.09025715704037,51.954869903915686
10652,-47.119645792135756,51.961025727795345
10653,-47.14903428780856,51.96718259689267
10654,-47.178422646915145,51.973340497409225
10655,-47.207810872311974,51.97949941554661
10656,-47.23719896685533,51.98565933750636
10657,-47.26658693340166,51.99182024949006
10658,-47.2959747748073,51.997982137699246
10659,-47.3253624939287,52.004144988335554
10660,-47.3547500936222,52.010308787600486
10661,-47.38413757674411,52.016473521695616
10662,-47.41352494615093,52.022639176822544
10663,-47.44291220518449,52.02880573548286
10664,-47.47229936010773,52.03497315791878
10665,-47.50168641827065,52.04114139608799
10666,-47.53107338702522,52.04731040193419
10667,-47.56046027372319,52.0534801274011
10668,-47.58984708571654,52.05965052443244
10669,-47.61923383035711,52.065821544971925
10670,-47.64862051499676,52.07199314096327
10671,-47.67800714698739,52.07816526435021
10672,-47.70739373368083,52.08433786707641
10673,-47.73678028242905,52.09051090108566
10674,-47.766166800583825,52.09668431832161
10675,-47.79555329549712,52.10285807072802
10676,-47.82493977452073,52.10903211024858
10677,-47.8543262450066,52.115206388827005
10678,-47.883712714306576,52.12138085840704
10679,-47.91309918977251,52.127555470932386
10680,-47.94248567875634,52.13373017834675
10681,-47.971872188609865,52.13990493259388
10682,-48.001258726685045,52.146079685617444
10683,-48.03064530033367,52.15225438936118
10684,-48.06003191690769,52.15842899576884
10685,-48.08941858375897,52.1646034567841
10686,-48.11880530823932,52.17077772435065
10687,-48.14819209770071,52.17695175041227
10688,-48.17757895949493,52.18312548691265
10689,-48.206965900973934,52.18929888579551
10690,-48.23635292948952,52.195471899004545
10691,-48.26574005239367,52.2016444784835
10692,-48.295127277038134,52.20781657617607
10693,-48.3245146107749,52.213988144026
10694,-48.3539020609558,52.22015913397698
10695,-48.383289634932666,52.22632949797273
10696,-48.41267734005747,52.232499187956975
10697,-48.44206518368197,52.23866815587342
10698,-48.47145317315815,52.2448363536658
10699,-48.50084131583782,52.2510037332778
10700,-48.530229619072905,52.257170246653175
10701,-48.559618090215224,52.263335845735625
10702,-48.589006736616724,52.26950048246885
10703,-48.618395565629235,52.275664108796605
10704,-48.64778458460462,52.28182667666257
10705,-48.6771738008948,52.28798813801046
10706,-48.7065632218516,52.294148444784035
10707,-48.735952854826955,52.300307548926966
10708,-48.76534270717269,52.306465402382976
10709,-48.794732786240736,52.312621957095836
10710,-48.82412309938293,52.31877716500918
10711,-48.853513653951126,52.324930978066774
10712,-48.882904457297265,52.33108334821232
10713,-48.91229551677315,52.33723422738952
10714,-48.941686839730735,52.34338356754215
10715,-48.97107843352183,52.349531320613856
10716,-49.00047030549836,52.35567743854838
10717,-49.02986246301215,52.36182187328946
10718,-49.05925491341514,52.367964576780786
10719,-49.08864766405918,52.374105500966095
10720,-49.118040722296094,52.380244597789066
10721,-49.147434095477855,52.38638181919346
10722,-49.17682779095624,52.392517117122964
10723,-49.20622181608323,52.398650443521326
10724,-49.23561617821059,52.404781750332226
10725,-49.265010884690305,52.410910989499406
10726,-49.29440594287415,52.41703811296656
10727,-49.323801360114096,52.423163072677426
10728,-49.35319714376197,52.42928582057571
10729,-49.38259330116961,52.43540630860512
10730,-49.41198983968898,52.441524488709405
10731,-49.44138676667187,52.44764031283224
10732,-49.470784089470236,52.45375373291736
10733,-49.5001818154359,52.45986470090851
10734,-49.529579951920766,52.46597316874936
10735,-49.558978506276716,52.472079088383644
10736,-49.58837748585556,52.47818241175508
10737,-49.61777689800926,52.48428309080738
10738,-49.64717675008963,52.49038107748428
10739,-49.67657704944861,52.49647632372947
10740,-49.70597780343801,52.50256878148669
10741,-49.735379019409784,52.50865840269964
10742,-49.7647807047157,52.51474513931205
10743,-49.79418286670773,52.5208289432676
10744,-49.823585512737736,52.52690976651005
10745,-49.85298865015753,52.53298756098311
10746,-49.88239228631907,52.539062278630475
10747,-49.911796428574156,52.54513387139587
10748,-49.941201084274745,52.55120229122303
10749,-49.97060626077264,52.55726749005566
10750,-50.00001196541978,52.56332941983747
10751,-50.02941820556802,52.56938803251218
10752,-50.058824988569185,52.57544328002349
10753,-50.08823232177524,52.58149511431515
10754,-50.11764021253797,52.587543487330855
10755,-50.14704866820934,52.593588351014326
10756,-50.17645769614116,52.59962965730929
10757,-50.205867303685345,52.60566735815944
10758,-50.23527749819373,52.611701405508505
10759,-50.26468828701825,52.61773175130022
10760,-50.294099677510765,52.62375834747827
10761,-50.323511677023106,52.629781145986385
10762,-50.3529242929072,52.635800098768286
10763,-50.382337532514875,52.64181515776769
10764,-50.41175140319806,52.64782627492829
10765,-50.44116591230859,52.65383340219383
10766,-50.470581067198395,52.65983649150804
10767,-50.49999687521926,52.665835494814594
10768,-50.52941334372317,52.67183036405723
10769,-50.55883048006196,52.67782105117968
10770,-50.58824829158744,52.68380750812562
10771,-50.617666785651586,52.6897896868388
10772,-50.647085969606195,52.69576753926293
10773,-50.67650585080321,52.70174101734173
10774,-50.705926436594446,52.707710073018895
10775,-50.735347734331846,52.71367465823816
10776,-50.76476975136725,52.71963472494325
10777,-50.7941924950525,52.72559022507786
10778,-50.82361597273953,52.731541110585724
10779,-50.85304019178019,52.73748733341054
10780,-50.882465159526376,52.743428845496055
10781,-50.91189088332991,52.74936559878594
10782,-50.94131737054275,52.75529754522396
10783,-50.970744628516705,52.76122463675381
10784,-51.0001726646037,52.767146825319195
10785,-51.029601486155585,52.77306406286384
10786,-51.05903110052422,52.77897630133148
10787,-51.088461515061525,52.78488349266579
10788,-51.11789273711933,52.790785588810536
10789,-51.14732477404955,52.796682541709394
10790,-51.17675763320401,52.80257430330609
10791,-51.206191321934696,52.80846082554439
10792,-51.235625847593326,52.81434206036791
10793,-51.26506121753192,52.82021795972045
10794,-51.2944974391023,52.82608847554572
10795,-51.32393451965631,52.831953559787394
10796,-51.35337246654588,52.837813164389225
10797,-51.38281128712281,52.843667241294895
10798,-51.41225098873909,52.84951574244817
10799,-51.441691578746486,52.855358619792725
10800,-51.471133064496954,52.861195825272276
10801,-51.50057545334235,52.86702731083058
10802,-51.53001875263451,52.87285302841133
10803,-51.559462969725345,52.87867292995821
10804,-51.58890811196673,52.88448696741498
10805,-51.61835418671056,52.89029509272536
10806,-51.647801201308646,52.89609725783302
10807,-51.677249163112954,52.90189341468173
10808,-51.706698079475274,52.90768351521516
10809,-51.73614795774757,52.91346751137707
10810,-51.76559880528165,52.91924535511115
10811,-51.79505062942939,52.925016998361116
10812,-51.824503437542745,52.930782393070714
10813,-51.85395723697348,52.93654149118361
10814,-51.883412035073555,52.94229424464354
10815,-51.912867839194796,52.94804060539425
10816,-51.942324656689145,52.953780525379436
10817,-51.97178249490838,52.95951395654279
10818,-52.00124136120448,52.96524085082808
10819,-52.03070126292927,52.97096116017897
10820,-52.0601622074346,52.97667483653922
10821,-52.089624202072415,52.982381831852535
10822,-52.11908725419451,52.988082098062584
10823,-52.148551371152855,52.993775587113156
10824,-52.178016560299234,52.99946225094792
10825,-52.2074828289856,53.00514204151062
10826,-52.23695018456381,53.01081491074496
10827,-52.266418634385666,53.016480810594636
10828,-52.295888185803165,53.02213969300342
10829,-52.32535884616807,53.02779150991496
10830,-52.35483062283236,53.03343621327302
10831,-52.38430352314782,53.0390737550213
10832,-52.41377755446642,53.044704087103526
10833,-52.44325272413994,53.0503271614634
10834,-52.472729039520345,53.05594293004465
10835,-52.50220650795946,53.061551344791
10836,-52.53168513680914,53.06715235764613
10837,-52.56116493342131,53.0727459205538
10838,-52.5906459051478,53.078331985457694
10839,-52.620128059340566,53.08391050430156
10840,-52.649611403351386,53.08948142902908
10841,-52.679095944532236,53.095044711584
10842,-52.70858169023488,53.10060030391002
10843,-52.738068647811296,53.10614815795086
10844,-52.76755682461334,53.111688225650255
10845,-52.79704622799282,53.117220458951884
10846,-52.82653686530169,53.12274480979949
10847,-52.85602874389177,53.12826123013679
10848,-52.88552187111499,53.13376967190748
10849,-52.91501625432318,53.13927008705529
10850,-52.944511900868264,53.14476242752394
10851,-52.974008818102085,53.15024664525715
10852,-53.0035070133765,53.15572269219863
10853,-53.033006494043434,53.161190520292095
10854,-53.06250726745471,53.16665008148126
10855,-53.092009340962285,53.172101327709846
10856,-53.12151272191794,53.17754421092157
10857,-53.15101741767363,53.18297868306014
10858,-53.18052343558116,53.18840469606927
10859,-53.21003078299249,53.1938222018927
10860,-53.23953946725945,53.199231152474134
10861,-53.26904949573388,53.204631499757284
10862,-53.29856087576773,53.210023195685864
10863,-53.328073614712814,53.2154061922036
10864,-53.357587719921064,53.22078044125421
10865,-53.387103198744285,53.22614589478139
10866,-53.416620058534434,53.23150250472887
10867,-53.44613830664332,53.23685022304038
10868,-53.4756579504229,53.24218900165963
10869,-53.505178997224974,53.24751879253032
10870,-53.534701454401436,53.25283954759618
10871,-53.56422532930419,53.25815121880094
10872,-53.59375062928506,53.26345375808826
10873,-53.623277361696,53.26874711740192
10874,-53.65280553388879,53.27403124868562
10875,-53.68233515321541,53.279306103883066
10876,-53.711866227027684,53.28457163493798
10877,-53.741398762677456,53.28982779379407
10878,-53.77093276751665,53.29507453239505
10879,-53.80046824889713,53.300311802684675
10880,-53.83000521417078,53.305539556606604
10881,-53.85954367068945,53.3107577461046
10882,-53.88908362580507,53.31596632312236
10883,-53.918625086869426,53.32116523960359
10884,-53.94816806123451,53.326354447492044
10885,-53.97771255625213,53.33153389873138
10886,-54.00725857927413,53.336703545265365
10887,-54.03680613765246,53.3418633390377
10888,-54.066355238738936,53.3470132319921
10889,-54.09590588988551,53.35215317607228
10890,-54.125458098443964,53.357283123221954
10891,-54.155011871766256,53.36240302538485
10892,-54.184567217204176,53.36751283450465
10893,-54.214124142109725,53.37261250252514
10894,-54.24368265383468,53.377701981389976
10895,-54.273242759730906,53.38278122304289
10896,-54.302804467150374,53.3878501794276
10897,-54.33236778344486,53.392908802487824
10898,-54.36193271596632,53.39795704416728
10899,-54.39149927206656,53.402994856409684
10900,-54.42106745909753,53.40802219115875
10901,-54.45063728441108,53.413039000358204
10902,-54.48020875535902,53.41804523595174
10903,-54.50978187929333,53.423040849883094
10904,-54.539356663565776,53.428025794095966
10905,-54.56893311552836,53.43300002053411
10906,-54.59851124253285,53.43796348114119
10907,-54.62809105193121,53.44291612786097
10908,-54.65767255107524,53.44785791263713
10909,-54.68725574731687,53.45278878741342
10910,-54.71684064800797,53.45770870413353
10911,-54.74642726050036,53.46261761474117
10912,-54.77601559214602,53.46751547118009
10913,-54.805605650296705,53.47240222539397
10914,-54.83519744230439,53.47727782932657
10915,-54.86479097552089,53.48214223492156
10916,-54.894386257298144,53.4869953941227
10917,-54.923983294987956,53.491837258873666
10918,-54.95358209594226,53.49666778111819
10919,-54.98318266751292,53.501486912800004
10920,-55.01278501705176,53.506294605862806
10921,-55.04238915191074,53.51109081225033
10922,-55.07199507944165,53.51587548390624
10923,-55.101602806996475,53.520648572774356
10924,-55.13121234192696,53.52541003079828
10925,-55.16082369158511,53.530159809921805
10926,-55.190436863322724,53.534897862088606
10927,-55.22005186449167,53.539624139242434
10928,-55.249668702443884,53.54433859332699
10929,-55.27928738453118,53.549041176285975
10930,-55.30890791810549,53.55373184006312
10931,-55.338530310518614,53.55841053660214
10932,-55.36815456912254,53.56307721784676
10933,-55.397780701269035,53.567731835740695
10934,-55.427408714310054,53.57237434222763
10935,-55.45703861559746,53.57700468925134
10936,-55.486670412483065,53.581622828755485
10937,-55.516304112318835,53.58622871268382
10938,-55.545939722456566,53.590822292980036
10939,-55.575577250248216,53.59540352158787
10940,-55.60521670304557,53.59997235045101
10941,-55.63485808820059,53.60452873151319
10942,-55.66450141306508,53.609072616718144
10943,-55.69414668499099,53.61360395800957
10944,-55.72379391133016,53.61812270733119
10945,-55.753443099434435,53.6226288166267
10946,-55.78309425665576,53.62712223783985
10947,-55.81274739034593,53.63160292291434
10948,-55.8424025078569,53.63607082379387
10949,-55.87205961654047,53.6405258924222
10950,-55.901718723748616,53.64496808074301
10951,-55.93137983683313,53.649397340700006
10952,-55.961042963145886,53.65381362423694
10953,-55.99070811003883,53.65821688329751
10954,-56.02037528486376,53.66260706982544
10955,-56.05004449497263,53.666984135764444
10956,-56.07971574771724,53.67134803305823
10957,-56.109389050449536,53.67569871365053
10958,-56.13906441052133,53.68003612948505
10959,-56.168741835284564,53.68436023250551
10960,-56.198421332091065,53.688670974655615
10961,-56.22810290829271,53.692968307879106
10962,-56.257786571241425,53.69725218411966
10963,-56.287472328289006,53.701522555321034
10964,-56.31716018678741,53.705779373426935
10965,-56.346850154088465,53.71002259038108
10966,-56.376542237544086,53.71425215812717
10967,-56.40623644450612,53.71846802860893
10968,-56.43593278232641,53.72267015377007
10969,-56.46563125835692,53.726858485554324
10970,-56.495331879949426,53.73103297590539
10971,-56.52503465445592,53.735193576767
10972,-56.554739589228156,53.73934024008285
10973,-56.584446691618105,53.743472917796694
10974,-56.614155968977585,53.74759156185221
10975,-56.64386742865854,53.751696124193145
10976,-56.673581078012774,53.755786556763184
10977,-56.70329692439218,53.75986281150605
10978,-56.73301497514866,53.76392484036548
10979,-56.76273523763405,53.76797259528519
10980,-56.792457719200286,53.77200602820888
10981,-56.822182427199174,53.77602509108025
10982,-56.851909368982675,53.78002973584306
10983,-56.881638551902576,53.784019914441
10984,-56.91136998331083,53.787995578817785
10985,-56.9411036705593,53.79195668091715
10986,-56.970839620999776,53.7959031726828
10987,-57.00057784198425,53.799835006058444
10988,-57.03031834086452,53.80375213298781
10989,-57.060061124992515,53.807654505414604
10990,-57.08980620172006,53.81154207528255
10991,-57.11955357839909,53.81541479453537
10992,-57.14930326238146,53.81927261511678
10993,-57.17905526101899,53.82311548897048
10994,-57.20880958166365,53.826943368040205
10995,-57.23856623166723,53.83075620426965
10996,-57.2683252183817,53.83455394960256
10997,-57.29808654915882,53.83833655598263
10998,-57.32785023135057,53.842103975353574
10999,-57.35761627230876,53.84585615965913
11000,-57.387384679385335,53.849593060843006
11001,-57.41715545993211,53.85331463084891
11002,-57.44692862130098,53.85702082162055
11003,-57.476704170843824,53.86071158510167
11004,-57.5064821159125,53.864386873235965
11005,-57.53626246385894,53.86804663796718
11006,-57.56604522203493,53.871690831238986
11007,-57.59583039779244,53.87531940499513
11008,-57.62561799848327,53.87893231117933
11009,-57.65540803145937,53.88252950173527
11010,-57.6852005040726,53.88611092860673
11011,-57.714995423674736,53.88967654373736
11012,-57.744792797617805,53.89322629907092
11013,-57.774592633253555,53.8967601465511
11014,-57.80439493793396,53.90027803812163
11015,-57.83419971901084,53.90377992572624
11016,-57.86400698383609,53.90726576130862
11017,-57.893816739761604,53.910735496812485
11018,-57.92362899148035,53.91418909188879
11019,-57.953443729453426,53.917626547442524
11020,-57.98326093939985,53.921047878124284
11021,-58.01308060703546,53.92445309859404
11022,-58.04290271807602,53.92784222351182
11023,-58.072727258237414,53.93121526753759
11024,-58.10255421323537,53.93457224533137
11025,-58.132383568785784,53.93791317155314
11026,-58.16221531060438,53.9412380608629
11027,-58.19204942440699,53.94454692792064
11028,-58.22188589590946,53.94783978738637
11029,-58.25172471082754,53.95111665392008
11030,-58.281565854877094,53.954377542181746
11031,-58.31140931377386,53.95762246683138
11032,-58.34125507323376,53.960851442528984
11033,-58.37110311897247,53.964064483934536
11034,-58.4009534367059,53.967261605708046
11035,-58.43080601214984,53.97044282250952
11036,-58.46066083102002,53.97360814899892
11037,-58.49051787903235,53.97675759983626
11038,-58.52037714190255,53.979891189681524
11039,-58.55023860534653,53.983008933194725
11040,-58.58010225507999,53.98611084503585
11041,-58.609968076818845,53.9891969398649
11042,-58.63983605627884,53.99226723234187
11043,-58.66970617917573,53.99532173712673
11044,-58.699578431225454,53.99836046887951
11045,-58.72945279814369,54.001383442260185
11046,-58.75932926564635,54.004390671928746
11047,-58.78920781944919,54.00738217254522
11048,-58.81908844526804,54.010357958769575
11049,-58.848971128818654,54.013318045261805
11050,-58.87885585581693,54.016262446681914
11051,-58.908742611978624,54.0191911776899
11052,-58.93863138301952,54.02210425294575
11053,-58.9685221546555,54.02500168710947
11054,-58.998414912602286,54.027883494841056
11055,-59.02830964257574,54.03074969080046
11056,-59.05820633029165,54.03360028964775
11057,-59.08810496146585,54.03643530604287
11058,-59.11800552181412,54.03925475464584
11059,-59.1479079970523,54.04205865011664
11060,-59.17781237289619,54.04484700711528
11061,-59.20771863506154,54.04761984030173
11062,-59.23762676926424,54.050377164336
11063,-59.267536761220036,54.0531189938781
11064,-59.29744859664479,54.05584534358801
11065,-59.32736226125425,54.05855622812571
11066,-59.357277740764296,54.06125166215124
11067,-59.38719502089071,54.063931660324556
11068,-59.41711408734922,54.06659623730566
11069,-59.447034925855775,54.069245407754565
11070,-59.47695752212604,54.07187918633123
11071,-59.50688186187597,54.0744975876957
11072,-59.53680793082122,54.07710062650793
11073,-59.56673571467775,54.07968831742794
11074,-59.59666519916123,54.082260675115705
11075,-59.62659636998758,54.08481771423124
11076,-59.65652921287258,54.087359449434544
11077,-59.68646371353195,54.08988589538557
11078,-59.716399857681616,54.09239706674436
11079,-59.74633763103732,54.0948929781709
11080,-59.77627701931491,54.09737364432517
11081,-59.80621800823014,54.09983907986715
11082,-59.836160583498874,54.102289299456885
11083,-59.86610473083686,54.10472431775433
11084,-59.89605043596,54.107144149419504
11085,-59.92599768458403,54.10954880911239
11086,-59.95594646242474,54.111938311492985
11087,-59.985896755198034,54.11431267122128
11088,-60.01584854861961,54.11667190295728
11089,-60.04580182840533,54.11901602136097
11090,-60.075756580271005,54.12134504109236
11091,-60.10571278993243,54.12365897681142
11092,-60.13567044310545,54.12595784317818
11093,-60.1656295255058,54.1282416548526
11094,-60.195590022849366,54.13051042649471
11095,-60.225551920851885,54.13276417276447
11096,-60.25551520522924,54.1350029083219
11097,-60.285479861697155,54.137226647826985
11098,-60.31544587597151,54.13943540593972
11099,-60.34541323376808,54.141629197320114
11100,-60.3753819208027,54.14380803662815
11101,-60.405351922791176,54.14597193852382
11102,-60.435323225449245,54.14812091766713
11103,-60.46529581449281,54.15025498871807
11104,-60.49526967563761,54.152374166336635
11105,-60.525244794599516,54.15447846518282
11106,-60.55522115709425,54.156567899916624
11107,-60.58519874883774,54.15864248519803
11108,-60.615177555545664,54.160702235687054
11109,-60.645157562933946,54.16274716604367
11110,-60.67513875671833,54.164777290927894
11111,-60.705121122614614,54.1667926249997
11112,-60.73510464633865,54.168793182919096
11113,-60.765089313606204,54.17077897934607
11114,-60.795075110133126,54.17275002894064
11115,-60.82506202163519,54.174706346362775
11116,-60.85505003382822,54.176647946272475
11117,-60.88503913242805,54.17857484332975
11118,-60.9150293031504,54.18048705219456
11119,-60.94502053171119,54.18238458752694
11120,-60.975012803826154,54.184267463986885
11121,-61.005006105211145,54.186135696234366
11122,-61.03500042158191,54.18798929892939
11123,-61.06499573865433,54.18982828673194
11124,-61.094992042144156,54.191652674302034
11125,-61.12498931776725,54.19346247629964
11126,-61.1549875512394,54.19525770738478
11127,-61.18498672827638,54.19703838221745
11128,-61.21498683459402,54.19880451545761
11129,-61.24498785590813,54.200556121765295
11130,-61.27498977793455,54.20229321580048
11131,-61.30499258638901,54.20401581222316
11132,-61.3349962669874,54.20572392569333
11133,-61.36500080544547,54.207417570870994
11134,-61.39500618747911,54.209096762416166
11135,-61.42501239880406,54.2107615149888
11136,-61.45501942513608,54.212411843248894
11137,-61.485027252191095,54.21404776185648
11138,-61.5150358656848,54.21566928547151
11139,-61.54504525133313,54.217276428754026
11140,-61.575055394851766,54.218869206364005
11141,-61.60506628195661,54.22044763296141
11142,-61.63507789836344,54.222011723206286
11143,-61.665090229788014,54.22356149175857
11144,-61.695103261946244,54.22509695327834
11145,-61.72511698055381,54.2266181224255
11146,-61.75513137132664,54.228125013860115
11147,-61.78514641998048,54.22961764224217
11148,-61.81516211223116,54.23109602223162
11149,-61.84517843379443,54.23256016848849
11150,-61.875195370386194,54.23401009567276
11151,-61.90521290772223,54.23544581844445
11152,-61.93523103151827,54.23686735146354
11153,-61.96524972749025,54.23827470939003
11154,-61.99526898135384,54.23966790688389
11155,-62.02528877882496,54.24104695860515
11156,-62.05530910561935,54.24241187921381
11157,-62.085329947452884,54.24376268336983
11158,-62.11535129004129,54.245099385733226
11159,-62.14537311910044,54.24642200096399
11160,-62.17539542034613,54.24773054372211
11161,-62.20541817949413,54.2490250286676
11162,-62.235441382260305,54.25030547046044
11163,-62.2654650143604,54.251571883760626
11164,-62.29548906151029,54.252824283228165
11165,-62.32551350942571,54.25406268352303
11166,-62.35553834382257,54.25528709930525
11167,-62.38556355041661,54.25649754523481
11168,-62.415589114923606,54.257694035971674
11169,-62.44561502305943,54.25887658617586
11170,-62.475641260539845,54.26004521050737
11171,-62.50566781308072,54.261199923626194
11172,-62.53569466639779,54.26234074019232
11173,-62.565721806206916,54.26346767486576
11174,-62.595749218223865,54.264580742306485
11175,-62.62577688816451,54.26567995717452
11176,-62.6558048017446,54.26676533412982
11177,-62.68583294467992,54.26783688783241
11178,-62.7158613026864,54.268894632942306
11179,-62.74588986147969,54.269938584119444
11180,-62.775918606775726,54.27096875602387
11181,-62.80594752429024,54.27198516331557
11182,-62.83597659973909,54.27298782065452
11183,-62.86600581883807,54.273976742700725
11184,-62.89603516730293,54.27495194411417
11185,-62.926064630849574,54.275913439554884
11186,-62.956094195193714,54.27686124368282
11187,-62.98612384605127,54.277795371158014
11188,-63.016153569137934,54.27871583664043
11189,-63.046183350169606,54.279622654790074
11190,-63.07621317486203,54.28051584026695
11191,-63.10624302893106,54.281395407731026
11192,-63.13627289809249,54.282261371842324
11193,-63.1663027680621,54.28311374726084
11194,-63.19633262455578,54.283952548646575
11195,-63.22636245328921,54.28477779065948
11196,-63.256392239978325,54.285589487959605
11197,-63.28642197033883,54.28638765520691
11198,-63.31645163008662,54.28717230706139
11199,-63.34648120493742,54.287943458183065
11200,-63.37651068060713,54.28870112323191
11201,-63.406540042811514,54.28944531686794
11202,-63.43656927726634,54.290176053751125
11203,-63.46659836968747,54.29089334854148
11204,-63.496627305790675,54.29159721589899
11205,-63.5266560712918,54.29228767048364
11206,-63.55668465190663,54.292964726955454
11207,-63.58671303335102,54.29362839997442
11208,-63.61674120134073,54.29427870420052
11209,-63.646769141591534,54.29491565429375
11210,-63.6767968398193,54.2955392649141
11211,-63.70682428173982,54.296149550721594
11212,-63.73685145306893,54.29674652637621
11213,-63.766878339522364,54.297330206537936
11214,-63.796904926816026,54.297900605866765
11215,-63.82693120066563,54.29845773902271
11216,-63.85695714678707,54.29900162066575
11217,-63.8869827508961,54.29953226545589
11218,-63.91700799870853,54.300049688053136
11219,-63.947032875940195,54.30055390311745
11220,-63.97705736830687,54.301044925308865
11221,-64.00708146152442,54.30152276928736
11222,-64.03710514130856,54.30198744971291
11223,-64.06712839337521,54.302438981245544
11224,-64.09715120344006,54.30287737854523
11225,-64.12717355721904,54.30330265627199
11226,-64.1571954404279,54.303714829085806
11227,-64.18721683878239,54.30411391164666
11228,-64.21723773799845,54.30449991861458
11229,-64.24725812379174,54.304872864649525
11230,-64.27727798187817,54.30523276441149
11231,-64.30729729797352,54.305579632560516
11232,-64.33731605779363,54.30591348375658
11233,-64.36733424705426,54.30623433265964
11234,-64.3973518514712,54.30654219392972
11235,-64.42736885676034,54.30683708222682
11236,-64.45738524863741,54.30711901221093
11237,-64.48740101281825,54.30738799854205
11238,-64.51741613501866,54.307644055880154
11239,-64.54743060095451,54.307887198885275
11240,-64.5774443963415,54.308117442217366
11241,-64.60745750689553,54.30833480053645
11242,-64.63746991833237,54.3085392885025
11243,-64.66748161636781,54.30873092077556
11244,-64.69749258671769,54.30890971201555
11245,-64.72750281509778,54.30907567688252
11246,-64.75751228722396,54.30922883003648
11247,-64.78752098881196,54.309369186137374
11248,-64.81752890557763,54.30949675984521
11249,-64.84753602323677,54.30961156582003
11250,-64.87754232750521,54.30971361872177
11251,-64.90754780409874,54.30980293321044
11252,-64.9375524387331,54.30987952394605
11253,-64.96755621712425,54.309943405588605
11254,-64.99755912498784,54.30999459279807
11255,-65.0275611480398,54.310033100234456
11256,-65.05756227199586,54.310058942557774
11257,-65.08756248257187,54.310072134427976
11258,-65.11756176548363,54.310072690505095
11259,-65.14756010644692,54.310060625449125
11260,-65.1775574911776,54.310035953920035
11261,-65.2075539053914,54.30999869057786
11262,-65.23754933480423,54.309948850082556
11263,-65.26754376513182,54.30988644709414
11264,-65.29753718209001,54.30981149627257
11265,-65.3275295713946,54.309724012277925
11266,-65.35752091876141,54.30962400977011
11267,-65.38751120990626,54.30951150340918
11268,-65.41750043054489,54.30938650785511
11269,-65.44748856639323,54.3092490377679
11270,-65.47747560316694,54.309099107807526
11271,-65.50746152658193,54.30893673263399
11272,-65.53744632235397,54.308761926907316
11273,-65.56742997619892,54.30857470528747
11274,-65.59741247383249,54.308375082434445
11275,-65.6273938009706,54.30816307300826
11276,-65.65737394332899,54.30793869166889
11277,-65.68735288662344,54.307701953076325
11278,-65.71733061656987,54.30745287189059
11279,-65.74730711888395,54.307191462771655
11280,-65.77728237928162,54.30691774037953
11281,-65.80725638347857,54.306631719374195
11282,-65.83722911719073,54.306333414415676
11283,-65.8672005661338,54.30602284016392
11284,-65.89717071602362,54.30570001127896
11285,-65.92713955257605,54.305364942420766
11286,-65.95710706150682,54.305017648249375
11287,-65.98707322853181,54.30465814342473
11288,-66.01703803936675,54.304286442606866
11289,-66.04700147972754,54.30390256045576
11290,-66.07696353532991,54.30350651163141
11291,-66.10692419188972,54.30309831079381
11292,-66.13688343512275,54.30267797260294
11293,-66.1668412507448,54.30224551171885
11294,-66.19679762447173,54.30180094280148
11295,-66.22675254201927,54.30134428051083
11296,-66.2567059891033,54.300875539506926
11297,-66.28665795143957,54.30039473444974
11298,-66.31660841474395,54.29990187999927
11299,-66.34655736473218,54.29939699081552
11300,-66.37650478712015,54.29888008155847
11301,-66.40645066762363,54.29835116688813
11302,-66.43639499195837,54.2978102614645
11303,-66.46633774584028,54.29725737994756
11304,-66.49627891498506,54.29669253699731
11305,-66.52621848510861,54.29611574727374
11306,-66.55615644192669,54.29552702543686
11307,-66.58609277115514,54.294926386146656
11308,-66.61602745850976,54.294313844063126
11309,-66.64596048970631,54.29368941384626
11310,-66.67589185046069,54.293053110156066
11311,-66.70582152648859,54.292404947652514
11312,-66.73574950350594,54.29174494099563
11313,-66.76567576722846,54.29107310484538
11314,-66.79560030337201,54.29038945386179
11315,-66.82552309765235,54.28969400270484
11316,-66.85544413578536,54.288986766034526
11317,-66.8853634034868,54.28826775851083
11318,-66.91528088647244,54.28753699479376
11319,-66.9451965704582,54.286794489543325
11320,-66.97511044115976,54.2860402574195
11321,-67.00502248429302,54.2852743130823
11322,-67.03493268557374,54.28449667119169
11323,-67.06484103071777,54.283707346407674
11324,-67.09474750544085,54.28290635339027
11325,-67.12465209545887,54.28209370679945
11326,-67.15455478648761,54.28126942129522
11327,-67.18445556424282,54.28043351153758
11328,-67.21435441444041,54.27958599218651
11329,-67.24425132279609,54.27872687790204
11330,-67.27414627502576,54.27785618334411
11331,-67.30403925684513,54.27697392317276
11332,-67.33393025397011,54.27608011204797
11333,-67.36381925211646,54.27517476462973
11334,-67.39370623699995,54.27425789557806
11335,-67.42359119433644,54.2733295195529
11336,-67.45347410984172,54.27238965121431
11337,-67.48335496923161,54.27143830522225
11338,-67.51323375822189,54.27047549623672
11339,-67.54311046252842,54.26950123891772
11340,-67.57298506786694,54.26851554792525
11341,-67.60285755995332,54.26751843791928
11342,-67.63272792450337,54.26650992355984
11343,-67.66259614723282,54.2654900195069
11344,-67.69246221385757,54.264458740420466
11345,-67.72232611009336,54.26341610096054
11346,-67.75218782165605,54.2623621157871
11347,-67.7820473342614,54.26129679956016
11348,-67.81190463362528,54.260220166939696
11349,-67.84175970546342,54.25913223258571
11350,-67.87161253549169,54.258033011158204
11351,-67.90146310942589,54.25692251731718
11352,-67.9313114129818,54.255800765722604
11353,-67.96115743187526,54.254667771034505
11354,-67.99100115182205,54.25352354791286
11355,-68.02084255853799,54.25236811101767
11356,-68.05068163773888,54.251201475008926
11357,-68.08051837514058,54.250023654546624
11358,-68.11035275645884,54.248834664290754
11359,-68.14018476740947,54.24763451890134
11360,-68.17001439370831,54.24642323303834
11361,-68.19984162107112,54.24520082136176
11362,-68.22966643521379,54.243967298531615
11363,-68.259488821852,54.24272267920787
11364,-68.28930876670174,54.24146697805057
11365,-68.31912625547861,54.24020020971963
11366,-68.3489412738986,54.23892238887511
11367,-68.37875380767741,54.23763353017698
11368,-68.4085638425309,54.23633364828527
11369,-68.43837136417486,54.23502275785992
11370,-68.46817635832505,54.23370087356098
11371,-68.49797881069736,54.23236801004838
11372,-68.52777870700754,54.23102418198218
11373,-68.55757603297147,54.229669404022346
11374,-68.58737077430484,54.22830369082887
11375,-68.6171629167236,54.22692705706176
11376,-68.64695244594347,54.225539517380994
11377,-68.67673934768024,54.224141086446586
11378,-68.70652360764979,54.222731778918515
11379,-68.73630521156787,54.22131160945681
11380,-68.7660841451503,54.21988059272142
11381,-68.7958603941129,54.218438743372374
11382,-68.8256339441715,54.21698607606963
11383,-68.8554047810419,54.21552260547324
11384,-68.88517289043983,54.21404834624314
11385,-68.91493825808118,54.21256331303937
