index,x,y
0,-12.059850917851916,9.2340595347471
1,-12.06132428399942,9.212183663205334
2,-12.062967807870145,9.1904338840676
3,-12.064783491875712,9.16881266011808
4,-12.066773342086183,9.147322460837069
5,-12.068939366046829,9.125965759336985
6,-12.071283570594945,9.104745029298423
7,-12.073807959676618,9.083662741906199
8,-12.076514532163545,9.062721362785386
9,-12.079405279669793,9.041923348937342
10,-12.082482184368612,9.02127114567577
11,-12.085747216809187,9.000767183562727
12,-12.089202333733489,8.980413875344707
13,-12.092849475893011,8.960213612888637
14,-12.09669056586557,8.940168764117939
15,-12.100727505872118,8.920281669948569
16,-12.104962175593494,8.900554641225037
17,-12.109396429987271,8.880989955656494
18,-12.114032097104467,8.861589854752697
19,-12.118870975906413,8.842356540760122
20,-12.123914834081479,8.823292173597956
21,-12.129165405861915,8.804398867794157
22,-12.134624389840607,8.785678689421488
23,-12.140293446787872,8.76713365303355
24,-12.14617419746825,8.74876571860083
25,-12.152268220457309,8.730576788446742
26,-12.158577049958419,8.712568704183665
27,-12.16510217361953,8.694743243648965
28,-12.171845030349978,8.677102117841057
29,-12.178807008137282,8.659646967855435
30,-12.185989441863919,8.642379361820721
31,-12.193393611124117,8.62530079183468
32,-12.20102073804064,8.608412670900284
33,-12.208871985081581,8.591716329861734
34,-12.21694845287717,8.575213014340521
35,-12.225251178036524,8.558903881671437
36,-12.233781130964479,8.542789997838637
37,-12.242539213678336,8.526872334411662
38,-12.251526257624704,8.511151765481502
39,-12.260743021496241,8.49562906459661
40,-12.270190189048458,8.48030490169894
41,-12.279868366916526,8.46517984006002
42,-12.289778082432042,8.450254333216947
43,-12.299919781439838,8.435528721908465
44,-12.310293826114746,8.421003231010973
45,-12.320900492778419,8.406677966474588
46,-12.33173996971609,8.392552912259164
47,-12.342812354993397,8.378627927270362
48,-12.354117654273121,8.364902742295643
49,-12.365655778632032,8.351376956940358
50,-12.377426542377634,8.338050036563743
51,-12.389429660864987,8.32492130921499
52,-12.401664748313474,8.31198996256927
53,-12.4141313156236,8.299255040863777
54,-12.426828768193776,8.286715441833765
55,-12.43975640373712,8.274369913648593
56,-12.452913410098237,8.262217051847763
57,-12.466298863070016,8.25025529627695
58,-12.4799117242104,8.238482928024048
59,-12.493750838659189,8.226898066355208
60,-12.507814932968346,8.215498665671685
61,-12.522102613635102,8.204282513550524
62,-12.536612368289866,8.19324723287889
63,-12.551342568417747,8.182390286353295
64,-12.566291472184822,8.171708981140396
65,-12.581457227264517,8.161200473537875
66,-12.596837873663858,8.150861773635244
67,-12.612431346549867,8.140689749974698
68,-12.628235479075814,8.130681134211956
69,-12.644248005207592,8.1208325257771
70,-12.660466562550015,8.111140396535426
71,-12.676888695173135,8.101601095448256
72,-12.693511856438574,8.092210853233807
73,-12.710333411825857,8.082965787028023
74,-12.727350641758697,8.073861905045412
75,-12.744560744431368,8.064895111239887
76,-12.761960838634966,8.0560612099656
77,-12.779547966583785,8.047355910637801
78,-12.797319096741615,8.038774832393658
79,-12.815271126648069,8.030313508753114
80,-12.833400885744883,8.021967392279715
81,-12.85170513820227,8.013731859241444
82,-12.870180585745237,8.005602214271601
83,-12.888823870479886,7.9975736950295895
84,-12.90763157771974,7.989641476861786
85,-12.926600238812084,7.981800677462382
86,-12.945726333964279,7.974046361534221
87,-12.965006295070072,7.966373545449627
88,-12.98443650853592,7.958777201911258
89,-13.004013318107335,7.951252264612953
90,-13.02373302769516,7.94379363290054
91,-13.043591904201953,7.936396176432726
92,-13.063586180348246,7.929054739841886
93,-13.083712057498916,7.921764147394946
94,-13.103965708489461,7.914519207654182
95,-13.12434328045238,7.907314718138111
96,-13.144840897643427,7.900145469982278
97,-13.165454664267997,7.893006252600144
98,-13.186180667307386,7.885891858343875
99,-13.20701497934519,7.8787970871652515
100,-13.227953661393528,7.871716751276425
101,-13.248992765719454,7.864645679810836
102,-13.270128338671228,7.857578723484002
103,-13.291356423504661,7.850510759254387
104,-13.312673063209415,7.843436694984223
105,-13.334074303335345,7.836351474100361
106,-13.355556194818814,7.829250080255113
107,-13.377114796808996,7.822127541987078
108,-13.398746179494252,7.814978937382013
109,-13.420446426928374,7.807799398733626
110,-13.442211639856977,7.800584117204464
111,-13.464037938543768,7.793328347486723
112,-13.485921465596919,7.786027412463101
113,-13.50785838879534,7.778676707867638
114,-13.52984490390676,7.771271706931948
115,-13.551877237089052,7.763807964295211
116,-13.573951645744538,7.756281117180967
117,-13.596064418494738,7.748686885020012
118,-13.618211875096414,7.741021068969505
119,-13.640390366357543,7.733279551432036
120,-13.662596274053362,7.725458295574732
121,-13.684826010842384,7.71755334484836
122,-13.707076020182356,7.709560822506371
123,-13.729342776246357,7.701476931124042
124,-13.751622783838693,7.693297952117514
125,-13.773912578311041,7.685020245262933
126,-13.796208725478364,7.676640248215496
127,-13.81850782153495,7.668154476028565
128,-13.84080649297043,7.65955952067274
129,-13.86310139648578,7.650852050554966
130,-13.88538921890936,7.642028810037606
131,-13.907666677112864,7.633086618957532
132,-13.929930517927414,7.624022372145235
133,-13.952177518059473,7.614833038943872
134,-13.974404484006971,7.6055156627284095
135,-13.996608251975198,7.596067360424654
136,-14.018785687792937,7.586485322028404
137,-14.040933686828327,7.576766810124464
138,-14.06304917390505,7.566909159405821
139,-14.085129103218183,7.55690977619265
140,-14.107170458250302,7.546766137951458
141,-14.129170251687466,7.536475792814158
142,-14.151125525335232,7.526036359097149
143,-14.173033350034657,7.515445524820414
144,-14.194890825578332,7.504701047226611
145,-14.216695080626367,7.493800752300154
146,-14.238443272622398,7.482742534286298
147,-14.260132587709663,7.471524355210265
148,-14.281760240646898,7.460144244396266
149,-14.303323474724477,7.448600297986662
150,-14.324819561680297,7.43689067846099
151,-14.346245801615924,7.4250136141551115
152,-14.367599522912471,7.412967398780249
153,-14.3888780821467,7.400750390942105
154,-14.410078864006994,7.388361013659944
155,-14.431199281209404,7.375797753885683
156,-14.452236774413604,7.363059162022981
157,-14.473188812138934,7.3501438514463135
158,-14.494052890680454,7.337050498020097
159,-14.514826534024834,7.323777839617723
160,-14.535507293766528,7.31032467564071
161,-14.556092749023641,7.296689866537746
162,-14.576580506354018,7.282872333323795
163,-14.596968199671238,7.268871057099182
164,-14.617253490160635,7.2546850785686985
165,-14.637434066195281,7.240313497560662
166,-14.657507643252007,7.225755472546019
167,-14.677471963827454,7.211010220157448
168,-14.697324797354028,7.1960770147084325
169,-14.717063940115938,7.1809551877123505
170,-14.736687215165206,7.165644127401564
171,-14.756192472237686,7.1501432782465235
172,-14.775577587669039,7.1344521404748225
173,-14.794840464310814,7.118570269590337
174,-14.813979031446378,7.102497275892259
175,-14.832991244706992,7.0862328239942345
176,-14.851875085987773,7.069776632343412
177,-14.870628563363748,7.053128472739565
178,-14.889249711005835,7.036288169854156
179,-14.907736589096876,7.0192556007494495
180,-14.92608728374762,7.00203069439757
181,-14.944299906912768,6.984613431199623
182,-14.962372596306952,6.9670038425047585
183,-14.980303515320774,6.949202010129277
184,-14.99809085293681,6.931208065875717
185,-15.015732823645596,6.9130221910519305
186,-15.033227667361684,6.894644615990189
187,-15.0505736493396,6.876075619566258
188,-15.067769060089924,6.857315528718506
189,-15.084812215295216,6.838364717966958
190,-15.101701455726108,6.819223608932429
191,-15.118435147157273,6.799892669855584
192,-15.135011680283423,6.780372415116032
193,-15.151429470635366,6.7606634047514165
194,-15.167686958495972,6.740766243976506
195,-15.183782608816227,6.720681582702292
196,-15.199714911131196,6.700410115055049
197,-15.215482379476075,6.679952578895464
198,-15.231083552302188,6.659309755337693
199,-15.246516992392985,6.638482468268463
200,-15.261781286780074,6.617471583866161
201,-15.276875046659226,6.596278010119922
202,-15.291796907306383,6.574902696348718
203,-15.306545527993654,6.553346632720449
204,-15.321119591905374,6.531610849771025
205,-15.335517806054046,6.509696417923464
206,-15.34973890119643,6.487604447006978
207,-15.363781631749475,6.465336085776055
208,-15.377644775706399,6.442892521429563
209,-15.391327134552657,6.420274979129826
210,-15.40482753318197,6.3974847215217165
211,-15.418144819812332,6.374523048251747
212,-15.431277865902013,6.351391295487157
213,-15.4442255660656,6.328090835435006
214,-15.456986837989964,6.304623075861258
215,-15.469560622350297,6.280989459609862
216,-15.481945882726144,6.257191464121867
217,-15.494141605517362,6.2332306009544824
218,-15.506146799860174,6.209108415300187
219,-15.517960497543172,6.184826485505809
220,-15.529581752923303,6.160386422591611
221,-15.541009642841917,6.135789869770393
222,-15.552243266540767,6.111038501966573
223,-15.56328174557798,6.086134025335264
224,-15.57412422374415,6.061078176781394
225,-15.58476986697826,6.035872723478762
226,-15.595217863283764,6.01051946238915
227,-15.605467422644555,5.985020219781398
228,-15.61551777694099,5.9593768507505
229,-15.62536817986591,5.933591238736694
230,-15.635017906840641,5.907665295044548
231,-15.644466254930999,5.881600958362048
232,-15.65371254276332,5.8554001942796905
233,-15.662756110440462,5.829064994809572
234,-15.671596319457802,5.802597377904471
235,-15.680232552619275,5.775999386976945
236,-15.688664213953368,5.749273090418423
237,-15.696890728629121,5.722420581118271
238,-15.704911542872166,5.695443975982919
239,-15.712726123880717,5.6683454154549135
240,-15.720333959741591,5.641127063032033
241,-15.727734559346215,5.613791104786363
242,-15.734927452306636,5.586339748883382
243,-15.741912188871538,5.558775225101068
244,-15.748688339842246,5.531099784348972
245,-15.755255496488743,5.503315698187308
246,-15.761613270465684,5.4754252583460525
247,-15.767761293728388,5.4474307762440235
248,-15.773699218448888,5.4193345825079735
249,-15.779426716931892,5.3911390264916745
250,-15.784943481530838,5.362846475795016
251,-15.79024922456388,5.33445931578309
252,-15.795343678229912,5.305979949105275
253,-15.800226594524569,5.277410795214325
254,-15.804897745156252,5.248754289885472
255,-15.809356921462106,5.220012884735495
256,-15.813603934324096,5.19118904674183
257,-15.817638614084942,5.16228525776164
258,-15.821460810464183,5.133304014050917
259,-15.825070392474183,5.104247825783569
260,-15.828467248336102,5.075119216570498
261,-15.831651285395951,5.045920722978705
262,-15.834622430040604,5.016654894050374
263,-15.837380627613763,4.987324290821951
264,-15.839925842332036,4.9579314858432495
265,-15.842258057200867,4.928479062696523
266,-15.84437727393064,4.898969615515569
267,-15.846283512852605,4.869405748504808
268,-15.847976812834952,4.839790075458376
269,-15.849457231198786,4.8101252192792145
270,-15.850724843634152,4.780413811498157
271,-15.851779744116044,4.750658491793022
272,-15.852622044820416,4.720861907507695
273,-15.853251876040192,4.691026713171227
274,-15.853669386101279,4.661155570016917
275,-15.853874741278577,4.631251145501399
276,-15.853868125711996,4.601316112823742
277,-15.853649741322462,4.571353150444528
278,-15.85321980772792,4.541364941604946
279,-15.852578562159362,4.511354173845876
280,-15.851726259376827,4.481323538526991
281,-15.850663171585419,4.4512757303458255
282,-15.849389588351306,4.421213446856884
283,-15.847905816517752,4.391139387990725
284,-15.84621218012111,4.361056255573038
285,-15.84430902030684,4.330966752843751
286,-15.842196695245512,4.300873583976103
287,-15.839875580048844,4.270779453595748
288,-15.83734606668568,4.24068706629983
289,-15.834608563898007,4.210599126176081
290,-15.831663497116995,4.180518336321911
291,-15.82851130837898,4.1504473983634895
292,-15.825152456241488,4.120389011974844
293,-15.821587415699222,4.090345874396935
294,-15.817816678100113,4.060320679956763
295,-15.813840751061306,4.030316119586445
296,-15.809660158385178,4.000334880342308
297,-15.805275439975341,3.9703796449239754
298,-15.800687151752664,3.9404530911934605
299,-15.79589586557128,3.9105578916942507
300,-15.790902169134597,3.880696713170399
301,-15.785706665911311,3.850872216085615
302,-15.780309975051413,3.821087054142351
303,-15.774712731302202,3.7913438738008907
304,-15.768915584924311,3.7616453137984425
305,-15.762919201607684,3.7319940046682203
306,-15.756724262387628,3.702392568258545
307,-15.750331463560778,3.6728436172519174
308,-15.743741516601165,3.6433497546841256
309,-15.736955148076179,3.6139135734633188
310,-15.729973099562603,3.5845376558891036
311,-15.722796127562603,3.555224573171631
312,-15.715425003419794,3.5259768849506923
313,-15.70786051323517,3.4967971388147925
314,-15.700103457783184,3.467687869820253
315,-15.692154652427726,3.4386516000103016
316,-15.68401492703814,3.409690837934148
317,-15.675685125905249,3.3808080781660927
318,-15.667166107657321,3.3520058008245894
319,-15.658458745176164,3.323286471091363
320,-15.649563925513032,3.2946525387304786
321,-15.640482549804739,3.2661064376074402
322,-15.63121553318958,3.2376505852082738
323,-15.621763804723429,3.2092873821586223
324,-15.612128307295654,3.1810192117428273
325,-15.602309997545234,3.1528484394230283
326,-15.59230984577667,3.1247774123582426
327,-15.582128835876071,3.0968084589234564
328,-15.57176796522713,3.0689438882287194
329,-15.561228244627124,3.041185989638225
330,-15.550510698202977,3.013537032289409
331,-15.539616363327209,2.985999264612029
332,-15.528546290533994,2.95857491384726
333,-15.517301543435128,2.9312661855667828
334,-15.505883198636111,2.9040752631918716
335,-15.494292345652052,2.877004307512479
336,-15.482530086823791,2.850055456206337
337,-15.470597537233829,2.823230823358033
338,-15.458495824622403,2.7965324989781073
339,-15.446226089303417,2.7699625485221353
340,-15.433789484080547,2.743523012409824
341,-15.421187174163194,2.7172159055440988
342,-15.408420337082468,2.691043216830187
343,-15.395490162607299,2.665006908694714
344,-15.382397852660352,2.639108916604789
345,-15.369144621234081,2.613351148587095
346,-15.355731694306726,2.5877354847469762
347,-15.342160309758357,2.5622637767875305
348,-15.328431717286826,2.5369378475286926
349,-15.31454717832384,2.5117594904263325
350,-15.300507965950924,2.486730469091334
351,-15.286315364815476,2.4618525168086913
352,-15.271970671046715,2.4371273360565926
353,-15.257475192171773,2.4125565980255175
354,-15.242830247031664,2.388141942137317
355,-15.228037165697259,2.363884975564306
356,-15.213097289385374,2.3397872727483526
357,-15.198011970374711,2.3158503749199677
358,-15.18278257192194,2.292075789617395
359,-15.167410468177623,2.268464990205694
360,-15.151897044102316,2.2450194153958396
361,-15.136243695382506,2.221740468763801
362,-15.120451828346676,2.198629518269638
363,-15.10452285988127,2.175687895776581
364,-15.088458217346757,2.152916896570134
365,-15.07225933849358,2.1303177788771497
366,-15.055927671378234,2.1078917633849295
367,-15.039464674279227,2.0856400327603035
368,-15.022871815613104,2.063563731168726
369,-15.00615057385047,2.041663963793361
370,-14.989302437431986,2.019941796354174
371,-14.972328904684405,1.998398254627019
372,-14.955231483736537,1.9770343239627275
373,-14.938011692435321,1.9558509488062
374,-14.920671058261782,1.9348490322154908
375,-14.903211118247082,1.9140294353809026
376,-14.885633418888494,1.8933929771440694
377,-14.867939516065462,1.8729404335170539
378,-14.850130974955542,1.8526725372014234
379,-14.8322093699505,1.8325899771073555
380,-14.814176284572246,1.8126933978727118
381,-14.796033311388891,1.7929833993821378
382,-14.777782051930743,1.7734605362861453
383,-14.759424116606318,1.7541253175202065
384,-14.74096112461836,1.734978205823838
385,-14.722394703879838,1.7160196172596949
386,-14.703726490929968,1.697249920732658
387,-14.68495813085021,1.678669437508916
388,-14.666091277180318,1.6602784407350708
389,-14.64712759183429,1.6420771549572077
390,-14.628068745016435,1.624065755639999
391,-14.608916415137356,1.6062443686857844
392,-14.589672288729966,1.5886130699536662
393,-14.570338060365499,1.5711718847785905
394,-14.55091543256953,1.5539207874904468
395,-14.53140611573797,1.5368597009331466
396,-14.511811828053096,1.5199884959837213
397,-14.492134295399547,1.5033069910714023
398,-14.472375251280331,1.4868149516967195
399,-14.452536436732867,1.4705120899505846
400,-14.43261960024496,1.4543980640333785
401,-14.412626497670834,1.4384724777740479
402,-14.392558892147129,1.4227348801491848
403,-14.37241855400894,1.4071847648021258
404,-14.352207260705784,1.3918215695620302
405,-14.331926796717653,1.3766446759629802
406,-14.311578953470992,1.3616534087630592
407,-14.291165529254748,1.3468470354634514
408,-14.270688329136332,1.3322247658275195
409,-14.250149164877685,1.3177857513999065
410,-14.22954985485125,1.303529085025613
411,-14.208892223955987,1.2894538003690936
412,-14.188178103533412,1.2755588714333455
413,-14.167409331283563,1.2618432120789904
414,-14.14658775118106,1.2483056755433752
415,-14.125715213391086,1.2349450539596503
416,-14.104793574185397,1.2217600778758668
417,-14.083824695858354,1.208749415774058
418,-14.06281044664292,1.195911673589337
419,-14.041752700626667,1.1832453942289765
420,-14.020653337667794,1.1707490570915071
421,-13.999514243311147,1.1584210775857984
422,-13.978337308704205,1.146259806650154
423,-13.95712443051313,1.134263530271396
424,-13.93587751083874,1.1224304690039573
425,-13.914598457132522,1.1107587774889698
426,-13.893289182112698,1.0992465439733525
427,-13.871951603680156,1.0878917898289022
428,-13.850587644834526,1.07669246907138
429,-13.829199233590145,1.065646467879604
430,-13.80778830289211,1.0547516041145335
431,-13.786356790532256,1.044005626838365
432,-13.764906639065174,1.0334062158336128
433,-13.743439795724244,1.0229509811222064
434,-13.721958212337627,1.0126374624845722
435,-13.70046384524426,1.0024631289787294
436,-13.678958655209916,0.992425378459372
437,-13.657444607343164,0.9825215370969644
438,-13.635923671011422,0.9727488588968272
439,-13.614397819756915,0.9631045252182244
440,-13.592869031209117,0.9535856443053711
441,-13.571339286845607,0.9441892513133845
442,-13.54981057124649,0.9349123099899906
443,-13.528284871087553,0.9257517152108098
444,-13.506764174118338,0.916704295564166
445,-13.4852504681402,0.9077668159358864
446,-13.463745739984343,0.8989359800941101
447,-13.442251974489865,0.8902084332740852
448,-13.420771153481846,0.8815807647629802
449,-13.399305254749372,0.8730495104846848
450,-13.377856251023587,0.8646111555846119
451,-13.356426108955748,0.8562621370145047
452,-13.33501678809529,0.8479988461172382
453,-13.313630239867857,0.8398176312116272
454,-13.29226840655338,0.8317148001772253
455,-13.270933220264098,0.8236866230391328
456,-13.249626601922643,0.8157293345527976
457,-13.22835046024005,0.8078391367888224
458,-13.207106690693854,0.8000122017177652
459,-13.185897174506119,0.7922446737949478
460,-13.164723777621504,0.7845326725452556
461,-13.14358834968528,0.7768722951479425
462,-13.122492723021416,0.769259619021438
463,-13.101438711610633,0.7616907044081461
464,-13.080428110068441,0.7541615969592552
465,-13.059462692623175,0.746668330319535
466,-13.038544212094092,0.7392069287121482
467,-13.01767439886938,0.7317734095234483
468,-12.996854959884239,0.7243637858877875
469,-12.976087577598918,0.7169740692723182
470,-12.95537390897677,0.7096002720618
471,-12.934715584462309,0.7022384101433993
472,-12.914114206959248,0.6948845054914976
473,-12.893571350808571,0.6875345887524926
474,-12.873088560766572,0.6801847018296044
475,-12.852667350982907,0.6728309004676781
476,-12.832309203978657,0.6654692568379877
477,-12.812015569624364,0.6580958621230414
478,-12.791787864118096,0.650706829101383
479,-12.771627468963487,0.6432982947324002
480,-12.751535729947815,0.6358664227411244
481,-12.73151395612002,0.6284074062030373
482,-12.711563418768762,0.620917470128872
483,-12.691685350400506,0.6133928740494226
484,-12.671880943717541,0.6058299146003411
485,-12.65215135059603,0.5982249281069463
486,-12.632497681064093,0.5905742931690271
487,-12.61292100227983,0.5828744332456451
488,-12.593422337509386,0.5751218192399404
489,-12.574002665104993,0.5673129720839324
490,-12.55466291748304,0.5594444653233284
491,-12.535403980102103,0.5515129277023227
492,-12.516226690441016,0.5435150457484063
493,-12.497131836976902,0.5354475663571633
494,-12.478120158163259,0.5273072993770846
495,-12.45919234140798,0.5190911201943617
496,-12.440349022051414,0.5107959723176994
497,-12.421590782344422,0.5024188699631126
498,-12.402918150426439,0.49395690063873815
499,-12.384331599303518,0.48540722772956313
500,-12.365831545882669,0.47676709297491904
501,-12.34741835065456,0.46803381770784264
502,-12.329092318322058,0.4592048022889071
503,-12.310853698636123,0.4502775251440823
504,-12.292702687234419,0.44124954179741555
505,-12.274639426479938,0.43211848390372454
506,-12.256664006299586,0.422882058281279
507,-12.238776465022816,0.41353804594449284
508,-12.220976790220238,0.4040843011366063
509,-12.20326491954223,0.39451875036237755
510,-12.18564074155753,0.38483939142076384
511,-12.168104096591886,0.37504429243761395
512,-12.150654777566645,0.36513159089835356
513,-12.133292530837355,0.35509949268066976
514,-12.116017057032414,0.3449462710872021
515,-12.098828011891625,0.33467026587822507
516,-12.08172500710487,0.324269882304339
517,-12.064707611150684,0.3137435901391549
518,-12.047775350134875,0.303089922711982
519,-12.030927708629134,0.29230747594051254
520,-12.014164130509657,0.28139490736351486
521,-11.997484019795749,0.27035093517351194
522,-11.980886741488442,0.259174337249477
523,-11.964371622409093,0.24786395018951093
524,-11.947937952038025,0.23641866834354072
525,-11.931584983353085,0.2248374428459936
526,-11.915311933668331,0.21311928064849495
527,-11.899117985472587,0.20126324355255143
528,-11.883002287268058,0.1892684472422323
529,-11.866963954408986,0.1771340603168676
530,-11.851002069940204,0.16485930332372378
531,-11.83511568543581,0.15244344779070015
532,-11.819303821837707,0.13988581525900723
533,-11.803565470294288,0.12718577631586295
534,-11.787899592998988,0.11434274962716932
535,-11.772305124028943,0.1013562009702092
536,-11.756780970183566,0.0882256422663253
537,-11.741326011823181,0.07495063061361364
538,-11.725939103707628,0.06153076731960477
539,-11.710619075834877,0.0479656969339548
540,-11.695364734279634,0.034255106281133096
541,-11.680174862031965,0.02039872349310171
542,-11.665048219835896,0.006396317042013864
543,-11.649983547028027,-0.007752305227110809
544,-11.634979562376156,-0.022047297063688576
545,-11.620034964917869,-0.03648877477889418
546,-11.605148434799174,-0.05107681821296553
547,-11.590318634113105,-0.06581147170252527
548,-11.575544207738334,-0.0806927450478835
549,-11.56082378417778,-0.0957206144803618
550,-11.546155976397221,-0.11089502362959718
551,-11.531539382663912,-0.12621588449086266
552,-11.516972587385188,-0.14168307839237443
553,-11.502454161947101,-0.15729645696260436
554,-11.48798266555298,-0.17305584309760222
555,-11.473556646062105,-0.18896103192829647
556,-11.459174640828284,-0.20501179178781687
557,-11.444835177538462,-0.22120786517880034
558,-11.430536775051344,-0.2375489697407119
559,-11.416277944236022,-0.2540347992171473
560,-11.402057188810543,-0.2706650244231595
561,-11.387873006180577,-0.28743929421255576
562,-11.373723888277974,-0.3043572364452273
563,-11.359608322399424,-0.32141845895444676
564,-11.345524792045037,-0.338622550514196
565,-11.331471777756969,-0.3559690818064654
566,-11.31744775795803,-0.37345760638857517
567,-11.303451209790298,-0.3910876616604898
568,-11.289480609953742,-0.40885876983212294
569,-11.275534435544794,-0.42677043889065963
570,-11.261611164895019,-0.44482216356786075
571,-11.247709278409667,-0.4630134263073856
572,-11.233827259406352,-0.4813436982320935
573,-11.219963594953606,-0.49981244011136955
574,-11.206116776709509,-0.518419103328425
575,-11.192285301760316,-0.537163130847622
576,-11.178467673459062,-0.5560439581817753
577,-11.164662402264145,-0.5750610143594777
578,-11.150868006577998,-0.5942137228924016
579,-11.13708301358565,-0.6135015027426164
580,-11.12330596009289,-0.6329237692894155
581,-11.109535393297744,-0.6524799352224275
582,-11.095769871158874,-0.672169410989724
583,-11.082007962411453,-0.6919916048565682
584,-11.068248246541042,-0.7119459229177776
585,-11.054489313757307,-0.7320317691099456
586,-11.040729764967748,-0.7522485452236872
587,-11.026968211751502,-0.7725956509158645
588,-11.013203276333014,-0.7930724837218291
589,-10.99943359155585,-0.8136784390676498
590,-10.985657800856389,-0.8344129102823501
591,-10.971874558237586,-0.8552752886101462
592,-10.958082528242729,-0.8762649632226741
593,-10.944280385929163,-0.8973813212312339
594,-10.930466816842047,-0.9186237476990109
595,-10.916640516988066,-0.939991625653328
596,-10.902800192809242,-0.9614843360978603
597,-10.888944561156594,-0.9831012580248891
598,-10.87507234926396,-1.0048417684275195
599,-10.861182294721688,-1.0267052423119287
600,-10.847273145450403,-1.0486910527095892
601,-10.833343659674755,-1.0707985706895147
602,-10.819392605897132,-1.093027165370484
603,-10.805418762871453,-1.1153762039332797
604,-10.791420919576849,-1.1378450516329301
605,-10.777397875191477,-1.160433071810928
606,-10.763348439066212,-1.183139625907482
607,-10.749271430698407,-1.2059640734737382
608,-10.735165679705652,-1.2289057721840242
609,-10.721030025799495,-1.251964077848075
610,-10.706863318759199,-1.2751383444232771
611,-10.692664418405483,-1.2984279240268926
612,-10.678432194574256,-1.3218321669483055
613,-10.664165527090386,-1.345350421661243
614,-10.649863305741412,-1.3689820348360247
615,-10.635524430251309,-1.392726351351783
616,-10.621147810254234,-1.4165827143087057
617,-10.606732365268272,-1.4405504650402743
618,-10.592277024669142,-1.4646289431254849
619,-10.577780727663997,-1.4888174864011001
620,-10.563242423265136,-1.5131154309738672
621,-10.548661070263739,-1.5375221112327682
622,-10.534035637203637,-1.5620368598612366
623,-10.519365102355037,-1.5866590078494123
624,-10.50464845368828,-1.6113878845063567
625,-10.489884688847578,-1.636222817472305
626,-10.475072815124753,-1.6611631327308825
627,-10.460211849432993,-1.6862081546213612
628,-10.44530081828058,-1.711357205850871
629,-10.430338757744654,-1.7366096075066482
630,-10.415324713444926,-1.7619646790682715
631,-10.400257740517462,-1.7874217384198865
632,-10.385136903588402,-1.8129801018624523
633,-10.36996127674769,-1.838639084125961
634,-10.354729943522866,-1.8643979983816914
635,-10.339441996852763,-1.8902561562544262
636,-10.324096539061276,-1.9162128678346972
637,-10.308692681831097,-1.9422674416910126
638,-10.293229546177447,-1.9684191848821013
639,-10.277706262421859,-1.994667402969135
640,-10.262121970165866,-2.0210114000279757
641,-10.246475818264802,-2.0474504786613976
642,-10.230766964801504,-2.0739839400113294
643,-10.214994577060075,-2.100611083771094
644,-10.199157831499631,-2.1273312081976274
645,-10.183255913728033,-2.154143610123731
646,-10.167288018475634,-2.1810475849702886
647,-10.15125334956902,-2.2080424267585173
648,-10.135151119904773,-2.235127428122191
649,-10.11898055142319,-2.2623018803198813
650,-10.102740875082041,-2.2895650732471853
651,-10.086431330830314,-2.316916295448971
652,-10.070051167581944,-2.3443548341315967
653,-10.053599643189589,-2.3718799751751654
654,-10.03707602441833,-2.399491003145738
655,-10.020479586919455,-2.4271872013075795
656,-10.003809615204167,-2.454967851635399
657,-9.98706540261737,-2.4828322348265695
658,-9.970246251311362,-2.510779630313376
659,-9.953351472219628,-2.538809316275238
660,-9.936380385030565,-2.5669205696509616
661,-9.919332318161205,-2.59511266615095
662,-9.902206608730992,-2.62338488026946
663,-9.885002602535517,-2.651736485296825
664,-9.867719654020231,-2.680166753331694
665,-9.850357126254238,-2.708674955293257
666,-9.832914390904008,-2.737260360933499
667,-9.815390828207123,-2.7659222388494142
668,-9.79778582694603,-2.794659856495248
669,-9.780098784421787,-2.8234724801947393
670,-9.762329106427796,-2.8523593751533407
671,-9.744476207223558,-2.881319805470473
672,-9.72653950950841,-2.910353034151732
673,-9.708518444395251,-2.939458323121148
674,-9.69041245138433,-2.9686349332334094
675,-9.67222097833695,-2.9978821242860993
676,-9.653943481449229,-3.027199155031925
677,-9.635579425225863,-3.0565852831909663
678,-9.617128282453812,-3.0860397654628913
679,-9.598589534176114,-3.11556185753921
680,-9.579962669665578,-3.1451508141154894
681,-9.561247186398552,-3.174805888903605
682,-9.542442590028651,-3.204526334643971
683,-9.523548394360528,-3.234311403117762
684,-9.504564121323583,-3.264160345159172
685,-9.485489300945734,-3.2940724106676202
686,-9.466323471327158,-3.324046848620015
687,-9.447066178614016,-3.3540829070829634
688,-9.427716976972208,-3.3841798332250215
689,-9.408275428561147,-3.414336873328923
690,-9.38874110350743,-3.444553272803812
691,-9.369113579878663,-3.474828276197484
692,-9.349392443657143,-3.5051611272086136
693,-9.329577288713647,-3.5355510686989944
694,-9.309667716781147,-3.565997342705765
695,-9.289663337428562,-3.5964991904536636
696,-9.269563768034509,-3.627055852367232
697,-9.249368633761039,-3.657666568083083
698,-9.22907756752739,-3.6883305764621053
699,-9.208690209983695,-3.7190471156017235
700,-9.1882062094848,-3.749815422848111
701,-9.16762522206392,-3.7806347348084417
702,-9.146946911406454,-3.8115042873631104
703,-9.126170948823695,-3.842423315677987
704,-9.105297013226577,-3.873391054216624
705,-9.08432479109942,-3.904406736752513
706,-9.063253976473684,-3.9354695963813127
707,-9.042084270901697,-3.9665788655330787
708,-9.020815383430401,-3.997733775984507
709,-8.999447030575126,-4.028933558871158
710,-8.977978936293276,-4.060177444699701
711,-8.95641083195813,-4.091464663360142
712,-8.934742456332563,-4.122794444138065
713,-8.912973555542777,-4.154166015726853
714,-8.891103883052072,-4.185578606239946
715,-8.869133199634565,-4.217031443223049
716,-8.847061273348944,-4.248523753666386
717,-8.824887879512216,-4.280054764016924
718,-8.802612800673455,-4.311623700190613
719,-8.780235826587514,-4.343229787584618
720,-8.757756754188822,-4.374872251089553
721,-8.735175387565086,-4.406550315101724
722,-8.712491537931045,-4.438263203535347
723,-8.68970502360223,-4.4700101398348036
724,-8.666815669968688,-4.501790346986848
725,-8.643823309468722,-4.533603047532875
726,-8.620727781562662,-4.5654474635811235
727,-8.597528932706586,-4.597322816818936
728,-8.574226616326069,-4.629228328524971
729,-8.550820692789939,-4.661163219581463
730,-8.527311029384,-4.6931267104864265
731,-8.503697500284789,-4.7251180213659145
732,-8.479979986533328,-4.757136371986253
733,-8.456158376008858,-4.789180981766257
734,-8.432232563402552,-4.821251069789476
735,-8.408202450191332,-4.853345854816435
736,-8.384067944611536,-4.885464555296861
737,-8.35982896163272,-4.917606389381912
738,-8.33548542293137,-4.9497705749364345
739,-8.311037256864658,-4.981956329551165
740,-8.286484398444186,-5.014162870555
741,-8.261826789309708,-5.046389415027193
742,-8.23706437770291,-5.078635179809624
743,-8.212197118441127,-5.110899381519012
744,-8.187224972891116,-5.143181236559156
745,-8.16214790894275,-5.175479961133173
746,-8.136965900982817,-5.207794771255727
747,-8.111678929868726,-5.240124882765271
748,-8.086286982902275,-5.272469511336268
749,-8.060790053803363,-5.304827872491445
750,-8.03518814268379,-5.337199181614008
751,-8.00948125602093,-5.369582653959888
752,-7.983669406631541,-5.401977504669977
753,-7.957752613645451,-5.434382948782351
754,-7.931730902479355,-5.466798201244518
755,-7.9056043048105185,-5.499222476925649
756,-7.879372858550547,-5.531654990628803
757,-7.853036607819107,-5.564094957103172
758,-7.826595602917706,-5.596541591056309
759,-7.800049900303382,-5.628994107166382
760,-7.773399562562504,-5.661451720094377
761,-7.7466446583844775,-5.693913644496345
762,-7.719785262535512,-5.7263790950356475
763,-7.6928214558323464,-5.758847286395194
764,-7.665753325116003,-5.791317433289646
765,-7.6385809632255315,-5.823788750477686
766,-7.611304468971751,-5.85626045277422
767,-7.583923947110995,-5.888731755062657
768,-7.556439508318847,-5.921201872307094
769,-7.528851269163904,-5.953670019564579
770,-7.5011593520814985,-5.986135411997347
771,-7.473363885347464,-6.018597264885031
772,-7.445465003051856,-6.0510547936369345
773,-7.417462845072704,-6.0835072138042205
774,-7.389357557049777,-6.1159537410921905
775,-7.3611492903582985,-6.1483935913724785
776,-7.33283820208269,-6.180825980695329
777,-7.3044244549903485,-6.213250125301792
778,-7.275908217505348,-6.245665241635974
779,-7.247289663682228,-6.278070546357275
780,-7.218568973179675,-6.310465256352621
781,-7.189746331234345,-6.3428485887487005
782,-7.160821928634545,-6.375219760924195
783,-7.131795961694003,-6.4075779905220065
784,-7.102668632225608,-6.439922495461506
785,-7.073440147515152,-6.472252493950776
786,-7.044110720295081,-6.504567204498814
787,-7.014680568718226,-6.536865845927791
788,-6.98514991633157,-6.569147637385276
789,-6.955518992049951,-6.6014117983564855
790,-6.925788030129863,-6.633657548676499
791,-6.8959572701431435,-6.665884108542502
792,-6.866026956950757,-6.6980906985260145
793,-6.835997340676514,-6.730276539585149
794,-6.805868676680836,-6.762440853076812
795,-6.7756412255344785,-6.794582860768958
796,-6.745315252992298,-6.82670178485282
797,-6.714891029966974,-6.858796847955142
798,-6.684368832502761,-6.890867273150426
799,-6.653748941749241,-6.922912283973145
800,-6.623031643935058,-6.9549311044299955
801,-6.592217230341671,-6.986922959012112
802,-6.561305997277066,-7.018887072707344
803,-6.530298246049554,-7.0508226710124315
804,-6.499194282941475,-7.082728979945285
805,-6.467994419182956,-7.114605226057197
806,-6.43669897092564,-7.1464506364451
807,-6.405308259216456,-7.178264438763765
808,-6.373822609971346,-7.210045861238073
809,-6.342242353949013,-7.241794132675224
810,-6.31056782672466,-7.273508482476976
811,-6.278799368663735,-7.3051881406519055
812,-6.246937324895686,-7.336832337827598
813,-6.21498204528769,-7.368440305262915
814,-6.182933884418419,-7.400011274860218
815,-6.1507932015517355,-7.431544479177609
816,-6.118560360610506,-7.463039151441158
817,-6.086235730150291,-7.494494525557128
818,-6.05381968333311,-7.5259098361242325
819,-6.021312597901178,-7.557284318445869
820,-5.98871485615066,-7.588617208542323
821,-5.956026844905405,-7.619907743163035
822,-5.923248955490689,-7.651155159798821
823,-5.890381583706983,-7.682358696694101
824,-5.857425129803647,-7.713517592859163
825,-5.824379998452723,-7.744631088082354
826,-5.791246598722665,-7.775698422942352
827,-5.758025344052072,-7.806718838820372
828,-5.7247166522234245,-7.83769157791243
829,-5.691320945336863,-7.868615883241553
830,-5.657838649783905,-7.899490998670023
831,-5.624270196221197,-7.930316168911601
832,-5.590616019544242,-7.9610906395438
833,-5.556876558861176,-7.99181365702006
834,-5.523052257466483,-8.02248446868203
835,-5.48914356281476,-8.053102322771789
836,-5.455150926494446,-8.083666468444054
837,-5.421074804201564,-8.114176155778475
838,-5.386915655713478,-8.144630635791813
839,-5.352673944862635,-8.175029160450185
840,-5.3183501395103026,-8.205370982681316
841,-5.2839447115203075,-8.235655356386792
842,-5.249458136732794,-8.265881536454225
843,-5.214890894937961,-8.296048778769553
844,-5.1802434698498105,-8.326156340229254
845,-5.145516349079871,-8.356203478752581
846,-5.110710024110976,-8.386189453293785
847,-5.075824990270981,-8.416113523854362
848,-5.040861746706515,-8.44597495149529
849,-5.005820796356735,-8.475772998349242
850,-4.9707026459270365,-8.505506927632869
851,-4.935507805862854,-8.535176003658979
852,-4.9002367903233495,-8.56477949184879
853,-4.864890117155189,-8.594316658744184
854,-4.829468307866264,-8.623786772019924
855,-4.79397188759947,-8.653189100495894
856,-4.758401385106413,-8.682522914149327
857,-4.722757332721175,-8.711787484127035
858,-4.687040266334043,-8.740982082757679
859,-4.651250725365275,-8.77010598356395
860,-4.61538925273882,-8.799158461274846
861,-4.579456394856085,-8.828138791837887
862,-4.543452701569665,-8.857046252431344
863,-4.507378726157068,-8.885880121476516
864,-4.471235025294507,-8.914639678649895
865,-4.435022159030606,-8.943324204895454
866,-4.398740690760156,-8.971932982436863
867,-4.362391187197848,-9.000465294789734
868,-4.325974218352046,-9.028920426773835
869,-4.289490357498495,-9.057297664525342
870,-4.252940181154095,-9.085596295509072
871,-4.216324269050613,-9.113815608530707
872,-4.179643204108466,-9.141954893749046
873,-4.1428975724104316,-9.170013442688225
874,-4.106087963175411,-9.197990548249946
875,-4.069214968732172,-9.225885504725726
876,-4.032279184493066,-9.253697607809144
877,-3.995281208927822,-9.281426154608043
878,-3.9582216435372413,-9.309070443656779
879,-3.9211010928269774,-9.336629774928458
880,-3.883920164281251,-9.364103449847185
881,-3.846679468336617,-9.39149077130026
882,-3.8093796183556976,-9.418791043650447
883,-3.772021230600938,-9.446003572748197
884,-3.734604924208317,-9.473127665943887
885,-3.6971313211611307,-9.500162632100038
886,-3.6596010462637225,-9.52710778160357
887,-3.6220147271152183,-9.553962426378032
888,-3.5843729940832882,-9.580725879895827
889,-3.546676480277855,-9.607397457190453
890,-3.508925821524886,-9.63397647486874
891,-3.4711216563401015,-9.660462251123086
892,-3.4332646259027415,-9.686854105743668
893,-3.3953553740292817,-9.713151360130723
894,-3.3573945471472104,-9.739353337306742
895,-3.3193827942687477,-9.76545936192871
896,-3.281320766964601,-9.791468760300365
897,-3.24320911933772,-9.817380860384404
898,-3.205048507996991,-9.843194991814737
899,-3.1668395920310544,-9.868910485908719
900,-3.128583032981991,-9.894526675679364
901,-3.090279494819102,-9.920042895847601
902,-3.0519296439126093,-9.945458482854521
903,-3.0135341490074534,-9.97077277487357
904,-2.975093681197007,-9.995985111822826
905,-2.9366089138968174,-10.021094835377191
906,-2.8980805228183475,-10.046101288980681
907,-2.859509185942745,-10.071003817858609
908,-2.820895583494563,-10.09580176902984
909,-2.782240397915514,-10.120494491319032
910,-2.743544313838209,-10.145081335368857
911,-2.704808018059893,-10.16956165365225
912,-2.666032199516211,-10.193934800484634
913,-2.62721754925494,-10.21820013203615
914,-2.5883647604097364,-10.242357006343905
915,-2.5494745281738553,-10.266404783324203
916,-2.5105475497739427,-10.29034282478477
917,-2.471584524443734,-10.314170494436992
918,-2.432586153397831,-10.337887157908158
919,-2.3935531398054137,-10.361492182753691
920,-2.354486188764013,-10.384984938469373
921,-2.3153860072732493,-10.408364796503605
922,-2.2762533042085553,-10.431631130269594
923,-2.237088790294958,-10.454783315157641
924,-2.1978931780807676,-10.477820728547352
925,-2.1586671819113805,-10.500742749819855
926,-2.1194115179029898,-10.52354876037007
927,-2.0801269039163373,-10.546238143618915
928,-2.0408140595304425,-10.568810285025563
929,-2.0014737060163763,-10.591264572099648
930,-1.9621065663109878,-10.613600394413536
931,-1.922713364990652,-10.635817143614513
932,-1.8832948282449893,-10.65791421343708
933,-1.8438516838506556,-10.679890999715132
934,-1.8043846611450542,-10.701746900394221
935,-1.764894491000086,-10.723481315543784
936,-1.7253819057959021,-10.745093647369377
937,-1.6858476393946242,-10.766583300224914
938,-1.6462924271141213,-10.787949680624891
939,-1.6067170057017328,-10.809192197256635
940,-1.5671221133080193,-10.830310260992528
941,-1.5275084894604931,-10.85130328490225
942,-1.4878768750373874,-10.872170684265004
943,-1.448228012241381,-10.892911876581751
944,-1.408562644573351,-10.91352628158745
945,-1.3688815168061,-10.934013321263304
946,-1.3291853749581275,-10.954372419848964
947,-1.289474966267355,-10.974603003854794
948,-1.2497510391648816,-10.994704502074086
949,-1.2100143432487134,-11.014676345595296
950,-1.170265629257509,-11.034517967814311
951,-1.1305056490443393,-11.054228804446623
952,-1.0907351555504217,-11.07380829353962
953,-1.0509549027788703,-11.09325587548478
954,-1.0111656457684115,-11.112570993029944
955,-0.9713681405671707,-11.131753091291515
956,-0.9315631442063884,-11.150801617766708
957,-0.8917514146741784,-11.1697160223458
958,-0.8519337108892472,-11.188495757324322
959,-0.8121107926746743,-11.207140277415347
960,-0.7722834207316284,-11.225649039761683
961,-0.7324523566131259,-11.244021503948126
962,-0.6926183626977724,-11.262257132013682
963,-0.6527822021634815,-11.280355388463835
964,-0.6129446389612623,-11.298315740282735
965,-0.5731064377889389,-11.316137656945456
966,-0.5332683640649035,-11.333820610430248
967,-0.49343118390182933,-11.351364075230732
968,-0.45359566408046464,-11.368767528368167
969,-0.413762572023345,-11.386030449403664
970,-0.37393267576854305,-11.403152320450443
971,-0.3341067439434061,-11.420132626186044
972,-0.2942855457383142,-11.436970853864576
973,-0.25446985088041907,-11.453666493328951
974,-0.21466042960738657,-11.470219037023101
975,-0.17485805264113918,-11.486627980004242
976,-0.13506349116158833,-11.502892819955086
977,-0.09527751678040804,-11.519013057196089
978,-0.05550090151475896,-11.53498819469767
979,-0.015734417761034153,-11.550817738092459
980,0.024021161731405956,-11.566501195687538
981,0.06376506388647049,-11.582038078476645
982,0.10349651532759606,-11.597427900152443
983,0.1432147424040178,-11.612670177118732
984,0.18291897121702594,-11.627764428502706
985,0.22260842764619726,-11.64271017616716
986,0.2622823373756817,-11.657506944722744
987,0.3019399259204277,-11.672154261540188
988,0.3415804186524626,-11.686651656762534
989,0.3812030408271509,-11.700998663317396
990,0.4208070176094276,-11.715194816929165
991,0.46039157410006853,-11.729239656131245
992,0.4999559353619353,-11.743132722278302
993,0.5394993264462666,-11.756873559558521
994,0.5790209724188861,-11.770461715005748
995,0.618520098386483,-11.783896738511865
996,0.6579959295228678,-11.797178182838891
997,0.6974476910952354,-11.810305603631301
998,0.7368746084903985,-11.823278559428237
999,0.7762759072410637,-11.836096611675726
1000,0.8156508130520786,-11.848759324738937
1001,0.8549985518266827,-11.86126626591439
1002,0.8943183496927943,-11.873617005442242
1003,0.9336094330292195,-11.885811116518452
1004,0.9728710284919398,-11.897848175307074
1005,1.012102363040353,-11.909727760952448
1006,1.051302663963558,-11.921449455591477
1007,1.0904711589065719,-11.933012844365823
1008,1.1296070758965973,-11.944417515434163
1009,1.1687096433692912,-11.955663059984412
1010,1.2077780901950306,-11.966749072245982
1011,1.246811645705128,-11.977675149501975
1012,1.2858095397181244,-11.988440892101464
1013,1.324771002566028,-11.999045903471684
1014,1.3636952651205674,-12.009489790130301
1015,1.4025815588194797,-12.019772161697631
1016,1.441429115692718,-12.029892630908872
1017,1.4802371683887388,-12.039850813626346
1018,1.5190049502007437,-12.049646328851725
1019,1.557731695092964,-12.059278798738289
1020,1.5964166377268736,-12.068747848603122
1021,1.6350590134874687,-12.078053106939372
1022,1.673658058509527,-12.087194205428492
1023,1.7122130097038648,-12.09617077895245
1024,1.7507231047835734,-12.104982465605993
1025,1.789187582290293,-12.113628906708847
1026,1.827605681620466,-12.122109746817985
1027,1.8659766430515818,-12.130424633739835
1028,1.9042997077684674,-12.138573218542538
1029,1.942574117889487,-12.146555155568167
1030,1.9807991164928476,-12.154370102444961
1031,2.018973947642826,-12.162017720099568
1032,2.057097856416052,-12.169497672769277
1033,2.095170088927731,-12.176809628014249
1034,2.133189892357923,-12.183953256729758
1035,2.1711565149777887,-12.190928233158413
1036,2.209069206175861,-12.197734234902411
1037,2.2469272164842784,-12.204370942935757
1038,2.2847297976050576,-12.210838041616503
1039,2.322476202436338,-12.217135218698983
1040,2.3601656850986434,-12.223262165346046
1041,2.3977975009611536,-12.2292185761413
1042,2.4353709066679268,-12.235004149101329
1043,2.4728851601641826,-12.240618585687937
1044,2.510339520722542,-12.246061590820391
1045,2.54773324896931,-12.251332872887644
1046,2.5850656069106916,-12.256432143760572
1047,2.62233585795908,-12.261359118804206
1048,2.6595432669592842,-12.266113516889968
1049,2.6966871002148403,-12.27069506040793
1050,2.7337666255141904,-12.275103475278998
1051,2.770781112156995,-12.279338490967186
1052,2.8077298309803713,-12.283399840491848
1053,2.8446120543851374,-12.287287260439882
1054,2.881427056362111,-12.291000490978018
1055,2.918174112518302,-12.294539275864993
1056,2.9548525001032195,-12.297903362463822
1057,2.9914614980350946,-12.301092501754027
1058,3.0280003869271797,-12.304106448343875
1059,3.064468449113951,-12.306944960482596
1060,3.1008649686774006,-12.309607800072635
1061,3.1371892314732723,-12.312094732681873
1062,3.1734405251573468,-12.314405527555879
1063,3.209618139211662,-12.316539957630116
1064,3.2457213649707937,-12.318497799542214
1065,3.2817494956480955,-12.320278833644176
1066,3.3177018263619624,-12.321882844014606
1067,3.3535776541621063,-12.323309618470985
1068,3.3893762780557664,-12.324558948581851
1069,3.4250969990340123,-12.32563062967909
1070,3.4607391200979594,-12.326524460870116
1071,3.496301946285072,-12.327240245050147
1072,3.5317847846953674,-12.327777788914421
1073,3.5671869445177102,-12.328136902970432
1074,3.6025077370560465,-12.32831740155016
1075,3.6377464757556783,-12.328319102822327
1076,3.6729024762295044,-12.328141828804602
1077,3.7079750562842775,-12.327785405375854
1078,3.742963535946875,-12.32724966228839
1079,3.7778672374905304,-12.326534433180177
1080,3.8126854854611203,-12.325639555587074
1081,3.8474176067033903,-12.324564870955085
1082,3.8820629303872294,-12.323310224652579
1083,3.9166207880339163,-12.321875465982528
1084,3.9510905135423915,-12.320260448194745
1085,3.9854714432154936,-12.31846502849811
1086,4.019762915786219,-12.316489068072817
1087,4.053964272443986,-12.314332432082598
1088,4.088074856860898,-12.311994989686955
1089,4.122094015217982,-12.309476614053414
1090,4.1560210962314414,-12.30677718236974
1091,4.1898554511789365,-12.303896575856175
1092,4.223596433925813,-12.30083467977768
1093,4.257243400951392,-12.297591383456169
1094,4.2907957113751864,-12.294166580282722
1095,4.32425272698318,-12.290560167729867
1096,4.357613812254077,-12.286772047363758
1097,4.390878334385576,-12.282802124856447
1098,4.4240456633205945,-12.278650309998115
1099,4.457115171773548,-12.274316516709288
1100,4.490086235256588,-12.269800663053086
1101,4.522958232105889,-12.265102671247464
1102,4.555730543507868,-12.260222467677423
1103,4.588402553525466,-12.255159982907273
1104,4.620973649124387,-12.249915151692843
1105,4.653443220199366,-12.24448791299374
1106,4.685810659600428,-12.238878209985545
1107,4.718075363159131,-12.2330859900721
1108,4.750236729714823,-12.227111204897698
1109,4.78229416114091,-12.22095381035934
1110,4.814247062371111,-12.214613766618967
1111,4.846094841425695,-12.208091038115683
1112,4.877836909437762,-12.201385593578006
1113,4.909472680679475,-12.194497406036099
1114,4.941001572588347,-12.187426452833988
1115,4.972423005793458,-12.180172715641804
1116,5.003736404141748,-12.172736180468053
1117,5.034941194724248,-12.165116837671794
1118,5.06603680790234,-12.157314681974905
1119,5.097022677334037,-12.149329712474312
1120,5.1278982400002,-12.14116193265423
1121,5.158662936230822,-12.13281135039839
1122,5.189316209731268,-12.124277978002265
1123,5.2198575076085545,-12.11556183218533
1124,5.250286280397581,-12.10666293410327
1125,5.28060198208739,-12.097581309360228
1126,5.310804070147434,-12.088316988021054
1127,5.340892005553827,-12.078870004623482
1128,5.3708652528155945,-12.069240398190448
1129,5.400723280000937,-12.059428212242265
1130,5.430465558763481,-12.049433494808875
1131,5.4600915643685335,-12.039256298442085
1132,5.489600775719355,-12.028896680227795
1133,5.5189926753833936,-12.018354701798247
1134,5.548266749618542,-12.007630429344239
1135,5.57742248839941,-11.996723933627377
1136,5.606459385443582,-11.985635289992311
1137,5.635376938237843,-11.974364578378943
1138,5.664174648064458,-11.962911883334694
1139,5.692852020027434,-11.951277294026728
1140,5.721408563078771,-11.93946090425417
1141,5.749843790044694,-11.927462812460364
1142,5.7781572176519385,-11.915283121745096
1143,5.8063483665540065,-11.902921939876826
1144,5.834416761357384,-11.890379379304939
1145,5.862361930647869,-11.877655557171952
1146,5.890183407016748,-11.864750595325779
1147,5.917880727087101,-11.851664620331931
1148,5.945453431540041,-11.838397763485794
1149,5.972901065140984,-11.824950160824818
1150,6.0002231767658865,-11.811321953140787
1151,6.02741931942751,-11.797513285992046
1152,6.05448905030167,-11.783524309715704
1153,6.081431930753524,-11.76935517943992
1154,6.108247526363777,-11.755006055096098
1155,6.1349354069549715,-11.74047710143114
1156,6.161495146617738,-11.725768488019678
1157,6.187926323737037,-11.7108803892763
1158,6.21422852101845,-11.695812984467794
1159,6.240401325514386,-11.680566457725384
1160,6.26644432865038,-11.665140998056957
1161,6.2923571262513125,-11.649536799359293
1162,6.3181393185677175,-11.633754060430324
1163,6.3437905103019805,-11.61779298498133
1164,6.369310310634624,-11.601653781649219
1165,6.3946983332505685,-11.585336664008725
1166,6.419954196365366,-11.568841850584661
1167,6.445077522751493,-11.552169564864137
1168,6.4700679397645615,-11.535320035308818
1169,6.494925079369607,-11.518293495367143
1170,6.51964857816733,-11.501090183486562
1171,6.544238077420369,-11.483710343125775
1172,6.568693223079524,-11.466154222766955
1173,6.59301366581005,-11.448422075928
1174,6.617199061017882,-11.430514161174758
1175,6.64124906887592,-11.41243074213325
1176,6.665163354350263,-11.394172087501927
1177,6.688941587226466,-11.375738471063897
1178,6.7125834421358075,-11.357130171699149
1179,6.73608859858154,-11.3383474733968
1180,6.759456740965146,-11.319390665267315
1181,6.782687558612595,-11.300260041554768
1182,6.80578074580059,-11.280955901649047
1183,6.828736001782846,-11.261478550098117
1184,6.851553030816327,-11.241828296620207
1185,6.874231542187502,-11.222005456116115
1186,6.896771250238608,-11.202010348681375
1187,6.9191718743939035,-11.181843299618546
1188,6.9414331391859365,-11.161504639449399
1189,6.9635547742817785,-11.140994703927188
1190,6.98553651450929,-11.120313834048863
1191,7.007378099883382,-11.099462376067317
1192,7.029079275632265,-11.07844068150362
1193,7.050639792223717,-11.057249107159235
1194,7.072059405391322,-11.035888015128279
1195,7.093337876160734,-11.014357772809744
1196,7.114474970875934,-10.992658752919729
1197,7.135470461225493,-10.970791333503682
1198,7.1563241242688145,-10.948755897948628
1199,7.177035742462398,-10.926552834995416
1200,7.197605103686092,-10.90418253875094
1201,7.2180320012693535,-10.88164540870036
1202,7.238316234017502,-10.85894184971938
1203,7.258457606237978,-10.836072272086453
1204,7.278455927766593,-10.813037091495008
1205,7.2983110139937875,-10.789836729065705
1206,7.318022685890899,-10.766471611358655
1207,7.337590770036403,-10.742942170385673
1208,7.3570150986421705,-10.71924884362248
1209,7.376295509579726,-10.695392074020992
1210,7.395431846406518,-10.67137231002147
1211,7.414423958392144,-10.64719000556484
1212,7.4332717005446405,-10.622845620104894
1213,7.45197493363671,-10.598339618620505
1214,7.470533524232006,-10.57367247162789
1215,7.488947344711363,-10.548844655192841
1216,7.5072162732990595,-10.523856650942932
1217,7.525340194089085,-10.498708946079796
1218,7.543318997071383,-10.47340203339133
1219,7.56115257815812,-10.447936411263926
1220,7.578840839209928,-10.422312583694735
1221,7.5963836880621685,-10.396531060303879
1222,7.613781038551175,-10.370592356346675
1223,7.631032810540546,-10.344496992725906
1224,7.6481389299473586,-10.318245496004028
1225,7.6650993287684415,-10.291838398415402
1226,7.68191394510663,-10.265276237878552
1227,7.698582723197036,-10.238559558008369
1228,7.715105613433272,-10.211688908128373
1229,7.731482572393742,-10.184664843282931
1230,7.747713562867883,-10.15748792424951
1231,7.763798553882395,-10.130158717550877
1232,7.7797375207275605,-10.102677795467367
1233,7.795530444983432,-10.075045736049109
1234,7.8111773145461285,-10.047263123128246
1235,7.826678123654081,-10.0193305463312
1236,7.842032872914293,-9.991248601090865
1237,7.857241569328579,-9.96301788865887
1238,7.872304226319849,-9.934639016117819
1239,7.887220863758335,-9.90611259639351
1240,7.901991507987875,-9.87743924826716
1241,7.916616191852148,-9.848619596387673
1242,7.93109495472094,-9.81965427128384
1243,7.945427842516391,-9.790543909376597
1244,7.959614907739262,-9.761289152991251
1245,7.973656209495193,-9.731890650369706
1246,7.987551813520936,-9.70234905568271
1247,8.001301792210647,-9.672665029042097
1248,8.014906224642102,-9.642839236512991
1249,8.028365196602998,-9.612872350126075
1250,8.041678800617163,-9.58276504788981
1251,8.05484713597085,-9.552518013802658
1252,8.067870308738959,-9.522131937865348
1253,8.080748431811323,-9.491607516093062
1254,8.093481624918955,-9.46094545052773
1255,8.106070014660292,-9.430146449250215
1256,8.118513734527461,-9.39921122639257
1257,8.130812924932533,-9.368140502150279
1258,8.14296773323379,-9.336935002794458
1259,8.154978313761964,-9.305595460684138
1260,8.166844827846496,-9.274122614278452
1261,8.178567443841803,-9.242517208148925
1262,8.190146337153525,-9.210779992991627
1263,8.20158169026478,-9.178911725639496
1264,8.212873692762424,-9.146913169074518
1265,8.224022541363304,-9.114785092439973
1266,8.235028439940528,-9.082528271052679
1267,8.2458915995497,-9.050143486415223
1268,8.256612238455187,-9.017631526228186
1269,8.26719058215637,-8.984993184402388
1270,8.27762686341391,-8.952229261071125
1271,8.287921322275988,-8.919340562602375
1272,8.298074206104582,-8.886327901611086
1273,8.308085769601705,-8.853192096971355
1274,8.317956274835664,-8.819933973828709
1275,8.327685991267327,-8.7865543636123
1276,8.337275195776371,-8.75305410404716
1277,8.346724172687532,-8.719434039166451
1278,8.356033213796875,-8.685695019323664
1279,8.365202618398039,-8.65183790120487
1280,8.374232693308496,-8.617863547840965
1281,8.383123752895813,-8.583772828619894
1282,8.391876119103896,-8.549566619298885
1283,8.400490121479256,-8.515245802016691
1284,8.408966097197263,-8.480811265305807
1285,8.417304391088404,-8.44626390410473
1286,8.425505355664528,-8.411604619770177
1287,8.43356935114511,-8.37683432008932
1288,8.441496745483521,-8.34195391929202
1289,8.44928791439325,-8.306964338063068
1290,8.456943241374196,-8.27186650355443
1291,8.464463117738903,-8.236661349397451
1292,8.471847942638819,-8.201349815715112
1293,8.479098123090562,-8.165932849134263
1294,8.48621407400215,-8.130411402797849
1295,8.4931962181993,-8.094786436377158
1296,8.500044986451645,-8.059058916084044
1297,8.506760817499002,-8.023229814683152
1298,8.513344158077636,-7.987300111504179
1299,8.519795462946513,-7.951270792454097
1300,8.52611519491355,-7.915142850029383
1301,8.53230382486187,-7.878917283328243
1302,8.538361831776074,-7.84259509806288
1303,8.544289702768472,-7.806177306571693
1304,8.550087933105365,-7.769664927831547
1305,8.555757026233284,-7.733058987469955
1306,8.561297493805245,-7.696360517777371
1307,8.566709855707023,-7.659570557719394
1308,8.571994640083382,-7.622690152948998
1309,8.577152383364353,-7.585720355818794
1310,8.582183630291485,-7.548662225393225
1311,8.587088933944091,-7.511516827460834
1312,8.591868855765515,-7.4742852345464845
1313,8.596523965589382,-7.436968525923603
1314,8.601054841665855,-7.3995677876263946
1315,8.605462070687896,-7.362084112462096
1316,8.609746247817512,-7.324518600023208
1317,8.613907976712023,-7.286872356699734
1318,8.617947869550314,-7.249146495691392
1319,8.621866547059081,-7.211342137019869
1320,8.625664638539105,-7.173460407541059
1321,8.62934278189149,-7.135502440957284
1322,8.632901623643933,-7.097469377829546
1323,8.636341818976964,-7.059362365589715
1324,8.639664031750229,-7.021182558552838
1325,8.64286893452872,-6.982931117929318
1326,8.64595720860904,-6.944609211837171
1327,8.64892954404566,-6.9062180153142325
1328,8.651786639677177,-6.867758710330442
1329,8.654529203152565,-6.829232485800033
1330,8.657157950957437,-6.790640537593805
1331,8.659673608440297,-6.751984068551295
1332,8.662076909838786,-6.713264288493092
1333,8.664368598305972,-6.674482414233024
1334,8.666549425936562,-6.635639669590402
1335,8.668620153793182,-6.59673728540225
1336,8.670581551932639,-6.557776499535543
1337,8.672434399432165,-6.518758556899457
1338,8.67417948441567,-6.479684709457575
1339,8.675817604080002,-6.440556216240147
1340,8.677349564721226,-6.401374343356301
1341,8.678776181760831,-6.362140364006303
1342,8.680098279772029,-6.3228555584937665
1343,8.681316692505998,-6.2835212142379255
1344,8.68243226291813,-6.244138625785804
1345,8.683445843194297,-6.204709094824523
1346,8.684358294777098,-6.1652339301934855
1347,8.685170488392131,-6.125714447896633
1348,8.685883304074226,-6.0861519711146785
1349,8.686497631193717,-6.046547830217319
1350,8.687014368482705,-6.006903362775508
1351,8.687434424061289,-5.967219913573665
1352,8.687758715463842,-5.927498834621915
1353,8.687988169665262,-5.887741485168313
1354,8.688123723107228,-5.847949231711098
1355,8.68816632172446,-5.808123448010929
1356,8.688116920970957,-5.768265515103094
1357,8.687976485846283,-5.728376821309762
1358,8.687745990921794,-5.688458762252212
1359,8.687426420366915,-5.6485127408630875
1360,8.687018767975378,-5.608540167398594
1361,8.686524037191505,-5.568542459450779
1362,8.685943241136432,-5.528521041959709
1363,8.685277402634382,-5.488477347225757
1364,8.684527554238919,-5.448412814921818
1365,8.683694738259218,-5.408328892105549
1366,8.682780006786285,-5.368227033231562
1367,8.68178442171925,-5.328108700163735
1368,8.680709054791599,-5.28797536218738
1369,8.679554987597445,-5.247828496021517
1370,8.678323311617781,-5.20766958583108
1371,8.67701512824673,-5.167500123239181
1372,8.675631548817794,-5.127321607339319
1373,8.67417369463014,-5.087135544707626
1374,8.672642696974819,-5.046943449415111
1375,8.671039697161047,-5.006746843039865
1376,8.66936584654246,-4.966547254679331
1377,8.667622306543347,-4.926346220962516
1378,8.665810248684933,-4.886145286062242
1379,8.663930854611632,-4.845946001707349
1380,8.661985316117274,-4.805749927194964
1381,8.659974835171404,-4.7655586294027295
1382,8.65790062394551,-4.725373682801032
1383,8.655763904839274,-4.685196669465208
1384,8.65356591050686,-4.645029179087836
1385,8.651307883883128,-4.604872808990934
1386,8.648991078209933,-4.564729164138199
1387,8.646616757062347,-4.5245998571472485
1388,8.644186194374926,-4.4844865083018375
1389,8.641700674467973,-4.444390745564122
1390,8.6391614920738,-4.404314204586872
1391,8.636569952362949,-4.364258528725716
1392,8.633927370970488,-4.324225369051357
1393,8.631235074022246,-4.2842163843618355
1394,8.62849439816108,-4.244233241194751
1395,8.625706690573116,-4.204277613839496
1396,8.622873309014025,-4.164351184349473
1397,8.619995621835255,-4.124455642554368
1398,8.61707500801031,-4.084592686072355
1399,8.614112857160995,-4.044764020322333
1400,8.611110569583673,-4.0049713585361895
1401,8.608069556275515,-3.965216421770978
1402,8.604991238960773,-3.9255009389212088
1403,8.601877050117016,-3.885826646731063
1404,8.598728433001403,-3.8461952898066225
1405,8.595546841676928,-3.8066086206280967
1406,8.592333741038676,-3.7670683995620804
1407,8.589090606840088,-3.7275763948737755
1408,8.585818925719213,-3.6881343827392237
1409,8.582520195224955,-3.6487441472575495
1410,8.579195923843347,-3.6094074804631733
1411,8.575847631023782,-3.570126182338073
1412,8.572476847205301,-3.530902060824011
1413,8.569085113842817,-3.49173693183476
1414,8.565673983433397,-3.4526326192683365
1415,8.5622450195425,-3.4135909550192514
1416,8.558799796830241,-3.3746137789907285
1417,8.555339901077655,-3.33570293910696
1418,8.55186692921292,-3.2968602913252907
1419,8.548382489337673,-3.258087699648529
1420,8.544888200753192,-3.219387036137113
1421,8.541385693986726,-3.180760180921393
1422,8.53787661081768,-3.1422090222138315
1423,8.534362604303936,-3.10373545632125
1424,8.530845338808057,-3.0653413876570736
1425,8.527326490023583,-3.02702872875356
1426,8.52380774500126,-2.988799400274032
1427,8.520290802175307,-2.950655331025095
1428,8.516777371389663,-2.912598457968906
1429,8.51326917392427,-2.874630726235389
1430,8.509767942521286,-2.836754089134468
1431,8.506275421411381,-2.798970508168299
1432,8.502793366339972,-2.7612819530435173
1433,8.499323544593475,-2.723690401683462
1434,8.495867735025584,-2.6861978402404185
1435,8.49242772808351,-2.648806263107852
1436,8.489005325834224,-2.6115176729326177
1437,8.485602341990749,-2.574334080627236
1438,8.48222060193838,-2.5372575053821
1439,8.478861942760968,-2.500289974677724
1440,8.475528213267154,-2.4634335242969545
1441,8.472221274016647,-2.426690198337239
1442,8.468942997346456,-2.390062049222836
1443,8.46569526739716,-2.3535511377170613
1444,8.462479980139166,-2.3171595329345056
1445,8.459299043398959,-2.2808893123532936
1446,8.456154376885362,-2.2447425618273034
1447,8.453047912215787,-2.208721375598406
1448,8.449981592942498,-2.1728278563086976
1449,8.446957374578854,-2.1370641150127216
1450,8.443977224625588,-2.1014322711897355
1451,8.441043122597033,-2.0659344527559154
1452,8.43815706004742,-2.0305727960766142
1453,8.435321040597074,-1.9953494459785555
1454,8.432537079958731,-1.9602665557621235
1455,8.429807205963758,-1.9253262872135593
1456,8.427133458588418,-1.8905308106172125
1457,8.424517889980123,-1.8558823047677522
1458,8.421962564483708,-1.821382956982439
1459,8.419469558667654,-1.787034963113331
1460,8.417040961350374,-1.7528405275595245
1461,8.414678873626453,-1.7188018632794049
1462,8.412385408892911,-1.68492119180284
1463,8.41016269287546,-1.6512007432434677
1464,8.408012863654747,-1.617642756310895
1465,8.405938071692624,-1.5842494783229464
1466,8.40394047985841,-1.5510231652178832
1467,8.40202226345512,-1.5179660815666611
1468,8.400185610245748,-1.4850805005851493
1469,8.398432720479516,-1.4523687041463744
1470,8.396765806918115,-1.4198329827927334
1471,8.395187094861983,-1.3874756357482618
1472,8.39369882217655,-1.3552989709308414
1473,8.392303239318487,-1.3233053049644457
1474,8.39100260936198,-1.2914969631913809
1475,8.389799208024973,-1.2598762796844953
1476,8.388695323695428,-1.2284455972594448
1477,8.38769325745757,-1.1972072674869114
1478,8.386795323118175,-1.1661636507048445
1479,8.386003847232779,-1.135317116030674
1480,8.385321169131977,-1.1046700413735802
1481,8.384749640947659,-1.0742248134467027
1482,8.384291627639257,-1.043983827779389
1483,8.38394950702003,-1.013949488729407
1484,8.38372566978329,-0.9841242094952104
1485,8.383622519528672,-0.9545104121281517
1486,8.383642472788388,-0.9251105275447274
1487,8.383787959053493,-0.8959269955388084
1488,8.38406142080012,-0.8669622647938615
1489,8.38446531351575,-0.8382187928952114
1490,8.385002105725475,-0.809699046342257
1491,8.385674279018234,-0.7814055005607151
1492,8.38648432807308,-0.7533406399148312
1493,8.387434760685446,-0.7255069577196523
1494,8.38852809779338,-0.6979069562532354
1495,8.389766873473983,-0.670543146731414
1496,8.391153634352623,-0.6434180485449429
1497,8.392690937766734,-0.6165341869322135
1498,8.394381349520879,-0.5898940901385843
1499,8.396227441630264,-0.5635002865611322
1500,8.398231790064251,-0.5373553018934315
1501,8.400396972489816,-0.5114616562702854
1502,8.40272556601504,-0.48582186141251754
1503,8.405220144932661,-0.4604384177717191
1504,8.407883278463494,-0.4353138116750105
1505,8.410717528499971,-0.4104505124697951
1506,8.413725447349622,-0.38585096966853466
1507,8.416909575478568,-0.36151761009350125
1508,8.420272439255015,-0.33745283502154266
1509,8.423816548692749,-0.3136590173288303
1510,8.42754439519463,-0.2901384986356378
1511,8.431458449296082,-0.26689358645109396
1512,8.435561158408593,-0.24392655131794128
1513,8.439854944563205,-0.2212396239572986
1514,8.444342202154012,-0.19883499241342617
1515,8.449025295681636,-0.1767147991984857
1516,8.453906557496758,-0.1548811384372774
1517,8.458988285543573,-0.13333605301204607
1518,8.464272741103297,-0.11208153170720665
1519,8.469762146537677,-0.09111950635411886
1520,8.475458683032462,-0.0704518489758416
1521,8.48136448834091,-0.05008036893190118
1522,8.487481654527272,-0.030006810063045404
1523,8.4938122257103,-0.010232847836015895
1524,8.500358195806728,0.009239913511721374
1525,8.50712150627477,0.02840994382717286
1526,8.51410404385762,0.04727578989708437
1527,8.52130763832693,0.06583607830317251
1528,8.528734060226322,0.08408951827736456
1529,8.536385018614869,0.10203490455703947
1530,8.544262158810596,0.11967112024026276
1531,8.552367060133975,0.13699713964102983
1532,8.560701233651402,0.1540120311444962
1533,8.569266119918721,0.17071496006224365
1534,8.578063086724686,0.18710519148747867
1535,8.587093426834482,0.20318209315030278
1536,8.596358355733194,0.21894513827293768
1537,8.60585900936932,0.2343939084249693
1538,8.61559644189826,0.2495280963785879
1539,8.625571623425806,0.2643475089638223
1540,8.63578543775163,0.27885206992378364
1541,8.646238680112793,0.2930418227698989
1542,8.656932054927232,0.3069169336371672
1543,8.667866173537254,0.32047769413937044
1544,8.67904155195302,0.3337245242243347
1545,8.690458608596055,0.346657975029162
1546,8.702117662042737,0.3592787317354707
1547,8.71401892876777,0.3715876164246318
1548,8.726162520887726,0.38358559093301126
1549,8.738548443904481,0.3952737597072096
1550,8.751176594448745,0.4066533726592951
1551,8.764046758023566,0.41772582802205777
1552,8.777158606747777,0.42849267520422846
1553,8.790511697099534,0.4389556176457315
1554,8.804105467665483,0.44911651566506766
1555,8.81793923735896,0.4589773886594009
1556,8.83201220585002,0.4685404142521336
1557,8.846323455558185,0.4778079252837339
1558,8.860871953786152,0.48678240660804245
1559,8.87565655485362,0.4954664918884364
1560,8.890676002231093,0.5038629603939742
1561,8.905928930673683,0.5119747337955632
1562,8.921413868354968,0.5198048729621175
1563,8.937129239000742,0.527356574756714
1564,8.95307336402289,0.5346331688327534
1565,8.969244464653174,0.5416381144301161
1566,8.98564066407704,0.5483749971713219
1567,9.002259989567447,0.5548475258576865
1568,9.01910037461869,0.5610595292654873
1569,9.036159661080193,0.5670149529421109
1570,9.053435601290328,0.5727178560022177
1571,9.070925860210242,0.5781724079239003
1572,9.088628017557664,0.5833828853448398
1573,9.106539569940715,0.588353668858467
1574,9.124657932991727,0.5930892398101174
1575,9.142980443501065,0.5975941770931932
1576,9.161504361550925,0.6018731539453166
1577,9.18022687264917,0.6059309347444972
1578,9.199145089863123,0.609772371805281
1579,9.218256055953386,0.6134024021749114
1580,9.237556745507673,0.6168260444294922
1581,9.257044067074599,0.6200483954701385
1582,9.276714865297517,0.6230746273191432
1583,9.296565923048306,0.6259099839161291
1584,9.316593963561216,0.6285597779142086
1585,9.336795652566662,0.6310293874761472
1586,9.357167600425058,0.6333242530705138
1587,9.377706364260595,0.6354498742678448
1588,9.398408450095088,0.6374118065368
1589,9.419270314981793,0.6392156580403232
1590,9.440288369139187,0.6408670864317976
1591,9.461458978084826,0.6423717956512075
1592,9.482778464769133,0.6437355327212934
1593,9.504243111709203,0.6449640845437137
1594,9.525849163122656,0.6460632746952
1595,9.547592827061422,0.6470389602237188
1596,9.569470277545554,0.6478970284446273
1597,9.591477656697046,0.6486433937368309
1598,9.613611076873672,0.649283994338946
1599,9.635866622802764,0.6498247891454529
1600,9.658240353715046,0.6502717545028615
1601,9.680728305478446,0.6506308810058605
1602,9.703326492731918,0.6509081702934826
1603,9.726030911019237,0.6511096318452612
1604,9.748837538922837,0.6512412797773889
1605,9.771742340197596,0.651309129638874
1606,9.79474126590469,0.6513191952077003
1607,9.817830256545372,0.6512774852869887
1608,9.841005244194802,0.6511900005011478
1609,9.864262154635862,0.6510627300920406
1610,9.887596909492954,0.6509016487151397
1611,9.911005428365865,0.6507127132356826
1612,9.934483630963513,0.650501859524834
1613,9.958027439237803,0.6502749992558436
1614,9.981632779517437,0.6500380167002044
1615,10.005295584641715,0.649796765523809
1616,10.02901179609437,0.6495570655831113
1617,10.052777366137358,0.6493246997212834
1618,10.076588259944696,0.649105410564372
1619,10.100440457736255,0.6489048973174608
1620,10.124329956911614,0.6487288125608263
1621,10.148252774183813,0.648582759046096
1622,10.172204947713213,0.6484722864924083
1623,10.1961825392413,0.64840288838257
1624,10.220181636224497,0.6483799987592153
1625,10.24419835396798,0.6484089890209634
1626,10.268228837759487,0.648495164718577
1627,10.292269265003151,0.6486437623511222
1628,10.316315847353279,0.648859946162123
1629,10.340364832848213,0.6491488049357264
1630,10.364412508033933,0.6495153488087948
1631,10.388455199696391,0.6499645066965462
1632,10.412489275339412,0.6505011256848392
1633,10.436511143041658,0.6511299713958978
1634,10.460517251279743,0.6518557284072186
1635,10.48450408875129,0.652683000670467
1636,10.508468184198017,0.6536163119303903
1637,10.53240610622883,0.654660106143715
1638,10.556314463142854,0.6558187478980531
1639,10.580189902752563,0.6570965228308077
1640,10.60402911220682,0.6584976380480729
1641,10.627828817813985,0.6600262225435427
1642,10.651585784864968,0.6616863276174093
1643,10.675296817456328,0.6634819272952718
1644,10.69895875831332,0.6654169187470382
1645,10.72256848861301,0.6674951227058287
1646,10.746122927807345,0.669720283886883
1647,10.769619033446197,0.6720960714064584
1648,10.793053801000482,0.6746260792007395
1649,10.816424263685215,0.677313826444738
1650,10.839727492282597,0.6801627579711991
1651,10.862960594965092,0.683176244689505
1652,10.886120717118496,0.6863575840045775
1653,10.909205041165027,0.6897100002357847
1654,10.932210786386394,0.6932366450358403
1655,10.955135208746896,0.6969405978097135
1656,10.977975600716462,0.7008248661335297
1657,11.00072929109375,0.704892386173471
1658,11.023393644829245,0.7091460231046882
1659,11.045966062848283,0.7135885715301984
1660,11.068443981874195,0.7182227558997887
1661,11.09082487425133,0.7230512309289269
1662,11.113106247768165,0.7280765820176555
1663,11.135285645480373,0.7333013256695071
1664,11.157360645533902,0.738727909910397
1665,11.179328860988042,0.7443587147075357
1666,11.201187939638514,0.750196052388326
1667,11.222935563840553,0.7562421680592738
1668,11.244569450331984,0.7624992400248873
1669,11.266087350056269,0.7689693802065817
1670,11.287487047985644,0.7756546345615857
1671,11.308766362944137,0.7825569835018391
1672,11.329923147430698,0.7896783423129081
1673,11.350955287442227,0.7970205615728773
1674,11.371860702296686,0.8045854275712591
1675,11.392637344456173,0.8123746627278986
1676,11.413283199349987,0.820389926011875
1677,11.433796285197712,0.8286328133604072
1678,11.454174652832302,0.8371048580977558
1679,11.474416385523137,0.8458075313541306
1680,11.49451959879914,0.8547422424845884
1681,11.514482440271824,0.86391033948795
1682,11.534303089458358,0.8733131094256859
1683,11.553979757604695,0.8829517788408314
1684,11.573510687508593,0.8928275141768911
1685,11.592894153342728,0.9029414221967375
1686,11.612128460477768,0.9132945504015199
1687,11.631211945305436,0.9238878874495641
1688,11.650142975061602,0.9347223635752775
1689,11.66891994764937,0.9457988510080616
1690,11.687541291462122,0.9571181643912
1691,11.706005465206616,0.9686810612007735
1692,11.724310957726074,0.9804882421645597
1693,11.742456287823252,0.9925403516809405
1694,11.760440004083508,1.0048379782378036
1695,11.778260684697893,1.0173816548314454
1696,11.795916937286213,1.030171859385477
1697,11.813407398720125,1.0432090151697246
1698,11.830730734946219,1.056493491219147
1699,11.847885640809059,1.070025602752718
1700,11.864870839874305,1.0838056115923433
1701,11.881685084251767,1.0978337265817637
1702,11.898327154418483,1.1121101040054577
1703,11.91479585904181,1.1266348480075454
1704,11.931090034802477,1.1414080110106926
1705,11.9472085462177,1.1564295941350136
1706,11.963150285464224,1.1716995476169716
1707,11.97891417220143,1.1872177712283025
1708,11.994499153394381,1.202984114694889
1709,12.009904203136935,1.218998378115683
1710,12.0251283224748,1.2352603123816075
1711,12.0401705392286,1.251769619594455
1712,12.055029907817,1.2685259534857984
1713,12.069705509079734,1.285528919835891
1714,12.084196450100709,1.3027780768925643
1715,12.098501864031077,1.3202729357901568
1716,12.112620909912318,1.3380129609683824
1717,12.126552772499302,1.3559975705912581
1718,12.140296662083385,1.3742261369659994
1719,12.153851814315479,1.3926979869619305
1720,12.167217490029122,1.41141240242938
1721,12.180392975063578,1.4303686206185917
1722,12.193377580086894,1.4495658345986249
1723,12.20617064041898,1.4690031936762535
1724,12.218771515854694,1.4886798038148945
1725,12.23117959048693,1.5085947280534746
1726,12.243394272529676,1.5287469869253585
1727,12.255414994141086,1.5491355588772462
1728,12.26724121124659,1.5697593806880823
1729,12.278872403361946,1.590617347887949
1730,12.290308073416316,1.611708315176981
1731,12.301547747575375,1.6330310968442643
1732,12.312590975064342,1.654584467186733
1733,12.323437327991101,1.6763671609281012
1734,12.334086401169253,1.6983778736377286
1735,12.344537811941201,1.7206152621495483
1736,12.354791200001227,1.7430779449809621
1737,12.36484622721858,1.7657645027517532
1738,12.374702577460527,1.788673478602979
1739,12.38435995641547,1.8118033786158838
1740,12.393818091415989,1.8351526722307911
1741,12.403076731261939,1.8587197926660364
1742,12.41213564604352,1.882503137336832
1743,12.420994626964363,1.9065010682741927
1744,12.429653486164591,1.9307119125438392
1745,12.438112056543915,1.9551339626650979
1746,12.44637019158471,1.9797654770298072
1747,12.45442776517508,2.00460468032122
1748,12.462284671431945,2.029649763932909
1749,12.46994082452411,2.0548988863876603
1750,12.477396158495377,2.0803501737564134
1751,12.48465062708757,2.1060017200771113
1752,12.49170420356365,2.1318515877736446
1753,12.498556880530769,2.1578978080747344
1754,12.505208669763382,2.184138381432853
1755,12.511659602026295,2.210571277943117
1756,12.517909726897743,2.2371944377621884
1757,12.523959112592488,2.26400577152719
1758,12.529807845784878,2.291003160774591
1759,12.535456031431936,2.318184458359151
1760,12.540903792596438,2.3455474888727674
1761,12.546151270269975,2.3730900490634177
1762,12.551198623196056,2.400809908254056
1763,12.556046027693165,2.4287048087615086
1764,12.560693677477849,2.4567724663153907
1765,12.56514178348779,2.485010570476997
1766,12.569390573704895,2.5134167850582085
1767,12.573440292978356,2.5419887485404233
1768,12.577291202847743,2.570724074493414
1769,12.580943581366071,2.5996203519942607
1770,12.584397722922887,2.628675146046249
1771,12.587653938067346,2.6578859979977785
1772,12.59071255333128,2.687250425961256
1773,12.593573911052276,2.71676592523201
1774,12.59623836919679,2.746429968707191
1775,12.598706301183164,2.776240007304663
1776,12.600978095704741,2.80619347038195
1777,12.603054156552947,2.8362877661550767
1778,12.604934902440359,2.8665202821175204
1779,12.606620766823767,2.8968883854590954
1780,12.608112197727293,2.927389423484862
1781,12.609409657565408,2.95802072403403
1782,12.610513622966083,2.9887795958988628
1783,12.611424584593808,3.0196633292435795
1784,12.612143046972689,3.0506691960232497
1785,12.612669528309542,3.08179445040274
1786,12.613004560316941,3.113036329175554
1787,12.613148688036325,3.144392052182776
1788,12.613102469661058,3.1758588227319735
1789,12.6128664763595,3.207433828016088
1790,12.612441292098119,3.239114239532347
1791,12.611827513464524,3.2708972135011702
1792,12.611025749490581,3.302779891285065
1793,12.61003662147547,3.3347593998075253
1794,12.60886076280876,3.3668328519719806
1795,12.607498818793506,3.398997347080629
1796,12.605951446469305,3.4312499712533895
1797,12.604219314435394,3.4635877978467926
1798,12.602303102673716,3.496007887872885
1799,12.600203502371992,3.5285072904181316
1800,12.597921215746817,3.561083043062323
1801,12.595456955866723,3.5937321722974684
1802,12.592811446475269,3.626451693946738
1803,12.589985421814088,3.6592386135833066
1804,12.58697962644602,3.6920899269493006
1805,12.583794815078146,3.7250026203746893
1806,12.580431752384868,3.757973671196188
1807,12.576891212831002,3.7910000481761665
1808,12.57317398049486,3.8240787119215476
1809,12.569280848891317,3.8572066153027156
1810,12.565212620794885,3.890380703872405
1811,12.560970108062797,3.9235979162846517
1812,12.556554131458075,3.956855184713629
1813,12.55196552047265,3.990149435272598
1814,12.547205113150358,4.023477588432797
1815,12.542273755910115,4.056836559442348
1816,12.537172303368921,4.090223258745164
1817,12.531901618164964,4.123634592399839
1818,12.52646257078071,4.157067462498577
1819,12.520856039365952,4.190518767586051
1820,12.515082909560922,4.223985403078386
1821,12.509144074319334,4.25746426168197
1822,12.503040433731494,4.290952233812423
1823,12.496772894847354,4.324446208013468
1824,12.4903423714996,4.357943071375853
1825,12.483749784126735,4.391439709956255
1826,12.476996059596146,4.424933009196158
1827,12.470082131027182,4.458419854340784
1828,12.463008937614239,4.491897130858018
1829,12.455777424449842,4.525361724857243
1830,12.448388542347708,4.558810523508302
1831,12.440843247665837,4.592240415460381
1832,12.433142502129584,4.62564829126092
1833,12.425287272654732,4.659031043774506
1834,12.417278531170581,4.692385568601793
1835,12.409117254443023,4.725708764498388
1836,12.400804423897617,4.758997533793759
1837,12.392341025442649,4.792248782810172
1838,12.383728049292264,4.825459422281544
1839,12.374966489789466,4.858626367772363
1840,12.366057345229274,4.891746540096617
1841,12.357001617681743,4.9248168657366636
1842,12.347800312815071,4.957834277262161
1843,12.338454439718655,4.990795713748956
1844,12.328965010726204,5.023698121197996
1845,12.319333041238785,5.056538452954215
1846,12.309559549547897,5.089313670125488
1847,12.299645556658591,5.122020742001462
1848,12.289592086112494,5.154656646472516
1849,12.279400163810926,5.187218370448637
1850,12.269070817837965,5.219702910278338
1851,12.258605078283512,5.252107272167557
1852,12.248003977066402,5.284428472598559
1853,12.237268547757449,5.316663538748835
1854,12.22639982540252,5.348809508910038
1855,12.215398846345664,5.380863432906837
1856,12.204266648052124,5.412822372515851
1857,12.193004268931466,5.444683401884549
1858,12.181612748160621,5.476443607950156
1859,12.170093125506988,5.508100090858546
1860,12.158446441151497,5.539649964383159
1861,12.146673735511703,5.571090356343904
1862,12.134776049064845,5.602418409026036
1863,12.122754422170917,5.633631279599119
1864,12.110609894895784,5.6647261405358655
1865,12.098343506834228,5.6957001800310785
1866,12.085956296933036,5.726550602420536
1867,12.073449303314069,5.757274628599914
1868,12.060823563097358,5.787869496443678
1869,12.048080112224163,5.8183324612239815
1870,12.03521998528006,5.84866079602959
1871,12.022244215318024,5.878851792184754
1872,12.009153833681493,5.90890275966817
1873,11.995949869827456,5.938811027531806
1874,11.982633351149529,5.968573944319861
1875,11.969205302801033,5.998188878487654
1876,11.95566674751807,6.027653218820528
1877,11.942018705442607,6.05696437485275
1878,11.928262193945532,6.086119777286421
1879,11.91439822744978,6.115116878410365
1880,11.900427817253341,6.143953152519079
1881,11.8863519713524,6.1726260963315704
1882,11.872171694264402,6.201133229410305
1883,11.85788798685109,6.229472094580097
1884,11.843501846141631,6.25764025834702
1885,11.829014265155674,6.285635311317303
1886,11.814426232726422,6.313454868616241
1887,11.799738733323723,6.341096570307091
1888,11.78495274687714,6.368558081809974
1889,11.770069248599022,6.395837094320816
1890,11.755089208807604,6.422931325230194
1891,11.740013592750065,6.449838518542268
1892,11.724843360425606,6.4765564452936975
1893,11.709579466408547,6.503082903972522
1894,11.694222859671383,6.529415720937083
1895,11.67877448340787,6.555552750834912
1896,11.66323527485611,6.581491877021654
1897,11.647606165121628,6.607231011979943
1898,11.631888079000406,6.632768097738347
1899,11.616081934802047,6.658101106290232
1900,11.600188644172793,6.683228040012686
1901,11.58420911191859,6.708146932085414
1902,11.568144235828221,6.732855846909654
1903,11.551994906496333,6.75735288052707
1904,11.53576200714655,6.781636161038657
1905,11.519446413454542,6.805703849023655
1906,11.503048993371054,6.829554137958448
1907,11.486570606945085,6.8531852546354575
1908,11.470012106146871,6.876595459582055
1909,11.453374334691016,6.899783047479467
1910,11.436658127859541,6.922746347581681
1911,11.41986431232499,6.945483724134342
1912,11.402993705973476,6.9679935767936625
1913,11.38604711772779,6.990274341045319
1914,11.369025347370457,7.0123244886233635
1915,11.351929185366819,7.0341425279291405
1916,11.334759412688117,7.055727004450152
1917,11.317516800634573,7.077076501179003
1918,11.300202110658454,7.09818963903227
1919,11.282816094187162,7.119065077269444
1920,11.265359492446299,7.13970151391179
1921,11.247833036282765,7.16009768616129
1922,11.230237445987822,7.180252370819529
1923,11.21257343112017,7.200164384706584
1924,11.19484169032902,7.219832585079979
1925,11.177042911177203,7.239255870053522
1926,11.159177769964206,7.258433179016254
1927,11.141246931549277,7.277363493051343
1928,11.123251049174506,7.296045835354982
1929,11.105190764287872,7.314479271655296
1930,11.087066706366352,7.332662910631245
1931,11.068879492738995,7.350595904331529
1932,11.05062972840997,7.368277448593502
1933,11.03231800588169,7.385706783462054
1934,11.01394490497786,7.402883193608533
1935,10.995510992666556,7.419806008749646
1936,10.977016822883316,7.436474604066347
1937,10.9584629363542,7.452888400622765
1938,10.93984986041889,7.4690468657850975
1939,10.921178108853752,7.48494951364051
1940,10.902448181694922,7.500595905416039
1941,10.883660565061357,7.515985649897513
1942,10.86481573097796,7.531118403848437
1943,10.84591413719863,7.545993872428901
1944,10.826956227029337,7.56061180961449
1945,10.807942429151211,7.574972018615184
1946,10.788873157443605,7.589074352294257
1947,10.769748810807199,7.602918713587201
1948,10.750569772987053,7.6165050559205945
1949,10.731336412395702,7.629833383631041
1950,10.712049081936199,7.6429037523840675
1951,10.692708118825246,7.655716269592997
1952,10.673313844416242,7.668271094837891
1953,10.653866564022362,7.680568440284436
1954,10.634366566739628,7.692608571102844
1955,10.614814125270003,7.70439180588677
1956,10.595209495744466,7.715918517072199
1957,10.575552917546089,7.727189131356367
1958,10.555844613133086,7.738204130116651
1959,10.53608478786194,7.748964049829481
1960,10.516273629810453,7.759469482489239
1961,10.49641130960083,7.769721076027172
1962,10.47649798022275,7.7797195347302806
1963,10.456533776856451,7.78946561966024
1964,10.4365188166958,7.798960149072284
1965,10.416453198771391,7.808203998834138
1966,10.3963370037736,7.817198102844888
1967,10.37617029387566,7.8259434534539185
1968,10.355953112558469,7.834441101874919
1969,10.335685484523825,7.842692158347464
1970,10.315367415940976,7.850697791347288
1971,10.294998894885317,7.858459226248202
1972,10.274579891790172,7.865977743946697
1973,10.254110359898544,7.873254679486495
1974,10.233590235714933,7.880291420683166
1975,10.213019439457081,7.887089406748658
1976,10.192397875507748,7.893650126915917
1977,10.171725432866516,7.899975119063437
1978,10.151001985601534,7.906065968339844
1979,10.130227393301332,7.911924305788489
1980,10.109401501526554,7.917551806971997
1981,10.088524142261775,7.922950190596871
1982,10.06759513436725,7.928121217138052
1983,10.046614284030703,7.933066687463511
1984,10.025581385219098,7.937788441458809
1985,10.00449622013043,7.942288356651701
1986,9.983358559645486,7.946568346836676
1987,9.962168163779628,7.950630360699573
1988,9.94092478213457,7.9544763804421255
1989,9.919628154350159,7.958108420406571
1990,9.89827801055614,7.961528525700198
1991,9.876874071823952,7.964738770819949
1992,9.855416050618484,7.967741258276974
1993,9.833903651249862,7.970538117221242
1994,9.812336570325225,7.9731315020660745
1995,9.790714497200511,7.975523591112754
1996,9.769037114432225,7.977716585175104
1997,9.747304098229199,7.979712706204038
1998,9.725515118904411,7.981514195912171
1999,9.703669841326722,7.9831233143983695
2000,9.681767925372666,7.984542338772348
2001,9.659809026378246,7.985773561779228
2002,9.637792795590672,7.986819290424148
2003,9.61571888062017,7.987681844596803
2004,9.593586925891755,7.988363555696039
2005,9.571396573096994,7.988866765254435
2006,9.549147461645802,7.989193823562883
2007,9.526839229118188,7.989347088295141
2008,9.504471511716067,7.989328923132441
2009,9.48204394471503,7.989141696388053
2010,9.45955616291608,7.988787779631858
2011,9.437007801097476,7.988269546314933
2012,9.414398494466457,7.987589370394128
2013,9.39172787911104,7.986749624956639
2014,9.3689955924518,7.985752680844589
2015,9.346201273693637,7.984600905279605
2016,9.323344564277562,7.983296660487401
2017,9.300425108332462,7.981842302322337
2018,9.2774425531269,7.980240178892024
2019,9.254396549520838,7.978492629181874
2020,9.231286752417375,7.976601981680058
2021,9.208112821185818,7.974570553088452
2022,9.184874419881668,7.972400647646287
2023,9.161571217262807,7.970094557068262
2024,9.138202886776877,7.967654560569534
2025,9.114769106548566,7.965082924891122
2026,9.091269559366825,7.96238190432524
2027,9.06770393267218,7.959553740740708
2028,9.044071918543924,7.956600663608306
2029,9.020373213687451,7.953524890026162
2030,8.996607519421465,7.950328624745109
2031,8.972774541665267,7.947014060194079
2032,8.948873990925994,7.943583376505457
2033,8.924905582285893,7.940038741540477
2034,8.900869035389583,7.936382310914572
2035,8.876764074431303,7.932616228022776
2036,8.852590428142163,7.928742624065069
2037,8.828347829777442,7.92476361807177
2038,8.804036017103822,7.920681316928917
2039,8.779654732386634,7.916497815403622
2040,8.75520372237715,7.912215196169452
2041,8.73068273829982,7.907835529831814
2042,8.706091535839542,7.903360874953317
2043,8.681429875128915,7.89879327807915
2044,8.656697520735518,7.894134773762463
2045,8.631894241649126,7.889387384589728
2046,8.607019811269012,7.8845531212061175
2047,8.582074007391215,7.879633982340895
2048,8.557056612195748,7.874631954832764
2049,8.531967412233898,7.86954901365526
2050,8.506806198415491,7.864387121942122
2051,8.481572765996116,7.859148231012649
2052,8.45626691456442,7.853834280397113
2053,8.430888448029355,7.8484471978620896
2054,8.405437174607414,7.842988899435859
2055,8.379912906809935,7.8374612894337785
2056,8.354315461430348,7.831866260483647
2057,8.328644659531404,7.826205693551079
2058,8.302900326432464,7.820481457964893
2059,8.27708229169677,7.814695411442477
2060,8.251190389118664,7.808849400115154
2061,8.225224456710874,7.8029452585535735
2062,8.199184336691799,7.796984809793076
2063,8.173069875472695,7.790969865359064
2064,8.146880923645016,7.784902225292378
2065,8.120617335967623,7.778783678174688
2066,8.094278971354075,7.7726160011538425
2067,8.067865692859852,7.766400959969256
2068,8.041377367669654,7.7601403089772765
2069,8.014813867084628,7.753835791176572
2070,7.988175066509679,7.747489138233499
2071,7.961460845440632,7.741102070507461
2072,7.934671087451605,7.73467629707631
2073,7.907805680182201,7.728213515761706
2074,7.880864515324788,7.721715413154482
2075,7.853847488611753,7.715183664640048
2076,7.826754499802761,7.708619934423727
2077,7.799585452672029,7.7020258755561635
2078,7.772340254995565,7.695403129958677
2079,7.745018818538453,7.688753328448637
2080,7.717621059042069,7.682078090764855
2081,7.6901468962114015,7.675379025592933
2082,7.6625962537022625,7.66865773059066
2083,7.634969059108573,7.661915792413378
2084,7.607265243949609,7.655154786739352
2085,7.579484743657272,7.64837627829515
2086,7.551627497563339,7.6415818208810125
2087,7.523693448886731,7.6347729573962315
2088,7.495682544720781,7.627951219864531
2089,7.467594736020448,7.621118129459417
2090,7.439429977589643,7.614275196529579
2091,7.41118822806845,7.607423920624257
2092,7.382869449920383,7.600565790518599
2093,7.3544736094196725,7.593702284239062
2094,7.3260006766384915,7.586834869088765
2095,7.2974506254342435,7.579965001672873
2096,7.268823433436821,7.573094127923977
2097,7.240119082035815,7.566223683127441
2098,7.211337556367867,7.55935509194682
2099,7.182478845303842,7.552489768449187
2100,7.153542941436146,7.54562911613055
2101,7.124529841065952,7.538774527941202
2102,7.095439544190474,7.53192738631109
2103,7.06627205449023,7.525089063175217
2104,7.03702737931629,7.518260919998978
2105,7.0077055296775494,7.511444307803576
2106,6.978306520227971,7.504640567191358
2107,6.948830369253862,7.4978510283712145
2108,6.9192770986611345,7.49107701118395
2109,6.889646733962551,7.484319825127651
2110,6.859939304264993,7.477580769383054
2111,6.830154842256724,7.470861132838935
2112,6.8002933841946485,7.4641621941174865
2113,6.770354969891551,7.457485221599666
2114,6.7403396427034075,7.450831473450598
2115,6.71024744951656,7.444202197644928
2116,6.680078440735073,7.4375986319922145
2117,6.649832670267933,7.4310220041622905
2118,6.619510195516324,7.424473531710647
2119,6.589111077360886,7.417954422103788
2120,6.558635380148979,7.411465872744642
2121,6.528083171681938,7.405009070997893
2122,6.4974545232023475,7.3985851942153875
2123,6.46674950938125,7.392195409761489
2124,6.435968208305488,7.385840875038459
2125,6.4051107014649,7.379522737511844
2126,6.374177073739608,7.373242134735819
2127,6.3431674133872615,7.367000194378605
2128,6.312081812030316,7.360798034247796
2129,6.280920364643279,7.354636762315767
2130,6.249683169539977,7.34851747674504
2131,6.218370328360812,7.3424412659136475
2132,6.186981946060002,7.336409208440522
2133,6.155518130892894,7.330422373210862
2134,6.123978994403169,7.324481819401509
2135,6.0923646514101275,7.318588596506311
2136,6.060675219995953,7.312743744361525
2137,6.028910821492959,7.30694829317116
2138,5.997071580470846,7.301203263532353
2139,5.965157624723983,7.295509666460782
2140,5.9331690852586565,7.289868503415987
2141,5.901106096280306,7.284280766326795
2142,5.868968795180822,7.278747437616636
2143,5.83675732252579,7.273269490228983
2144,5.804471822041746,7.267847887652676
2145,5.772112440603449,7.262483583947319
2146,5.739679328221118,7.257177523768644
2147,5.707172638027714,7.251930642393897
2148,5.674592526266208,7.246743865747215
2149,5.641939152276781,7.241618110424961
2150,5.609212678484176,7.236554283721161
2151,5.576413270384881,7.23155328365283
2152,5.543541096534431,7.2266159989853636
2153,5.51059632853465,7.221743309257913
2154,5.477579141020914,7.216936084808757
2155,5.4444897116494175,7.212195186800676
2156,5.411328221084423,7.207521467246324
2157,5.378094852985542,7.202915769033615
2158,5.344789793994944,7.198378925951073
2159,5.311413233724681,7.193911762713233
2160,5.277965364743915,7.189515094986
2161,5.244446382566171,7.185189729412027
2162,5.210856485636616,7.18093646363609
2163,5.177195875319304,7.1767560863304585
2164,5.143464755884447,7.17264937722028
2165,5.109663334495657,7.168617107108933
2166,5.0757918211972495,7.164660037903434
2167,5.041850428901421,7.160778922639774
2168,5.007839373375597,7.156974505508328
2169,4.973758873229654,7.1532475218792015
2170,4.939609149903171,7.149598698327628
2171,4.905390427652697,7.146028752659317
2172,4.8711029335390235,7.142538393935856
2173,4.836746897414425,7.139128322500076
2174,4.80232255190994,7.135799230001399
2175,4.767830132422584,7.132551799421253
2176,4.733269877102682,7.1293867050984305
2177,4.698642026841073,7.1263046127544465
2178,4.663946825256395,7.123306179518943
2179,4.629184518682328,7.120392053955034
2180,4.594355356154869,7.117562876084704
2181,4.559459589399585,7.114819277414158
2182,4.524497472818869,7.112161880959223
2183,4.489469263479226,7.1095913012707035
2184,4.454375221098464,7.107108144459752
2185,4.4192156080330465,7.1047130082232695
2186,4.383990689265288,7.102406481869242
2187,4.348700732390647,7.100189146342153
2188,4.313346007604951,7.098061574248328
2189,4.277926787691691,7.096024329881328
2190,4.242443348009274,7.094077969247315
2191,4.206895966478258,7.092223040090423
2192,4.17128492356866,7.090460081918143
2193,4.135610502287137,7.088789626026686
2194,4.099872988164345,7.087212195526368
2195,4.06407266924213,7.085728305366979
2196,4.0282098360608005,7.08433846236315
2197,3.99228478164641,7.083043165219745
2198,3.9562978014979864,7.081842904557216
2199,3.9202491935748154,7.080738162936991
2200,3.8841392582837,7.079729414886841
2201,3.8479682984661783,7.078817126926261
2202,3.8117366193858495,7.078001757591835
2203,3.7754445287155924,7.077283757462616
2204,3.7390923365248314,7.0766635691855075
2205,3.7026803552668035,7.0761416275006175
2206,3.666208899765808,7.0757183592666575
2207,3.62967828720448,7.075394183486291
2208,3.5930888371110377,7.075169511331537
2209,3.5564408713465565,7.075044746169115
2210,3.5197347140921904,7.075020283585844
2211,3.482970691836492,7.075096511413995
2212,3.4461491333626313,7.075273809756688
2213,3.4092703697356668,7.0755525510132395
2214,3.372334734289802,7.075933099904568
2215,3.335342562615651,7.076415813498544
2216,3.2982941925474893,7.077001041235364
2217,3.261189964150529,7.077689124952955
2218,3.2240302197081725,7.078480398912305
2219,3.186815303709235,7.0793751898228665
2220,3.1495455628352786,7.08037381686793
2221,3.1122213459478147,7.081476591729983
2222,3.0748430040755865,7.082683818616101
2223,3.03741089040182,7.083995794283304
2224,2.9999253602514844,7.085412808063947
2225,2.9623867710785667,7.086935141891089
2226,2.924795482453319,7.088563070323863
2227,2.8871518560494893,7.090296860572858
2228,2.8494562556316523,7.092136772525485
2229,2.811709047042407,7.094083058771353
2230,2.773910598189665,7.096135964627652
2231,2.736061279033901,7.098295728164513
2232,2.6981614615754137,7.100562580230395
2233,2.6602115198415945,7.102936744477461
2234,2.6222118298741686,7.105418437386927
2235,2.584162769716491,7.108007868294475
2236,2.546064719400734,7.110705239415597
2237,2.50791806093524,7.11351074587098
2238,2.469723178291719,7.11642457571188
2239,2.431480457392529,7.119446909945498
2240,2.393190286097929,7.122577922560354
2241,2.354853054193349,7.125817780551652
2242,2.3164691533766386,7.129166643946673
2243,2.27803897724533,7.1326246658301296
2244,2.2395629212839196,7.136191992369552
2245,2.2010413828510598,7.139868762840661
2246,2.1624747611669193,7.143655109652741
2247,2.1238634573003594,7.147551158374013
2248,2.085207874156245,7.151557027757001
2249,2.0465084164626712,7.1556728297639305
2250,2.0077654907582394,7.159898669592078
2251,1.9689795053793244,7.164234645699158
2252,1.9301508704473203,7.168680849828688
2253,1.8912799978558796,7.173237367035382
2254,1.8523673012582313,7.1779042757105005
2255,1.8134131960543929,7.182681647607232
2256,1.7744180993784524,7.187569547866091
2257,1.7353824300858138,7.1925680350402486
2258,1.6963066087404661,7.197677161120946
2259,1.6571910576022386,7.202896971562849
2260,1.6180362006140714,7.208227505309428
2261,1.578842463389271,7.213668794818325
2262,1.5396102731987313,7.219220866086747
2263,1.5003400589582698,7.224883738676819
2264,1.4610322512158262,7.230657425740963
2265,1.4216872821387512,7.23654193404728
2266,1.3823055855010493,7.242537264004925
2267,1.342887596670655,7.248643409689468
2268,1.3034337525966782,7.254860358868281
2269,1.263944491796674,7.261188093025912
2270,1.2244202543439104,7.267626587389443
2271,1.184861481854578,7.274175810953897
2272,1.145268617475131,7.2808357265075685
2273,1.1056421058694859,7.287606290657437
2274,1.0659823932063068,7.294487453854525
2275,1.0262899271462549,7.30147916041927
2276,0.9865651568292522,7.308581348566894
2277,0.9468085328617473,7.3157939504327985
2278,0.9070205073039744,7.323116892097913
2279,0.8672015336571743,7.330550093614098
2280,0.827352066850927,7.338093469029493
2281,0.7874725632303599,7.345746926413897
2282,0.7475634805434194,7.353510367884154
2283,0.7076252779281342,7.361383689629526
2284,0.6676584158998713,7.369366781937047
2285,0.6276633563385994,7.377459529216926
2286,0.5876405624761474,7.38566181002789
2287,0.5475904988834741,7.3939734971025945
2288,0.5075136314578843,7.402394457372974
2289,0.46741042741035554,7.410924551995611
2290,0.42728135525275707,7.419563636377127
2291,0.38712688478511176,7.428311560199552
2292,0.34694748708286993,7.437168167445697
2293,0.3067436344841551,7.446133296424525
2294,0.2665158005770318,7.455206779796527
2295,0.22626446018676244,7.464388444599106
2296,0.1859900893630824,7.473678112271935
2297,0.14569316536741056,7.483075598682342
2298,0.10537416666017527,7.492580714150688
2299,0.06503357288803802,7.502193263475723
2300,0.02467186487115375,7.511913045959983
2301,-0.01571047540955943,7.521739855435148
2302,-0.0561129648251679,7.531673480287423
2303,-0.09653511911145939,7.54171370348291
2304,-0.13697645288167093,7.55186030259299
2305,-0.1774364796392798,7.562113049819684
2306,-0.2179147117906654,7.57247171202104
2307,-0.25841066065790547,7.582936050736491
2308,-0.2989238364914968,7.593505822212254
2309,-0.33945374848310145,7.60418077742668
2310,-0.3799999047782779,7.614960662115637
2311,-0.42056181248923463,7.6258452167979
2312,-0.4611389777075597,7.636834176800488
2313,-0.5017309055169503,7.64792727228408
2314,-0.5423371000060049,7.659124228268367
2315,-0.5829570642808893,7.670424764657426
2316,-0.6235903004781225,7.681828596265103
2317,-0.6642363097773059,7.693335432840375
2318,-0.7048945924138688,7.704944979092734
2319,-0.7455646476917981,7.716656934717563
2320,-0.786245973996386,7.728470994421508
2321,-0.8269380688069738,7.7403868479478435
2322,-0.8676404287096637,7.752404180101855
2323,-0.9083525494101293,7.76452267077622
2324,-0.9490739257462638,7.776741994976368
2325,-0.9898040517009823,7.78906182284586
2326,-1.0305424204149405,7.801481819691773
2327,-1.0712885241992733,7.814001646010052
2328,-1.112041854548349,7.826620957510906
2329,-1.1528019021524998,7.839339405144178
2330,-1.1935681569107575,7.852156635124704
2331,-1.2343401079435854,7.865072288957711
2332,-1.2751172436056748,7.878086003464169
2333,-1.3158990514986,7.891197410806184
2334,-1.3566850184836112,7.904406138512353
2335,-1.3974746306943713,7.917711809503158
2336,-1.4382673735496825,7.931114042116328
2337,-1.4790627317662295,7.944612450132213
2338,-1.5198601893713295,7.958206642799171
2339,-1.5606592297156434,7.971896224858914
2340,-1.6014593354859903,7.985680796571931
2341,-1.642259988717979,7.999559953742806
2342,-1.6830606708088323,8.013533287745634
2343,-1.7238608625300866,8.02760038554937
2344,-1.7646600440403533,8.041760829743223
2345,-1.805457694898047,8.056014198562014
2346,-1.846253294074125,8.07036006591156
2347,-1.8870463199648355,8.084798001394047
2348,-1.9278362504044357,8.099327570333392
2349,-1.9686225626779963,8.113948333800648
2350,-2.0094047335340437,8.128659848639344
2351,-2.0501822391973756,8.143461667490879
2352,-2.0909545553817686,8.158353338819884
2353,-2.131721157302729,8.173334406939606
2354,-2.172481519690231,8.188404412037288
2355,-2.2132351168014583,8.203562890199525
2356,-2.2539814224335326,8.21880937343765
2357,-2.2947199099362554,8.234143389713102
2358,-2.335450052224899,8.249564462962825
2359,-2.3761713217928597,8.265072113124601
2360,-2.416883190724454,8.280665856162452
2361,-2.457585130707646,8.296345204092002
2362,-2.4982766130467886,8.312109665005869
2363,-2.538957108675365,8.32795874309902
2364,-2.579626088168722,8.34389193869415
2365,-2.6202830217568027,8.359908748267054
2366,-2.6609273793369397,8.376008664472032
2367,-2.7015586304865176,8.392191176167211
2368,-2.742176244475751,8.40845576843995
2369,-2.782779690280433,8.424801922632218
2370,-2.823368436594666,8.441229116365957
2371,-2.8639419518435947,8.457736823568458
2372,-2.904499704196157,8.47432451449774
2373,-2.9450411615778154,8.490991655767914
2374,-2.9855657916832965,8.507737710374562
2375,-3.026073061989368,8.52456213772014
2376,-3.0665624397675115,8.541464393639304
2377,-3.107033392096706,8.558443930424302
2378,-3.147485385876169,8.575500196850362
2379,-3.187917887838077,8.592632638201056
2380,-3.228330364560323,8.609840696293675
2381,-3.2687222824792475,8.627123809504605
2382,-3.3090931079023833,8.644481412794695
2383,-3.3494423070211763,8.661912937734641
2384,-3.3897693459237854,8.679417812530355
2385,-3.430073690607736,8.696995462048342
2386,-3.4703548069927233,8.714645307841062
2387,-3.5106121609333245,8.732366768172325
2388,-3.550845218231758,8.75015925804265
2389,-3.5910534446506026,8.768022189214646
2390,-3.631236305925547,8.78595497023838
2391,-3.6713932677781327,8.803957006476754
2392,-3.711523795928516,8.822027700130901
2393,-3.7516273561081515,8.84016645026551
2394,-3.791703414072575,8.858372652834252
2395,-3.8317514356141364,8.876645700705119
2396,-3.8717708865747364,8.894984983685813
2397,-3.9117612328585634,8.91338988854912
2398,-3.951721940444843,8.931859799058289
2399,-3.9916524754005676,8.950394095992387
2400,-4.031552303893232,8.968992157171689
2401,-4.071420892203624,8.987653357483074
2402,-4.111257706738474,9.006377068905339
2403,-4.151062214043267,9.025162660534624
2404,-4.190833880814959,9.044009498609782
2405,-4.230572173914714,9.062916946537724
2406,-4.27027656038065,9.081884364918823
2407,-4.309946507440584,9.10091111157228
2408,-4.349581482524754,9.119996541561488
2409,-4.389180953278563,9.13914000721941
2410,-4.42874438757537,9.158340858173975
2411,-4.468271253529145,9.177598441373423
2412,-4.507761019507257,9.196912101111687
2413,-4.547213154143221,9.21628117905378
2414,-4.586627126349414,9.235705014261153
2415,-4.626002405329833,9.255182943217081
2416,-4.665338460592821,9.274714299852032
2417,-4.704634761963815,9.294298415569038
2418,-4.743890779598109,9.313934619269089
2419,-4.783105983993543,9.333622237376474
2420,-4.822279846003273,9.353360593864176
2421,-4.861411836848523,9.373149010279258
2422,-4.900501428131301,9.392986805768212
2423,-4.939548091847151,9.412873297102335
2424,-4.978551300397889,9.432807798703125
2425,-5.017510526604352,9.452789622667645
2426,-5.056425243719115,9.472818078793885
2427,-5.0952949254392825,9.492892474606156
2428,-5.134119045919159,9.513012115380448
2429,-5.172897079783035,9.533176304169814
2430,-5.211628502137919,9.553384341829734
2431,-5.250312788586269,9.573635527043512
2432,-5.288949415238743,9.593929156347619
2433,-5.3275378587269335,9.614264524157093
2434,-5.366077596216105,9.634640922790895
2435,-5.404568105417924,9.655057642497296
2436,-5.443008864603257,9.675513971479257
2437,-5.481399352614822,9.696009195919778
2438,-5.519739048879989,9.716542600007294
2439,-5.5580274334235025,9.737113465961047
2440,-5.59626398688022,9.757721074056443
2441,-5.6344481905078565,9.778364702650453
2442,-5.672579526199725,9.799043628206972
2443,-5.710657476497461,9.819757125322177
2444,-5.748681524603815,9.840504466749957
2445,-5.786651154395314,9.861284923427215
2446,-5.824565850435057,9.882097764499294
2447,-5.862425097985437,9.902942257345325
2448,-5.900228383020882,9.923817667603618
2449,-5.937975192240599,9.944723259197024
2450,-5.9756650130813185,9.96565829435832
2451,-6.013297333730016,9.98662203365557
2452,-6.050871643136655,10.00761373601751
2453,-6.088387431026978,10.02863265875892
2454,-6.12584418791517,10.049678057606007
2455,-6.1632414051166355,10.070749186721752
2456,-6.200578574760739,10.091845298731304
2457,-6.237855189803554,10.11296564474737
2458,-6.275070744040574,10.134109474395547
2459,-6.312224732119488,10.155276035839742
2460,-6.349316649552889,10.176464575807517
2461,-6.386345992731026,10.19767433961546
2462,-6.42331225893457,10.2189045711946
2463,-6.46021494634731,10.240154513115726
2464,-6.497053554068912,10.261423406614794
2465,-6.533827582127666,10.282710491618294
2466,-6.570536531493223,10.304015006768637
2467,-6.6071799040893255,10.325336189449498
2468,-6.6437572028065635,10.34667327581122
2469,-6.680267931515084,10.368025500796172
2470,-6.716711595077399,10.389392098164153
2471,-6.753087699361036,10.410772300517706
2472,-6.789395751251337,10.432165339327556
2473,-6.825635258664182,10.453570444957942
2474,-6.8618057305587286,10.47498684669201
2475,-6.897906676950162,10.49641377275719
2476,-6.933937608922416,10.517850450350558
2477,-6.969898038640934,10.539296105664222
2478,-7.005787479365376,10.560749963910668
2479,-7.041605445462427,10.5822112493482
2480,-7.0773514524184575,10.60367918530624
2481,-7.113025016852298,10.62515299421073
2482,-7.148625656527992,10.646631897609524
2483,-7.184152890367518,10.668115116197747
2484,-7.219606238463529,10.689601869843164
2485,-7.254985222092114,10.711091377611561
2486,-7.290289363725508,10.732582857792131
2487,-7.325518187044839,10.754075527922808
2488,-7.360671216952914,10.77556860481571
2489,-7.395747979586884,10.797061304582442
2490,-7.430748002331031,10.818552842659516
2491,-7.4656708138294965,10.84004243383369
2492,-7.500515943999034,10.861529292267392
2493,-7.535282924041724,10.883012631524043
2494,-7.569971286457737,10.904491664593465
2495,-7.604580565058054,10.925965603917232
2496,-7.639110294977246,10.94743366141408
2497,-7.673560012686155,10.968895048505225
2498,-7.707929256004675,10.99034897613979
2499,-7.742217564114487,11.01179465482016
2500,-7.776424477571788,11.033231294627342
2501,-7.810549538320038,11.054658105246364
2502,-7.844592289702701,11.07607429599163
2503,-7.878552276475984,11.097479075832307
2504,-7.912429044821562,11.118871653417688
2505,-7.946222142359368,11.14025123710259
2506,-7.979931118160268,11.161617034972693
2507,-8.013555522758832,11.18296825486993
2508,-8.04709490816608,11.204304104417883
2509,-8.080548827882224,11.225623791047122
2510,-8.113916836909372,11.246926522020589
2511,-8.147198491764325,11.268211504459007
2512,-8.180393350491265,11.289477945366187
2513,-8.213500972674527,11.310725051654472
2514,-8.246520919451344,11.331952030170081
2515,-8.27945275352454,11.353158087718446
2516,-8.312296039175333,11.374342431089675
2517,-8.345050342276023,11.395504267083824
2518,-8.377715230302773,11.416642802536364
2519,-8.410290272348309,11.437757244343484
2520,-8.442775039134698,11.458846799487503
2521,-8.475169103026053,11.479910675062234
2522,-8.507472038041323,11.50094807829837
2523,-8.539683419866975,11.521958216588837
2524,-8.571802825869764,11.542940297514184
2525,-8.603829835109483,11.56389352886795
2526,-8.63576402835166,11.58481711868204
2527,-8.667604988080361,11.6057102752521
2528,-8.699352298510888,11.626572207162903
2529,-8.731005545602509,11.647402123313686
2530,-8.762564317071227,11.668199232943572
2531,-8.794028202402538,11.688962745656927
2532,-8.825396792864115,11.709691871448724
2533,-8.85666968151857,11.730385820729898
2534,-8.887846463236215,11.75104380435278
2535,-8.91892673470779,11.771665033636419
2536,-8.94991009445719,11.792248720391973
2537,-8.980796142854222,11.812794076948096
2538,-9.011584482127343,11.833300316176292
2539,-9.042274716376376,11.853766651516287
2540,-9.072866451585304,11.874192297001445
2541,-9.10335929563495,11.894576467284077
2542,-9.133752858315749,11.914918377660875
2543,-9.16404675134049,11.935217244098249
2544,-9.194240588357035,11.95547228325771
2545,-9.224333984961087,11.975682712521259
2546,-9.254326558708906,11.995847750016742
2547,-9.28421792913005,12.015966614643217
2548,-9.314007717740159,12.036038526096391
2549,-9.343695548053624,12.056062704893897
2550,-9.37328104559638,12.076038372400744
2551,-9.402763837918629,12.09596475085466
2552,-9.432143554607569,12.115841063391466
2553,-9.461419827300151,12.135666534070456
2554,-9.490592289695831,12.155440387899784
2555,-9.519660577569262,12.175161850861816
2556,-9.548624328783076,12.1948301499385
2557,-9.577483183300641,12.214444513136797
2558,-9.606236783198732,12.234004169513966
2559,-9.634884772680339,12.253508349203011
2560,-9.663426798087361,12.272956283438013
2561,-9.691862507913378,12.292347204579533
2562,-9.720191552816383,12.311680346139976
2563,-9.748413585631495,12.330954942808946
2564,-9.77652826138375,12.350170230478659
2565,-9.80453523730078,12.369325446269265
2566,-9.832434172825629,12.388419828554293
2567,-9.860224729629412,12.407452616985955
2568,-9.887906571624114,12.426423052520564
2569,-9.915479364975297,12.445330377443888
2570,-9.942942778114862,12.464173835396535
2571,-9.970296481753765,12.482952671399318
2572,-9.99754014889479,12.50166613187864
2573,-10.024673454845258,12.520313464691862
2574,-10.051696077229773,12.538893919152677
2575,-10.078607696003,12.557406746056493
2576,-10.105407993462341,12.575851197705788
2577,-10.132096654260723,12.5942265279355
2578,-10.158673365419313,12.612531992138402
2579,-10.18513781634028,12.630766847290465
2580,-10.211489698819522,12.648930351976245
2581,-10.237728707059391,12.667021766414248
2582,-10.263854537681468,12.685040352482305
2583,-10.289866889739285,12.70298537374296
2584,-10.315765464731053,12.720856095468823
2585,-10.341549966612423,12.738651784667958
2586,-10.367220101809204,12.756371710109251
2587,-10.39277557923013,12.774015142347789
2588,-10.418216110279584,12.791581353750237
2589,-10.443541408870331,12.809069618520192
2590,-10.468751191436281,12.826479212723601
2591,-10.493845176945191,12.843809414314075
2592,-10.51882308691146,12.861059503158318
2593,-10.54368464540883,12.878228761061479
2594,-10.56842957908312,12.895316471792516
2595,-10.593057617164991,12.912321921109575
2596,-10.617568491482679,12.92924439678539
2597,-10.641961936474724,12.946083188632619
2598,-10.666237689202728,12.96283758852925
2599,-10.690395489364072,12.979506890443949
2600,-10.71443507930467,12.996090390461447
2601,-10.738356204031737,13.012587386807938
2602,-10.762158611226463,13.028997179876402
2603,-10.785842051256813,13.045319072252015
2604,-10.809406277190236,13.061552368737525
2605,-10.832851044806414,13.0776963763786
2606,-10.856176112610006,13.093750404489233
2607,-10.879381241843381,13.109713764677094
2608,-10.902466196499358,13.125585770868916
2609,-10.925430743333964,13.141365739335868
2610,-10.948274651879135,13.15705298871892
2611,-10.970997694455509,13.172646840054231
2612,-10.993599646185114,13.18814661679851
2613,-11.016080285004136,13.203551644854404
2614,-11.038439391675666,13.218861252595858
2615,-11.060676749802422,13.234074770893503
2616,-11.082792145839491,13.24919153314002
2617,-11.104785369107073,13.264210875275518
2618,-11.12665621180324,13.27913213581291
2619,-11.148404469016649,13.293954655863288
2620,-11.170029938739283,13.308677779161298
2621,-11.1915324218792,13.323300852090494
2622,-11.212911722273287,13.337823223708746
2623,-11.234167646699966,13.352244245773589
2624,-11.255300004891971,13.366563272767621
2625,-11.276308609549064,13.38077966192384
2626,-11.297193276350773,13.394892773251051
2627,-11.317953823969164,13.408901969559244
2628,-11.338590074081536,13.422806616484936
2629,-11.359101851383198,13.436606082516567
2630,-11.379488983600183,13.450299739019881
2631,-11.399751301502002,13.463886960263276
2632,-11.41988863891439,13.477367123443203
2633,-11.439900832732027,13.490739608709521
2634,-11.459787722931296,13.50400379919089
2635,-11.479549152583012,13.517159081020132
2636,-11.499184967865169,13.530204843359602
2637,-11.518695018075675,13.543140478426581
2638,-11.5380791556451,13.55596538151864
2639,-11.5573372361494,13.568678951038985
2640,-11.576469118322672,13.58128058852189
2641,-11.595474664069894,13.59376969865803
2642,-11.61435373847965,13.606145689319861
2643,-11.63310620983689,13.618407971587008
2644,-11.651731949635662,13.630555959771616
2645,-11.670230832591852,13.642589071443759
2646,-11.68860273665591,13.654506727456775
2647,-11.706847543025614,13.666308351972663
2648,-11.724965136158792,13.677993372487462
2649,-11.74295540378608,13.689561219856607
2650,-11.76081823692365,13.701011328320323
2651,-11.778553529885935,13.712343135528975
2652,-11.796161180298398,13.723556082568466
2653,-11.81364108911028,13.734649613985612
2654,-11.830993160607276,13.745623177813476
2655,-11.848217302424361,13.756476225596817
2656,-11.865313425558451,13.76720821241737
2657,-11.882281444381212,13.777818596919301
2658,-11.899121276651751,13.788306841334549
2659,-11.91583284352938,13.798672411508193
2660,-11.932416069586338,13.808914776923833
2661,-11.94887088282056,13.819033410728977
2662,-11.965197214668393,13.8290277897604
2663,-11.981395000017331,13.838897394569518
2664,-11.997464177218788,13.848641709447776
2665,-12.013404688100799,13.858260222451998
2666,-12.029216477980784,13.867752425429792
2667,-12.044899495678287,13.877117814044908
2668,-12.060453693527704,13.886355887802603
2669,-12.075879027391034,13.895466150075038
2670,-12.091175456670623,13.904448108126633
2671,-12.106342944321877,13.913301273139442
2672,-12.121381456866043,13.922025160238551
2673,-12.136290964402914,13.930619288517411
2674,-12.151071440623596,13.93908318106327
2675,-12.165722862823214,13.947416364982473
2676,-12.18024521191369,13.955618371425906
2677,-12.194638472436464,13.963688735614333
2678,-12.208902632575231,13.971626996863769
2679,-12.223037684168691,13.979432698610882
2680,-12.237043622723284,13.987105388438327
2681,-12.250920447425937,13.99464461810017
2682,-12.264668161156779,14.0020499435472
2683,-12.278286770501918,14.009320924952375
2684,-12.291776285766149,14.016457126736123
2685,-12.305136720985722,14.023458117591778
2686,-12.318368093941064,14.030323470510924
2687,-12.331470426169513,14.037052762808758
2688,-12.344443742978083,14.043645576149508
2689,-12.357288073456179,14.050101496571754
2690,-12.370003450488353,14.056420114513843
2691,-12.382589910767038,14.06260102483924
2692,-12.395047494805285,14.06864382686192
2693,-12.40737624694951,14.074548124371717
2694,-12.419576215392231,14.08031352565973
2695,-12.431647452184809,14.085939643543677
2696,-12.443590013250185,14.091426095393269
2697,-12.455403958395623,14.096772503155588
2698,-12.467089351325454,14.101978493380479
2699,-12.478646259653798,14.10704369724588
2700,-12.490074754917334,14.111967750583249
2701,-12.501374912588014,14.116750293902898
2702,-12.512546812085816,14.121390972419391
2703,-12.523590536791477,14.1258894360769
2704,-12.534506174059246,14.130245339574605
2705,-12.545293815229602,14.134458342392035
2706,-12.555953555642022,14.138528108814468
2707,-12.566485494647695,14.142454307958301
2708,-12.576889735622277,14.14623661379641
2709,-12.587166385978627,14.149874705183546
2710,-12.597315557179554,14.153368265881687
2711,-12.607337364750535,14.156716984585426
2712,-12.617231928292489,14.159920554947355
2713,-12.626999371494486,14.162978675603407
2714,-12.636639822146511,14.165891050198267
2715,-12.646153412152183,14.168657387410715
2716,-12.65554027754151,14.171277400979026
2717,-12.664800558483627,14.173750809726332
2718,-12.67393439929952,14.176077337585987
2719,-12.682941948474804,14.178256713626961
2720,-12.691823358672412,14.180288672079202
2721,-12.70057878674538,14.182172952359016
2722,-12.709208393749563,14.183909299094438
2723,-12.717712344956379,14.185497462150593
2724,-12.726090809865553,14.186937196655107
2725,-12.734343962217862,14.188228263023445
2726,-12.742471980007855,14.189370426984304
2727,-12.75047504549661,14.190363459604972
2728,-12.758353345224478,14.19120713731672
2729,-12.766107070023814,14.191901241940174
2730,-12.77373641503171,14.192445560710675
2731,-12.781241579702746,14.192839886303656
2732,-12.788622767821742,14.193084016860041
2733,-12.795880187516467,14.193177756011591
2734,-12.8030140512704,14.193120912906279
2735,-12.810024575935477,14.192913302233695
2736,-12.816911982744813,14.192554744250383
2737,-12.823676497325433,14.192045064805223
2738,-12.830318349711051,14.191384095364832
2739,-12.836837774354786,14.190571673038914
2740,-12.8432350101419,14.189607640605635
2741,-12.84951030040253,14.188491846537
2742,-12.855663892924458,14.187224145024246
2743,-12.86169603996582,14.185804396003173
2744,-12.867606998267863,14.184232465179566
2745,-12.873397029067695,14.182508224054555
2746,-12.879066398110982,14.180631549949952
2747,-12.88461537566474,14.17860232603368
2748,-12.890044236530052,14.176420441345117
2749,-12.8953532600548,14.174085790820481
2750,-12.900542730146414,14.171598275318187
2751,-12.905612935284617,14.168957801644254
2752,-12.910564168534158,14.166164282577633
2753,-12.915396727557557,14.163217636895638
2754,-12.920110914627834,14.16011778939926
2755,-12.924707036641268,14.156864670938603
2756,-12.929185405130113,14.153458218438196
2757,-12.933546336275366,14.14989837492242
2758,-12.937790150919485,14.146185089540843
2759,-12.941917174579133,14.14231831759363
2760,-12.945927737457929,14.138298020556881
2761,-12.949822174459186,14.134124166108041
2762,-12.953600825198619,14.129796728151234
2763,-12.957264034017143,14.125315686842677
2764,-12.960812149993577,14.120681028616046
2765,-12.964245526957368,14.115892746207809
2766,-12.967564523501382,14.110950838682658
2767,-12.970769502994589,14.105855311458862
2768,-12.973860833594836,14.100606176333605
2769,-12.9768388882616,14.095203451508434
2770,-12.979704044768674,14.089647161614561
2771,-12.98245668571696,14.08393733773828
2772,-12.985097198547196,14.078074017446333
2773,-12.987625975552675,14.072057244811276
2774,-12.99004341389201,14.065887070436853
2775,-12.99234991560186,14.059563551483382
2776,-12.994545887609673,14.053086751693126
2777,-12.996631741746432,14.046456741415648
2778,-12.998607894759388,14.039673597633223
2779,-13.000474768324807,14.032737403986173
2780,-13.002232789060704,14.025648250798273
2781,-13.003882388539576,14.018406235102091
2782,-13.005424003301162,14.011011460664413
2783,-13.006858074865173,14.003464038011558
2784,-13.008185049744014,13.995764084454779
2785,-13.009405379455567,13.987911724115671
2786,-13.010519520535892,13.979907087951489
2787,-13.01152793455197,13.971750313780545
2788,-13.012431088114473,13.963441546307603
2789,-13.013229452890481,13.95498093714922
2790,-13.01392350561621,13.946368644859133
2791,-13.01451372810979,13.937604834953644
2792,-13.015000607283962,13.928689679936978
2793,-13.015384635158862,13.919623359326668
2794,-13.015666308874716,13.910406059678927
2795,-13.015846130704617,13.901037974614027
2796,-13.015924608067243,13.891519304841651
2797,-13.015902253539608,13.881850258186292
2798,-13.0157795848698,13.872031049612634
2799,-13.01555712498971,13.862061901250884
2800,-13.015235402027805,13.8519430424222
2801,-13.01481494932182,13.841674709664021
2802,-13.01429630543153,13.831257146755464
2803,-13.013680014151493,13.820690604742696
2804,-13.012966624523767,13.809975341964305
2805,-13.012156690850674,13.799111624076678
2806,-13.011250772707525,13.788099724079371
2807,-13.010249434955366,13.776939922340487
2808,-13.009153247753707,13.765632506622033
2809,-13.007962786573295,13.754177772105333
2810,-13.006678632208796,13.742576021416351
2811,-13.005301370791617,13.73082756465113
2812,-13.003831593802552,13.718932719401101
2813,-13.002269898084595,13.70689181077849
2814,-13.00061688585565,13.69470517144169
2815,-12.998873164721275,13.682373141620637
2816,-12.997039347687421,13.66989606914218
2817,-12.995116053173177,13.657274309455463
2818,-12.993103905023501,13.64450822565726
2819,-12.991003532521969,13.631598188517419
2820,-12.988815570403515,13.618544576504183
2821,-12.986540658867167,13.605347775809582
2822,-12.984179443588785,13.592008180374805
2823,-12.981732575733798,13.578526191915573
2824,-12.979200711969966,13.564902219947509
2825,-12.976584514480095,13.551136681811542
2826,-12.973884650974792,13.537230002699227
2827,-12.97110179470519,13.523182615678168
2828,-12.968236624475702,13.508994961717368
2829,-12.965289824656764,13.494667489712613
2830,-12.962262085197562,13.480200656511848
2831,-12.95915410163877,13.465594926940527
2832,-12.955966575125323,13.450850773827032
2833,-12.952700212419098,13.435968678027995
2834,-12.94935572591172,13.420949128453724
2835,-12.945933833637254,13.405792622093538
2836,-12.942435259284956,13.390499664041144
2837,-12.938860732212035,13.375070767520054
2838,-12.935210987456369,13.359506453908898
2839,-12.931486765749247,13.34380725276685
2840,-12.927688813528126,13.327973701858971
2841,-12.923817882949356,13.312006347181587
2842,-12.919874731900922,13.295905742987687
2843,-12.915860124015186,13.279672451812266
2844,-12.911774828681624,13.263307044497704
2845,-12.907619621059586,13.24681010021918
2846,-12.903395282091001,13.230182206509982
2847,-12.899102598513144,13.213423959286935
2848,-12.894742362871364,13.196535962875746
2849,-12.89031537353184,13.1795188300364
2850,-12.885822434694282,13.162373181988496
2851,-12.881264356404737,13.14509964843669
2852,-12.87664195456825,13.12769886759597
2853,-12.871956050961678,13.110171486217139
2854,-12.867207473246378,13.092518159612105
2855,-12.86239705498096,13.074739551679292
2856,-12.857525635634056,13.056836334929026
2857,-12.852594060597013,13.038809190508871
2858,-12.84760318119667,13.02065880822904
2859,-12.842553854708079,13.002385886587748
2860,-12.837446944367263,12.983991132796607
2861,-12.832283319383922,12.96547526280595
2862,-12.827063854954215,12.946839001330273
2863,-12.821789432273471,12.928083081873572
2864,-12.816460938548953,12.909208246754728
2865,-12.811079267012552,12.89021524713285
2866,-12.805645316933589,12.87110484303271
2867,-12.800159993631514,12.851877803370057
2868,-12.794624208488653,12.832534905977028
2869,-12.789038878962964,12.813076937627523
2870,-12.783404928600747,12.79350469406253
2871,-12.777723287049414,12.773818980015573
2872,-12.771994890070227,12.754020609238049
2873,-12.766220679551004,12.73411040452458
2874,-12.760401603518899,12.714089197738428
2875,-12.75453861615313,12.693957829836858
2876,-12.7486326777977,12.673717150896476
2877,-12.742684754974174,12.653368020138682
2878,-12.736695820394383,12.632911305954952
2879,-12.730666852973176,12.612347885932266
2880,-12.724598837841175,12.591678646878496
2881,-12.718492766357494,12.57090448484773
2882,-12.712349636122502,12.550026305165696
2883,-12.70617045099053,12.529045022455088
2884,-12.699956221082642,12.507961560660988
2885,-12.693707962799365,12.486776853076208
2886,-12.687426698833422,12.46549184236668
2887,-12.681113458182484,12.444107480596815
2888,-12.674769276161895,12.422624729254892
2889,-12.668395194417428,12.401044559278432
2890,-12.661992260938014,12.37936795107956
2891,-12.655561530068503,12.357595894570402
2892,-12.649104062522355,12.33572938918842
2893,-12.642620925394445,12.313769443921839
2894,-12.636113192173742,12.291717077334955
2895,-12.62958194275611,12.269573317593602
2896,-12.62302826345698,12.247339202490409
2897,-12.616453247024154,12.225015779470281
2898,-12.609857992650502,12.20260410565571
2899,-12.603243605986725,12.180105247872177
2900,-12.59661119915408,12.157520282673515
2901,-12.589961890757134,12.134850296367283
2902,-12.583296805896495,12.112096385040147
2903,-12.576617076181558,12.089259654583255
2904,-12.569923839743229,12.066341220717591
2905,-12.563218241246688,12.043342209019372
2906,-12.556501431904117,12.020263754945423
2907,-12.549774569487445,11.997107003858542
2908,-12.543038818341085,11.973873111052873
2909,-12.536295349394663,11.950563241779282
2910,-12.529545340175785,11.927178571270732
2911,-12.522789974822748,11.903720284767662
2912,-12.516030444097305,11.880189577543362
2913,-12.509267945397383,11.856587654929323
2914,-12.502503682769834,11.832915732340647
2915,-12.49573886692319,11.809175035301406
2916,-12.488974715240369,11.78536679947001
2917,-12.482212451791444,11.761492270664586
2918,-12.475453307346369,11.737552704888357
2919,-12.468698519387726,11.713549368355007
2920,-12.461949332123464,11.68948353751407
2921,-12.455206996499637,11.665356499076292
2922,-12.448472770213131,11.641169550038988
2923,-12.441747917724435,11.616923997711464
2924,-12.435033710270353,11.592621159740355
2925,-12.428331425876769,11.568262364135004
2926,-12.421642349371352,11.543848949292842
2927,-12.414967772396338,11.519382264024767
2928,-12.408308993421228,11.494863667580503
2929,-12.401667317755571,11.470294529673994
2930,-12.395044057561659,11.445676230508742
2931,-12.388440531867314,11.421010160803242
2932,-12.381858066578584,11.396297721816298
2933,-12.375297994492517,11.371540325372424
2934,-12.368761655309886,11.346739393887228
2935,-12.362250395647923,11.321896360392756
2936,-12.355765569053073,11.297012668562893
2937,-12.34930853601373,11.272089772738724
2938,-12.342880663972977,11.247129137953927
2939,-12.336483327341305,11.222132239960091
2940,-12.330117907509395,11.197100565252176
2941,-12.323785792860832,11.172035611093827
2942,-12.31748837878483,11.146938885542754
2943,-12.31122706768902,11.121811907476136
2944,-12.305003269012133,11.09665620661596
2945,-12.298818399236783,11.071473323554418
2946,-12.292673881902193,11.046264809779274
2947,-12.286571147616925,11.02103222769924
2948,-12.280511634071637,10.995777150669342
2949,-12.274496786051806,10.970501163016307
2950,-12.268528055450492,10.945205860063929
2951,-12.262606901281046,10.919892848158446
2952,-12.25673478968988,10.894563744693919
2953,-12.250913193969193,10.869220178137605
2954,-12.245143594569708,10.84386378805531
2955,-12.239427479113424,10.818496225136807
2956,-12.233766342406337,10.793119151221145
2957,-12.228161686451207,10.767734239322106
2958,-12.222615020460271,10.74234317365351
2959,-12.217127860867997,10.716947649654621
2960,-12.211701731343833,10.691549374015525
2961,-12.206338162804926,10.66615006470248
2962,-12.201038693428872,10.640751450983313
2963,-12.195804868666462,10.615355273452787
2964,-12.190638241254423,10.589963284057982
2965,-12.185540371228125,10.56457724612363
2966,-12.18051282593438,10.539198934377561
2967,-12.17555718004414,10.513830134976022
2968,-12.170675015565232,10.488472645529058
2969,-12.165867921855135,10.463128275125912
2970,-12.161137495633685,10.437798844360369
2971,-12.156485340995829,10.412486185356151
2972,-12.15191306942437,10.387192141792282
2973,-12.147422299802702,10.361918568928472
2974,-12.143014658427546,10.33666733363046
2975,-12.138691779021695,10.311440314395437
2976,-12.134455302746748,10.286239401377387
2977,-12.130306878215869,10.261066496412468
2978,-12.126248161506496,10.235923513044392
2979,-12.122280816173108,10.21081237654979
2980,-12.118406513259957,10.185735023963595
2981,-12.114626931313804,10.160693404104421
2982,-12.110943756396663,10.135689477599904
2983,-12.107358682098532,10.110725216912124
2984,-12.103873409550154,10.085802606362954
2985,-12.100489647435726,10.060923642159429
2986,-12.097209112005679,10.036090332419136
2987,-12.09403352708938,10.011304697195573
2988,-12.090964624107897,9.986568768503544
2989,-12.088004142086719,9.961884590344503
2990,-12.085153827668519,9.937254218731965
2991,-12.082415435125876,9.912679721716831
2992,-12.079790726374032,9.888163179412828
2993,-12.077281470983607,9.863706684021823
2994,-12.07488944619336,9.83931233985923
2995,-12.072616436922928,9.814982263379378
2996,-12.070464235785554,9.790718583200878
2997,-12.06843464310084,9.766523440132008
2998,-12.066529466907474,9.742398987196076
2999,-12.064750522975986,9.718347389656815
3000,-12.06309963482147,9.694370825043709
3001,-12.06157863371634,9.670471483177437
3002,-12.06018935870307,9.646651566195196
3003,-12.05893365660691,9.62291328857609
3004,-12.057813382048657,9.599258877166505
3005,-12.056830397457379,9.575690571205483
3006,-12.05598657308316,9.552210622350103
3007,-12.05528378700984,9.528821294700847
3008,-12.054723925167737,9.505524864826954
3009,-12.05430888134643,9.48232362179185
3010,-12.05404055720745,9.459219867178463
3011,-12.053920862297055,9.43621591511464
3012,-12.05395171405895,9.41331409229849
3013,-12.054135037847043,9.390516738023786
3014,-12.054472766938165,9.36782620420531
3015,-12.05496684254484,9.34524485540426
3016,-12.055619213827992,9.322775068853606
3017,-12.056431837909706,9.300419234483439
3018,-12.057406679885958,9.2781797549464
3019,-12.058545712839365,9.25605904564302
3020,-12.059850917851916,9.2340595347471
