index,x,y,yaw,curvature,curvature_abs
0,-68.90634505205664,53.7295400357838,-3.1041942499186677,0.013567089463359883,0.013567089463359883
1,-68.95755154037468,53.727606271116926,-3.1034928772121613,0.013807485363357045,0.013807485363357045
2,-69.0087406088903,53.72563689919505,-3.1027785104580383,0.014083005459944696,0.014083005459944696
3,-69.05991174099522,53.7236312512661,-3.102050240112733,0.014359483324344668,0.014359483324344668
4,-69.11106442008139,53.72158865857808,-3.101308032387142,0.014636941778371389,0.014636941778371389
5,-69.16219812954071,53.719508452379,-3.1005518527353155,0.014915403644412111,0.014915403644412111
6,-69.21331235276512,53.71738996391689,-3.099781665854872,0.015194891811401247,0.015194891811401247
7,-69.26440657314645,53.71523252443969,-3.098997435687613,0.015475429162258652,0.015475429162258652
8,-69.3154802740766,53.713035465195404,-3.0981991254201926,0.015757038646704222,0.015757038646704222
9,-69.36653293894751,53.71079811743205,-3.097386697482144,0.016039743312999233,0.016039743312999233
10,-69.41756405115099,53.70851981239758,-3.0965601135471483,0.016323566151151818,0.016323566151151818
11,-69.46857309407902,53.706199881340034,-3.0957193345330745,0.016608530299810968,0.016608530299810968
12,-69.51955955112346,53.7038376555074,-3.09486432060051,0.01689465889933485,0.01689465889933485
13,-69.57052290567619,53.70143246614765,-3.0939950311543956,0.01718197511928413,0.01718197511928413
14,-69.6214626411291,53.69898364450878,-3.093111424844184,0.017470502189831996,0.017470502189831996
15,-69.67237824087411,53.69649052183882,-3.0922134595623523,0.01776026343639704,0.01776026343639704
16,-69.72326918830312,53.69395242938574,-3.091301092444836,0.018051282170940312,0.018051282170940312
17,-69.77413496680796,53.691368698397504,-3.0903742798731186,0.01834358173702114,0.01834358173702114
18,-69.82497505978058,53.688738660122155,-3.089432977472309,0.01863718562342227,0.01863718562342227
19,-69.87578895061284,53.68606164580766,-3.0884771401114652,0.018932117263187498,0.018932117263187498
20,-69.92657612269669,53.683336986702024,-3.0875067219052474,0.01922840018391594,0.01922840018391594
21,-69.97733605942399,53.68056401405326,-3.0865216762120875,0.019526057994916468,0.019526057994916468
22,-70.02806824418657,53.677742059109306,-3.0855219556370272,0.019825114217439467,0.019825114217439467
23,-70.07877216037643,53.67487045311824,-3.084507512030081,0.02012559263161088,0.02012559263161088
24,-70.1294472913854,53.671948527327984,-3.0834782964867347,0.020427516845756617,0.020427516845756617
25,-70.1800931206054,53.66897561298656,-3.0824342593505065,0.02073091064694054,0.02073091064694054
26,-70.23070913142831,53.66595104134196,-3.081375350210862,0.021035797833693977,0.021035797833693977
27,-70.28129480724601,53.66287414364218,-3.0803015179053563,0.021342202217373294,0.021342202217373294
28,-70.33184963145041,53.65974425113521,-3.0792127105201894,0.021650147683562708,0.021650147683562708
29,-70.38237308743341,53.65656069506906,-3.078108875390027,0.02195965816019734,0.02195965816019734
30,-70.4328646585869,53.653322806691705,-3.0769899590999366,0.022270757565904378,0.022270757565904378
31,-70.48332382830274,53.65002991725116,-3.075855907485769,0.022583469923207814,0.022583469923207814
32,-70.53375007997289,53.646681357995405,-3.074706665634759,0.022897819236795985,0.022897819236795985
33,-70.58414289698918,53.64327646017243,-3.0735421778876204,0.02321382955568205,0.02321382955568205
34,-70.63450176274354,53.63981455503025,-3.072362387838481,0.023531524996723036,0.023531524996723036
35,-70.68482616062782,53.63629497381683,-3.0711672383368995,0.023850929637848177,0.023850929637848177
36,-70.73511557403397,53.63271704778019,-3.0699566714892015,0.024172067651782755,0.024172067651782755
37,-70.78536948635386,53.62908010816832,-3.0687306286591998,0.024494963195643312,0.024494963195643312
38,-70.83558738097936,53.625383486229204,-3.0674890504705923,0.024819640454490748,0.024819640454490748
39,-70.8857687413024,53.62162651321085,-3.066231876808155,0.025146123644544962,0.025146123644544962
40,-70.93591305071484,53.617808520361244,-3.064959046819458,0.025474436988047446,0.025474436988047446
41,-70.9860197926086,53.61392883892837,-3.063670498917354,0.025804604706817075,0.025804604706817075
42,-71.03608845037556,53.60998680016026,-3.062366170781048,0.02613665108369553,0.02613665108369553
43,-71.08611850740762,53.60598173530486,-3.0610459993590284,0.026470600325471542,0.026470600325471542
44,-71.13610944709667,53.601912975610205,-3.059709920871049,0.02680647673644081,0.02680647673644081
45,-71.18606075283459,53.597779852324265,-3.058357870810208,0.027144304538792012,0.027144304538792012
46,-71.23597190801331,53.59358169669503,-3.056989783946597,0.0274841079881761,0.0274841079881761
47,-71.28584239602466,53.58931783997052,-3.055605594328883,0.027825911338032396,0.027825911338032396
48,-71.3356717002606,53.58498761339871,-3.054205235287697,0.028169738801174734,0.028169738801174734
49,-71.385459304113,53.58059034822762,-3.052788639438314,0.028515614613955905,0.028515614613955905
50,-71.43520469097373,53.5761253757052,-3.051355738684479,0.02886356292363877,0.02886356292363877
51,-71.48490734423471,53.57159202707948,-3.04990646422182,0.029213607914608135,0.029213607914608135
52,-71.53456674728784,53.56698963359845,-3.0484407465404777,0.029565773710670186,0.029565773710670186
53,-71.58418238352498,53.56231752651011,-3.0469585154295378,0.029920084397070487,0.029920084397070487
54,-71.63375373633804,53.55757503706242,-3.045459732897448,0.030275237793420732,0.030275237793420732
55,-71.68328029468788,53.55276149925864,-3.0439513544124495,0.03035057028985053,0.03035057028985053
56,-71.73276272701709,53.54787683064666,-3.042456040882882,0.029792864190722523,0.029792864190722523
57,-71.78220433279131,53.54292225046438,-3.0409918196181622,0.02913972180248335,0.02913972180248335
58,-71.8316087673846,53.537899154034164,-3.039561180749986,0.028476165075275665,0.028476165075275665
59,-71.8809796861709,53.53280893667837,-3.038164489947172,0.027802612295532155,0.027802612295532155
60,-71.9303207445243,53.52765299371939,-3.036802098483392,0.027119491621413916,0.027119491621413916
61,-71.97963559781876,53.522432720479586,-3.035474342994997,0.026427240352455614,0.026427240352455614
62,-72.02892790142833,53.517149512281335,-3.0341815452543086,0.025726304438583068,0.025726304438583068
63,-72.07820131072701,53.511804764447,-3.0329240119582273,0.025017137737922843,0.025017137737922843
64,-72.12745948108883,53.50639987229896,-3.0317020345332075,0.024300201467095772,0.024300201467095772
65,-72.17670606788778,53.500936231159585,-3.0305158889552204,0.02357596350017544,0.02357596350017544
66,-72.2259447264979,53.495415236351235,-3.0293658355875976,0.02284489769020529,0.02284489769020529
67,-72.27517911229322,53.4898382831963,-3.028252119033431,0.022107483291140786,0.022107483291140786
68,-72.32441288064767,53.48420676701712,-3.027174968006015,0.02136420413056659,0.02136420413056659
69,-72.37364968693537,53.4785220831361,-3.0261345952148404,0.020615548125325532,0.020615548125325532
70,-72.4228931865303,53.472785626875606,-3.025131197267207,0.019862006446647398,0.019862006446647398
71,-72.47214703480647,53.466998793558,-3.024164954589013,0.019104072889580305,0.019104072889580305
72,-72.52141488713788,53.461162978505655,-3.0232360313598363,0.018342243234370177,0.018342243234370177
73,-72.57070039889858,53.45527957704093,-3.0223445754652607,0.017577014497489683,0.017577014497489683
74,-72.62000722546256,53.44934998448623,-3.0214907184649937,0.016808884354690953,0.016808884354690953
75,-72.66933902220384,53.4433755961639,-3.020674575577915,0.016038350350950362,0.016038350350950362
76,-72.71869944449642,53.437357807396296,-3.0198962456840537,0.015265909329834263,0.015265909329834263
77,-72.76809214771436,53.43129801350583,-3.0191558113400823,0.01449205678906017,0.01449205678906017
78,-72.81752078723167,53.42519760981487,-3.0184533388117125,0.013717286183899528,0.013717286183899528
79,-72.86698901842233,53.41905799164575,-3.0177888781239863,0.012942088253897142,0.012942088253897142
80,-72.91650049666036,53.412880554320864,-3.0171624631239693,0.012166950560575153,0.012166950560575153
81,-72.9660588773198,53.40666669316258,-3.016574111558733,0.011392356712691218,0.011392356712691218
82,-73.01566781577465,53.400417803493276,-3.016023825169672,0.010618785877788065,0.010618785877788065
83,-73.06533096739895,53.394135280635325,-3.015511589800026,0.009846712150994433,0.009846712150994433
84,-73.11505198756667,53.387820519911074,-3.015037375518425,0.009076603972030533,0.009076603972030533
85,-73.16483453165186,53.38147491664293,-3.0146011367539374,0.008308923694867583,0.008308923694867583
86,-73.21468225502856,53.37509986615325,-3.014202812445278,0.0075441269196452375,0.0075441269196452375
87,-73.26459881307072,53.36869676376439,-3.0138423262054452,0.006782662034171851,0.006782662034171851
88,-73.31458786115239,53.362267004798746,-3.01351958649604,0.006024969797494919,0.006024969797494919
89,-73.36465305464759,53.355811984578665,-3.0132344868154712,0.005271482738597544,0.005271482738597544
90,-73.41479804893035,53.34933309842653,-3.012986905899747,0.004522624816134433,0.004522624816134433
91,-73.46502649937466,53.342831741664725,-3.0127767079327716,0.003778810964932016,0.003778810964932016
92,-73.51534206135453,53.3363093096156,-3.0126037427700374,0.003040446628018989,0.003040446628018989
93,-73.56574839024398,53.32976719760153,-3.0124678461726577,0.002307927450444102,0.002307927450444102
94,-73.61624914141707,53.3232068009449,-3.0123688400493127,0.0015816389343560316,0.0015816389343560316
95,-73.66684797024774,53.31662951496807,-3.0123065327109773,0.0008619559684853995,0.0008619559684853995
96,-73.71754853211007,53.31003673499342,-3.012280719134073,0.0001492426823969849,0.0001492426823969849
97,-73.76835448237807,53.30342985634332,-3.0122911812305695,-0.0005561479379577964,0.0005561479379577964
98,-73.8192694764257,53.29681027434012,-3.0123376881302955,-0.001253874373808,0.001253874373808
99,-73.87029716962705,53.29017938430623,-3.0124199964672163,-0.0019436066083304813,0.0019436066083304813
100,-73.92144121735608,53.283538581563974,-3.0125378506756086,-0.0026250266519073297,0.0026250266519073297
101,-73.97270527498684,53.27688926143577,-3.012690983292825,-0.003297828422165289,0.003297828422165289
102,-74.0240929978933,53.27023281924396,-3.0128791152674363,-0.003961718191925334,0.003961718191925334
103,-74.07560804144954,53.263570650310925,-3.0131019562754187,-0.0046164145472360795,0.0046164145472360795
104,-74.12725406102955,53.256904149959055,-3.013359205039028,-0.005261648599284503,0.005261648599284503
105,-74.17903471200732,53.25023471351069,-3.0136505496535153,-0.005897164115168519,0.005897164115168519
106,-74.23095364975688,53.243563736288195,-3.0139756679180785,-0.006522717563954243,0.006522717563954243
107,-74.28301452965226,53.23689261361398,-3.014334227668026,-0.0071380781064028336,0.0071380781064028336
108,-74.33522100706746,53.23022274081038,-3.014701401831722,-0.006815492178189117,0.006815492178189117
109,-74.38757399748127,53.22355326084967,-3.014689830294178,0.007220174539952058,0.007220174539952058
110,-74.4400337045394,53.21684984925578,-3.0136618955032497,0.03163990964859228,0.03163990964859228
111,-74.4925291370241,53.210052537596034,-3.0113337844503714,0.05636843426872195,0.05636843426872195
112,-74.5449885096188,53.20310070464325,-3.0076912565079255,0.08140190594516847,0.08140190594516847
113,-74.5973400370069,53.19593372917022,-3.002717834096954,0.10700564224354132,0.10700564224354132
114,-74.64951193387184,53.188490989949784,-2.9963876796229187,0.13345000738063578,0.13345000738063578
115,-74.70143241489703,53.180711865754745,-2.988665467766592,0.16101424415823098,0.16101424415823098
116,-74.75302969476591,53.17253573535792,-2.9795061848641287,0.18999000422395512,0.18999000422395512
117,-74.80423198816194,53.163901977532134,-2.9688548705143285,0.2206844691773997,0.2206844691773997
118,-74.85496750976853,53.15474997105022,-2.9566463220500974,0.25342287555896326,0.25342287555896326
119,-74.90516447426909,53.145019094684955,-2.942804790349075,0.28855014767971354,0.28855014767971354
120,-74.95475109634704,53.134648727209196,-2.9272437063484436,0.32643119586208497,0.32643119586208497
121,-75.00365559068581,53.123578247395706,-2.9098654924417984,0.36744924255383643,0.36744924255383643
122,-75.05180617196889,53.11174703401737,-2.8905615325637237,0.41200129145718917,0.41200129145718917
123,-75.09913105487963,53.09909446584695,-2.8692124001624526,0.4604895439247087,0.4604895439247087
124,-75.14555845410149,53.08555992165729,-2.8456884750781444,0.5133072106202904,0.5133072106202904
125,-75.19101658431791,53.0710827802212,-2.8198511186381356,0.570816783240091,0.570816783240091
126,-75.23543366021231,53.05560242031151,-2.791554619828326,0.6333185023540165,0.6333185023540165
127,-75.27873789646812,53.03905822070101,-2.7606491705907263,0.7010066081331484,0.7010066081331484
128,-75.32085750776874,53.02138956016252,-2.7269851678134422,0.7739112236845953,0.7739112236845953
129,-75.3617207087976,53.00253581746887,-2.690419160490658,0.8518247322448427,0.8518247322448427
130,-75.40125571423819,52.982436371392886,-2.650821742603676,0.9342137237508922,0.9342137237508922
131,-75.43939073877388,52.96103060070736,-2.608087607144333,1.0201214826458362,1.0201214826458362
132,-75.47605399708812,52.93825788418513,-2.562147789850343,1.108071877491944,1.108071877491944
133,-75.51117370386432,52.914057600598994,-2.512983809280248,1.1959931325507314,1.1959931325507314
134,-75.54467807378592,52.88836912872178,-2.4606429359594877,1.281187941900301,1.281187941900301
135,-75.57649532153636,52.86113184732631,-2.405442966906356,1.3514157898542802,1.3514157898542802
136,-75.60656144869708,52.83229946238955,-2.348807396806325,1.3643048567590301,1.3643048567590301
137,-75.6348548472582,52.8019036744937,-2.2923206466039003,1.3530681689923545,1.3530681689923545
138,-75.66136826405238,52.770002595862685,-2.2365029460060746,1.335259576719073,1.335259576719073
139,-75.68609445736668,52.73665435979531,-2.1815033061655598,1.3117023468536382,1.3117023468536382
140,-75.70902618548806,52.70191709959033,-2.1274470490143416,1.2832972545200672,1.2832972545200672
141,-75.7301562067035,52.66584894854652,-2.0744352021535906,1.2509825859510209,1.2509825859510209
142,-75.74947727930007,52.62850803996268,-2.022544669651953,1.2156866775695172,1.2156866775695172
143,-75.76698216156468,52.58995250713757,-1.971829282503366,1.1782894063199363,1.1782894063199363
144,-75.78266361178439,52.55024048336997,-1.9223215226714645,1.1395939632262944,1.1395939632262944
145,-75.79651438824615,52.509430101958664,-1.8740347081590905,1.1003088422656933,1.1003088422656933
146,-75.80852724923693,52.46757949620242,-1.8269654412580547,1.0610389730751597,1.0610389730751597
147,-75.81869495304379,52.42474679940002,-1.7810961506269067,1.0222843400595325,1.0222843400595325
148,-75.82701025795367,52.38099014485022,-1.7364464113806768,0.9823143053199046,0.9823143053199046
149,-75.83346998708546,52.33636988040657,-1.6935192764471723,0.9223987362210166,0.9223987362210166
150,-75.8381136424927,52.290969605766655,-1.65298933516031,0.8547672055782171,0.8547672055782171
151,-75.84100623375178,52.24488681734197,-1.614966528812576,0.7932591397389749,0.7932591397389749
152,-75.8422131131091,52.198219198233566,-1.579252519218263,0.7378965816652331,0.7378965816652331
153,-75.84179963281106,52.151064431542444,-1.5456485859354963,0.6883961897277713,0.6883961897277713
154,-75.8398311451041,52.10352020036963,-1.513962895012015,0.6444072273043319,0.6444072273043319
155,-75.83637300223452,52.05568418781613,-1.4840123938593952,0.6055529822709781,0.6055529822709781
156,-75.83149055644878,52.00765407698295,-1.455623686537798,0.5714594352213813,0.5714594352213813
157,-75.8252491599933,51.959527550971124,-1.4286331705341841,0.5417744648950418,0.5417744648950418
158,-75.81771416511442,51.91140229288167,-1.4028866493241439,0.5161803626862894,0.5161803626862894
159,-75.80895092405856,51.8633759858156,-1.3782385774634507,0.4944018732495889,0.4944018732495889
160,-75.79902478907212,51.81554631287392,-1.3545510476321683,0.47621148592315626,0.47621148592315626
161,-75.78800111240153,51.768010957157664,-1.331683128580503,0.4617713299065039,0.4617713299065039
162,-75.77594308304722,51.72086262132695,-1.309403905060308,0.4539436086751004,0.4539436086751004
163,-75.76288776098387,51.67413385118726,-1.2874976496810075,0.4488019610350265,0.4488019610350265
164,-75.74885487078414,51.62781728124904,-1.2659137523980442,0.44291548207037684,0.44291548207037684
165,-75.73386382584397,51.58190482960083,-1.2446762252351131,0.4362822091628135,0.4362822091628135
166,-75.71793403955948,51.53638841433125,-1.223808322672405,0.4289599841047921,0.4289599841047921
167,-75.7010849253266,51.491259953528825,-1.203331292585077,0.4210093385707822,0.4210093385707822
168,-75.68333589654141,51.44651136528215,-1.1832643437903805,0.41249243256506374,0.41249243256506374
169,-75.6647063665999,51.4021345676798,-1.1636246403696278,0.40347205119033064,0.40347205119033064
170,-75.64521574889811,51.35812147881035,-1.1444273206139695,0.3940106825200847,0.3940106825200847
171,-75.62488345683205,51.314464016762365,-1.1256855380644886,0.3841696913588183,0.3841696913588183
172,-75.60372890379773,51.271154099624425,-1.1074105218856805,0.37400859987071017,0.37400859987071017
173,-75.58177150319122,51.2281836454851,-1.089611653671007,0.36358448048973463,0.36358448048973463
174,-75.55903066840847,51.18554457243297,-1.072296557767668,0.35295146154696727,0.35295146154696727
175,-75.53552581284558,51.14322879855659,-1.0554712022579402,0.3421603438444491,0.3421603438444491
176,-75.5112763498985,51.10122824194454,-1.039140007882228,0.33125832073692635,0.33125832073692635
177,-75.48630169296331,51.059534820685414,-1.0233059623784386,0.32028879513540237,0.32028879513540237
178,-75.460621255436,51.01814045286778,-1.0079707379433145,0.309291282080376,0.309291282080376
179,-75.43425445071257,50.97703705658019,-0.9931348097868063,0.2983013873521756,0.2983013873521756
180,-75.40722069218909,50.9362165499112,-0.9787975740118032,0.28735085018056766,0.28735085018056766
181,-75.37953939326157,50.89567085094944,-0.9649574633346694,0.27646763937638963,0.27646763937638963
182,-75.35122996732598,50.85539187778343,-0.9516120594178524,0.2656760923337999,0.2656760923337999
183,-75.32231182777845,50.815371548501815,-0.9387582008335202,0.25499708714094005,0.25499708714094005
184,-75.29280438801486,50.77560178119308,-0.9263920859183705,0.24444823840597868,0.24444823840597868
185,-75.26272706143133,50.73607449394585,-0.914509369972349,0.2340441099709941,0.2340441099709941
186,-75.23209926142387,50.696781604848695,-0.9031052564453537,0.22379643634003912,0.22379643634003912
187,-75.20094040138846,50.65771503199015,-0.8921745819155945,0.213714348318272,0.213714348318272
188,-75.16926989472118,50.618866693458855,-0.8817118947887352,0.20380459720628502,0.20380459720628502
189,-75.13710715481803,50.58022850734334,-0.8717115277667343,0.19407177425774097,0.19407177425774097
190,-75.104471595075,50.54179239173218,-0.862167664220258,0.18451852207682679,0.18451852207682679
191,-75.07138262888813,50.503550264713944,-0.8530743986710457,0.17514573599344616,0.17514573599344616
192,-75.03785966965346,50.46549404437723,-0.8444257916432094,0.16595275359175898,0.16595275359175898
193,-75.00392213076697,50.42761564881057,-0.8362159191824096,0.15693753154998324,0.15693753154998324
194,-74.96958942562475,50.389906996102596,-0.8284389173653403,0.14809680911771364,0.14809680911771364
195,-74.93488096762275,50.35236000434183,-0.8210890221418403,0.139426257954902,0.139426257954902
196,-74.89981617015704,50.31496659161687,-0.814160604851814,0.13092061875221433,0.13092061875221433
197,-74.8644144466236,50.27771867601628,-0.8076482037635945,0.1225738244520915,0.1225738244520915
198,-74.82869521041845,50.240608175628616,-0.8015465519725345,0.11437911113085732,0.11437911113085732
199,-74.79267787493768,50.2036270085425,-0.7958506019825311,0.10632911683284124,0.10632911683284124
200,-74.75638185357725,50.16676709284646,-0.7905555472883908,0.09841596905173204,0.09841596905173204
201,-74.71982655973325,50.13002034662911,-0.7856568412496449,0.09063136207069268,0.09063136207069268
202,-74.68303140680156,50.09337868797895,-0.781150213534953,0.08296662427424874,0.08296662427424874
203,-74.64601580817835,50.05683403498464,-0.7770316843923939,0.07541277709605179,0.07541277709605179
204,-74.60879917725953,50.02037830573469,-0.7732975769821447,0.06796058552928436,0.06796058552928436
205,-74.57140092744122,49.98400341831772,-0.7699445279887998,0.06060060181801404,0.06060060181801404
206,-74.53384047211941,49.94770129082228,-0.7669694967062632,0.05332320244212964,0.05332320244212964
207,-74.49613722469006,49.91146384133693,-0.7643697727749271,0.04611861951827237,0.04611861951827237
208,-74.45831059854928,49.875282987950264,-0.762142982720439,0.0389769673597989,0.0389769673597989
209,-74.42038000709302,49.839150648750845,-0.7602870954357996,0.031888264390586576,0.031888264390586576
210,-74.38236486371733,49.80305874182726,-0.758800426723682,0.024842451773883664,0.024842451773883664
211,-74.34428458181826,49.76699918526808,-0.7576816429952555,0.01782940875340266,0.01782940875340266
212,-74.3061585747918,49.73096389716186,-0.7569297642126182,0.010838965591303838,0.010838965591303838
213,-74.26800625603397,49.69494479559719,-0.7565441661373377,0.0038609146623949714,0.0038609146623949714
214,-74.22984703894076,49.65893379866261,-0.7565245819339327,-0.0031149798532360195,0.0031149798532360195
215,-74.19170033690828,49.622922824446746,-0.7568496902433525,-0.00928215409095227,0.00928215409095227
216,-74.15358328866701,49.586904732387666,-0.757377361998593,-0.010842557973970941,0.010842557973970941
217,-74.1155001759782,49.55087770266303,-0.757944229547115,-0.010783671915184805,0.010783671915184805
218,-74.07745076807709,49.51484178291805,-0.7585077603085493,-0.010722791985328538,0.010722791985328538
219,-74.03943482929712,49.4787970228266,-0.759067899790403,-0.010661679949488138,0.010661679949488138
220,-74.00145212397176,49.44274347206253,-0.7596246397254041,-0.01060033720562226,0.01060033720562226
221,-73.96350241643445,49.40668118029972,-0.7601779719013451,-0.010538765183276531,0.010538765183276531
222,-73.92558547101862,49.37061019721199,-0.7607278881610108,-0.010476965286032217,0.010476965286032217
223,-73.8877010520577,49.33453057247321,-0.7612743804031643,-0.010414938989420437,0.010414938989420437
224,-73.84984892388516,49.29844235575723,-0.7618174405814655,-0.010352687663878028,0.010352687663878028
225,-73.81202885083442,49.26234559673793,-0.7623570607054545,-0.010290212830763463,0.010290212830763463
226,-73.77424059723893,49.2262403450891,-0.7628932328404997,-0.010227515866510148,0.010227515866510148
227,-73.73648392743212,49.190126650484665,-0.7634259491077086,-0.010164598297157667,0.010164598297157667
228,-73.69875860574747,49.154004562598445,-0.7639552016842215,-0.01010146151821198,0.01010146151821198
229,-73.66106439651836,49.117874131104294,-0.7644809828033207,-0.010038107067841693,0.010038107067841693
230,-73.62340106407828,49.08173540567607,-0.7650032847548205,-0.009974536364155078,0.009974536364155078
231,-73.58576837276065,49.045588435987625,-0.7655220998843264,-0.009910750924749944,0.009910750924749944
232,-73.54816608689895,49.009433271712815,-0.7660374205941965,-0.009846752212072572,0.009846752212072572
233,-73.51059397082656,48.97326996252549,-0.7665492393431315,-0.009782541735662441,0.009782541735662441
234,-73.47305178887694,48.93709855809952,-0.7670575486472344,-0.009718121005988014,0.009718121005988014
235,-73.43553930538357,48.90091910810875,-0.7675623410789869,-0.00965349150076283,0.00965349150076283
236,-73.39805628467987,48.86473166222703,-0.768063609267294,-0.009588654739464998,0.009588654739464998
237,-73.36060249109926,48.82853627012821,-0.7685613458986322,-0.009523612251120625,0.009523612251120625
238,-73.3231776889752,48.79233298148616,-0.7690555437166959,-0.009458365548767578,0.009458365548767578
239,-73.28578164264114,48.756121845974704,-0.7695461955218513,-0.009392916147598017,0.009392916147598017
240,-73.24841411643051,48.71990291326773,-0.7700332941719636,-0.009327265599387267,0.009327265599387267
241,-73.21107487467674,48.68367623303908,-0.7705168325828331,-0.009261415443064755,0.009261415443064755
242,-73.17376368171331,48.64744185496261,-0.7709968037270324,-0.009195367192516957,0.009195367192516957
243,-73.13648030187362,48.61119982871217,-0.7714732006350093,-0.009129122435934181,0.009129122435934181
244,-73.09922449949114,48.57495020396161,-0.7719460163950829,-0.009062682693652332,0.009062682693652332
245,-73.0619960388993,48.538693030384785,-0.7724152441528528,-0.008996049537896686,0.008996049537896686
246,-73.02479468443154,48.50242835765557,-0.7728808771123021,-0.00892922453789509,0.00892922453789509
247,-72.98762020042132,48.46615623544779,-0.773342908534829,-0.008862209235111615,0.008862209235111615
248,-72.95047235120202,48.42987671343531,-0.7738013317405095,-0.008795005253843765,0.008795005253843765
249,-72.91335090110718,48.39358984129199,-0.7742561401070966,-0.008727614103247435,0.008727614103247435
250,-72.87625561447017,48.35729566869168,-0.7747073270699942,-0.008660037412977637,0.008660037412977637
251,-72.83918625562443,48.32099424530823,-0.7751548861241526,-0.008592276771319296,0.008592276771319296
252,-72.80214258890346,48.284685620815516,-0.7755988108220501,-0.008524333736274705,0.008524333736274705
253,-72.76512437864066,48.24836984488736,-0.776039094774036,-0.0084562099153965,0.0084562099153965
254,-72.72813138916945,48.21204696719763,-0.7764757316501799,-0.008387906943942095,0.008387906943942095
255,-72.69116338482334,48.1757170374202,-0.7769087151783972,-0.008319426362992738,0.008319426362992738
256,-72.65422012993568,48.139380105228874,-0.777338039145112,-0.008250769839320321,0.008250769839320321
257,-72.61730138883999,48.10303622029755,-0.7777636973958654,-0.008181938943045761,0.008181938943045761
258,-72.5804069258697,48.066685432300076,-0.7781856838343839,-0.00811293531079728,0.00811293531079728
259,-72.5435365053582,48.03032779091029,-0.7786039924236833,-0.008043760560769565,0.008043760560769565
260,-72.50668989163897,47.99396334580206,-0.7790186171859926,-0.007974416332269247,0.007974416332269247
261,-72.4698668490455,47.95759214664923,-0.7794295522013257,-0.007904904193682373,0.007904904193682373
262,-72.43306714191115,47.92121424312568,-0.7798367916092753,-0.007835225859052653,0.007835225859052653
263,-72.39629053456937,47.88482968490522,-0.7802403296092093,-0.007765382909569084,0.007765382909569084
264,-72.35953679135363,47.848438521661734,-0.7806401604588343,-0.007695377009086232,0.007695377009086232
265,-72.3228056765974,47.812040803069074,-0.7810362784748358,-0.007625209768567226,0.007625209768567226
266,-72.28609695463405,47.77563657880109,-0.7814286780336958,-0.007554882888664165,0.007554882888664165
267,-72.24941038979709,47.73922589853164,-0.781817353570976,-0.007484397957530148,0.007484397957530148
268,-72.21274574641991,47.702808811934574,-0.7822022995812212,-0.007413756677081716,0.007413756677081716
269,-72.17610278883598,47.66638536868374,-0.7825835106190729,-0.007342960683383399,0.007342960683383399
270,-72.13948128137875,47.62995561845301,-0.7829609812977701,-0.0072720116251192264,0.0072720116251192264
271,-72.10288098838161,47.59351961091621,-0.7833347062904994,-0.007200911195367507,0.007200911195367507
272,-72.06630167417806,47.55707739574722,-0.7837046803300547,-0.007129661034237325,0.007129661034237325
273,-72.02974310310152,47.520629022619886,-0.7840708982083472,-0.007058262820441983,0.007058262820441983
274,-71.99320503948545,47.48417454120808,-0.7844333547773202,-0.006986718234011623,0.006986718234011623
275,-71.95668724766325,47.44771400118561,-0.7847920449481636,-0.006915028927666056,0.006915028927666056
276,-71.92018949196839,47.41124745222637,-0.7851469636918885,-0.0068431966080677,0.0068431966080677
277,-71.88371153673428,47.374774944004194,-0.7854981060399019,-0.006771222954525905,0.006771222954525905
278,-71.84725314629445,47.33829652619295,-0.7858454670818515,-0.006699109594335609,0.006699109594335609
279,-71.81081408498221,47.30181224846648,-0.7861890419683889,-0.006626858318166189,0.006626858318166189
280,-71.77439411713114,47.26532216049867,-0.786528825909986,-0.0065544707114086635,0.0065544707114086635
281,-71.73799300707456,47.228826311963324,-0.7868648141761396,-0.006481948538024963,0.006481948538024963
282,-71.70161051914599,47.19232475253432,-0.7871970020971119,-0.006409293454749889,0.006409293454749889
283,-71.66524641767886,47.155817531885525,-0.787525385062249,-0.006336507164285727,0.006336507164285727
284,-71.62890046700656,47.119304699690765,-0.7878499585216262,-0.006263591390976356,0.006263591390976356
285,-71.5925724314626,47.08278630562392,-0.7881707179850007,-0.006190547800631864,0.006190547800631864
286,-71.55626207538039,47.04626239935883,-0.7884876590216904,-0.00611737811659454,0.00611737811659454
287,-71.51996916309336,47.009733030569365,-0.788800777261775,-0.006044084054893479,0.006044084054893479
288,-71.48369345893498,46.97319824892936,-0.7891100683949961,-0.005970667299720508,0.005970667299720508
289,-71.44743472723866,46.93665810411267,-0.7894155281712734,-0.005897129590653127,0.005897129590653127
290,-71.41119273233791,46.90011264579318,-0.7897171524002289,-0.00582347259675296,0.00582347259675296
291,-71.37496723856604,46.86356192364469,-0.7900149369522971,-0.005749698104174232,0.005749698104174232
292,-71.33875801025664,46.8270059873411,-0.7903088777578601,-0.0056758077515387745,0.0056758077515387745
293,-71.30256481174305,46.79044488655624,-0.7905989708068701,-0.005601803313683185,0.005601803313683185
294,-71.26638740735876,46.753878670963964,-0.7908852121500073,-0.005527686477243028,0.005527686477243028
295,-71.2302255614372,46.717307390238155,-0.7911675978981444,-0.005453458999428737,0.005453458999428737
296,-71.1940790383118,46.68073109405264,-0.7914461242224216,-0.005379122572796441,0.005379122572796441
297,-71.15794760231601,46.64414983208128,-0.7917207873538696,-0.005304678942828027,0.005304678942828027
298,-71.12183101778328,46.60756365399793,-0.7919915835840604,-0.005230129830287934,0.005230129830287934
299,-71.08572904904705,46.57097260947644,-0.7922585092647784,-0.0051554769707305185,0.0051554769707305185
300,-71.04964146044077,46.534376748190674,-0.7925215608077361,-0.005080722076592143,0.005080722076592143
301,-71.01356801629784,46.497776119814475,-0.7927807346853759,-0.0050058669173553986,0.0050058669173553986
302,-70.97750848095173,46.46117077402169,-0.7930360274305903,-0.004930913197174474,0.004930913197174474
303,-70.9414626187359,46.424560760486195,-0.7932874356358389,-0.004855862653797261,0.004855862653797261
304,-70.90543019398376,46.38794612888184,-0.7935349559545347,-0.0047807170478159555,0.0047807170478159555
305,-70.86941097102877,46.35132692888247,-0.7937785851004222,-0.004705478095230339,0.004705478095230339
306,-70.83340471420436,46.31470321016193,-0.7940183198471424,-0.004630147542124244,0.004630147542124244
307,-70.797411187844,46.278075022394106,-0.7942541570289167,-0.004554727133390549,0.004554727133390549
308,-70.76143015628111,46.24144241525282,-0.794486093540215,-0.004479218604536159,0.004479218604536159
309,-70.7254613838491,46.20480543841193,-0.7947141263363156,-0.004403623724418256,0.004403623724418256
310,-70.68950463488147,46.16816414154531,-0.794938252432254,-0.004327944189767523,0.004327944189767523
311,-70.65355967371161,46.1315185743268,-0.7951584689038257,-0.004252181810596235,0.004252181810596235
312,-70.61762626467304,46.094868786430254,-0.795374772886899,-0.004176338258881987,0.004176338258881987
313,-70.58170417209911,46.05821482752954,-0.7955871615776043,-0.004100415353997125,0.004100415353997125
314,-70.54579316032329,46.02155674729848,-0.7957956322334414,-0.0040244148129457615,0.0040244148129457615
315,-70.50989299367907,45.98489459541098,-0.7960001821708423,-0.003948338362015728,0.003948338362015728
316,-70.47400343649983,45.948228421540854,-0.7962008087674931,-0.0038721878104674015,0.0038721878104674015
317,-70.43812425311903,45.91155827536195,-0.7963975094616661,-0.003795964860293374,0.003795964860293374
318,-70.40225520787014,45.874884206548145,-0.7965902817510089,-0.0037196712752235626,0.0037196712752235626
319,-70.36639606508658,45.8382062647733,-0.7967791231942196,-0.003643308824193931,0.003643308824193931
320,-70.33054658910176,45.801524499711235,-0.796964031410723,-0.0035668792598203256,0.0035668792598203256
321,-70.29470654424918,45.76483896103583,-0.7971450040795633,-0.00349038430942533,0.00349038430942533
322,-70.25887569486224,45.72814969842092,-0.7973220389400466,-0.0034138257520793585,0.0034138257520793585
323,-70.22305380527439,45.6914567615404,-0.7974951337931172,-0.0033372053701714787,0.0033372053701714787
324,-70.18724063981912,45.65476020006808,-0.797664286498538,-0.003260524834138169,0.003260524834138169
325,-70.1514359628298,45.618060063677845,-0.7978294949768683,-0.003183786004773507,0.003183786004773507
326,-70.11563953863988,45.58135640204352,-0.7979907572100458,-0.0031069905764437686,0.0031069905764437686
327,-70.07985113158286,45.544649264838974,-0.7981480712389614,-0.0030301403164912878,0.0030301403164912878
328,-70.04407050599215,45.50793870173808,-0.7983014351652151,-0.0029532369888706275,0.0029532369888706275
329,-70.00829742620117,45.47122476241465,-0.7984508471510341,-0.0028762823587938505,0.0028762823587938505
330,-69.97253165654337,45.434507496542565,-0.7985963054189168,-0.0027992781773079766,0.0027992781773079766
331,-69.93677296135222,45.3977869537957,-0.7987378082516899,-0.002722226212790845,0.002722226212790845
332,-69.90102110496113,45.361063183847854,-0.7988753539919471,-0.002645128195260658,0.002645128195260658
333,-69.86527585170354,45.32433623637293,-0.7990089410431166,-0.0025679859355842946,0.0025679859355842946
334,-69.82953696591294,45.28760616104477,-0.799138567869024,-0.0024908011475061552,0.0024908011475061552
335,-69.7938042119227,45.2508730075372,-0.7992642329931389,-0.0024135756131458855,0.0024135756131458855
336,-69.75807735406633,45.214136825524115,-0.7993859349997189,-0.0023363110916480817,0.0023363110916480817
337,-69.72235615667724,45.17739766467933,-0.7995036725327634,-0.002259009324823085,0.002259009324823085
338,-69.68664038408885,45.140655574676735,-0.799617444296957,-0.002181672109229884,0.002181672109229884
339,-69.65092980063464,45.10391060519018,-0.7997272490573306,-0.0021043011739726473,0.0021043011739726473
340,-69.61522417064803,45.06716280589349,-0.799833085638437,-0.0020268982837968875,0.0020268982837968875
341,-69.57952325846246,45.030412226460534,-0.7999349529256196,-0.0019494652178157759,0.0019494652178157759
342,-69.5438268284114,44.99365891656518,-0.8000328498642358,-0.0018720037107367398,0.0018720037107367398
343,-69.50813464482827,44.95690292588128,-0.8001267754595539,-0.0017945155379442057,0.0017945155379442057
344,-69.47244647204651,44.92014430408267,-0.800216728777193,-0.001717002451551756,0.001717002451551756
345,-69.43676207439954,44.8833831008432,-0.800302708943062,-0.0016394662247749272,0.0016394662247749272
346,-69.40108121622085,44.84661936583675,-0.800384715143172,-0.001561908602453859,0.001561908602453859
347,-69.36540366184386,44.80985314873716,-0.8004627466232825,-0.0014843313441497503,0.0014843313441497503
348,-69.32972917560201,44.773084499218285,-0.8005368026891997,-0.0014067362063071224,0.0014067362063071224
349,-69.29405752182873,44.73631346695399,-0.8006068827072813,-0.0013291249682044683,0.0013291249682044683
350,-69.25838846485748,44.699540101618105,-0.8006729861038887,-0.0012514993647882425,0.0012514993647882425
351,-69.22272176902169,44.6627644528845,-0.8007351123649707,-0.0011738611589696376,0.0011738611589696376
352,-69.18705719865481,44.62598657042704,-0.8007932610366794,-0.001096212109535369,0.001096212109535369
353,-69.15139451809027,44.589206503919556,-0.8008474317253631,-0.0010185539789046797,0.0010185539789046797
354,-69.11573349166152,44.552424303035906,-0.8008976240973069,-0.0009408885154280251,0.0009408885154280251
355,-69.08007388370203,44.515640017449975,-0.8009438378784872,-0.0008632174715897009,0.0008632174715897009
356,-69.0444154585452,44.47885369683558,-0.8009860728547716,-0.0007855426031832289,0.0007855426031832289
357,-69.00875798052448,44.44206539086659,-0.8010243288723523,-0.0007078656791486975,0.0007078656791486975
358,-68.97310121397331,44.40527514921685,-0.8010586058373124,-0.0006301884378482324,0.0006301884378482324
359,-68.93744492322516,44.36848302156023,-0.8010889037151099,-0.0005525126275439924,0.0005525126275439924
360,-68.90178887261342,44.331689057570564,-0.801115222531411,-0.00047484001852906855,0.00047484001852906855
361,-68.86613282647158,44.29489330692173,-0.8011375623718184,-0.00039717234780264524,0.00039717234780264524
362,-68.83047654913308,44.258095819287576,-0.8011559233814808,-0.0003195113697230584,0.0003195113697230584
363,-68.79481980493132,44.221296644341926,-0.8011703057653614,-0.0002418588310196772,0.0002418588310196772
364,-68.75916235819979,44.18449583175869,-0.8011807097883262,-0.00016421648870367813,0.00016421648870367813
365,-68.72350397327189,44.14769343121168,-0.8011871357752242,-8.658609176807084e-05,8.658609176807084e-05
366,-68.68784441448109,44.110889492374746,-0.801189584110101,-8.969365652361002e-06,8.969365652361002e-06
367,-68.65218344616082,44.074084064921756,-0.8011880552367457,6.86319202802646e-05,6.86319202802646e-05
368,-68.61652083264454,44.03727719852659,-0.8011825496591521,0.00014621602357699491,0.00014621602357699491
369,-68.58085633826568,44.00046894286306,-0.8011730679402761,0.0002237812244202593,0.0002237812244202593
370,-68.54518972735764,43.96365934760504,-0.8011596107033059,0.0003013257319047308,0.0003013257319047308
371,-68.50952076425392,43.92684846242638,-0.8011421786309691,0.0003788478543679517,0.0003788478543679517
372,-68.47384921328795,43.890036337000936,-0.8011207724650233,0.0004563458220413598,0.0004563458220413598
373,-68.43817483879316,43.853223021002556,-0.8010953930070289,0.0005338179143056845,0.0005338179143056845
374,-68.40249740510298,43.81640856410511,-0.8010660411185616,0.0006112623544308415,0.0006112623544308415
375,-68.36681667655088,43.77959301598243,-0.8010327177201519,0.0006886774645213344,0.0006886774645213344
376,-68.33113241747029,43.74277642630839,-0.8009954237916532,0.0007660614548807144,0.0007660614548807144
377,-68.29544439219464,43.705958844756836,-0.8009541603731016,0.0008434126155337936,0.0008434126155337936
378,-68.2597523650574,43.66914032100163,-0.8009089285633559,0.0009207292113435602,0.0009207292113435602
379,-68.22405610039198,43.6323209047166,-0.8008597295206696,0.0009980095115536699,0.0009980095115536699
380,-68.18835536253184,43.59550064557563,-0.8008065644629012,0.0010752517744393568,0.0010752517744393568
381,-68.15264991581041,43.55867959325256,-0.8007494346670394,0.0011524542894065207,0.0011524542894065207
382,-68.11693952456113,43.521857797421255,-0.8006883414698287,0.0012296152920528516,0.0012296152920528516
383,-68.08122395311749,43.48503530775555,-0.80062328626664,0.0013067331175472601,0.0013067331175472601
384,-68.04550296581286,43.44821217392932,-0.8005542705121889,0.0013838059753177958,0.0013838059753177958
385,-68.00977632698071,43.4113884456164,-0.8004812957212489,0.001460832174531867,0.001460832174531867
386,-67.97404380095452,43.37456417249066,-0.8004043634664413,0.0015378100127254812,0.0015378100127254812
387,-67.93830515206766,43.33773940422594,-0.800323475380532,0.0016147377114496457,0.0016147377114496457
388,-67.90256014465363,43.300914190496115,-0.8002386331552567,0.0016916136160451828,0.0016916136160451828
389,-67.86680854304583,43.26408858097501,-0.8001498385411022,0.0017684359586542775,0.0017684359586542775
390,-67.83105011157775,43.22726262533651,-0.8000570933479131,0.001845203063043471,0.001845203063043471
391,-67.7952846145828,43.19043637325445,-0.7999603994442038,0.0019219131903338142,0.0019219131903338142
392,-67.7595118163944,43.153609874402676,-0.7998597587581932,0.001998564626183273,0.001998564626183273
393,-67.72373148134605,43.11678317845507,-0.7997551732764576,0.002075155686426421,0.002075155686426421
394,-67.68794337377116,43.07995633508547,-0.7996466450441507,0.002151684650477897,0.002151684650477897
395,-67.65214725800314,43.043129393967725,-0.7995341761664715,0.0022281497793174565,0.0022281497793174565
396,-67.61634289837549,43.00630240477569,-0.7994177688066856,0.0023045494318507044,0.0023045494318507044
397,-67.58053005922163,42.96947541718324,-0.7992974251865756,0.0023808818539575493,0.0023808818539575493
398,-67.54470850487496,42.932648480864195,-0.7991731475878141,0.002457145353600831,0.002457145353600831
399,-67.508877999669,42.89582164549244,-0.7990449383498391,0.002533338261894407,0.002533338261894407
400,-67.47303830793712,42.85899496074181,-0.7989127998711456,0.00260945883917826,0.00260945883917826
401,-67.4371891940128,42.822168476286166,-0.7987767346091168,0.0026855054257397255,0.0026855054257397255
402,-67.40133042222948,42.785342241799356,-0.7986367450792835,0.0027614763134879376,0.0027614763134879376
403,-67.36546175692058,42.74851630695524,-0.7984928338563329,0.002837369806175931,0.002837369806175931
404,-67.3295829624196,42.711690721427686,-0.7983450035730192,0.002913184240913826,0.002913184240913826
405,-67.2936938030599,42.674865534890536,-0.798193256921124,0.00298891788699732,0.00298891788699732
406,-67.25779404317498,42.63804079701764,-0.7980375966506773,0.0030645691146579997,0.0030645691146579997
407,-67.22188344709824,42.60121655748283,-0.7978780255698735,0.0031401361995071512,0.0031401361995071512
408,-67.18596177916315,42.56439286596,-0.797714546545858,0.0032156174841339717,0.0032156174841339717
409,-67.15002880370315,42.527569772123,-0.7975471625038432,0.0032910112816346305,0.0032910112816346305
410,-67.11408428505167,42.49074732564567,-0.7973758764277274,0.003366315913598649,0.003366315913598649
411,-67.07812798754219,42.453925576201854,-0.7972006913588179,0.003441529745967696,0.003441529745967696
412,-67.04215967550809,42.41710457346544,-0.7970216103974995,0.0035166510386809655,0.0035166510386809655
413,-67.00617911328285,42.38028436711024,-0.7968386367024617,0.003591678190970048,0.003591678190970048
414,-66.97018606519991,42.343465006810135,-0.7966517734896292,0.003666609507673746,0.003666609507673746
415,-66.9341802955927,42.30664654223898,-0.7964610240340722,0.0037414433171698894,0.0037414433171698894
416,-66.89816156879468,42.26982902307062,-0.796266391668442,0.003816177988470706,0.003816177988470706
417,-66.86212964913926,42.2330124989789,-0.7960678797830852,0.0038908118490442152,0.0038908118490442152
418,-66.8260843009599,42.19619701963771,-0.7958654918273073,0.003965343222303965,0.003965343222303965
419,-66.79002528859007,42.159382634720856,-0.7956592313074696,0.004039770513226067,0.004039770513226067
420,-66.75395237636317,42.12256939390223,-0.7954491017878776,0.004114092014369166,0.004114092014369166
421,-66.71786532861266,42.08575734685567,-0.795235106891266,0.004188306115554561,0.004188306115554561
422,-66.68176390967197,42.04894654325504,-0.7950172502977735,0.0042624111528670435,0.0042624111528670435
423,-66.64564788387455,42.01213703277417,-0.7947955357453407,0.004336405504503683,0.004336405504503683
424,-66.60951701555385,41.97532886508695,-0.794569967029404,0.004410287522234346,0.004410287522234346
425,-66.57337106904328,41.9385220898672,-0.7943405480035899,0.004484055561263323,0.004484055561263323
426,-66.53720980867634,41.9017167567888,-0.7941072825786826,0.004557708017305101,0.004557708017305101
427,-66.50103299878643,41.864912915525586,-0.793870174722763,0.004631243244219985,0.004631243244219985
428,-66.46484040370699,41.82811061575142,-0.7936292284619522,0.0047046596129217055,0.0047046596129217055
429,-66.42863178777147,41.79130990714016,-0.7933844478797574,0.004777955506759659,0.004777955506759659
430,-66.3924069153133,41.75451083936565,-0.7931358371169785,0.004851129304430938,0.004851129304430938
431,-66.35616555066596,41.717713462101756,-0.7928834003714051,0.004924179405225499,0.004924179405225499
432,-66.31990745816285,41.68091782502232,-0.7926275785295002,0.004980204941742382,0.004980204941742382
433,-66.28363244822569,41.64412396029107,-0.7923759324255586,0.00476059700902135,0.00476059700902135
434,-66.24734108310874,41.60733161443098,-0.7921413745752407,0.00431698841306494,0.00431698841306494
435,-66.21103453739607,41.570540301325025,-0.791929854751619,0.0038674402357694415,0.0038674402357694415
436,-66.17471400349048,41.53374952808632,-0.7917415227186221,0.003418447178381547,0.003418447178381547
437,-66.1383806737948,41.49695880182799,-0.7915763607944174,0.0029699709992721444,0.0029699709992721444
438,-66.10203574071188,41.46016762966318,-0.7914343526094905,0.0025219734452441786,0.0025219734452441786
439,-66.06568039664457,41.42337551870503,-0.7913154831069527,0.002074416318966953,0.002074416318966953
440,-66.02931583399567,41.38658197606668,-0.7912197385428003,0.001627261413571736,0.001627261413571736
441,-65.99294324516802,41.349786508861236,-0.7911471064851107,0.001180470619160226,0.001180470619160226
442,-65.95656382256448,41.31298862420187,-0.7910975758134332,0.0007340058088495335,0.0007340058088495335
443,-65.92017875858785,41.27618782920169,-0.7910711367181945,0.0002878289520600028,0.0002878289520600028
444,-65.88378924564098,41.23938363097386,-0.7910677807000156,-0.00015809799532270856,0.00015809799532270856
445,-65.8473964761267,41.202575536631485,-0.7910875005683549,-0.0006038129551748865,0.0006038129551748865
446,-65.81100164244783,41.1657630532877,-0.791130290439882,-0.0010493538525817555,0.0010493538525817555
447,-65.77460593700725,41.128945688055666,-0.7911961457374742,-0.0014947585144845666,0.0014947585144845666
448,-65.73821055220775,41.092122948048505,-0.7912850631885605,-0.0019400647459756257,0.0019400647459756257
449,-65.70181668045217,41.05529434037934,-0.7913970408229463,-0.00238531023394699,0.00238531023394699
450,-65.66542551414334,41.01845937216133,-0.7915320779712626,-0.0028305326676477133,0.0028305326676477133
451,-65.6290382456841,40.98161755050757,-0.7916901752620835,-0.003275769566716514,0.003275769566716514
452,-65.59265606747728,40.94476838253125,-0.7918713346202084,-0.003721058498123051,0.003721058498123051
453,-65.55628017192574,40.90791137534546,-0.7920755592636918,-0.004166436810824896,0.004166436810824896
454,-65.51991175143226,40.87104603606337,-0.7923028537010329,-0.004611941907218272,0.004611941907218272
455,-65.4835519983997,40.83417187179807,-0.792553223728806,-0.005057610988530781,0.005057610988530781
456,-65.44720210523091,40.79728838966274,-0.7928266764275352,-0.005503481241492017,0.005503481241492017
457,-65.4108632643287,40.76039509677047,-0.7931232201592902,-0.005949589717840579,0.005949589717840579
458,-65.37453666809593,40.72349150023445,-0.7934428645634212,-0.006395973382632763,0.006395973382632763
459,-65.3382235089354,40.686577107167786,-0.7937856205536068,-0.006842669116241658,0.006842669116241658
460,-65.30192497924997,40.649651424683604,-0.794151500313012,-0.0072897136388607705,0.0072897136388607705
461,-65.26564227144243,40.61271395989504,-0.7945405172910325,-0.007737143646748331,0.007737143646748331
462,-65.22937657791567,40.57576421991524,-0.7949526861986639,-0.008184995622078963,0.008184995622078963
463,-65.1931290910725,40.53880171185734,-0.7953880230030791,-0.008633305991849704,0.008633305991849704
464,-65.15690100331575,40.50182594283447,-0.7958465449243439,-0.009082111050559758,0.009082111050559758
465,-65.12069350704824,40.464836419959774,-0.7963282704299995,-0.009531446954200926,0.009531446954200926
466,-65.08450779467285,40.427832650346375,-0.7968332192288448,-0.009981349694116275,0.009981349694116275
467,-65.04834505859233,40.390814141107406,-0.7973614122668918,-0.010431855205929074,0.010431855205929074
468,-65.01220649120961,40.35378039935601,-0.797912871720879,-0.010882999164690096,0.010882999164690096
469,-64.97609328492744,40.31673093220532,-0.79848762099259,-0.011334817219447998,0.011334817219447998
470,-64.94000663214872,40.27966524676847,-0.7990856847029288,-0.011787344747361298,0.011787344747361298
471,-64.90394772527623,40.24258285015859,-0.799707088685355,-0.012240617073150061,0.012240617073150061
472,-64.86791775671284,40.205483249488836,-0.8003518599794615,-0.01269466925286196,0.01269466925286196
473,-64.83191791886135,40.16836595187231,-0.8010200268236691,-0.013149536254038311,0.013149536254038311
474,-64.79594940412464,40.13123046442218,-0.8017116186485727,-0.013605252797894667,0.013605252797894667
475,-64.7600134049055,40.09407629425155,-0.802426666069146,-0.01406185347083062,0.01406185347083062
476,-64.72411111360677,40.05690294847358,-0.8031652008776157,-0.014519372635618406,0.014519372635618406
477,-64.6882437226313,40.019709934201394,-0.8039272560349355,-0.014977844463261135,0.014977844463261135
478,-64.65241242438192,39.98249675854813,-0.804712865662654,-0.015437302912993014,0.015437302912993014
479,-64.61661841126146,39.94526292862692,-0.8055220650346118,-0.01589778174226235,0.01589778174226235
480,-64.58086287567275,39.90800795155089,-0.8063548905677423,-0.016359314458322734,0.016359314458322734
481,-64.54514701001861,39.870731334433195,-0.8072113798134032,-0.016821934383256066,0.016821934383256066
482,-64.5094720067019,39.833432584386955,-0.8080915714475093,-0.017285674538352086,0.017285674538352086
483,-64.47383905812545,39.79611120852533,-0.808995505260746,-0.01775056775835482,0.01775056775835482
484,-64.43824935669208,39.758766713961414,-0.8099232221483049,-0.01821664655402789,0.01821664655402789
485,-64.4027040948046,39.72139860780836,-0.8108747640998988,-0.018683943255451637,0.018683943255451637
486,-64.3672044648659,39.68400639717932,-0.8118501741885709,-0.019152489816631906,0.019152489816631906
487,-64.33175165927878,39.646589589187414,-0.812849496559313,-0.019622317998055572,0.019622317998055572
488,-64.29634687044607,39.60914769094577,-0.8138727764179531,-0.0200934591885788,0.0200934591885788
489,-64.26099129077062,39.57168020956753,-0.8149200600185241,-0.02056594451857938,0.02056594451857938
490,-64.22568611265525,39.53418665216584,-0.8159913946515847,-0.021039804777187192,0.021039804777187192
491,-64.19043252850278,39.49666652585382,-0.8170868286312992,-0.02151507044019221,0.02151507044019221
492,-64.15523173071607,39.4591193377446,-0.818206411281908,-0.021991771611142606,0.021991771611142606
493,-64.12008491169793,39.42154459495134,-0.8193501929247013,-0.022469938092626707,0.022469938092626707
494,-64.08499326385125,39.38394180458716,-0.8205182248630055,-0.022949599229538785,0.022949599229538785
495,-64.04995797957876,39.346310473765186,-0.821710559368827,-0.02343078412254741,0.02343078412254741
496,-64.01498025128339,39.30865010959857,-0.8229272496677904,-0.023913521339250617,0.023913521339250617
497,-63.98006127136792,39.270960219200425,-0.8241683499226404,-0.02439783913874587,0.02439783913874587
498,-63.945202232235225,39.233240309683914,-0.8254339152185067,-0.024883765305843304,0.024883765305843304
499,-63.910404326288095,39.19548988816215,-0.826724001545924,-0.025371327220230024,0.025371327220230024
500,-63.87566874592937,39.15770846174828,-0.8280386657846737,-0.025860551808927785,0.025860551808927785
501,-63.840996683561904,39.11989553755543,-0.8293779656852917,-0.026351465492463404,0.026351465492463404
502,-63.806389331588505,39.08205062269674,-0.8307419598519654,-0.02684409428203957,0.02684409428203957
503,-63.77184788241204,39.044173224285345,-0.8321307077237495,-0.027338463605249323,0.027338463605249323
504,-63.737373528435306,39.00626284943438,-0.8335442695554363,-0.02783459845535747,0.02783459845535747
505,-63.70296746206116,38.96831900525698,-0.8349827063984571,-0.028332523230779835,0.028332523230779835
506,-63.66863087569243,38.93034119886629,-0.8364460800801233,-0.028832261818299034,0.028832261818299034
507,-63.63436496173195,38.89232893737542,-0.8379344531829842,-0.02933383750113824,0.02933383750113824
508,-63.60017091258254,38.85428172789752,-0.8394478890235014,-0.02983727301067793,0.02983727301067793
509,-63.56604992064703,38.81619907754572,-0.8409864516304711,-0.03034259045081202,0.03034259045081202
510,-63.53200317832831,38.77808049343318,-0.8425502057213289,-0.03084981127606356,0.03084981127606356
511,-63.49803187802913,38.739925482672994,-0.8441392166798201,-0.03135895635225059,0.03135895635225059
512,-63.464137212152394,38.70173355237833,-0.8457535505315096,-0.03187004579509732,0.03187004579509732
513,-63.43032037310087,38.66350420966229,-0.8473932739191233,-0.032383099109723326,0.032383099109723326
514,-63.396582553277426,38.625236961638045,-0.8490584540780156,-0.03289813503888918,0.03289813503888918
515,-63.36292494508493,38.58693131541872,-0.8507491588085143,-0.03341517157573709,0.03341517157573709
516,-63.32934874092617,38.54858677811744,-0.8524654564499966,-0.03393422600107635,0.03393422600107635
517,-63.29585513320396,38.51020285684732,-0.8542074158540875,-0.03445531479377134,0.03445531479377134
518,-63.262445314321184,38.471779058721545,-0.8559751063552061,-0.034978453597370084,0.034978453597370084
519,-63.229120476680656,38.433314890853225,-0.8577685977417663,-0.035503657260315825,0.035503657260315825
520,-63.1958818126852,38.39480986035548,-0.8595879602264905,-0.03603093974079222,0.03603093974079222
521,-63.16273051473766,38.356263474341475,-0.8614332644157758,-0.036560314144619216,0.036560314144619216
522,-63.129667775240854,38.31767523992431,-0.86330458127822,-0.037091792633508244,0.037091792633508244
523,-63.09669478659764,38.27904466421715,-0.8652019821117795,-0.037625386441387534,0.037625386441387534
524,-63.06381274121081,38.24037125433311,-0.8671255385114653,-0.038161105857694326,0.038161105857694326
525,-63.03102283148326,38.20165451738536,-0.8690753223344765,-0.03869896012017978,0.03869896012017978
526,-62.99832624981776,38.16289396048698,-0.8710514056658007,-0.03923895751817218,0.03923895751817218
527,-62.96572418861719,38.12408909075115,-0.8730538607822701,-0.03978110520402276,0.03978110520402276
528,-62.93321784028436,38.085239415290985,-0.8750827601154222,-0.040325409311152985,0.040325409311152985
529,-62.90080839722209,38.04634444121962,-0.8771381762146737,-0.04087187482309763,0.04087187482309763
530,-62.86849705183324,38.00740367565018,-0.8792201817079347,-0.04142050557847227,0.04142050557847227
531,-62.836284996520625,37.96841662569582,-0.8813288492624632,-0.04197130424963326,0.04197130424963326
532,-62.80417342368712,37.9293827984697,-0.8834642515442106,-0.04252427227785486,0.04252427227785486
533,-62.77216352573549,37.890301701084894,-0.8856264611762255,-0.04307940987447906,0.04307940987447906
534,-62.74025649506862,37.85117284065458,-0.8878155506963766,-0.04363671596482027,0.04363671596482027
535,-62.70845352408932,37.81199572429187,-0.8900315925136199,-0.04419618815931766,0.04419618815931766
536,-62.67675580520043,37.77276985910991,-0.8922746588634889,-0.044757822722722676,0.044757822722722676
537,-62.64516453080478,37.73349475222183,-0.8945448217625458,-0.04532161453495979,0.04532161453495979
538,-62.6136808933052,37.694169910740776,-0.8968421529617848,-0.04588755705930975,0.04588755705930975
539,-62.58230608510453,37.65479484177986,-0.8991667238986796,-0.046455642290403665,0.046455642290403665
540,-62.55104129860559,37.61536905245224,-0.9015186056487496,-0.04702586075683357,0.04702586075683357
541,-62.51988772621125,37.57589204987105,-0.9038932012851505,-0.0474123330903434,0.0474123330903434
542,-62.48884610539392,37.536363521996115,-0.9062626405466132,-0.04687354501261417,0.04687354501261417
543,-62.45791491052952,37.49678405642715,-0.9085963669825082,-0.04604265535546971,0.04604265535546971
544,-62.42709191362656,37.45715451997319,-0.9108869799424549,-0.04520613668199725,0.04520613668199725
545,-62.396374886476735,37.41747577952953,-0.9131342909827859,-0.04436424787434629,0.04436424787434629
546,-62.36576160087168,37.37774870199146,-0.9153381197559762,-0.0435171573343812,0.0435171573343812
547,-62.33524982860301,37.33797415425423,-0.9174982917031336,-0.0426650315613839,0.0426650315613839
548,-62.304837341462424,37.29815300321315,-0.9196146379722483,-0.04180803501738633,0.04180803501738633
549,-62.274521911241536,37.2582861157635,-0.921686995336855,-0.04094633021840292,0.04094633021840292
550,-62.24430130973199,37.21837435880054,-0.9237152061146398,-0.04008007758502227,0.04008007758502227
551,-62.2141733087254,37.17841859921954,-0.9256991180848766,-0.0392094354940997,0.0392094354940997
552,-62.18413568001347,37.13841970391581,-0.9276385844055232,-0.03833456016598187,0.03833456016598187
553,-62.15418619538781,37.09837853978461,-0.9295334635308187,-0.0374556057548606,0.0374556057548606
554,-62.12432262664005,37.05829597372123,-0.9313836191297967,-0.036572724255938646,0.036572724255938646
555,-62.09454274556187,37.01817287262095,-0.9331889200032484,-0.03568606550176263,0.03568606550176263
556,-62.06484432394489,36.978010103379034,-0.9349492400016807,-0.034795777174956376,0.034795777174956376
557,-62.03522513358077,36.93780853289079,-0.9366644579447007,-0.03390200482548666,0.03390200482548666
558,-62.00568294626111,36.89756902805145,-0.9383344575402767,-0.03300489182568219,0.03300489182568219
559,-61.976215533777626,36.85729245575635,-0.9399591273039503,-0.03210457939338524,0.03210457939338524
560,-61.94682066792192,36.816979682900744,-0.9415383604801153,-0.03120120663615867,0.03120120663615867
561,-61.91749612048563,36.77663157637991,-0.9430720549642141,-0.030294910531041903,0.030294910531041903
562,-61.888239663260414,36.73624900308913,-0.9445601132247455,-0.029385825928526187,0.029385825928526187
563,-61.85904906803791,36.69583282992368,-0.9460024422274339,-0.02847408562925457,0.02847408562925457
564,-61.829922106609764,36.65538392377884,-0.9473989533607243,-0.02755982035792372,0.02755982035792372
565,-61.80085655076762,36.61490315154989,-0.9487495623616587,-0.026643158805077307,0.026643158805077307
566,-61.77185017230311,36.57439138013212,-0.9500541892446783,-0.02572422770607332,0.02572422770607332
567,-61.74290074300792,36.53384947642081,-0.951312758230285,-0.024803151762513197,0.024803151762513197
568,-61.714006034673666,36.49327830731123,-0.9525251976757472,-0.023880053811849156,0.023880053811849156
569,-61.685163819091954,36.45267873969864,-0.9536914400093753,-0.02295505481246813,0.02295505481246813
570,-61.65637186805449,36.41205164047836,-0.9548114216634778,-0.022028273819496375,0.022028273819496375
571,-61.627627953352885,36.37139787654565,-0.9558850830109739,-0.021099828172342617,0.021099828172342617
572,-61.598929846778795,36.33071831479579,-0.9569123683039957,-0.020169833405298675,0.020169833405298675
573,-61.57027532012387,36.29001382212407,-0.9578932256132631,-0.019238403388916428,0.019238403388916428
574,-61.541662145179735,36.24928526542575,-0.9588276067707181,-0.018305650342242397,0.018305650342242397
575,-61.51308809373803,36.208533511596116,-0.9597154673139904,-0.017371684918742,0.017371684918742
576,-61.48455093759043,36.167759427530456,-0.9605567664318163,-0.01643661618522244,0.01643661618522244
577,-61.456048448528556,36.12696388012405,-0.9613514669128973,-0.015500551809272425,0.015500551809272425
578,-61.42757839834407,36.08614773627218,-0.9620995350970459,-0.014563597993468775,0.014563597993468775
579,-61.39913855882859,36.04531186287011,-0.9628009408274699,-0.013625859618236452,0.013625859618236452
580,-61.370726701773776,36.00445712681313,-0.9634556574065243,-0.012687440270950756,0.012687440270950756
581,-61.34234059897126,35.96358439499651,-0.9640636615531426,-0.011748442318282667,0.011748442318282667
582,-61.31397802221271,35.922694534315546,-0.9646249333626687,-0.01080896696538764,0.01080896696538764
583,-61.28563674328974,35.88178841166551,-0.965139456269556,-0.009869114348179475,0.009869114348179475
584,-61.25731453399403,35.840866893941694,-0.9656072170121248,-0.008928983560879903,0.008928983560879903
585,-61.229009166117194,35.79993084803936,-0.9660282055996726,-0.007988672761054135,0.007988672761054135
586,-61.20071841145089,35.758981140853784,-0.9664024152820961,-0.007048279204342876,0.007048279204342876
587,-61.172440041786736,35.71801863928026,-0.966729842523376,-0.0061078994043789895,0.0061078994043789895
588,-61.14417182891644,35.67704421021407,-0.9670104869746371,-0.005167628995872979,0.005167628995872979
589,-61.11591154463156,35.63605872055047,-0.9672443514526567,-0.004227563131003319,0.004227563131003319
590,-61.08765696072382,35.59506303718478,-0.967431441919788,-0.0032877961807273063,0.0032877961807273063
591,-61.059405848984795,35.55405802701223,-0.9675717674655648,-0.002348422142283184,0.002348422142283184
592,-61.03115598120618,35.51304455692814,-0.9676653402929489,-0.0014095344596065733,0.0014095344596065733
593,-61.002905129179624,35.47202349382779,-0.9677121757044302,-0.0004712262384836089,0.0004712262384836089
594,-60.974651064696715,35.43099570460642,-0.9677166103037083,0.00029306922399550495,0.00029306922399550495
595,-60.946391967238846,35.38996188956296,-0.9677122471242886,-0.00011785865824062727,0.00011785865824062727
596,-60.91812877981677,35.348921619720876,-0.9677405006519118,-0.001015990640665349,0.001015990640665349
597,-60.88986359273481,35.30787399727903,-0.9678135431157063,-0.0019150913386375779,0.0019150913386375779
598,-60.86159850001668,35.26681812291644,-0.9679313970736024,-0.0028136525146955824,0.0028136525146955824
599,-60.83333559568612,35.22575309731211,-0.9680940481075357,-0.0037117467454396225,0.0037117467454396225
600,-60.80507697376686,35.18467802114507,-0.9683014842023684,-0.004609446265825102,0.004609446265825102
601,-60.77682472828256,35.143591995094305,-0.968553695734707,-0.005506822890867751,0.005506822890867751
602,-60.748580953256976,35.102494119838845,-0.9688506754579742,-0.006403947903186978,0.006403947903186978
603,-60.720347742713855,35.0613834960577,-0.9691924184839629,-0.007300891983760697,0.007300891983760697
604,-60.69212719067687,35.02025922442988,-0.9695789222645805,-0.008197725248139576,0.008197725248139576
605,-60.66392139116974,34.97912040563438,-0.9700101865709192,-0.009094517062107522,0.009094517062107522
606,-60.63573243821622,34.93796614035024,-0.9704862134668454,-0.009991335965097081,0.009991335965097081
607,-60.60756242583998,34.89679552925646,-0.9710070072843053,-0.010888249774242475,0.010888249774242475
608,-60.57941344806477,34.85560767303203,-0.9715725745940311,-0.011785325254038555,0.011785325254038555
609,-60.5512875989143,34.814401672355984,-0.9721829241729711,-0.012682628273199012,0.012682628273199012
610,-60.52318697241228,34.77317662790733,-0.9728380669723123,-0.013580223628862156,0.013580223628862156
611,-60.49511366258247,34.7319316403651,-0.9735380160798482,-0.014478174952436536,0.014478174952436536
612,-60.46706976344852,34.690665810408255,-0.9742827866819533,-0.015376544744265528,0.015376544744265528
613,-60.4390573690342,34.649378238715855,-0.97507239602254,-0.016275394173433624,0.016275394173433624
614,-60.411078573363206,34.60806802596688,-0.9759068633588225,-0.017174783105001548,0.017174783105001548
615,-60.38313547045925,34.56673427284034,-0.9767862099157282,-0.01807476997253655,0.01807476997253655
616,-60.35523015434609,34.5253760800153,-0.9777104588368009,-0.01897541171832737,0.01897541171832737
617,-60.32736471904739,34.483992548170704,-0.9786796351333299,-0.019876763734679878,0.019876763734679878
618,-60.299541258586906,34.4425827779856,-0.9796937656300813,-0.02077887973778558,0.02077887973778558
619,-60.27176186698833,34.40114587013897,-0.9807528789089042,-0.021681811759751077,0.021681811759751077
620,-60.2440286382754,34.35968092530987,-0.9818570052501037,-0.02258561001640034,0.02258561001640034
621,-60.216343666471836,34.318187044177265,-0.9830061765698559,-0.023490322829904417,0.023490322829904417
622,-60.18870904560136,34.27666332742021,-0.9842004263560837,-0.024395996591889724,0.024395996591889724
623,-60.161126869687656,34.23510887571768,-0.9854397896015396,-0.025302675635294723,0.025302675635294723
624,-60.13359923275447,34.193522789748705,-0.9867243027333699,-0.026210402166809515,0.026210402166809515
625,-60.106128228825504,34.15190417019229,-0.9880540035405302,-0.027119216192924137,0.027119216192924137
626,-60.078715951924494,34.11025211772745,-0.9894289310979348,-0.028029155406141,0.028029155406141
627,-60.05136449607515,34.0685657330332,-0.9908491256881682,-0.02894025514323467,0.02894025514323467
628,-60.02407595530119,34.02684411678854,-0.9923146287199698,-0.0298525482386704,0.0298525482386704
629,-59.996852423626336,33.98508636967249,-0.9938254826438948,-0.030766064997658327,0.030766064997658327
630,-59.969695995074304,33.943291592364055,-0.9953817308650602,-0.03168083304495939,0.03168083304495939
631,-59.9426087636688,33.90145888554226,-0.9969834176529931,-0.03259687729727499,0.03259687729727499
632,-59.915592823433556,33.8595873498861,-0.9986305880480656,-0.03351421979021893,0.03351421979021893
633,-59.8886502683923,33.8176760860746,-1.0003232877647614,-0.03443287965929986,0.03443287965929986
634,-59.86178319256872,33.775724194786754,-1.0020615630927219,-0.035352873003954996,0.035352873003954996
635,-59.83499368998656,33.7337307767016,-1.0038454607940128,-0.03627421280438457,0.03627421280438457
636,-59.80828385466953,33.69169493249812,-1.0056750279968463,-0.037196908794459235,0.037196908794459235
637,-59.781655780641344,33.64961576285534,-1.0075503120867675,-0.03812096741734509,0.03812096741734509
638,-59.75511156192573,33.60749236845228,-1.0094713605942716,-0.03904639165625253,0.03904639165625253
639,-59.72865329254637,33.56532384996793,-1.0114382210799642,-0.03997318103363601,0.03997318103363601
640,-59.702283066527045,33.523109308081324,-1.0134509410144845,-0.04090133132893066,0.04090133132893066
641,-59.67600297789143,33.480847843471466,-1.0155095676567039,-0.04183083471852271,0.04183083471852271
642,-59.64981512066324,33.43853855681734,-1.0176141479290985,-0.042761679447807455,0.042761679447807455
643,-59.62372158886622,33.39618054879801,-1.019764728287839,-0.04369384987190697,0.04369384987190697
644,-59.59772447652407,33.35377292009244,-1.0219613545908,-0.044627326255755974,0.044627326255755974
645,-59.571825877660515,33.31131477137967,-1.024204071961895,-0.045562084749773135,0.045562084749773135
646,-59.54602788629927,33.26880520333871,-1.0264929246523125,-0.04649809721296839,0.04649809721296839
647,-59.52033259646406,33.22624331664855,-1.0288251299227587,-0.04732160089203447,0.04732160089203447
648,-59.494741846060926,33.18362833132786,-1.0311763364444089,-0.04727815576838655,0.04727815576838655
649,-59.469255519587335,33.14096037759847,-1.0335150434859455,-0.04683408056750881,0.04683408056750881
650,-59.44387260175384,33.098240004943555,-1.0358312265821303,-0.04638657722300384,0.04638657722300384
651,-59.418592072480095,33.05546776507872,-1.0381247909043319,-0.045937819922207676,0.045937819922207676
652,-59.393412911685736,33.012644209719525,-1.0403956960642151,-0.04548785469093841,0.04548785469093841
653,-59.3683340992904,32.96976989058155,-1.0426439031974897,-0.045036726622181084,0.045036726622181084
654,-59.34335461521373,32.926845359380394,-1.0448693749321916,-0.04458447990640225,0.04458447990640225
655,-59.31847343937537,32.883871167831636,-1.0470720753564522,-0.044131157775966476,0.044131157775966476
656,-59.293689551694904,32.84084786765084,-1.0492519699877105,-0.043676802614847264,0.043676802614847264
657,-59.26900193209202,32.797776010553584,-1.051409025740418,-0.04322145578445742,0.04322145578445742
658,-59.244409560486325,32.754656148255464,-1.0535432108939728,-0.042765157804414,0.042765157804414
659,-59.21991141679746,32.71148883247206,-1.055654495062857,-0.04230794825778205,0.04230794825778205
660,-59.195506480945106,32.66827461491894,-1.0577428491628682,-0.04184986572656621,0.04184986572656621
661,-59.17119373284881,32.62501404731169,-1.0598082453818292,-0.041390948035500655,0.041390948035500655
662,-59.146972152428276,32.58170768136589,-1.061850657148631,-0.04093123193958991,0.04093123193958991
663,-59.122840719603126,32.53835606879712,-1.0638700590999473,-0.040470753342745795,0.040470753342745795
664,-59.09879841429296,32.494959761320956,-1.0658664270520475,-0.04000954728424033,0.04000954728424033
665,-59.07484421641745,32.451519310652984,-1.0678397379690416,-0.039547647808830716,0.039547647808830716
666,-59.050977105896244,32.40803526850878,-1.0697899699315716,-0.03908508811555696,0.03908508811555696
667,-59.02719606264895,32.36450818660394,-1.0717171021081002,-0.038621900514637306,0.038621900514637306
668,-59.0035000665952,32.32093861665403,-1.0736211147243406,-0.038158116397269654,0.038158116397269654
669,-58.97988809765464,32.27732711037462,-1.075501989033064,-0.03769376628305126,0.03769376628305126
670,-58.95635913574691,32.23367421948131,-1.0773597072846333,-0.037228879803967774,0.037228879803967774
671,-58.93291216079163,32.18998049568966,-1.079194252697896,-0.03676348573769162,0.03676348573769162
672,-58.90954615270845,32.146246490715264,-1.0810056094310638,-0.03629761197652239,0.03629761197652239
673,-58.886260091417014,32.10247275627371,-1.0827937625525201,-0.03583128555892706,0.03583128555892706
674,-58.86305295683694,32.058659844080566,-1.0845586980124708,-0.03536453267554056,0.03536453267554056
675,-58.83992372888785,32.0148083058514,-1.0863004026150764,-0.03489737868641087,0.03489737868641087
676,-58.816871387489414,31.970918693301826,-1.0880188639895947,-0.034429848067928676,0.034429848067928676
677,-58.793894912561235,31.92699155814738,-1.0897140705629962,-0.03396196452991325,0.03396196452991325
678,-58.77099328402298,31.883027452103693,-1.0913860115330112,-0.03349375092012919,0.03349375092012919
679,-58.74816548179427,31.83902692688631,-1.0930346768401262,-0.03302522928277881,0.03302522928277881
680,-58.725410485794725,31.79499053421081,-1.094660057141365,-0.03255642087662986,0.03255642087662986
681,-58.70272727594399,31.750918825792787,-1.0962621437840128,-0.032087346160256915,0.032087346160256915
682,-58.68011483216173,31.70681235334782,-1.0978409287785849,-0.03161802478158288,0.03161802478158288
683,-58.65757213436755,31.662671668591493,-1.0993964047733054,-0.031148475655036735,0.031148475655036735
684,-58.63509816248107,31.618497323239367,-1.100928565029395,-0.030678716922954083,0.030678716922954083
685,-58.612691896421964,31.574289869007043,-1.1024374033948552,-0.030208765939438706,0.030208765939438706
686,-58.59035231610984,31.530049857610084,-1.1039229142797968,-0.02973863935518296,0.02973863935518296
687,-58.568078401464355,31.48577784076409,-1.1053850926323423,-0.029268353061906765,0.029268353061906765
688,-58.545869132405116,31.441474370184622,-1.1068239339144454,-0.028797922251333007,0.028797922251333007
689,-58.52372348885179,31.397139997587278,-1.108239434077585,-0.02832736135744545,0.02832736135744545
690,-58.50164045072399,31.352775274687623,-1.1096315895397395,-0.02785668417301005,0.02785668417301005
691,-58.47961899794135,31.308380753201227,-1.1110003971625066,-0.02738590374539954,0.02738590374539954
692,-58.45765811042353,31.26395698484371,-1.1123458542278055,-0.026915032471056394,0.026915032471056394
693,-58.43575676809015,31.219504521330617,-1.113667958415749,-0.026444082055347633,0.026444082055347633
694,-58.41391395086083,31.175023914377537,-1.1149667077831182,-0.02597306358399517,0.02597306358399517
695,-58.39212863865524,31.13051571570006,-1.1162421007411971,-0.02550198743305057,0.02550198743305057
696,-58.37039981139298,31.085980477013756,-1.1174941360345794,-0.0250308634056583,0.0250308634056583
697,-58.3487264489937,31.041418750034197,-1.1187228127206663,-0.024559700630205513,0.024559700630205513
698,-58.327107531377045,30.996831086476984,-1.119928130148745,-0.024088507652927783,0.024088507652927783
699,-58.30554203846264,30.95221803805768,-1.121110087940285,-0.023617292401825158,0.023617292401825158
700,-58.28402895017014,30.907580156491886,-1.1222686859686861,-0.02314606220803115,0.02314606220803115
701,-58.26256724641915,30.86291799349516,-1.123403924340063,-0.022674823834087508,0.022674823834087508
702,-58.24115590712928,30.818232100783078,-1.1245158033756646,-0.022203583519020895,0.022203583519020895
703,-58.21979391222026,30.77352303007125,-1.1256043235908306,-0.021732346801210403,0.021732346801210403
704,-58.19848024161164,30.728791333075225,-1.126669485677928,-0.02126111886393779,0.02126111886393779
705,-58.1772138752231,30.684037561510607,-1.1277112904893685,-0.020789904200471616,0.020789904200471616
706,-58.15599379297424,30.639262267092956,-1.1287297390190922,-0.020318706895233705,0.020318706895233705
707,-58.13481897478475,30.59446600153788,-1.1297248323857965,-0.01984753042030557,0.01984753042030557
708,-58.11368840057421,30.549649316560927,-1.1306965718159765,-0.01937637783948134,0.01937637783948134
709,-58.09260105026228,30.504812763877695,-1.131644958628422,-0.0189052516704267,0.0189052516704267
710,-58.071555903768584,30.45995689520376,-1.1325699942178842,-0.01843415399689894,0.01843415399689894
711,-58.050551941012785,30.4150822622547,-1.1334716800388955,-0.01796308637047443,0.01796308637047443
712,-58.02958814191447,30.3701894167461,-1.1343500175916794,-0.01749205000081498,0.01749205000081498
713,-58.008663486393324,30.32527891039354,-1.1352050084073027,-0.017021045542693795,0.017021045542693795
714,-57.98777695436897,30.2803512949126,-1.1360366540319604,-0.016550073281603156,0.016550073281603156
715,-57.96692752576101,30.235407122018845,-1.1368449560150231,-0.016079133107794383,0.016079133107794383
716,-57.94611418048913,30.190446943427887,-1.1376299158938699,-0.015608224420189224,0.015608224420189224
717,-57.92533589847292,30.145471310855275,-1.138391535181143,-0.015137346328003757,0.015137346328003757
718,-57.90459165963204,30.100480776016607,-1.1391298153526592,-0.014666497483161624,0.014666497483161624
719,-57.88388044388612,30.055475890627452,-1.1398447578337587,-0.014195676192764432,0.014195676192764432
720,-57.86320123115482,30.010457206403416,-1.14053636398754,-0.01372488039013049,0.01372488039013049
721,-57.84255300135772,29.96542527506004,-1.1412046351038836,-0.013254107703475425,0.013254107703475425
722,-57.8219347344145,29.920380648312925,-1.1418495723879096,-0.012783355371943413,0.012783355371943413
723,-57.80134541024479,29.875323877877655,-1.1424711769480065,-0.012312620319863889,0.012312620319863889
724,-57.78078400876821,29.830255515469805,-1.1430694497867266,-0.011841899205869972,0.011841899205869972
725,-57.760249509904405,29.78517611280495,-1.1436443917900339,-0.01137118831483349,0.01137118831483349
726,-57.73974089357301,29.740086221598677,-1.1441960037171253,-0.010900483696689682,0.010900483696689682
727,-57.71925713969365,29.694986393566563,-1.1447242861918272,-0.010429781098702143,0.010429781098702143
728,-57.69879722818599,29.649877180424188,-1.1452292396927792,-0.009959075991822552,0.009959075991822552
729,-57.67836013896964,29.60475913388714,-1.1457108645451524,-0.009488363613828184,0.009488363613828184
730,-57.657944851964224,29.55963280567099,-1.1461691609128102,-0.009017638951481076,0.009017638951481076
731,-57.637550347089395,29.514498747491313,-1.1466041287898978,-0.0085468967428816,0.0085468967428816
732,-57.6171756042648,29.469357511063706,-1.1470157679930717,-0.008076131508354135,0.008076131508354135
733,-57.59681960341007,29.42420964810374,-1.1474040781547525,-0.007605337568408082,0.007605337568408082
734,-57.57648132444482,29.37905571032699,-1.147769058716656,-0.007134509044447148,0.007134509044447148
735,-57.55615974728871,29.33389624944905,-1.1481107089228673,-0.006663639846976343,0.006663639846976343
736,-57.535853851861354,29.288731817185486,-1.1484290278138904,-0.006192723734365039,0.006192723734365039
737,-57.515562618082384,29.243562965251886,-1.1487240142217843,-0.005721754305183394,0.005721754305183394
738,-57.49528502587147,29.19839024536382,-1.1489956667636194,-0.005250724945631133,0.005250724945631133
739,-57.475020055148214,29.153214209236886,-1.1492439838373107,-0.004779628985360833,0.004779628985360833
740,-57.454766685832276,29.10803540858665,-1.149468963617192,-0.0043084595386540196,0.0043084595386540196
741,-57.434523897843256,29.062854395128696,-1.1496706040498887,-0.003837209682710659,0.003837209682710659
742,-57.41429067110084,29.017671720578612,-1.1498489028501557,-0.0033658722852681596,0.0033658722852681596
743,-57.394065985524605,28.97248793665196,-1.150003857497629,-0.002894440221373069,0.002894440221373069
744,-57.37384882103423,28.927303595064334,-1.1501354652344926,-0.002422906200926327,0.002422906200926327
745,-57.353638157549355,28.882119247531314,-1.1502437230612221,-0.0019512628707979015,0.0019512628707979015
746,-57.33343297498958,28.836935445768475,-1.1503286277361688,-0.0014795028753548526,0.0014795028753548526
747,-57.31323225327458,28.791752741491408,-1.1503901757725172,-0.001007618697149137,0.001007618697149137
748,-57.29303497232394,28.746571686415667,-1.1504283634370338,-0.0005356028960073948,0.0005356028960073948
749,-57.27284011205734,28.701392832256865,-1.1504431867494824,-6.344790439487838e-05,6.344790439487838e-05
750,-57.25264665239441,28.656216730730563,-1.1504346414801532,0.0004088538368772063,0.0004088538368772063
751,-57.23245357325474,28.611043933552335,-1.1504027231518898,0.0008813098250122763,0.0008813098250122763
752,-57.21225985455802,28.565874992437784,-1.1503474368521616,0.0013535309652807767,0.0013535309652807767
753,-57.19206447706044,28.520710458594476,-1.1502718047302172,0.0017039363593658716,0.0017039363593658716
754,-57.17186667871315,28.475550727046812,-1.1501861037820458,0.0017607798798760625,0.0017607798798760625
755,-57.1516663165934,28.430395816851345,-1.150098667355305,0.001774334423915498,0.001774334423915498
756,-57.13146333905117,28.38524569163872,-1.1500105663792846,0.0017878856481210877,0.0017878856481210877
757,-57.11125769443641,28.340100315039557,-1.1499218010134984,0.0018014333907143683,0.0018014333907143683
758,-57.091049331099086,28.294959650684493,-1.1498323714221295,0.0018149775328149703,0.0018149775328149703
759,-57.07083819738915,28.249823662204157,-1.1497422777736672,0.0018285179272852742,0.0018285179272852742
760,-57.05062424165658,28.204692313229202,-1.1496515202414253,0.0018420544341926806,0.0018420544341926806
761,-57.03040741225134,28.15956556739024,-1.1495600990026682,0.0018555869417578343,0.0018555869417578343
762,-57.01018765752339,28.11444338831792,-1.1494680142394702,0.001869115275232697,0.001869115275232697
763,-56.98996492582271,28.06932573964289,-1.1493752661383545,0.0018826393373789234,0.0018826393373789234
764,-56.96973916549924,28.02421258499576,-1.149281854890379,0.0018961589499948367,0.0018961589499948367
765,-56.94951032490298,27.97910388800717,-1.1491877806908875,0.0019096740258244737,0.0019096740258244737
766,-56.92927835238386,27.933999612307765,-1.149093043739659,0.001923184380627121,0.001923184380627121
767,-56.90904319629186,27.888899721528176,-1.1489976442414676,0.0019366899044742027,0.0019366899044742027
768,-56.88880480497695,27.843804179299042,-1.1489015824049675,0.001950190458191154,0.001950190458191154
769,-56.86856312678908,27.798712949250994,-1.1488048584438382,0.0019636858855329705,0.0019636858855329705
770,-56.84831811007824,27.75362599501467,-1.1487074725757485,0.0019771760891664557,0.0019771760891664557
771,-56.82806970319436,27.708543280220688,-1.1486094250229326,0.0019906608895996027,0.0019906608895996027
772,-56.807817854487425,27.663464768499704,-1.1485107160126782,0.0020041401696711,0.0020041401696711
773,-56.78756251230741,27.618390423482346,-1.1484113457759944,0.0020176138038287437,0.0020176138038287437
774,-56.76730362500426,27.573320208799252,-1.1483113145486439,0.002031081633100874,0.002031081633100874
775,-56.74704114092794,27.528254088081052,-1.1482106225713484,0.0020445435236600288,0.0020445435236600288
776,-56.72677500842844,27.48319202495838,-1.1481092700884534,0.00205799937055691,0.00205799937055691
777,-56.70650517585568,27.43813398306188,-1.1480072573493503,0.0020714489823897846,0.0020714489823897846
778,-56.68623159155966,27.39307992602218,-1.1479045846083795,0.0020848922581501415,0.0020848922581501415
779,-56.665954203890365,27.348029817469918,-1.1478012521230898,0.002098329076945766,0.002098329076945766
780,-56.64567296119772,27.302983621035736,-1.1476972601562132,0.0021117592577654257,0.0021117592577654257
781,-56.62538781183169,27.257941300350247,-1.1475926089751802,0.002125182699411517,0.002125182699411517
782,-56.60509870414224,27.212902819044096,-1.14748729885193,0.002138599228554349,0.002138599228554349
783,-56.58480558647938,27.167868140747935,-1.1473813300622655,0.0021520087701255397,0.0021520087701255397
784,-56.56450840719302,27.122837229092386,-1.1472747028868264,0.0021654111114293843,0.0021654111114293843
785,-56.544207114633146,27.077810047708073,-1.1471674176110997,0.002178806177016759,0.002178806177016759
786,-56.52390165714972,27.032786560225645,-1.147059474524408,0.0021921937951432744,0.0021921937951432744
787,-56.503591983092726,26.987766730275744,-1.146950873920853,0.0022055738522470916,0.0022055738522470916
788,-56.483278040812095,26.942750521488986,-1.146841616099095,0.0022189461854627253,0.0022189461854627253
789,-56.462959778657826,26.897737897496018,-1.1467317013620437,0.002232310693916986,0.002232310693916986
790,-56.44263714497985,26.85272882192747,-1.1466211300173355,0.002245667195317007,0.002245667195317007
791,-56.42231008812817,26.807723258413994,-1.1465099023769414,0.0022590156048136467,0.0022590156048136467
792,-56.40197855645272,26.7627211705862,-1.1463980187570904,0.0022723557432188296,0.0022723557432188296
793,-56.38164249830347,26.71772252207473,-1.1462854794789576,0.002285687497876764,0.002285687497876764
794,-56.361301862030395,26.67272727651023,-1.1461722848678533,0.002299010722517787,0.002299010722517787
795,-56.34095659598346,26.627735397523324,-1.1460584352535224,0.0023123252923592063,0.0023123252923592063
796,-56.32060664851261,26.58274684874465,-1.1459439309703467,0.0023256310530421773,0.0023256310530421773
797,-56.30025196796783,26.537761593804852,-1.145828772357274,0.0023389278827383748,0.0023389278827383748
798,-56.27989250269909,26.492779596334554,-1.145712959757172,0.0023522156532716533,0.0023522156532716533
799,-56.25952820105633,26.44780081996439,-1.1455964935179326,0.002365494198170565,0.002365494198170565
800,-56.23915901138953,26.402825228325,-1.1454793739918467,0.002378763414663729,0.002378763414663729
801,-56.21878488204866,26.357852785047015,-1.1453616015351709,0.00239202315392048,0.00239202315392048
802,-56.19840576138367,26.31288345376108,-1.1452431765092175,0.002405273269046241,0.002405273269046241
803,-56.17802159774454,26.267917198097827,-1.1451240992796117,0.0024185136414343962,0.0024185136414343962
804,-56.15763233948124,26.222953981687883,-1.1450043702159431,0.0024317441383450017,0.0024317441383450017
805,-56.13723793494371,26.177993768161887,-1.1448839896925236,0.0024449646105939274,0.0024449646105939274
806,-56.11683833248192,26.133036521150473,-1.144762958088646,0.002458174915005614,0.002458174915005614
807,-56.09643348044585,26.088082204284277,-1.1446412757875768,0.0024713749433738687,0.0024713749433738687
808,-56.07602332718548,26.043130781193952,-1.144518943176506,0.0024845645545371596,0.0024845645545371596
809,-56.05560782105073,25.998182215510102,-1.1443959606478729,0.0024977435867825503,0.0024977435867825503
810,-56.03518691039159,25.953236470863374,-1.144272328598355,0.0025109119399432983,0.0025109119399432983
811,-56.01476054355801,25.90829351088441,-1.1441480474288894,0.002524069451571682,0.002524069451571682
812,-55.99432866889998,25.86335329920384,-1.1440231175451023,0.0025372160042136465,0.0025372160042136465
813,-55.973891234767464,25.818415799452296,-1.1438975393564508,0.0025503514702757304,0.0025503514702757304
814,-55.953448189510404,25.773480975260426,-1.1437713132773402,0.0025634756871691427,0.0025634756871691427
815,-55.932999481478774,25.728548790258845,-1.1436444397265337,0.002576588551312854,0.002576588551312854
816,-55.91254505902253,25.683619208078202,-1.1435169191272512,0.002589689896262033,0.002589689896262033
817,-55.89208487049166,25.638692192349133,-1.1433887519071717,0.0026027796184292856,0.0026027796184292856
818,-55.871618864236126,25.593767706702266,-1.1432599384976088,0.002615857584925576,0.002615857584925576
819,-55.85114698860586,25.548845714768245,-1.1431304793353885,0.0026289236161906237,0.0026289236161906237
820,-55.830669191950875,25.50392618017769,-1.1430003748611044,0.002641977650166074,0.002641977650166074
821,-55.81018542262108,25.459009066561247,-1.1428696255199804,0.0026550194724711024,0.0026550194724711024
822,-55.789695628966506,25.41409433754955,-1.1427382317615136,0.0026680490356540995,0.0026680490356540995
823,-55.769199759337056,25.369181956773236,-1.1426061940395114,0.0026810661239476965,0.0026810661239476965
824,-55.74869776208274,25.324271887862935,-1.142473512812467,0.0026940706748735206,0.0026940706748735206
825,-55.728189585553494,25.27936409444929,-1.1423401885428135,0.0027070625029765086,0.0027070625029765086
826,-55.707675178099294,25.234458540162926,-1.1422062216979687,0.002720041503643032,0.002720041503643032
827,-55.68715448807011,25.189555188634486,-1.1420716127491881,0.002733007538018502,0.002733007538018502
828,-55.66662746381589,25.144654003494598,-1.1419363621722447,0.002745960474071896,0.002745960474071896
829,-55.64609405368661,25.099754948373896,-1.141800470447503,0.0027589001701617175,0.0027589001701617175
830,-55.62555420603225,25.05485798690303,-1.141663938059333,0.002771826518131326,0.002771826518131326
831,-55.60500786920274,25.00996308271262,-1.141526765496797,0.002784739348656035,0.002784739348656035
832,-55.58445499154808,24.96507019943331,-1.1413889532532184,0.0027976385712450307,0.0027976385712450307
833,-55.56389552141821,24.92017930069572,-1.1412505018258647,0.0028105240295702,0.0028105240295702
834,-55.5433294071631,24.87529035013051,-1.1411114117169847,0.00282339559129791,0.00282339559129791
835,-55.52275659713271,24.83040331136829,-1.1409716834331698,0.002836253126136325,0.002836253126136325
836,-55.50217703967704,24.785518148039714,-1.1408313174846358,0.0028490965310182387,0.0028490965310182387
837,-55.48159068314602,24.74063482377541,-1.1406903143863,0.002861925632250552,0.002861925632250552
838,-55.46099747588961,24.69575330220601,-1.140548674658038,0.002874740316484926,0.002874740316484926
839,-55.44039736625782,24.650873546962156,-1.1404063988229827,0.002887540479102428,0.002887540479102428
840,-55.41979030260056,24.605995521674476,-1.1402634874089805,0.0029003259480389946,0.0029003259480389946
841,-55.39917623326781,24.561119189973603,-1.1401199409487712,0.0029130966115139775,0.0029130966115139775
842,-55.37855510660955,24.516244515490182,-1.1399757599790223,0.0029258523367941083,0.0029258523367941083
843,-55.35792687097575,24.471371461854844,-1.1398309450401485,0.002938593019597596,0.002938593019597596
844,-55.33729147471635,24.426499992698222,-1.1396854966773275,0.002951318486244114,0.002951318486244114
845,-55.316648866181325,24.38163007165095,-1.1395394154404248,0.0029640286357283654,0.0029640286357283654
846,-55.29599899372064,24.336761662343665,-1.139392701883269,0.0029767233239007475,0.0029767233239007475
847,-55.27534180568428,24.291894728407005,-1.1392453565636111,0.0029894024515879627,0.0029894024515879627
848,-55.254677250422176,24.247029233471604,-1.1390973800437592,0.0030020658492210194,0.0030020658492210194
849,-55.234005276284314,24.20216514116809,-1.138948772890576,0.003014713417845721,0.003014713417845721
850,-55.21332583162065,24.157302415127106,-1.1387995356748877,0.00302734501214819,0.00302734501214819
851,-55.192638864781166,24.11244101897929,-1.1386496689716068,0.003039960528319936,0.003039960528319936
852,-55.171944324115785,24.06758091635526,-1.1384991733604568,0.003052559792000061,0.003052559792000061
853,-55.15124215797453,24.02272207088568,-1.1383480494250764,0.0030651427358265675,0.0030651427358265675
854,-55.13053231470732,23.977864446201156,-1.1381962977531557,0.0030777091802141592,0.0030777091802141592
855,-55.10981474266414,23.933008005932336,-1.138043918937031,0.0030902590338506954,0.0030902590338506954
856,-55.08908939019496,23.88815271370986,-1.1378909135727624,0.00310279215482569,0.00310279215482569
857,-55.06835620564971,23.843298533164347,-1.1377372800236316,0.0031153990212991886,0.0031153990212991886
858,-55.047615137530066,23.798445428781513,-1.1375829350174655,0.0031312948234240587,0.0031312948234240587
859,-55.026866139866804,23.753593396221603,-1.1374276942713613,0.0031513543908135225,0.0031513543908135225
860,-55.00610917366828,23.708742470485582,-1.1372714482322615,0.003171679932873455,0.003171679932873455
861,-54.985344200389136,23.66389268909047,-1.1371141902933508,0.0031920050283809984,0.0031920050283809984
862,-54.964571181484004,23.61904408955328,-1.1369559204340465,0.0032123297333359214,0.0032123297333359214
863,-54.94379007840749,23.574196709391007,-1.1367966386320452,0.0032326540993611705,0.0032326540993611705
864,-54.923000852614216,23.529350586120685,-1.1366363448633163,0.003252978182673832,0.003252978182673832
865,-54.90220346555879,23.4845057572593,-1.1364750391020897,0.003273302035218297,0.003273302035218297
866,-54.881397878695864,23.43966226032389,-1.1363127213205355,0.0032936257260571923,0.0032936257260571923
867,-54.860584053480046,23.394820132831455,-1.1361493914886112,0.0033139493132107716,0.0033139493132107716
868,-54.83976195136592,23.349979412298985,-1.135985049575236,0.0033342728181127855,0.0033342728181127855
869,-54.81893153380818,23.30514013624354,-1.135819695546846,0.0033545963570660656,0.0033545963570660656
870,-54.79809276226138,23.260302342182086,-1.135653329367981,0.003374919927726957,0.003374919927726957
871,-54.77724559818018,23.21546606763166,-1.1354859510019277,0.0033952436201551174,0.0033952436201551174
872,-54.756390003019185,23.17063135010926,-1.1353175604095327,0.0034155674800067995,0.0034155674800067995
873,-54.73552593823302,23.125798227131906,-1.1351481575500004,0.0034358915648538815,0.0034358915648538815
874,-54.71465336527629,23.080966736216606,-1.1349777423810155,0.0034562159153057343,0.0034562159153057343
875,-54.693772245603654,23.036136914880377,-1.1348063148578875,0.003476540623434396,0.003476540623434396
876,-54.67288254066968,22.991308800640223,-1.134633874934667,0.0034968656845558123,0.0034968656845558123
877,-54.651984211929054,22.94648243101316,-1.1344604225633048,0.003517191224614943,0.003517191224614943
878,-54.631077220836346,22.901657843516197,-1.1342859576935733,0.003537517242018111,0.003537517242018111
879,-54.61016152884619,22.856835075666357,-1.1341104802743496,0.0035578438106554644,0.0035578438106554644
880,-54.58923709741321,22.812014164980624,-1.1339339902520007,0.003578170994140351,0.003578170994140351
881,-54.56830388799202,22.76719514897604,-1.1337564875713784,0.0035984988259947608,0.0035984988259947608
882,-54.547361862037256,22.722378065169593,-1.1335779721755341,0.0036188273812377374,0.0036188273812377374
883,-54.52641098100353,22.67756295107832,-1.1333984440056832,0.0036391566946960842,0.0036391566946960842
884,-54.50545120634547,22.632749844219212,-1.1332179030012448,0.0036594868397047185,0.0036594868397047185
885,-54.484482499517675,22.587938782109276,-1.133036349099879,0.0036798178493747087,0.0036798178493747087
886,-54.46350482197479,22.54312980226555,-1.1328537822377474,0.003700149786457014,0.003700149786457014
887,-54.44251813517142,22.498322942205018,-1.1326702023489688,0.003720482705910091,0.003720482705910091
888,-54.421522400562196,22.45351823944471,-1.1324856093660236,0.003740816654009949,0.003740816654009949
889,-54.40051757960175,22.40871573150163,-1.1323000032194404,0.003761151698260993,0.003761151698260993
890,-54.37950363374466,22.36391545589278,-1.1321133838382897,0.0037814878648624426,0.0037814878648624426
891,-54.35848052444559,22.31911745013519,-1.1319257511501342,0.003801825223174566,0.003801825223174566
892,-54.337448213159156,22.274321751745866,-1.131737105080026,0.0038221638398209553,0.0038221638398209553
893,-54.31640666133995,22.22952839824181,-1.1315474455521426,0.0038425037179419105,0.0038425037179419105
894,-54.29535583044264,22.18473742714005,-1.131356772488437,0.0038628449785074724,0.0038628449785074724
895,-54.27429568192179,22.13994887595758,-1.1311650858091464,0.0038831876040495775,0.0038831876040495775
896,-54.25322617723207,22.09516278221143,-1.13097238543331,0.0039035316944613357,0.0039035316944613357
897,-54.232147277828076,22.050379183418592,-1.1307786712775891,0.003923877279786504,0.003923877279786504
898,-54.211058945164424,22.00559811709609,-1.1305839432576812,0.003944224402718711,0.003944224402718711
899,-54.189961140695765,21.96081962076093,-1.1303882012869793,0.003964573147268147,0.003964573147268147
900,-54.16885382587669,21.91604373193013,-1.1301914452772672,0.003984923527964232,0.003984923527964232
901,-54.14773696216182,21.8712704881207,-1.1299936751392257,0.004005275608224073,0.004005275608224073
902,-54.126610511005794,21.82649992684964,-1.1297948907813944,0.004025629444345562,0.004025629444345562
903,-54.10547443386323,21.781732085633976,-1.1295950921106348,0.0040459850809728545,0.0040459850809728545
904,-54.08432869218874,21.73696700199071,-1.1293942790320588,0.004066342577115456,0.004066342577115456
905,-54.06317324743693,21.69220471343686,-1.12919245144971,0.004086701949770931,0.004086701949770931
906,-54.042008061062454,21.64744525748944,-1.1289896092657246,0.004107063291739937,0.004107063291739937
907,-54.020833094519915,21.602688671665454,-1.128785752380354,0.004127426618923084,0.004127426618923084
908,-53.99964830926396,21.557934993481926,-1.1285808806921076,0.004147792018277405,0.004147792018277405
909,-53.978453666749154,21.51318426045584,-1.128374994098302,0.004168159483342805,0.004168159483342805
910,-53.95724912843016,21.468436510104237,-1.1281680924949011,0.004188529107432574,0.004188529107432574
911,-53.9360346557616,21.42369177994411,-1.1279601757753972,0.0042089009291298605,0.0042089009291298605
912,-53.914810210198084,21.378950107492486,-1.1277512438321435,0.004229274987790754,0.004229274987790754
913,-53.89357575319423,21.334211530266373,-1.1275412965562448,0.004249651326294249,0.004249651326294249
914,-53.872331246204666,21.28947608578276,-1.1273303338366365,0.004270030021043898,0.004270030021043898
915,-53.851076650684014,21.244743811558696,-1.1271183555607598,0.00429041108753548,0.00429041108753548
916,-53.82981192808688,21.200014745111158,-1.1269053616147562,0.004310794594160398,0.004310794594160398
917,-53.80853703986789,21.155288923957183,-1.1266913518831596,0.004331180568704208,0.004331180568704208
918,-53.78725194748168,21.110566385613772,-1.1264763262490607,0.004351569072841884,0.004351569072841884
919,-53.765956612382865,21.06584716759793,-1.126260284593295,0.004371960166930056,0.004371960166930056
920,-53.744650996026046,21.021131307426682,-1.1260432267959866,0.004392353850238278,0.004392353850238278
921,-53.72333505986588,20.97641884261703,-1.1258251527354743,0.00441275022629681,0.00441275022629681
922,-53.70200876535697,20.93170981068599,-1.125606062287854,0.004433149312766479,0.004433149312766479
923,-53.680672073953914,20.887004249150575,-1.1253859553290007,0.004453551131362059,0.004453551131362059
924,-53.65932494711138,20.84230219552779,-1.1251648317323486,0.0044739557892026815,0.0044739557892026815
925,-53.63796734628394,20.79760368733465,-1.12494269136977,0.004494363272495522,0.004494363272495522
926,-53.61659923292625,20.75290876208817,-1.124719534112192,0.004514773663176612,0.004514773663176612
927,-53.5952205684929,20.708217457305352,-1.1244953598288168,0.004535186978912887,0.004535186978912887
928,-53.57383131443854,20.663529810503213,-1.1242701683872254,0.004555603297240946,0.004555603297240946
929,-53.55243143221779,20.618845859198775,-1.1240439596532965,0.004576022638986899,0.004576022638986899
930,-53.531020883285244,20.574165640909037,-1.1238167334920914,0.004596445045846883,0.004596445045846883
931,-53.509599629095554,20.529489193151008,-1.1235884897667368,0.004616870583544806,0.004616870583544806
932,-53.48816763110334,20.48481655344172,-1.1233592283385907,0.004637299287003356,0.004637299287003356
933,-53.46672485076318,20.440147759298153,-1.1231289490683505,0.0046577311770438015,0.0046577311770438015
934,-53.445271249529746,20.395482848237343,-1.1228976518147975,0.0046781663391059795,0.0046781663391059795
935,-53.42380678885764,20.350821857776307,-1.1226653364350718,0.0046986047828259415,0.0046986047828259415
936,-53.40233143020147,20.30616482543202,-1.1224320027852155,0.004719046571529823,0.004719046571529823
937,-53.38084513501587,20.261511788721535,-1.1221976507198983,0.004739491725788575,0.004739491725788575
938,-53.35934786475546,20.216862785161833,-1.1219622800920381,0.0047599403241410775,0.0047599403241410775
939,-53.337839580874856,20.172217852269945,-1.1217258907531913,0.0047803923712078766,0.0047803923712078766
940,-53.31632024482868,20.12757702756288,-1.121488482553996,0.004800847927531169,0.004800847927531169
941,-53.294789818071564,20.082940348557635,-1.121250055343081,0.0048213070415734065,0.0048213070415734065
942,-53.273248262058125,20.038307852771243,-1.121010608967707,0.004841769747927941,0.004841769747927941
943,-53.25169553824296,19.99367957772069,-1.1207701432742505,0.004862236075312524,0.004862236075312524
944,-53.23013160808074,19.949055560923025,-1.120528658107331,0.004882706093438288,0.004882706093438288
945,-53.20855643302604,19.904435839895218,-1.1202861533099358,0.004903179825834744,0.004903179825834744
946,-53.18696997453348,19.859820452154302,-1.1200426287243381,0.00492365730495383,0.00492365730495383
947,-53.16537219405771,19.815209435217294,-1.1197980841913449,0.00494413858466144,0.00494413858466144
948,-53.14376305305335,19.77060282660119,-1.1195525195497062,0.004964623720956834,0.004964623720956834
949,-53.12214251297499,19.726000663823015,-1.1193059346374243,0.004985112714819297,0.004985112714819297
950,-53.10051053527727,19.681402984399767,-1.1190583292912932,0.0050056056406603535,0.0050056056406603535
951,-53.07886708141482,19.636809825848474,-1.1188097033464537,0.005026102517224007,0.005026102517224007
952,-53.057212112842265,19.59222122568614,-1.1185600566365121,0.005046603414033973,0.005046603414033973
953,-53.035545591014184,19.547637221429767,-1.1183093889942328,0.005067108321735269,0.005067108321735269
954,-53.01386747738524,19.50305785059638,-1.118057700251166,0.005087617324670435,0.005087617324670435
955,-52.99217773341004,19.458483150702982,-1.1178049902369667,0.005108130440866332,0.005108130440866332
956,-52.970476320543206,19.413913159266592,-1.1175512587804017,0.005128647713846771,0.005128647713846771
957,-52.94876320023936,19.369347913804223,-1.1172965057089819,0.005149169176361247,0.005149169176361247
958,-52.927038333953135,19.324787451832872,-1.117040730848413,0.005169694893886186,0.005169694893886186
959,-52.9053016831391,19.28023181086956,-1.116783934024051,0.005190224840347819,0.005190224840347819
960,-52.88355320925195,19.235681028431298,-1.1165261150594248,0.005210759140647646,0.005210759140647646
961,-52.86179287374625,19.191135142035108,-1.1162672737764687,0.0052312977591727865,0.0052312977591727865
962,-52.840020638076645,19.14659418919798,-1.1160074099968893,0.005251840765553467,0.005251840765553467
963,-52.818236463697765,19.10205820743694,-1.1157465235398685,0.005272388216652018,0.005272388216652018
964,-52.796440312064185,19.057527234269,-1.1154846142245767,0.005292940080573728,0.005292940080573728
965,-52.774632144630594,19.013001307211162,-1.1152216818684029,0.005313496485429597,0.005313496485429597
966,-52.75281192285157,18.96848046378046,-1.1149577262869381,0.005334057399809181,0.005334057399809181
967,-52.73097960818173,18.92396474149387,-1.1146927472956973,0.005354622882267789,0.005354622882267789
968,-52.709135162075704,18.879454177868432,-1.1144267447084821,0.005375192967190108,0.005375192967190108
969,-52.68727854598813,18.834948810421153,-1.1141597183376895,0.0053957677005939874,0.0053957677005939874
970,-52.6654097213736,18.79044867666903,-1.113891667994717,0.005416347100332417,0.005416347100332417
971,-52.64352864968676,18.7459538141291,-1.1136225934899606,0.0054369312123509995,0.0054369312123509995
972,-52.62163529238221,18.701464260318335,-1.1133524946324758,0.005457520068015846,0.005457520068015846
973,-52.5997296109146,18.656980052753795,-1.1130813712299017,0.005478113716154149,0.005478113716154149
974,-52.57781156673851,18.612501228952457,-1.1128092230892075,0.005498712157905912,0.005498712157905912
975,-52.555881121308595,18.568027826431344,-1.1125360500161285,0.005519315464644982,0.005519315464644982
976,-52.53393823607946,18.523559882707467,-1.1122618518149734,0.0055399236451161345,0.0055399236451161345
977,-52.511982872505726,18.47909743529783,-1.1119866282892177,0.005560536746641581,0.005560536746641581
978,-52.49001499204203,18.434640521719466,-1.111710379240945,0.005581154800287847,0.005581154800287847
979,-52.46803455614297,18.39018917948937,-1.111433104471531,0.005601777825655156,0.005601777825655156
980,-52.44604152626319,18.345743446124544,-1.1111548037806918,0.005622405892008909,0.005622405892008909
981,-52.42403586385727,18.301303359142018,-1.110875476967628,0.005643038972651699,0.005643038972651699
982,-52.40201753037989,18.256868956058796,-1.1105951238302318,0.0056636771686660045,0.0056636771686660045
983,-52.37998648728562,18.212440274391895,-1.1103137441649995,0.005684320456709614,0.005684320456709614
984,-52.357942696029106,18.168017351658314,-1.1100313377680513,0.0057049688965582854,0.0057049688965582854
985,-52.33588611806498,18.123600225375082,-1.1097479044336955,0.005725622522633573,0.005725622522633573
986,-52.31381671484783,18.079188933059203,-1.1094634439555586,0.005746281348941636,0.005746281348941636
987,-52.29173444783229,18.034783512227676,-1.1091779561264687,0.005766945414451022,0.005766945414451022
988,-52.269639278472994,17.990384000397533,-1.1088914407379158,0.005787614754750215,0.005787614754750215
989,-52.247531168224555,17.94599043508577,-1.108603897580126,0.005808289405667094,0.005808289405667094
990,-52.22541007854158,17.901602853809408,-1.1083153264429202,0.005828969367969561,0.005828969367969561
991,-52.20327597087872,17.85722129408546,-1.1080257271147276,0.005849654717095058,0.005849654717095058
992,-52.181128806690566,17.81284579343092,-1.1077350993828687,0.005870345442247123,0.005870345442247123
993,-52.15896854743176,17.768476389362824,-1.1074434430340756,0.005891041597679771,0.005891041597679771
994,-52.136795154556914,17.72411311939816,-1.1071507578536044,0.005911743208260645,0.005911743208260645
995,-52.11460858952064,17.67975602105397,-1.1068570436262686,0.005932450286343657,0.005932450286343657
996,-52.09240881377758,17.635405131847236,-1.1065623001356473,0.0059531628885732425,0.0059531628885732425
997,-52.070195788782335,17.591060489294975,-1.1062665271640948,0.005973881026767809,0.005973881026767809
998,-52.047969475989525,17.546722130914212,-1.1059697244937579,0.005994604716336285,0.005994604716336285
999,-52.0257298368538,17.502390094221944,-1.105671891905207,0.0060153340241068,0.0060153340241068
1000,-52.003476832829755,17.458064416735198,-1.105373029178008,0.0060360689423339855,0.0060360689423339855
1001,-51.98121042537201,17.413745135970974,-1.105073136091385,0.006056809510827365,0.006056809510827365
1002,-51.9589305759352,17.369432289446287,-1.1047722124232704,0.006077555760041685,0.006077555760041685
1003,-51.93663724597393,17.325125914678143,-1.10447025795081,0.00609830770924148,0.00609830770924148
1004,-51.91433039694283,17.280826049183563,-1.1041672724502603,0.006119065392828822,0.006119065392828822
1005,-51.89200999029653,17.23653273047956,-1.1038632556968375,0.006139828835916833,0.006139828835916833
1006,-51.86967598748963,17.192245996083127,-1.1035582074651584,0.006160598055066042,0.006160598055066042
1007,-51.84732834997678,17.1479658835113,-1.10325212752869,0.006181373097290541,0.006181373097290541
1008,-51.82496703921257,17.10369243028108,-1.1029450156602247,0.006202153959869429,0.006202153959869429
1009,-51.80259201665163,17.059425673909463,-1.1026368716317572,0.006222940694599147,0.006222940694599147
1010,-51.78020324374859,17.015165651913488,-1.10232769521429,0.006243733306356465,0.006243733306356465
1011,-51.75780068195806,16.970912401810146,-1.1020174861781937,0.006264531832291201,0.006264531832291201
1012,-51.73538429273467,16.926665961116463,-1.1017062442929428,0.006285336287730578,0.006285336287730578
1013,-51.71295403753306,16.88242636734945,-1.1013939693270014,0.006306146714204233,0.006306146714204233
1014,-51.69050987780781,16.8381936580261,-1.1010806610480675,0.006326963117057632,0.006326963117057632
1015,-51.66805177501356,16.793967870663444,-1.1007663192234056,0.006347785524191579,0.006347785524191579
1016,-51.64557969060491,16.749749042778472,-1.1004509436195504,0.006368613952734971,0.006368613952734971
1017,-51.62309358603653,16.705537211888227,-1.1001345340017445,0.006389448453024447,0.006389448453024447
1018,-51.600593422763,16.66133241550969,-1.099817090134649,0.006410289013398878,0.006410289013398878
1019,-51.57807916223896,16.617134691159897,-1.0994986117825256,0.006431135676611543,0.006431135676611543
1020,-51.55555076591903,16.572944076355856,-1.0991790987083632,0.006451988466089191,0.006451988466089191
1021,-51.53300819525781,16.528760608614554,-1.0988585506749415,0.006472847381435061,0.006472847381435061
1022,-51.51045141170995,16.48458432545303,-1.0985369674439425,0.0064937124817584,0.0064937124817584
1023,-51.48788037673004,16.440415264388278,-1.0982143487764526,0.006514583746216999,0.006514583746216999
1024,-51.46529505177273,16.396253462937327,-1.0978906944331615,0.0065354612256904076,0.0065354612256904076
1025,-51.44269539829263,16.35209895861718,-1.0975660041735644,0.0065563449312990634,0.0065563449312990634
1026,-51.42008137774435,16.307951788944838,-1.0972402777567756,0.006577234880961864,0.006577234880961864
1027,-51.39745295158254,16.26381199143733,-1.0969135149411016,0.006598131102767508,0.006598131102767508
1028,-51.37481008126178,16.219679603611645,-1.0965857154842844,0.006619033604673227,0.006619033604673227
1029,-51.35215272823672,16.175554662984826,-1.0962568791435778,0.006639942411448473,0.006639942411448473
1030,-51.329480853961975,16.131437207073866,-1.0959270056752846,0.006660857549538445,0.006660857549538445
1031,-51.30679441989216,16.087327273395765,-1.0955960948352137,0.006681779025091505,0.006681779025091505
1032,-51.2840933874819,16.04322489946756,-1.095264146378674,0.006702706864550634,0.006702706864550634
1033,-51.26137771818583,15.999130122806243,-1.0949311600599945,0.0067236410932873265,0.0067236410932873265
1034,-51.238647373458534,15.955042980928836,-1.0945971356334758,0.006744581699090704,0.006744581699090704
1035,-51.21590231475468,15.910963511352346,-1.0942620728523105,0.0067655287507143785,0.0067655287507143785
1036,-51.19314250352884,15.866891751593789,-1.0939259714694234,0.0067864822018655875,0.0067864822018655875
1037,-51.170367901235686,15.822827739170178,-1.0935888312372415,0.006807442130339905,0.006807442130339905
1038,-51.1475784693298,15.778771511598507,-1.0932506519069858,0.0068284085182191735,0.0068284085182191735
1039,-51.12477416926581,15.734723106395812,-1.092911433230275,0.006849381378416309,0.006849381378416309
1040,-51.101954962498354,15.690682561079086,-1.092571174957709,0.006870360749914846,0.006870360749914846
1041,-51.079120810482046,15.646649913165358,-1.092229876839069,0.006891346637353534,0.006891346637353534
1042,-51.056271674671486,15.602625200171623,-1.0918875386241595,0.006912339045580189,0.006912339045580189
1043,-51.03340751652131,15.558608459614891,-1.0915441600623368,0.006933337998029856,0.006933337998029856
1044,-51.01052829748616,15.514599729012197,-1.0911997409018717,0.006954343524971719,0.006954343524971719
1045,-50.98763397902063,15.470599045880526,-1.090854280890639,0.006975355621927834,0.006975355621927834
1046,-50.96472452257933,15.42660644773691,-1.0905077797768195,0.006996374290572584,0.006996374290572584
1047,-50.94179988961692,15.382621972098345,-1.0901602373075436,0.007017399580954103,0.007017399580954103
1048,-50.91886004158799,15.338645656481848,-1.0898116532291926,0.007038431482352818,0.007038431482352818
1049,-50.89590493994717,15.294677538404438,-1.0894620272884092,0.007059470003876836,0.007059470003876836
1050,-50.8729345461491,15.250717655383113,-1.0891113592308737,0.007080515183911631,0.007080515183911631
1051,-50.84994882164836,15.206766044934895,-1.0887596488020255,0.00710156700229054,0.00710156700229054
1052,-50.8269477278996,15.162822744576788,-1.0884068957472084,0.007122625491301883,0.007122625491301883
1053,-50.80393122635745,15.11888779182582,-1.0880530998106557,0.00714369067147176,0.00714369067147176
1054,-50.78089927847648,15.07496122419898,-1.0876982607370576,0.007164762511705282,0.007164762511705282
1055,-50.75785184571138,15.031043079213289,-1.0873423782703042,0.007185841082942072,0.007185841082942072
1056,-50.73478888951673,14.987133394385769,-1.0869854521535287,0.007206926352200224,0.007206926352200224
1057,-50.711710371347145,14.94323220723341,-1.0866274821303297,0.007228018340815558,0.007228018340815558
1058,-50.68861625265727,14.899339555273242,-1.0862684679435468,0.007249117065028135,0.007249117065028135
1059,-50.66550649490172,14.855455476022277,-1.085908409335525,0.007270222535253931,0.007270222535253931
1060,-50.6423810595351,14.811580006997506,-1.08554730604862,0.007291334747143655,0.007291334747143655
1061,-50.61923990801205,14.767713185715966,-1.0851851578247267,0.007312453729917246,0.007312453729917246
1062,-50.596083001787164,14.723855049694642,-1.0848219644056885,0.007333579462445703,0.007333579462445703
1063,-50.57291030231512,14.680005636450579,-1.0844577255325332,0.0073547120045907655,0.0073547120045907655
1064,-50.54972177105048,14.636164983500764,-1.08409244094614,0.007375851308044192,0.007375851308044192
1065,-50.526517369447866,14.592333128362206,-1.083726110388077,0.007396997398739809,0.007396997398739809
1066,-50.50329705896195,14.548510108551936,-1.0833587335983672,0.007418150318127945,0.007418150318127945
1067,-50.48006080104729,14.504695961586945,-1.082990302135888,0.007439639949937534,0.007439639949937534
1068,-50.45680855642767,14.46089072533818,-1.082619691582477,0.0075061406519300235,0.0075061406519300235
1069,-50.433540186131665,14.417094485950857,-1.082243547035671,0.007662928255872157,0.007662928255872157
1070,-50.41025535119446,14.373307426410989,-1.0818593621948163,0.007830505724665374,0.007830505724665374
1071,-50.386953688758375,14.329529741273904,-1.0814668694984935,0.007998086767105441,0.007998086767105441
1072,-50.36363483596578,14.28576162509494,-1.0810660688523117,0.008165670985866267,0.008165670985866267
1073,-50.340298429959006,14.242003272429454,-1.0806569601768705,0.00833325788107561,0.00833325788107561
1074,-50.31694410788044,14.198254877832774,-1.0802395434079217,0.008500847032165157,0.008500847032165157
1075,-50.29357150687242,14.15451663586026,-1.0798138184967614,0.008668437906310332,0.008668437906310332
1076,-50.27018026407728,14.110788741067246,-1.0793797854127174,0.008836029965189965,0.008836029965189965
1077,-50.246770016637406,14.067071388009063,-1.0789374441425634,0.009003622681781074,0.009003622681781074
1078,-50.22334040169514,14.02336477124108,-1.0784867946916898,0.00917121545239789,0.00917121545239789
1079,-50.19989105639282,13.979669085318614,-1.0780278370856162,0.009338807670514057,0.009338807670514057
1080,-50.17642161787282,13.93598452479703,-1.0775605713703655,0.009506398698507893,0.009506398698507893
1081,-50.15293172327747,13.892311284231655,-1.07708499761379,0.009673987857211158,0.009673987857211158
1082,-50.129421009749144,13.848649558177835,-1.0766011159062536,0.009841574461887808,0.009841574461887808
1083,-50.105889114430205,13.80499954119092,-1.0761089263613313,0.010009157785341023,0.010009157785341023
1084,-50.08233567446298,13.761361427826243,-1.0756084291172958,0.010176737062621614,0.010176737062621614
1085,-50.05876032698981,13.717735412639152,-1.0750996243386406,0.010344311484556674,0.010344311484556674
1086,-50.035162709153084,13.674121690184997,-1.0745825122163366,0.010511880254922813,0.010511880254922813
1087,-50.01154245809516,13.63052045501911,-1.0740570929681517,0.010679442530400696,0.010679442530400696
1088,-49.987899210958346,13.586931901696838,-1.073523366841319,0.010846997385590787,0.010846997385590787
1089,-49.96423260488502,13.543356224773515,-1.0729813341132592,0.011014543926081805,0.011014543926081805
1090,-49.94054227701755,13.499793618804507,-1.0724309950917623,0.01118208119688115,0.01118208119688115
1091,-49.91682786449827,13.45624427834513,-1.0718723501166965,0.011349608212060734,0.011349608212060734
1092,-49.893089004469545,13.412708397950748,-1.071305399561346,0.011517123939698646,0.011517123939698646
1093,-49.869325334073714,13.369186172176697,-1.0707301438336112,0.011684627322212576,0.011684627322212576
1094,-49.84553649045315,13.325677795578308,-1.0701465833763335,0.01185211729092302,0.01185211729092302
1095,-49.82172211075018,13.282183462710943,-1.0695547186694965,0.012019592675553858,0.012019592675553858
1096,-49.79788183210718,13.238703368129928,-1.068954550230991,0.012187052352306356,0.012187052352306356
1097,-49.77401529166649,13.195237706390621,-1.0683460786178005,0.01235449507839549,0.01235449507839549
1098,-49.75012212657048,13.15178667204836,-1.0677293044271696,0.012521919658047418,0.012521919658047418
1099,-49.72620197396147,13.108350459658476,-1.0671042282981176,0.012689324762140314,0.012689324762140314
1100,-49.702254470981856,13.064929263776332,-1.0664708509128722,0.012856709111412462,0.012856709111412462
1101,-49.67827925477397,13.02152327895725,-1.0658291729970653,0.013024071343025774,0.013024071343025774
1102,-49.65427596248015,12.978132699756594,-1.0651791953226395,0.013191410034157152,0.013191410034157152
1103,-49.63024423124277,12.934757720729694,-1.0645209187082063,0.013358723781038946,0.013358723781038946
1104,-49.60618369820417,12.891398536431886,-1.0638543440202703,0.013526011084511694,0.013526011084511694
1105,-49.58209400050672,12.848055341418533,-1.0631794721749726,0.01369327044336457,0.01369327044336457
1106,-49.55797477529275,12.804728330244956,-1.062496304139558,0.013860500271683989,0.013860500271683989
1107,-49.53382565970465,12.761417697466522,-1.06180484093334,0.01402769900156876,0.01402769900156876
1108,-49.50964629088473,12.71812363763855,-1.0611050836293248,0.014194864953413261,0.014194864953413261
1109,-49.48543630597539,12.674846345316405,-1.0603970333555088,0.014361996478552663,0.014361996478552663
1110,-49.46119534211893,12.631586015055413,-1.0596806912966925,0.014529091795521738,0.014529091795521738
1111,-49.43692303645773,12.588342841410917,-1.058956058695831,0.014696149172036342,0.014696149172036342
1112,-49.412619026134145,12.545117018938276,-1.0582231368549744,0.014863166759468251,0.014863166759468251
1113,-49.388282948290545,12.501908742192814,-1.0574819271367903,0.015030142734343178,0.015030142734343178
1114,-49.36391444006923,12.458718205729886,-1.056732430967126,0.015197075114868968,0.015197075114868968
1115,-49.33951313861262,12.415545604104835,-1.0559746498356406,0.015363962021727842,0.015363962021727842
1116,-49.315078681063014,12.372391131872991,-1.0552085852968254,0.015530801401571412,0.015530801401571412
1117,-49.290610704562795,12.329254983589713,-1.0544342389729504,0.015697591225287338,0.015697591225287338
1118,-49.266108846254305,12.286137353810332,-1.053651612554469,0.015864329392259006,0.015864329392259006
1119,-49.2415727432799,12.243038437090203,-1.0528607078021703,0.01603101375506248,0.01603101375506248
1120,-49.21700203278195,12.199958427984663,-1.0520615265483346,0.016197642134933656,0.016197642134933656
1121,-49.192396351902765,12.156897521049043,-1.0512540706988986,0.016364212265166267,0.016364212265166267
1122,-49.16775533778474,12.113855910838705,-1.0504383422347814,0.01653072188132219,0.01653072188132219
1123,-49.14307862757021,12.070833791908976,-1.049614343213084,0.016697168635882723,0.016697168635882723
1124,-49.11836585840153,12.027831358815217,-1.0487820757696107,0.016863550130016138,0.016863550130016138
1125,-49.09361666742105,11.984848806112748,-1.0479415421200875,0.017029863934133662,0.017029863934133662
1126,-49.06883069177115,11.941886328356937,-1.0470927445613443,0.01719610756843828,0.01719610756843828
1127,-49.04400756859413,11.898944120103112,-1.0462356854741277,0.017362278456540085,0.017362278456540085
1128,-49.019146935032396,11.85602237590661,-1.0453703673238182,0.01752837405594061,0.01752837405594061
1129,-48.99424842822826,11.81312129032279,-1.0444967926626,0.017694391668866407,0.017694391668866407
1130,-48.96931168532411,11.77024105790698,-1.0436149641312988,0.017860328644518,0.017860328644518
1131,-48.94433634346228,11.727381873214537,-1.0427248844604755,0.018026182206608087,0.018026182206608087
1132,-48.919322039785136,11.684543930800798,-1.0418265564729812,0.018191949566719757,0.018191949566719757
1133,-48.894268411435,11.641727425221093,-1.0409199830855356,0.01835762785008301,0.01835762785008301
1134,-48.86917509555426,11.598932551030789,-1.0400051673103219,0.018523214168870133,0.018523214168870133
1135,-48.84404172928526,11.556159502785208,-1.0390821122564617,0.018688705553702892,0.018688705553702892
1136,-48.818867949770336,11.513408475039705,-1.038150821132688,0.018854098973442025,0.018854098973442025
1137,-48.79365339415186,11.470679662349623,-1.0372112972486702,0.019019391369642636,0.019019391369642636
1138,-48.768397699572176,11.42797325927029,-1.036263544016729,0.019184579606292333,0.019184579606292333
1139,-48.74310050317366,11.385289460357072,-1.0353075649536982,0.019349660513716442,0.019349660513716442
1140,-48.71776144209862,11.342628460165288,-1.034343363683322,0.01951463082326387,0.01951463082326387
1141,-48.69238015348946,11.299990453250306,-1.0333709439375864,0.019679487275052025,0.019679487275052025
1142,-48.66695627448849,11.257375634167444,-1.0323903095585387,0.019844226490728343,0.019844226490728343
1143,-48.64148944223808,11.214784197472063,-1.0314014645010416,0.020008845062609727,0.020008845062609727
1144,-48.615979293880606,11.172216337719505,-1.0304044128334018,0.020173339550257623,0.020173339550257623
1145,-48.59042546655838,11.129672249465099,-1.0293991587402098,0.020337706394563317,0.020337706394563317
1146,-48.56482759741378,11.0871521272642,-1.0283857065243915,0.02050194203530665,0.02050194203530665
1147,-48.53918532358917,11.044656165672146,-1.0273640606079777,0.02066604284516946,0.02066604284516946
1148,-48.51349828222688,11.002184559244283,-1.026334225535383,0.020830005094458048,0.020830005094458048
1149,-48.487766110469266,10.959737502535956,-1.0252962059750164,0.020993825053522,0.020993825053522
1150,-48.46198844545868,10.917315190102494,-1.0242500067207108,0.021157498897563215,0.021157498897563215
1151,-48.43616492433748,10.874917816499257,-1.0231956326944465,0.021321022749506677,0.021321022749506677
1152,-48.41029518424804,10.832545576281579,-1.022133088947415,0.02148439270405965,0.02148439270405965
1153,-48.384378862332674,10.790198664004805,-1.0210623806631047,0.021647604721997924,0.021647604721997924
1154,-48.358415595733774,10.747877274224285,-1.0199835131587098,0.021810654803444313,0.021810654803444313
1155,-48.33240502159365,10.705581601495341,-1.0188964918870769,0.02197353879289216,0.02197353879289216
1156,-48.3063467770547,10.66331184037334,-1.017801322439094,0.022136252556187775,0.022136252556187775
1157,-48.28024049925924,10.621068185413606,-1.0166980105452939,0.022298791835440583,0.022298791835440583
1158,-48.254085825349655,10.578850831171497,-1.015586562078313,0.022461152359227785,0.022461152359227785
1159,-48.22788239246827,10.536659972202344,-1.0144669830548583,0.022623329752685117,0.022623329752685117
1160,-48.201629837757466,10.4944958030615,-1.013339279637365,0.022785319639352493,0.022785319639352493
1161,-48.17532779835957,10.452358518304308,-1.0122034581364532,0.022947117507621722,0.022947117507621722
1162,-48.14897591141693,10.410248312486095,-1.011059525013515,0.02310871883874173,0.02310871883874173
1163,-48.12257381407195,10.368165380162223,-1.0099074868813533,0.023270119057440624,0.023270119057440624
1164,-48.09612114346693,10.326109915888019,-1.0087473505072462,0.023431313483697553,0.023431313483697553
1165,-48.06961753674424,10.28408211421884,-1.0075791228155653,0.02359229739885679,0.02359229739885679
1166,-48.04306263104625,10.242082169710024,-1.0064028108886387,0.023753066050400687,0.023753066050400687
1167,-48.016456063515285,10.200110276916908,-1.005218421969427,0.02391361457422549,0.02391361457422549
1168,-47.98979747129372,10.158166630394842,-1.0040259634638327,0.02407393808708029,0.02407393808708029
1169,-47.96308649152389,10.116251424699163,-1.0028254429425767,0.024234031611929628,0.024234031611929628
1170,-47.936322761348165,10.074364854385225,-1.0016168681433768,0.024393890140246743,0.024393890140246743
1171,-47.909505917908895,10.03250711400836,-1.0004002469727942,0.024553508583454266,0.024553508583454266
1172,-47.88263559834842,9.990678398123908,-0.9991755875087156,0.024712881795885596,0.024712881795885596
1173,-47.855711439809106,9.948878901287227,-0.997942898011487,0.02487200420414141,0.02487200420414141
1174,-47.82873307943409,9.907108818053215,-0.9967041526009415,0.024951824456359597,0.024951824456359597
1175,-47.80170032734566,9.865368250450757,-0.9954687966089212,0.024730986855501482,0.024730986855501482
1176,-47.774613651384406,9.823656948696978,-0.9942460783699172,0.024438850435851724,0.024438850435851724
1177,-47.74747367568961,9.781974579405304,-0.9930377690577047,0.024146865329001666,0.024146865329001666
1178,-47.72028102440051,9.740320809189178,-0.9918438635669299,0.02385503579349464,0.02385503579349464
1179,-47.69303632165633,9.698695304662017,-0.9906643566538806,0.023563365888766053,0.023563365888766053
1180,-47.66574019159636,9.657097732437268,-0.9894992429427635,0.023271859467929444,0.023271859467929444
1181,-47.638393258359834,9.61552775912835,-0.9883485169334678,0.022980520127502357,0.022980520127502357
1182,-47.61099614608599,9.5739850513487,-0.9872121730095998,0.022689351248952036,0.022689351248952036
1183,-47.58354947891411,9.53246927571175,-0.9860902054442625,0.022398356049960978,0.022398356049960978
1184,-47.55605388098339,9.490980098830917,-0.9849826084079725,0.022107537449614086,0.022107537449614086
1185,-47.528509976433114,9.449517187319653,-0.983889375976088,0.0218168982248749,0.0218168982248749
1186,-47.50091838940252,9.408080207791372,-0.9828105021344679,0.021526440927607155,0.021526440927607155
1187,-47.47327974403087,9.366668826859515,-0.9817459807869234,0.021236167897534027,0.021236167897534027
1188,-47.44559466445741,9.325282711137513,-0.9806958057617587,0.020946081288255237,0.020946081288255237
1189,-47.41786377482138,9.283921527238784,-0.9796599708182487,0.020656183045833935,0.020656183045833935
1190,-47.390087699262025,9.24258494177678,-0.9786384696535456,0.020366474915250104,0.020366474915250104
1191,-47.36226706191861,9.201272621364911,-0.977631295908475,0.020076958480726395,0.020076958480726395
1192,-47.33440248693038,9.159984232616626,-0.9766384431738573,0.019787635106444046,0.019787635106444046
1193,-47.306494598436586,9.118719442145347,-0.9756599049967934,0.019498505999503448,0.019498505999503448
1194,-47.27854402057645,9.077477916564497,-0.9746956748872933,0.019209572135331462,0.019209572135331462
1195,-47.25055137748927,9.036259322487526,-0.9737457463231962,0.018920834402968104,0.018920834402968104
1196,-47.22251729331426,8.995063326527848,-0.9728101127563149,0.0186322934129741,0.0186322934129741
1197,-47.19444239219067,8.953889595298904,-0.9718887676192631,0.01834394966394133,0.01834394966394133
1198,-47.16632729825777,8.91273779541412,-0.9709817043297885,0.018055803478545462,0.018055803478545462
1199,-47.138172635654804,8.871607593486937,-0.9700889162966839,0.01776785500604692,0.01776785500604692
1200,-47.109979028521,8.830498656130773,-0.9692103969258066,0.017480104217702238,0.017480104217702238
1201,-47.08174710099563,8.78941064995906,-0.9683461396251027,0.01719255095327772,0.01719255095327772
1202,-47.05347747721793,8.748343241585237,-0.9674961378095739,0.016905194879002612,0.016905194879002612
1203,-47.02517078132714,8.707296097622725,-0.9666603849073614,0.016618035486828237,0.016618035486828237
1204,-46.99682763746255,8.666268884684968,-0.965838874363641,0.016331072185020938,0.016331072185020938
1205,-46.96844866976336,8.625261269385392,-0.9650315996466999,0.016044304122202483,0.016044304122202483
1206,-46.94003450236887,8.584272918337419,-0.964238554252291,0.01575773043426669,0.01575773043426669
1207,-46.91158575941828,8.543303498154492,-0.9634597317081747,0.015471349992126467,0.015471349992126467
1208,-46.883103065050854,8.502352675450032,-0.9626951255801828,0.015185161594857652,0.015185161594857652
1209,-46.85458704340587,8.461420116837482,-0.9619447294748725,0.014899163915229906,0.014899163915229906
1210,-46.82603831862254,8.420505488930266,-0.9612085370455496,0.0146133554212273,0.0146133554212273
1211,-46.797457514840126,8.379608458341805,-0.9604865419963096,0.01432773453576226,0.01432773453576226
1212,-46.76884525619788,8.338728691685551,-0.9597787380861473,0.014042299476315287,0.014042299476315287
1213,-46.740202166835054,8.297865855574914,-0.959085119133472,0.013757048400917711,0.013757048400917711
1214,-46.7115288708909,8.257019616623344,-0.9584056790197407,0.013471979299422884,0.013471979299422884
1215,-46.68282599250464,8.216189641444256,-0.95774041169479,0.013187090036114006,0.013187090036114006
1216,-46.654094155815564,8.175375596651095,-0.9570893111796283,0.012902378410708633,0.012902378410708633
1217,-46.62533398496291,8.134577148857286,-0.9564523715701215,0.012617842063497208,0.012617842063497208
1218,-46.59654610408589,8.093793964676252,-0.9558295870422397,0.012333478509473078,0.012333478509473078
1219,-46.5677311373238,8.053025710721437,-0.9552209518547167,0.012049285209702637,0.012049285209702637
1220,-46.538889708815866,8.012272053606262,-0.9546264603524025,0.011765259474074214,0.011765259474074214
1221,-46.51002244270134,7.971532659944166,-0.9540461069706598,0.011481398518502217,0.011481398518502217
1222,-46.48112996311947,7.930807196348577,-0.9534798862385754,0.011197699457049497,0.011197699457049497
1223,-46.45221289420952,7.890095329432919,-0.9529277927819249,0.010914159321420612,0.010914159321420612
1224,-46.42327186011073,7.849396725810635,-0.9523898213265105,0.010630775028355587,0.010630775028355587
1225,-46.39430748496235,7.8087110520951475,-0.9518659667017471,0.010347543404037863,0.010347543404037863
1226,-46.36532039290361,7.768037974899892,-0.9513562238436827,0.010064461184064198,0.010064461184064198
1227,-46.33631120807378,7.7273771608383,-0.9508605877980161,0.009781525015395115,0.009781525015395115
1228,-46.30728055461212,7.6867282765237945,-0.9503790537222432,0.009498731490937481,0.009498731490937481
1229,-46.27822905665784,7.646090988569818,-0.9499116168897624,0.009216077038299167,0.009216077038299167
1230,-46.24915733835024,7.605464963589791,-0.9494582726919526,0.008933558113829924,0.008933558113829924
1231,-46.22006602382853,7.564849868197154,-0.9490190166404302,0.008651171003221566,0.008651171003221566
1232,-46.19095573723196,7.524245369005325,-0.9485938443709401,0.008368911957022699,0.008368911957022699
1233,-46.16182710269981,7.483651132627752,-0.9481827516444394,0.008086777169248719,0.008086777169248719
1234,-46.1326807443713,7.44306682567786,-0.9477857343504774,0.007804762708535395,0.007804762708535395
1235,-46.1035172863857,7.402492114769068,-0.9474027885089455,0.0075228646537556796,0.0075228646537556796
1236,-46.07433735288224,7.361926666514822,-0.9470339102726943,0.007241078925463829,0.007241078925463829
1237,-46.045141568000176,7.321370147528543,-0.946679095930031,0.006959401460700057,0.006959401460700057
1238,-46.015930555878775,7.280822224423675,-0.9463383419056314,0.006677828103394915,0.006677828103394915
1239,-45.986704940657255,7.240282563813637,-0.9460116447639048,0.006396354617299375,0.006396354617299375
1240,-45.95746534647488,7.199750832311856,-0.9456990012102846,0.006114976757666999,0.006114976757666999
1241,-45.928212397470915,7.15922669653178,-0.945400408092823,0.005833690188996116,0.005833690188996116
1242,-45.89894671778458,7.118709823086822,-0.9451158624044832,0.005552490540940847,0.005552490540940847
1243,-45.86966893155514,7.07819987859043,-0.9448453612849168,0.0052713733745219345,0.0052713733745219345
1244,-45.84037966292186,7.037696529656026,-0.9445889020212285,0.004990334258037398,0.004990334258037398
1245,-45.81107953602395,6.997199442897034,-0.9443464820502099,0.004709368633883649,0.004709368633883649
1246,-45.7817691750007,6.9567082849269015,-0.9441180989601039,0.004428471972021775,0.004428471972021775
1247,-45.75244920399133,6.9162227223590405,-0.9439037504908877,0.004147639677377353,0.004147639677377353
1248,-45.723120247135114,6.875742421806902,-0.94370343453631,0.0038668671136878902,0.0038668671136878902
1249,-45.69378292857127,6.835267049883899,-0.9435171491453423,0.003586149604689631,0.003586149604689631
1250,-45.66443787243907,6.794796273203478,-0.9433448925225308,0.003305482478354661,0.003305482478354661
1251,-45.635085702877745,6.75432975837906,-0.9431866630297697,0.0030248609673214077,0.0030248609673214077
1252,-45.60572704402657,6.7138671720240755,-0.9430424591868529,0.002744280358837723,0.002744280358837723
1253,-45.57636252002479,6.673408180751965,-0.9429122796721153,0.0024637358426575794,0.0024637358426575794
1254,-45.54699275501163,6.632952451176144,-0.9427961233241148,0.002183222623122977,0.002183222623122977
1255,-45.51761837312636,6.592499649910061,-0.9426939891417407,0.001902735871366104,0.001902735871366104
1256,-45.488239998508234,6.552049443567141,-0.9426058762848163,0.0016222707549090505,0.0016222707549090505
1257,-45.45885825529648,6.511601498760802,-0.9425317840749007,0.0013418224015405078,0.0013418224015405078
1258,-45.42947376763035,6.4711554821044945,-0.9424717119960997,0.0010613859365414106,0.0010613859365414106
1259,-45.400087159649104,6.430711060211632,-0.9424256596948276,0.000780956488902558,0.000780956488902558
1260,-45.370699055492,6.390267899695663,-0.9423936269804214,0.0005005291524830145,0.0005005291524830145
1261,-45.341310079298275,6.34982566717001,-0.9423756138256236,0.0002200990315366509,0.0002200990315366509
1262,-45.31192085520718,6.309384029248094,-0.942371620366398,-6.0338776638116696e-05,6.0338776638116696e-05
1263,-45.28253200735795,6.268942652543366,-0.9423816469026813,-0.00034078920028946885,0.00034078920028946885
1264,-45.253144159889864,6.22850120366924,-0.9424056938975498,-0.0006212571098523389,0.0006212571098523389
1265,-45.223757936942135,6.188059349239159,-0.9424437619779571,-0.0009017474625950243,0.0009017474625950243
1266,-45.19437396265406,6.147616755866552,-0.9424958519340961,-0.0011822651015068757,0.0011822651015068757
1267,-45.16499286116484,6.107173090164836,-0.9425619647191746,-0.001462814971523227,0.001462814971523227
1268,-45.135615256613754,6.066728018747462,-0.9426421014498347,-0.0017434019275283253,0.0017434019275283253
1269,-45.10624177314003,6.026281208227845,-0.9427362634049982,-0.0020240308619825756,0.0020240308619825756
1270,-45.07687303488293,5.985832325219427,-0.9428444520260568,-0.002304706629572542,0.002304706629572542
1271,-45.04750966598172,5.945381036335632,-0.9429666689154779,-0.002585434057705485,0.002585434057705485
1272,-45.01815229057563,5.904927008189899,-0.9431029158370098,-0.00286621799855888,0.00286621799855888
1273,-44.9888015328039,5.864469907395653,-0.9432531947152817,-0.0031470632512843053,0.0031470632512843053
1274,-44.95945801680579,5.82400940056632,-0.9434175076340638,-0.0034279745847743646,0.0034279745847743646
1275,-44.93012236672055,5.7835451543153455,-0.9435958568360022,-0.0037089567723220165,0.0037089567723220165
1276,-44.90079520668743,5.743076835256141,-0.9437882447218824,-0.003990014536713671,0.003990014536713671
1277,-44.87147716084568,5.702604110002159,-0.943994673849239,-0.004271152577376759,0.004271152577376759
1278,-44.84216885333455,5.66212664516682,-0.944215146931476,-0.004552375562193368,0.004552375562193368
1279,-44.81287090829328,5.621644107363547,-0.944449666836811,-0.004833688127150768,0.004833688127150768
1280,-44.783583949861125,5.581156163205786,-0.9446973298572713,-0.005078800911561435,0.005078800911561435
1281,-44.75430852056649,5.540662521092311,-0.9449517804099921,-0.005105770886348312,0.005105770886348312
1282,-44.72504467229222,5.500163140636047,-0.9452055398354521,-0.005051565054180719,0.005051565054180719
1283,-44.69579227442546,5.45965807488907,-0.9454565762471621,-0.00499719730843313,0.00499719730843313
1284,-44.6665511960476,5.4191473770599465,-0.9457048853718133,-0.004942804016961588,0.004942804016961588
1285,-44.637321306240146,5.378631100357273,-0.9459504663454655,-0.004888385522363989,0.004888385522363989
1286,-44.608102474084525,5.3381092979896145,-0.9461933183164429,-0.004833942225518674,0.004833942225518674
1287,-44.57889456866219,5.297582023165562,-0.9464334404463378,-0.0047794745083888195,0.0047794745083888195
1288,-44.5496974590546,5.257049329093681,-0.94667083190944,-0.004724982748311911,0.004724982748311911
1289,-44.52051101434322,5.2165112689825675,-0.9469054918922399,-0.004670467306581743,0.004670467306581743
1290,-44.491335103609465,5.175967896040788,-0.9471374195944735,-0.004615928601659211,0.004615928601659211
1291,-44.462169595934824,5.135419263476917,-0.9473666142282325,-0.004561366958455169,0.004561366958455169
1292,-44.433014360400726,5.094865424499549,-0.9475930750178784,-0.004506782791257156,0.004506782791257156
1293,-44.40386926608862,5.0543064323172455,-0.9478168012008618,-0.004452176457091565,0.004452176457091565
1294,-44.37473418207997,5.0137423401386,-0.9480377920268457,-0.004397548334396281,0.004397548334396281
1295,-44.34560897745624,4.9731732011721865,-0.948256046757722,-0.004342898780139639,0.004342898780139639
1296,-44.31649352129885,4.932599068626575,-0.9484715646678737,-0.004288228182575411,0.004288228182575411
1297,-44.287387682689285,4.892019995710359,-0.9486843450440919,-0.004233536894629928,0.004233536894629928
1298,-44.258291330708964,4.851436035632103,-0.9488943871853946,-0.00417882529660557,0.00417882529660557
1299,-44.22920433443935,4.8108472416004,-0.9491016904033535,-0.004124093753840757,0.004124093753840757
1300,-44.20012656296191,4.770253666823823,-0.9493062540215301,-0.004069342623361677,0.004069342623361677
1301,-44.171057885358096,4.7296553645109425,-0.9495080773752523,-0.004014572260876877,0.004014572260876877
1302,-44.14199817070933,4.68905238787035,-0.9497071598126373,-0.003959783063688421,0.003959783063688421
1303,-44.11294728809709,4.648444790110613,-0.9499035006937118,-0.0039049753516611527,0.0039049753516611527
1304,-44.08390510660281,4.607832624440322,-0.9500970993904374,-0.003850149522408077,0.003850149522408077
1305,-44.05487149530797,4.567215944068044,-0.9502879552867456,-0.003795305896535016,0.003795305896535016
1306,-44.02584632329398,4.526594802202371,-0.9504760677788158,-0.0037404448821738334,0.0037404448821738334
1307,-43.99682945964234,4.485969252051875,-0.9506614362746824,-0.0036855667835409027,0.0036855667835409027
1308,-43.96782077343446,4.445339346825127,-0.9508440601940474,-0.0036306720006140892,0.0036306720006140892
1309,-43.938820133751825,4.404705139730722,-0.9510239389688516,-0.0035757608598688713,0.0035757608598688713
1310,-43.90982740967586,4.36406668397722,-0.9512010720423851,-0.0035208337250554563,0.0035208337250554563
1311,-43.88084247028802,4.323424032773219,-0.9513754588704052,-0.0034658909667664908,0.0034658909667664908
1312,-43.851865184669784,4.282777239327289,-0.9515470989200633,-0.0034109329052012614,0.0034109329052012614
1313,-43.82289542190257,4.242126356848001,-0.9517159916700015,-0.0033559599142237435,0.0033559599142237435
1314,-43.79393305106785,4.201471438543949,-0.9518821366109268,-0.003300972336367244,0.003300972336367244
1315,-43.76497794124706,4.1608125376236975,-0.9520455332452219,-0.003245970529416211,0.003245970529416211
1316,-43.73602996152167,4.12014970729584,-0.9522061810868021,-0.0031909548295488833,0.0031909548295488833
1317,-43.70708898097313,4.079483000768947,-0.9523640796608417,-0.003135925582967806,0.003135925582967806
1318,-43.67815486868286,4.03881247125159,-0.9525192285047148,-0.003080883163074788,0.003080883163074788
1319,-43.649227493732354,3.9981381719523643,-0.9526716271671378,-0.0030258278810564245,0.0030258278810564245
1320,-43.620306725203044,3.957460156079832,-0.9528212752078253,-0.002970760096056075,0.002970760096056075
1321,-43.59139243217638,3.9167784768425866,-0.9529681721985601,-0.00291568016154259,0.00291568016154259
1322,-43.56248448373381,3.8760931874491944,-0.9531123177225418,-0.0028605884100271857,0.0028605884100271857
1323,-43.53358274895682,3.835404341108249,-0.9532537113738455,-0.002805485172782658,0.002805485172782658
1324,-43.50468709692681,3.794711991028318,-0.9533923527584663,-0.0027503708236199455,0.0027503708236199455
1325,-43.47579739672526,3.7540161904179756,-0.9535282414937144,-0.002695245669064317,0.002695245669064317
1326,-43.44691351743363,3.713316992485817,-0.9536613772078785,-0.002640110068959155,0.002640110068959155
1327,-43.41803532813335,3.6726144504404026,-0.953791759540922,-0.0025849643571910484,0.0025849643571910484
1328,-43.389162697905896,3.6319086174903306,-0.9539193881436563,-0.0025298088600081586,0.0025298088600081586
1329,-43.36029549583268,3.5911995468441673,-0.9540442626786573,-0.002474643947521423,0.002474643947521423
1330,-43.33143359099519,3.5504872917104873,-0.9541663828196593,-0.0024194699212316635,0.0024194699212316635
1331,-43.30257685247488,3.509771905297884,-0.9542857482510069,-0.0023642871287986363,0.0023642871287986363
1332,-43.273725149353176,3.4690534408149194,-0.954402358668649,-0.0023090959110934344,0.0023090959110934344
1333,-43.244878350711545,3.4283319514701898,-0.954516213779872,-0.0022538966046591244,0.0022538966046591244
1334,-43.21603632563145,3.3876074904722664,-0.9546273133025985,-0.0021986895218019573,0.0021986895218019573
1335,-43.1871989431943,3.346880111029718,-0.9547356569661863,-0.002143475030613601,0.002143475030613601
1336,-43.1583660724816,3.30614986635114,-0.9548412445110561,-0.002088253428096353,0.002088253428096353
1337,-43.129537582574756,3.2654168096450977,-0.9549440756886741,-0.0020330250812040304,0.0020330250812040304
1338,-43.100713342555274,3.2246809941201833,-0.9550441502612338,-0.001977790273774657,0.001977790273774657
1339,-43.071893221504546,3.18394247298496,-0.9551414680020262,-0.0019225493871815192,0.0019225493871815192
1340,-43.043077088504056,3.143201299448024,-0.9552360286959513,-0.0018673027253896801,0.0018673027253896801
1341,-43.01426481263526,3.102457526717944,-0.9553278321379952,-0.0018120506083222074,0.0018120506083222074
1342,-42.98545626297958,3.061711208003293,-0.9554168781345697,-0.0017567933932552454,0.0017567933932552454
1343,-42.956651308618504,3.0209623965126644,-0.9555031665031462,-0.0017015313850813384,0.0017015313850813384
1344,-42.92784981863347,2.980211145454622,-0.9555866970715807,-0.001646264913654737,0.001646264913654737
1345,-42.899051662105926,2.93945750803776,-0.955667469678877,-0.0015909943140781683,0.0015909943140781683
1346,-42.87025670811732,2.8987015374706484,-0.9557454841752445,-0.001535719918203404,0.001535719918203404
1347,-42.841464825749114,2.85794328696186,-0.955820740421195,-0.0014804420245656856,0.0014804420245656856
1348,-42.81267588408274,2.8171828097199882,-0.955893238288374,-0.0014251609980186727,0.0014251609980186727
1349,-42.78388975219968,2.776420158953597,-0.9559629776594242,-0.001369877131309001,0.001369877131309001
1350,-42.75510629918137,2.73565538787128,-0.9560299584271841,-0.001314590756837436,0.001314590756837436
1351,-42.72632539410925,2.694888549681607,-0.9560941804958913,-0.001259302215276132,0.001259302215276132
1352,-42.697546906064794,2.6541196975931522,-0.9561556437803093,-0.0012040118037383713,0.0012040118037383713
1353,-42.668770704129436,2.6133488848145077,-0.9562143482059675,-0.0011487198722198737,0.0011487198722198737
1354,-42.63999665738464,2.5725761645542384,-0.9562702937090858,-0.0010934267145282107,0.0010934267145282107
1355,-42.61122463491185,2.531801590020937,-0.9563234802366956,-0.0010381326852328334,0.0010381326852328334
1356,-42.582454505792526,2.4910252144231757,-0.9563739077465913,-0.000982838075958006,0.000982838075958006
1357,-42.5536861391081,2.4502470909695253,-0.9564215762071945,-0.0009275432355222601,0.0009275432355222601
1358,-42.52491940394006,2.4094672728685804,-0.9564664855976281,-0.0008722484583210069,0.0008722484583210069
1359,-42.496154169369824,2.3686858133289035,-0.9565086359074702,-0.0008169540830328875,0.0008169540830328875
1360,-42.46739030447885,2.3279027655590894,-0.9565480271375469,-0.0007616604356483402,0.0007616604356483402
1361,-42.438627678348595,2.287118182767702,-0.9565846592989558,-0.0007063678154083223,0.0007063678154083223
1362,-42.40986616006052,2.2463321181633344,-0.9566185324133338,-0.0006510765589169418,0.0006510765589169418
1363,-42.38110561869606,2.205544624954559,-0.9566496465132608,-0.0005957869812906255,0.0005957869812906255
1364,-42.35234592333668,2.1647557563499453,-0.9566780016416763,-0.0005404993956420155,0.0005404993956420155
1365,-42.323586943063816,2.1239655655580894,-0.9567035978524456,-0.00048521413953245594,0.00048521413953245594
1366,-42.29482854695894,2.0831741057875535,-0.9567264352098983,-0.0004299315074292596,0.0004299315074292596
1367,-42.2660706041035,2.0423814302469325,-0.9567465137887455,-0.0003746518333916017,0.0003746518333916017
1368,-42.23731298357893,2.001587592144798,-0.9567638336746774,-0.00031937543567476314,0.00031937543567476314
1369,-42.20855555446669,1.9607926446897188,-0.9567783949639231,-0.000264102630555399,0.000264102630555399
1370,-42.17979818584825,1.919996641090292,-0.9567901977631434,-0.00020883373182607417,0.00020883373182607417
1371,-42.15104074680504,1.8791996345550799,-0.9567992421894518,-0.00015356905648188055,0.00015356905648188055
1372,-42.1222831064185,1.8384016782926758,-0.9568055283711087,-9.83089460116899e-05,9.83089460116899e-05
1373,-42.09352513377012,1.7976028255116523,-0.9568090564465656,-4.305367896956778e-05,4.305367896956778e-05
1374,-42.06476669794132,1.75680312942058,-0.9568098265646588,1.2196395476490451e-05,1.2196395476490451e-05
1375,-42.036007668013575,1.716002643228052,-0.9568078388851846,6.744097586521594e-05,6.744097586521594e-05
1376,-42.00724791306831,1.6752014201426333,-0.9568030935783586,0.00012267973474825618,0.00012267973474825618
1377,-41.978487302187006,1.6343995133729181,-0.9567955908249874,0.00017791236389659028,0.00017791236389659028
1378,-41.94972570445109,1.5935969761274689,-0.9567853308164275,0.00023313853757663393,0.00023313853757663393
1379,-41.92096298894204,1.5527938616148809,-0.9567723137546243,0.00028835794603840467,0.00028835794603840467
1380,-41.89219902474129,1.5119902230437243,-0.9567565398518704,0.00034357027337978525,0.00034357027337978525
1381,-41.86343368093027,1.4711861136225706,-0.956738009331505,0.00039877518175778827,0.00039877518175778827
1382,-41.83466682659048,1.430381586560014,-0.9567167224272136,0.0004539723834500962,0.0004539723834500962
1383,-41.80589833080334,1.3895766950646187,-0.9566926793829305,0.0005091615445604793,0.0005091615445604793
1384,-41.777128062650306,1.3487714923449774,-0.9566658804536865,0.0005643423433785268,0.0005643423433785268
1385,-41.748355891212846,1.3079660316096628,-0.9566363259048037,0.0006195144783199166,0.0006195144783199166
1386,-41.71958168557239,1.2671603660672455,-0.9566040160118762,0.0006746776284472984,0.0006746776284472984
1387,-41.69080531481038,1.2263545489263188,-0.9565689510619335,0.000729831445583785,0.000729831445583785
1388,-41.66202664800831,1.1855486333954475,-0.9565311313520355,0.0007849756650315542,0.0007849756650315542
1389,-41.633245554247594,1.144742672683225,-0.9564905571896788,0.0008401099223640268,0.0008401099223640268
1390,-41.604461902609714,1.103936719998223,-0.9564472288933057,0.0008952339324323267,0.0008952339324323267
1391,-41.575675562176095,1.0631308285490118,-0.9564011467915715,0.0009503473601619876,0.0009503473601619876
1392,-41.54688640202819,1.0223250515441868,-0.9563523112243913,0.0010054498784045234,0.0010054498784045234
1393,-41.51809429124748,0.9815194421923106,-0.9563007225416182,0.0010605412049886338,0.0010605412049886338
1394,-41.489299098915374,0.9407140537019774,-0.9562463811040041,0.0011156209742450769,0.0011156209742450769
1395,-41.46050069411335,0.8999089392817508,-0.9561892872833432,0.0011706888981488446,0.0011706888981488446
1396,-41.431698945922875,0.8591041521402256,-0.9561294414611585,0.0012257446635736264,0.0012257446635736264
1397,-41.402893723425365,0.8182997454859726,-0.9560668440302684,0.0012807879197069421,0.0012807879197069421
1398,-41.37408489570229,0.7774957725275622,-0.9560014953942162,0.0013358183761484276,0.0013358183761484276
1399,-41.345272331835105,0.7366922864735892,-0.9559333959666936,0.0013908357050407927,0.0013908357050407927
1400,-41.31645590090524,0.6958893405326172,-0.9558625461727307,0.0014458395683077602,0.0014458395683077602
1401,-41.28763547199419,0.6550869879132406,-0.9557889464475353,0.001500829684373311,0.001500829684373311
1402,-41.25881091418338,0.6142852818240303,-0.9557125972368442,0.001555805701024084,0.001555805701024084
1403,-41.22998209655424,0.5734842754735573,-0.9556334989978245,0.0016107673004222636,0.0016107673004222636
1404,-41.20114888818825,0.5326840220704154,-0.9555516521980736,0.0016657141702860012,0.0016657141702860012
1405,-41.17231115816686,0.49188457482316905,-0.955467057315482,0.0017206459981235387,0.0017206459981235387
1406,-41.14346877557151,0.4510859869404118,-0.9553797148392271,0.0017755624316694244,0.0017755624316694244
1407,-41.11462160948368,0.4102883116307152,-0.9552896252690806,0.0018304631860725199,0.0018304631860725199
1408,-41.08576952898478,0.3694916021026494,-0.9551967891154294,0.0018853479079616342,0.0018853479079616342
1409,-41.05691240315629,0.3286959115648105,-0.9551012068997015,0.0019402162953360343,0.0019402162953360343
1410,-41.02805010107964,0.2879012932257603,-0.955002879154092,0.0019950680055705605,0.0019950680055705605
1411,-40.99918249183632,0.24710780029409385,-0.9549018064213758,0.0020499027439835516,0.0020499027439835516
1412,-40.970309444507734,0.20631548597837412,-0.9547979892554092,0.0021047201476512723,0.0021047201476512723
1413,-40.94143082817537,0.16552440348719566,-0.9546914282210935,0.002159519923152788,0.002159519923152788
1414,-40.912546511920674,0.12473460602912878,-0.9545821238935611,0.0022143017399224095,0.0022143017399224095
1415,-40.88365636482507,0.08394614681274626,-0.9544700768595112,0.002269065250847974,0.002269065250847974
1416,-40.85476025597006,0.043159079046640625,-0.9543552877162078,0.0023238101652450056,0.0023238101652450056
1417,-40.82585805443704,0.0023734559393765453,-0.9542377570717894,0.002378536123344311,0.002378536123344311
1418,-40.796949629307505,-0.038410669300452005,-0.9541174855455483,0.002433242823059455,0.002433242823059455
1419,-40.768034849662875,-0.07919324346427403,-0.9539944737678037,0.002487929909448935,0.002487929909448935
1420,-40.73911358458463,-0.11997421334351921,-0.9538687223797,0.0025425970881988703,0.0025425970881988703
1421,-40.71018570315421,-0.16075352572959178,-0.95374023203312,0.0025972440076177275,0.0025972440076177275
1422,-40.68125107445305,-0.20153112741392964,-0.9536090033915693,0.0026518703376918755,0.0026518703376918755
1423,-40.65230956756263,-0.24230696518793726,-0.9534750371291552,0.0027064757673273343,0.0027064757673273343
1424,-40.62336105156437,-0.28308098584304464,-0.95333833393142,0.0027610599328522574,0.0027610599328522574
1425,-40.59440539553976,-0.32385313617068046,-0.9531988944948392,0.002815622542985663,0.002815622542985663
1426,-40.56544246857023,-0.3646233629622502,-0.953056719526558,0.0028701632442563554,0.0028701632442563554
1427,-40.53647213973722,-0.4053916130091899,-0.9529118097456432,0.0029246816950212373,0.0029246816950212373
1428,-40.50749427812221,-0.44615783310290646,-0.9527641658820346,0.0029791775834027215,0.0029791775834027215
1429,-40.47850875280663,-0.48692197003483606,-0.9526137886764505,0.0030336505712567105,0.0030336505712567105
1430,-40.449515432871934,-0.5276839705963836,-0.9524606788814977,0.003088100301938548,0.003088100301938548
1431,-40.42051418739959,-0.568443781578979,-0.9523048372607376,0.003142526474318008,0.003142526474318008
1432,-40.39150488547103,-0.6092013497740506,-0.9521462645887866,0.0031969287274109543,0.0031969287274109543
1433,-40.36248739616772,-0.6499566219730043,-0.9519849616518047,0.00325130674019478,0.00325130674019478
1434,-40.3334615885711,-0.6907095449672768,-0.9518209292472839,0.003305660159754328,0.003305660159754328
1435,-40.30442733176263,-0.7314600655482736,-0.9516541681840855,0.0033599886632555897,0.0033599886632555897
1436,-40.27538449482377,-0.7722081305074239,-0.9514846792821663,0.003414291908335198,0.003414291908335198
1437,-40.24633294683594,-0.8129536866361563,-0.9513124633732573,0.003468569544633721,0.003468569544633721
1438,-40.21727255688063,-0.8536966807258765,-0.9511375213003642,0.0035228212493935485,0.0035228212493935485
1439,-40.18820319403926,-0.8944370595680211,-0.9509598539179149,0.003577046665979905,0.003577046665979905
1440,-40.159124727393305,-0.9351747699539962,-0.9507794620920152,0.003631245460973545,0.003631245460973545
1441,-40.13003702602421,-0.9759097586752302,-0.9505963467000172,0.003685417294628734,0.003685417294628734
1442,-40.10093995901342,-1.0166419725231521,-0.9504105086310889,0.00373956181034343,0.00373956181034343
1443,-40.0718333954424,-1.0573713582891684,-0.9502219487858067,0.0037936786842246856,0.0037936786842246856
1444,-40.042717204392574,-1.0980978627647144,-0.9500306680765588,0.003847767543147316,0.003847767543147316
1445,-40.01359125494544,-1.1388214327411965,-0.9498366674271181,0.003901828079845744,0.003901828079845744
1446,-39.9844554161824,-1.1795420150100435,-0.9496399477731148,0.003955859901915079,0.003955859901915079
1447,-39.95530955718493,-1.2202595563626848,-0.9494405100620816,0.004009862699792603,0.004009862699792603
1448,-39.92615354703449,-1.2609740035905248,-0.9492383552529173,0.004063836102090682,0.004063836102090682
1449,-39.896987254812515,-1.3016853034850016,-0.9490334843164873,0.004117779774821444,0.004117779774821444
1450,-39.86781054960046,-1.3423934028375197,-0.9488258982355864,0.0041716933475888455,0.0041716933475888455
1451,-39.838623300479796,-1.383098248439517,-0.9486155980046376,0.004225576498023578,0.004225576498023578
1452,-39.80942537653195,-1.4237997870823982,-0.9484025846300704,0.0042794288401283315,0.0042794288401283315
1453,-39.78021664683839,-1.4644979655575923,-0.9481868591301961,0.004333250056044841,0.004333250056044841
1454,-39.75099698048054,-1.5051927306565278,-0.9479684225354247,0.004387039750649438,0.004387039750649438
1455,-39.721766246539886,-1.5458840291706117,-0.9477472758882147,0.004440797607609874,0.004440797607609874
1456,-39.69252431409787,-1.5865718078912798,-0.9475234202424918,0.004494523254524743,0.004494523254524743
1457,-39.66327105223593,-1.627256013609938,-0.9472968566649027,0.004548216324499532,0.004548216324499532
1458,-39.63400633003553,-1.6679365931180148,-0.9470675862340957,0.0046018764733972385,0.0046018764733972385
1459,-39.60473001657813,-1.7086134932069397,-0.94683561004036,0.004655503348183578,0.004655503348183578
1460,-39.57544198094516,-1.7492866606681179,-0.9466009291866874,0.004709096561860738,0.004709096561860738
1461,-39.546142092218076,-1.789956042292986,-0.9463635447883698,0.004762655776959302,0.004762655776959302
1462,-39.51683021947835,-1.8306215848729501,-0.9461234579724488,0.004816180627925487,0.004816180627925487
1463,-39.487506231807416,-1.8712832351994386,-0.9458806698786245,0.004869670740494857,0.004869670740494857
1464,-39.45816999828673,-1.9119409400638814,-0.9456351816588856,0.004923125763381268,0.004923125763381268
1465,-39.42882138799774,-1.9525946462576829,-0.9453869944774969,0.004976545322276423,0.004976545322276423
1466,-39.399460270021905,-1.9932443005722802,-0.9451361095112248,0.0050299290563816336,0.0050299290563816336
1467,-39.37008651344067,-2.0338898497990794,-0.9448825279493972,0.0050832765884520365,0.0050832765884520365
1468,-39.34069998733549,-2.0745312407295167,-0.9446262509937375,0.005136587563795814,0.005136587563795814
1469,-39.31130056078783,-2.1151684201549985,-0.9443672798582896,0.005189861607621176,0.005189861607621176
1470,-39.281888102879115,-2.1558013348669527,-0.9441056157700392,0.005243098339871357,0.005243098339871357
1471,-39.25246248269081,-2.1964299316568088,-0.9438412599685033,0.005296297401631224,0.005296297401631224
1472,-39.22302356930437,-2.2370541573159715,-0.9435742137057704,0.005349458410679252,0.005349458410679252
1473,-39.19357123180123,-2.277673958635879,-0.9433044782468757,0.005402580992588339,0.005402580992588339
1474,-39.164105339262875,-2.318289282407936,-0.9430320548692733,0.005455664785586715,0.005455664785586715
1475,-39.13462576077073,-2.3589000754235716,-0.9427569448633677,0.0055087093935625876,0.0055087093935625876
1476,-39.105132365406256,-2.3995062844742154,-0.9424791495324567,0.00556171445641087,0.00556171445641087
1477,-39.0756250222509,-2.440107856351272,-0.9421986701926893,0.005614679579158741,0.005614679579158741
1478,-39.046103600386104,-2.4807047378461786,-0.94191550817328,0.005667604392591406,0.005667604392591406
1479,-39.01656796889334,-2.5212968757503402,-0.9416296648163222,0.005720488508586609,0.005720488508586609
1480,-38.987017996854064,-2.561884216855187,-0.9413411414767093,0.00577333156050809,0.00577333156050809
1481,-38.957453553349694,-2.602466707952147,-0.9410499395227634,0.005826133134651875,0.005826133134651875
1482,-38.92787450746172,-2.6430442958326257,-0.9407560603358329,0.005878892879747447,0.005878892879747447
1483,-38.89828072827157,-2.6836169272880603,-0.9404595053101432,0.005931610387559019,0.005931610387559019
1484,-38.868672084860705,-2.7241845491098564,-0.9401602758535906,0.005984285274533468,0.005984285274533468
1485,-38.83904844631057,-2.76474710808945,-0.9398583733871717,0.006036917154632036,0.006036917154632036
1486,-38.80940968170264,-2.805304551018249,-0.939553799344776,0.006089505651941039,0.006089505651941039
1487,-38.779755660118326,-2.8458568246876785,-0.9392465551741285,0.0061420503423427735,0.0061420503423427735
1488,-38.7500862506391,-2.8864038758891697,-0.9389366423365645,0.006194550858258367,0.006194550858258367
1489,-38.72040132234643,-2.926945651414129,-0.9386240623061489,0.0062470068100534066,0.0062470068100534066
1490,-38.690700744321745,-2.9674820980539915,-0.9383088165708818,0.006299417781610673,0.006299417781610673
1491,-38.660984385646515,-3.008013162600164,-0.9379909066323285,0.00635178339736724,0.00635178339736724
1492,-38.63125211540218,-3.048538791844075,-0.9376703340053603,0.006404103250979756,0.006404103250979756
1493,-38.601503802670166,-3.0890589325771534,-0.9373474131207318,0.006443930296850825,0.006443930296850825
1494,-38.57173934885326,-3.1295735407281544,-0.9370318984465739,0.00610824176249912,0.00610824176249912
1495,-38.54195963070755,-3.1700828479619423,-0.9367441081974179,0.005339963221660231,0.005339963221660231
1496,-38.51216664981163,-3.2105874039348934,-0.936495512766678,0.004548293624312634,0.004548293624312634
1497,-38.48236247014979,-3.2510877759457455,-0.9362866961833533,0.003757157495816284,0.003757157495816284
1498,-38.45254915570631,-3.291584531293238,-0.9361176420744816,0.002966446806348018,0.002966446806348018
1499,-38.4227287704655,-3.332078237276083,-0.9359883376901025,0.002176053365748092,0.002176053365748092
1500,-38.39290337841167,-3.3725694611930277,-0.9358987739082258,0.0013858688913918299,0.0013858688913918299
1501,-38.363075043529136,-3.413058770342788,-0.9358489452387787,0.0005957849856245605,0.0005957849856245605
1502,-38.33324582980219,-3.4535467320241087,-0.9358388498271981,-0.00019430682304475455,0.00019430682304475455
1503,-38.30341780121511,-3.4940339135357035,-0.9358684894570984,-0.0009845150799077996,0.0009845150799077996
1504,-38.273593021752234,-3.5345208821763103,-0.9359378695507334,-0.0017749483120959694,0.0017749483120959694
1505,-38.24377355539785,-3.5750082052446692,-0.9360469991684334,-0.0025657150754446983,0.0025657150754446983
1506,-38.21396146613625,-3.6154964500394926,-0.9361958910089948,-0.003356923941117776,0.003356923941117776
1507,-38.18415881795174,-3.6559861838595267,-0.9363845614070216,-0.004148683383293427,0.004148683383293427
1508,-38.15436767482865,-3.6964779740034883,-0.9366130303289197,-0.004941101833180036,0.004941101833180036
1509,-38.12459010075124,-3.736972387770112,-0.936881321370083,-0.005734287667546586,0.005734287667546586
1510,-38.09482815970384,-3.7774699924581387,-0.9371894617492089,-0.006528349100758593,0.006528349100758593
1511,-38.06508391567076,-3.817971355366282,-0.9375374823009719,-0.007323394221787745,0.007323394221787745
1512,-38.03535943263628,-3.858477043793288,-0.9379254174696756,-0.008119530990229405,0.008119530990229405
1513,-38.0056567745847,-3.8989876250378694,-0.9383533053007151,-0.008916867146490986,0.008916867146490986
1514,-37.975978005500345,-3.939503666398767,-0.9388211874299516,-0.009715510211586731,0.009715510211586731
1515,-37.9463251893675,-3.9800257351747184,-0.9393291090731226,-0.010515567480954275,0.010515567480954275
1516,-37.91670039017047,-4.0205543986644345,-0.939877119014311,-0.011317145984794486,0.011317145984794486
1517,-37.88710567189356,-4.061090224166667,-0.9404652695920899,-0.012120352426102361,0.012120352426102361
1518,-37.85754309852108,-4.101633778980126,-0.9410936166847907,-0.012925293197631105,0.012925293197631105
1519,-37.8280147340373,-4.142185630403558,-0.9417622196956114,-0.013732074347803352,0.013732074347803352
1520,-37.79852264242658,-4.182746345735681,-0.9424711415344853,-0.014540801473760396,0.014540801473760396
1521,-37.769068887673185,-4.22331649227523,-0.9432204485998313,-0.01535157981085497,0.01535157981085497
1522,-37.7396555337614,-4.263896637320942,-0.944010210759754,-0.016164514107165243,0.016164514107165243
1523,-37.71028464467556,-4.304487348171533,-0.9448405013297151,-0.01697970859316724,0.01697970859316724
1524,-37.680958284399956,-4.34508919212575,-0.9457113970499994,-0.017797266987464883,0.017797266987464883
1525,-37.6516785169189,-4.385702736482307,-0.9466229780618537,-0.018617292420358252,0.018617292420358252
1526,-37.62244740621667,-4.42632854853994,-0.9475753278820136,-0.019439887426909712,0.019439887426909712
1527,-37.593267016277586,-4.46696719559739,-0.9485685333752024,-0.020265153852226655,0.020265153852226655
1528,-37.56413941108596,-4.5076192449533705,-0.9496026847247746,-0.021093192850021553,0.021093192850021553
1529,-37.53506665462607,-4.548285263906625,-0.9506778754028185,-0.02192410483867119,0.02192410483867119
1530,-37.50605081088223,-4.588965819755871,-0.9517942021379799,-0.022757989428607756,0.022757989428607756
1531,-37.47709394383875,-4.6296614797998465,-0.9529517648804615,-0.023594945354709174,0.023594945354709174
1532,-37.44819811747991,-4.6703728113372875,-0.9541506667669089,-0.024435070510425105,0.024435070510425105
1533,-37.419365395790045,-4.711100381666911,-0.9553910140824119,-0.025278461766946498,0.025278461766946498
1534,-37.39059784275344,-4.751844758087461,-0.9566729162201364,-0.026125215026309337,0.026125215026309337
1535,-37.3618975223544,-4.792606507897654,-0.9579964856400687,-0.026975425097359586,0.026975425097359586
1536,-37.3332664985772,-4.833386198396232,-0.9593618378252176,-0.027829185680797577,0.027829185680797577
1537,-37.30470683540619,-4.874184396881915,-0.9607690912348074,-0.028686589223558157,0.028686589223558157
1538,-37.276220596825645,-4.915001670653436,-0.9622183672562118,-0.02954772697215496,0.02954772697215496
1539,-37.24780984681987,-4.955838587009536,-0.9637097901544732,-0.03041268877779282,0.03041268877779282
1540,-37.21947664937316,-4.996695713248928,-0.9652434870190096,-0.03128156313147104,0.03128156313147104
1541,-37.19122306846984,-5.03757361667036,-0.9668195877081316,-0.03215443699122377,0.03215443699122377
1542,-37.1630511680942,-5.078472864572546,-0.9684382247905388,-0.03303139578111861,0.03303139578111861
1543,-37.13496301223053,-5.119394024254221,-0.9700995334855171,-0.033912523284999295,0.033912523284999295
1544,-37.106960664863145,-5.1603376630141256,-0.9718036515986965,-0.03479790151598408,0.03479790151598408
1545,-37.07904618997635,-5.201304348150975,-0.97355071945574,-0.03568761070279191,0.03568761070279191
1546,-37.05122165155444,-5.242294646963515,-0.9753414893320655,-0.03660633601141238,0.03660633601141238
1547,-37.02348915286755,-5.283309176400144,-0.9772027215566104,-0.03858011494907051,0.03858011494907051
1548,-36.99585247330951,-5.324350671705861,-0.9791957544591976,-0.041981223402357326,0.041981223402357326
1549,-36.96831765989513,-5.365424733960441,-0.9813584056766492,-0.045488638692692485,0.045488638692692485
1550,-36.940890920622614,-5.40653716769559,-0.9836932761143845,-0.04900025835548212,0.04900025835548212
1551,-36.91357846349019,-5.447693777443041,-0.9862004300464077,-0.052514869254651854,0.052514869254651854
1552,-36.886386496496094,-5.488900367734496,-0.9888798906038654,-0.056031187463163615,0.056031187463163615
1553,-36.859321227638524,-5.530162743101685,-0.9917316374470659,-0.059547854234181935,0.059547854234181935
1554,-36.8323888649157,-5.57148670807633,-0.9947556043029949,-0.06306343204723698,0.06306343204723698
1555,-36.80559561632585,-5.612878067190134,-0.9979516763726635,-0.06657640090763785,0.06657640090763785
1556,-36.778947689867195,-5.654342624974833,-1.0013196876142272,-0.070085154813155,0.070085154813155
1557,-36.75245129353795,-5.69588618596213,-1.0048594179074648,-0.07358799848800986,0.07358799848800986
1558,-36.726112635336335,-5.737514554683757,-1.0085705901061799,-0.07708314435543702,0.07708314435543702
1559,-36.69993792326057,-5.779233535671418,-1.012452866986255,-0.0805687098552535,0.0805687098552535
1560,-36.673933365308876,-5.821048933456837,-1.016505848098223,-0.08404271508053326,0.08404271508053326
1561,-36.64810516947948,-5.862966552571745,-1.0207290665329636,-0.08750308078222067,0.08750308078222067
1562,-36.62245954377057,-5.90499219754784,-1.0251219856137337,-0.0909476269154772,0.0909476269154772
1563,-36.5970026961804,-5.947131672916859,-1.0296839955225119,-0.0943740713771638,0.0943740713771638
1564,-36.57174083470718,-5.989390783210504,-1.0344144098755055,-0.09778002960025979,0.09778002960025979
1565,-36.54668016734913,-6.0317753329605,-1.0393124622630143,-0.10116301438961121,0.10116301438961121
1566,-36.521826902104465,-6.074291126698575,-1.0443773027653755,-0.1045204365094714,0.1045204365094714
1567,-36.497187246971414,-6.116943968956431,-1.049607994463331,-0.1078496058156018,0.1078496058156018
1568,-36.47276740994817,-6.1597396642658016,-1.0550035099599622,-0.11114773312481635,0.11114773312481635
1569,-36.44857359903298,-6.202684017158389,-1.0605627279310712,-0.11441193264812916,0.11441193264812916
1570,-36.42461202222407,-6.245782832165923,-1.0662844297242227,-0.11763922532790407,0.11763922532790407
1571,-36.40088888751964,-6.289041913820126,-1.0721672960275366,-0.12082654279742933,0.12082654279742933
1572,-36.37741040291791,-6.332467066652703,-1.078209826750892,-0.12396761741488452,0.12396761741488452
1573,-36.35418276928384,-6.37606409243046,-1.0843506972412729,-0.12464467336882555,0.12464467336882555
1574,-36.3312066466578,-6.419836645239599,-1.0903620837433292,-0.11854151034296549,0.11854151034296549
1575,-36.30846724582989,-6.463782390878151,-1.0960472554174097,-0.11124472951746811,0.11124472951746811
1576,-36.285947106064825,-6.507897959633388,-1.1013763397394225,-0.10393009882395168,0.10393009882395168
1577,-36.263628766627264,-6.552179981792598,-1.106348604043175,-0.09660787304140588,0.09660787304140588
1578,-36.24149476678188,-6.596625087643075,-1.1109636421439812,-0.0892876600821724,0.0892876600821724
1579,-36.21952764579336,-6.6412299074720895,-1.11522135437166,-0.0819784418366271,0.0819784418366271
1580,-36.19770994292639,-6.68599107156694,-1.1191219284580534,-0.07468859955098647,0.07468859955098647
1581,-36.17602419744563,-6.730905210214893,-1.1226658213856209,-0.06742594286708427,0.06742594286708427
1582,-36.15445294861575,-6.775968953703243,-1.1258537422840635,-0.06019774188308638,0.06019774188308638
1583,-36.132978735701435,-6.821178932319281,-1.128686636444092,-0.0530107614763656,0.0530107614763656
1584,-36.11158409796737,-6.866531776350275,-1.1311656705007376,-0.04587129734692724,0.04587129734692724
1585,-36.09025157467823,-6.912024116083528,-1.133292218822569,-0.038785213101612696,0.038785213101612696
1586,-36.068963705098675,-6.957652581806304,-1.135067851128127,-0.031757977931793614,0.031757977931793614
1587,-36.0477030284934,-7.0034138038058975,-1.1364943213379148,-0.024794704343452788,0.024794704343452788
1588,-36.02645208412709,-7.0493044123696045,-1.137573557659012,-0.017900185611308832,0.017900185611308832
1589,-36.00519341126438,-7.095321037784683,-1.138307653890852,-0.011078932575651658,0.011078932575651658
1590,-35.98390954916997,-7.141460310338443,-1.1386988619255016,-0.004335209237146173,0.004335209237146173
1591,-35.962583037108566,-7.187718860318149,-1.1387495854116354,0.002326932751356964,0.002326932751356964
1592,-35.9411964143448,-7.2340933180111024,-1.138462374546561,0.00890362122659393,0.00890362122659393
1593,-35.91973222014338,-7.2805803137045695,-1.1378399219459043,0.015391132546567576,0.015391132546567576
1594,-35.898172993768966,-7.3271764776858435,-1.136885059540644,0.02178586242480831,0.02178586242480831
1595,-35.87650127448622,-7.373878440242217,-1.1356007564457544,0.028084299010405968,0.028084299010405968
1596,-35.854699601559865,-7.42068283166096,-1.1339901177348275,0.034282998274525245,0.034282998274525245
1597,-35.83275051425453,-7.467586282229368,-1.1320563840581024,0.0403785616173328,0.0403785616173328
1598,-35.81063655183492,-7.5145854222347115,-1.1298029320308738,0.04636761625814838,0.04636761625814838
1599,-35.78834025356569,-7.561676881964283,-1.127195477622839,0.053699050822978385,0.053699050822978385
1600,-35.76584309729472,-7.6088503336910795,-1.1239879941415722,0.0690410742800403,0.0690410742800403
1601,-35.74312062618648,-7.656056545450618,-1.1198958943319406,0.08720441585295181,0.08720441585295181
1602,-35.720146321797785,-7.70323277061068,-1.114841032156411,0.10551917783317326,0.10551917783317326
1603,-35.69689366362856,-7.750316249055264,-1.1088140216778841,0.12411394611257388,0.12411394611257388
1604,-35.67333613117871,-7.797244220668386,-1.101800978254671,0.14311799565629618,0.14311799565629618
1605,-35.649447203948135,-7.84395392533407,-1.0937835167132297,0.1626595568032738,0.1626595568032738
1606,-35.625200361436804,-7.890382602936314,-1.0847388070789665,0.18286662853957325,0.18286662853957325
1607,-35.6005690831446,-7.936467493359149,-1.0746396225028068,0.20386751474774814,0.20386751474774814
1608,-35.575526848571464,-7.982145836486571,-1.0634543887548635,0.22579103752359442,0.22579103752359442
1609,-35.550047137217284,-8.02735487220261,-1.051147246407335,0.2487663618260151,0.2487663618260151
1610,-35.524103428582,-8.07203184039126,-1.0376781390396947,0.27292234506186563,0.27292234506186563
1611,-35.49766920216553,-8.116113980936545,-1.0230029435128987,0.2983863002574982,0.2983863002574982
1612,-35.47071793746779,-8.15953853372249,-1.0070736616118683,0.32528203591837274,0.32528203591837274
1613,-35.4432231139887,-8.202242738633089,-0.9898386961306405,0.35372700857833533,0.35372700857833533
1614,-35.415158211228174,-8.244163835552369,-0.9712432387204304,0.3838283994739846,0.3838283994739846
1615,-35.38649670868614,-8.285239064364331,-0.9512298013769196,0.4156779083037888,0.4156779083037888
1616,-35.35721208586252,-8.325405664953,-0.9297389280271249,0.4493450516447851,0.4493450516447851
1617,-35.327277822257216,-8.364600877202388,-0.9067101268153268,0.4848687707038417,0.4848687707038417
1618,-35.29666739737016,-8.402761940996502,-0.882083066649738,0.5222472064428619,0.5222472064428619
1619,-35.26535429070125,-8.439826096219363,-0.855799082327318,0.5614256050323535,0.5614256050323535
1620,-35.23331198175044,-8.475730582754975,-0.8278030296937721,0.6022824942226048,0.6022824942226048
1621,-35.20051395001762,-8.510412640487356,-0.7980455240532734,0.6446145380090645,0.6446145380090645
1622,-35.166933675002724,-8.54380950930053,-0.7664855793513277,0.688120849249976,0.688120849249976
1623,-35.13254463620568,-8.575858429078496,-0.7330936403846895,0.7323880138125876,0.7323880138125876
1624,-35.09732031312637,-8.606496639705275,-0.6978549636516383,0.7768776321335323,0.7768776321335323
1625,-35.061234185264745,-8.635661381064875,-0.6607928112579117,0.8200681902215896,0.8200681902215896
1626,-35.02426067062805,-8.663291455823336,-0.6225344612980366,0.8366385016854695,0.8366385016854695
1627,-34.98640183802664,-8.689371710162865,-0.5843930091763145,0.8214366232503337,0.8214366232503337
1628,-34.94769126625975,-8.713939460014265,-0.5471644637618089,0.8014310022350665,0.8014310022350665
1629,-34.90816424860356,-8.737034876217969,-0.5109741592567884,0.7786645991433102,0.7786645991433102
1630,-34.867856078334206,-8.758698129614391,-0.47589581437822354,0.7536373747643276,0.7536373747643276
1631,-34.82680204872785,-8.778969391043972,-0.44198783143891696,0.7268414124572968,0.7268414124572968
1632,-34.78503745306063,-8.797888831347123,-0.40929399378550485,0.6987447126727608,0.6987447126727608
1633,-34.74259758460871,-8.81549662136428,-0.377844496290268,0.6697789793171937,0.6697789793171937
1634,-34.69951773664823,-8.831832931935873,-0.3476572100600082,0.6403313720999227,0.6403313720999227
1635,-34.65583320245534,-8.846937933902318,-0.31873908913575716,0.6107398791402422,0.6107398791402422
1636,-34.61157927530619,-8.86085179810405,-0.29108763873357574,0.581291762699178,0.581291762699178
1637,-34.56679124847695,-8.873614695381491,-0.2646923791401078,0.55222443802357,0.55222443802357
1638,-34.521504415243754,-8.885266796575067,-0.23953625471047438,0.5237281386520185,0.5237281386520185
1639,-34.475754068882736,-8.89584827252521,-0.2155969520424823,0.49594977369871623,0.49594977369871623
1640,-34.42957550267008,-8.905399294072337,-0.1928481043754959,0.4689974695345921,0.4689974695345921
1641,-34.38300400988191,-8.913960032056888,-0.17126037008474393,0.4429453894487872,0.4429453894487872
1642,-34.336074883794396,-8.921570657319275,-0.15080238168293159,0.41783852520620385,0.41783852520620385
1643,-34.28882341768367,-8.928271340699931,-0.13144156810744784,0.3936972456004544,0.3936972456004544
1644,-34.241284904825896,-8.934102253039288,-0.11314485751671077,0.3705214633928749,0.3705214633928749
1645,-34.19349463849723,-8.939103565177762,-0.09587927067124559,0.34829434282430705,0.34829434282430705
1646,-34.14548791197379,-8.943315447955786,-0.07961241655911863,0.3269855155128616,0.3269855155128616
1647,-34.097300018531755,-8.946778072213787,-0.0643129025652498,0.30655380437662233,0.30655380437662233
1648,-34.04896625144727,-8.949531608792185,-0.049950671448986,0.28694947659569126,0.28694947659569126
1649,-34.000521903996486,-8.951616228531416,-0.03649727690474483,0.26811605891479706,0.26811605891479706
1650,-33.952002269455555,-8.953072102271898,-0.02392610872518207,0.2499917543594814,0.2499917543594814
1651,-33.903442641100625,-8.953939400854061,-0.012212577690091878,0.2325105009208524,0.2325105009208524
1652,-33.85487831220784,-8.954258295118331,-0.0013072431820755615,0.21670264022808208,0.21670264022808208
1653,-33.806341505949256,-8.954066335723265,0.009033415602417532,0.20940244119273993,0.20940244119273993
1654,-33.75784174506727,-8.953381699634432,0.019102450297136944,0.2057488833166326,0.2057488833166326
1655,-33.70937837381726,-8.952213876982619,0.028987152906584386,0.20203194630974997,0.20203194630974997
1656,-33.66095068835521,-8.950572316848149,0.03868543715909953,0.1982410855870951,0.1982410855870951
1657,-33.612557984837125,-8.948466468311354,0.0481950216571303,0.19438302652241202,0.19438302652241202
1658,-33.564199559418995,-8.94590578045257,0.057513841151994156,0.19046428904108176,0.19046428904108176
1659,-33.51587470825685,-8.942899702352127,0.06664003880450563,0.18649116872254215,0.18649116872254215
1660,-33.46758272750666,-8.939457683090358,0.07557195803595962,0.1824697207305372,0.1824697207305372
1661,-33.41932291332441,-8.935589171747594,0.08430813404205868,0.17840574639725829,0.17840574639725829
1662,-33.37109456186611,-8.931303617404163,0.0928472850382018,0.17430478238840746,0.17430478238840746
1663,-33.32289696928777,-8.926610469140403,0.10118830330222255,0.17017209232098965,0.17017209232098965
1664,-33.27472943174535,-8.921519176036643,0.10933024607552265,0.16601266063199527,0.16601266063199527
1665,-33.22659124539488,-8.916039187173213,0.11727232637934962,0.16183118859045376,0.16183118859045376
1666,-33.178481706392354,-8.910179951630449,0.1250139037995973,0.1576320922796781,0.1576320922796781
1667,-33.13040011089376,-8.903950918488682,0.13255447528841371,0.1534195023580634,0.1534195023580634
1668,-33.08234575505509,-8.897361536828237,0.13989366602564282,0.14919726542052147,0.14919726542052147
1669,-33.03431793503234,-8.890421255729454,0.14703122038077013,0.14496894688346448,0.14496894688346448
1670,-32.98631594698152,-8.883139524272659,0.15396699301002384,0.1407378350679262,0.1407378350679262
1671,-32.93833908705862,-8.875525791538188,0.1607009401194474,0.1365069464958854,0.1365069464958854
1672,-32.89038665141965,-8.867589506606373,0.16723311092193915,0.1322790321225567,0.1322790321225567
1673,-32.84245793622056,-8.859340118557538,0.1735636393105273,0.12805658440567563,0.12805658440567563
1674,-32.794552237617395,-8.850787076472026,0.1796927357686563,0.12384184511562846,0.12384184511562846
1675,-32.74666885176614,-8.841939829430162,0.18562067953341332,0.11963681366099604,0.11963681366099604
1676,-32.69880707482278,-8.832807826512278,0.19134781102494786,0.1154432559268078,0.1154432559268078
1677,-32.65096620294332,-8.823400516798706,0.196874524553133,0.11126271343369942,0.11126271343369942
1678,-32.603145532283754,-8.813727349369781,0.20220126130907123,0.10709651277011034,0.10709651277011034
1679,-32.55534435900009,-8.803797773305833,0.2073285026468722,0.10294577516877619,0.10294577516877619
1680,-32.507561979248294,-8.793621237687189,0.2122567636593855,0.09881142620738817,0.09881142620738817
1681,-32.459797689184406,-8.783207191594189,0.21698658704958762,0.09469420550110444,0.09469420550110444
1682,-32.412050784964386,-8.772565084107157,0.22151853729715143,0.0905946763724706,0.0905946763724706
1683,-32.364320562744254,-8.761704364306434,0.22585319511908125,0.08651323543077563,0.08651323543077563
1684,-32.316606318679995,-8.750634481272343,0.2299911522211038,0.08245012199825366,0.08245012199825366
1685,-32.2689073489276,-8.739364884085218,0.23393300633649927,0.07840542740473799,0.07840542740473799
1686,-32.22122294964308,-8.727905021825393,0.23767935654746877,0.07437910403573145,0.07437910403573145
1687,-32.1735524169824,-8.716264343573195,0.24123079888339863,0.07037097419369082,0.07037097419369082
1688,-32.12589504710161,-8.704452298408963,0.24458792219021716,0.0663807386865525,0.0663807386865525
1689,-32.078250136156676,-8.692478335413028,0.24775130426449032,0.06240798519502648,0.06240798519502648
1690,-32.03061698030359,-8.680351903665713,0.2507215082451816,0.0584521963269916,0.0584521963269916
1691,-31.982994875698353,-8.66808245224736,0.2534990792567817,0.054512757479044605,0.054512757479044605
1692,-31.93538311849695,-8.65567943023829,0.2560845412962808,0.050588964333359125,0.050588964333359125
1693,-31.887781004855416,-8.643152286718847,0.2584783943569509,0.046680030184014995,0.046680030184014995
1694,-31.840187830929715,-8.630510470769355,0.26068111178301606,0.042785092949849265,0.042785092949849265
1695,-31.792602892875834,-8.617763431470147,0.26269313784759696,0.03890322195484395,0.03890322195484395
1696,-31.745025486849812,-8.60492061790156,0.26451488554775426,0.035033424464440396,0.035033424464440396
1697,-31.697454909007597,-8.59199147914391,0.2661467346107685,0.031174652014041276,0.031174652014041276
1698,-31.64989045550523,-8.57898546427755,0.2675890297061035,0.0273258065189828,0.0273258065189828
1699,-31.602331422498672,-8.565912022382799,0.26884207885733646,0.0234857461867839,0.0234857461867839
1700,-31.554777106143945,-8.552780602539992,0.26990615204909835,0.01965329125640748,0.01965329125640748
1701,-31.50722680259703,-8.53960065382946,0.270781480025305,0.015827229608965664,0.015827229608965664
1702,-31.459679808013913,-8.52638162533153,0.27146825327443536,0.0120063222014476,0.0120063222014476
1703,-31.412135418550633,-8.513132966126545,0.2719666211983444,0.00818930842113723,0.00818930842113723
1704,-31.364592930363138,-8.499864125294826,0.2722766914624301,0.004374911336617907,0.004374911336617907
1705,-31.317051639607456,-8.486584551916712,0.2724003134041436,0.0006341213224052613,0.0006341213224052613
1706,-31.269510855761002,-8.473303515943302,0.27238350846527354,-0.0013150493658451983,0.0013150493658451983
1707,-31.22197021847197,-8.460025847620761,0.2723165479296498,-0.001398103765479144,0.001398103765479144
1708,-31.174429711335723,-8.446751752243257,0.27224764228033577,-0.0013939211255149916,0.0013939211255149916
1709,-31.12688933402576,-8.433481218906902,0.2721789446096327,-0.001389737638524677,0.001389737638524677
1710,-31.079349086215604,-8.420214236707817,0.27211045494544744,-0.0013855533050154214,0.0013855533050154214
1711,-31.031808967578765,-8.406950794742114,0.2720421733155313,-0.0013813681325607235,0.0013813681325607235
1712,-30.984268977788734,-8.393690882105906,0.27197409974754694,-0.0013771821189535005,0.0013771821189535005
1713,-30.93672911651905,-8.380434487895316,0.2719062342691753,-0.0013729952674371973,0.0013729952674371973
1714,-30.88918938344323,-8.367181601206457,0.2718385769078355,-0.0013688075871562402,0.0013688075871562402
1715,-30.84164977823473,-8.353932211135437,0.271771127690936,-0.0013646190711725068,0.0013646190711725068
1716,-30.794110300567134,-8.340686306778387,0.2717038866458782,-0.0013604297284834765,0.0013604297284834765
1717,-30.746570950113902,-8.32744387723141,0.27163685379983893,-0.0013562395609616456,0.0013562395609616456
1718,-30.699031726548586,-8.314204911590632,0.27157002917994727,-0.0013520485704550805,0.0013520485704550805
1719,-30.651492629544663,-8.300969398952162,0.27150341281328505,-0.001347856758798479,0.001347856758798479
1720,-30.603953658775644,-8.287737328412113,0.27143700472682064,-0.0013436641305210344,0.0013436641305210344
1721,-30.556414813915076,-8.27450868906661,0.27137080494740595,-0.0013394706875860308,0.0013394706875860308
1722,-30.508876094636445,-8.261283470011763,0.27130481350178504,-0.001335276434183239,0.001335276434183239
1723,-30.461337500613272,-8.248061660343692,0.27123903041662845,-0.0013310813708583666,0.0013310813708583666
1724,-30.41379903151905,-8.23484324915851,0.27117345571861634,-0.0013268854984504247,0.0013268854984504247
1725,-30.366260687027296,-8.221628225552328,0.27110808943425746,-0.00132268882483827,0.00132268882483827
1726,-30.318722466811547,-8.20841657862127,0.2710429315898561,-0.0013184913521975213,0.0013184913521975213
1727,-30.271184370545296,-8.195208297461452,0.2709779822118245,-0.0013142930757409378,0.0013142930757409378
1728,-30.22364639790206,-8.182003371168983,0.2709132413263921,-0.0013100940094350746,0.0013100940094350746
1729,-30.176108548555344,-8.168801788839986,0.27084870895961516,-0.0013058941481012244,0.0013058941481012244
1730,-30.128570822178638,-8.155603539570567,0.27078438513763864,-0.0013016934950838852,0.0013016934950838852
1731,-30.0810332184455,-8.142408612456855,0.27072026988644393,-0.0012974920554282776,0.0012974920554282776
1732,-30.033495737029426,-8.129216996594957,0.2706563632318436,-0.0012932898327095957,0.0012932898327095957
1733,-29.985958377603914,-8.11602868108099,0.27059266519958286,-0.0012890868278385504,0.0012890868278385504
1734,-29.938421139842482,-8.102843655011075,0.2705291758154229,-0.001284883041018409,0.001284883041018409
1735,-29.890884023418632,-8.089661907481318,0.2704658951049616,-0.0012806784804333573,0.0012806784804333573
1736,-29.843347028005898,-8.076483427587846,0.27040282309367597,-0.0012764731445553663,0.0012764731445553663
1737,-29.79581015327778,-8.06330820442677,0.27033995980706116,-0.0012722670359377262,0.0012722670359377262
1738,-29.7482733989078,-8.050136227094203,0.270277305270351,-0.001268060164386449,0.001268060164386449
1739,-29.70073676456944,-8.036967484686265,0.2702148595088049,-0.0012638525208094069,0.0012638525208094069
1740,-29.653200249936226,-8.023801966299066,0.2701526225476484,-0.0012596441174448027,0.0012596441174448027
1741,-29.60566385468169,-8.010639661028732,0.27009059441187655,-0.0012554349531347932,0.0012554349531347932
1742,-29.558127578479326,-7.997480557971372,0.27002877512648027,-0.0012512250309853659,0.0012512250309853659
1743,-29.510591421002637,-7.984324646223101,0.2699671647163687,-0.0012470143529507316,0.0012470143529507316
1744,-29.463055381925148,-7.971171914880036,0.2699057632063212,-0.001242802924099382,0.001242802924099382
1745,-29.415519460920375,-7.958022353038295,0.26984457062099404,-0.0012385907461008702,0.0012385907461008702
1746,-29.367983657661824,-7.944875949793996,0.26978358698503424,-0.001234377819424033,0.001234377819424033
1747,-29.320447971823,-7.931732694243251,0.26972281232301637,-0.001230164148291422,0.001230164148291422
1748,-29.27291240307743,-7.918592575482177,0.2696622466593519,-0.0012259497368377243,0.0012259497368377243
1749,-29.225376951098593,-7.905455582606882,0.26960189001831725,-0.0012217345881719813,0.0012217345881719813
1750,-29.17784161556004,-7.892321704713498,0.2695417424242335,-0.0012175186991104558,0.0012175186991104558
1751,-29.130306396135264,-7.87919093089813,0.2694818039013038,-0.0012133020793886735,0.0012133020793886735
1752,-29.08277129249778,-7.866063250256896,0.269422074473534,-0.0012090847290041839,0.0012090847290041839
1753,-29.0352363043211,-7.852938651885912,0.2693625541649343,-0.001204866649542964,0.001204866649542964
1754,-28.987701431278712,-7.83981712488129,0.2693032429994625,-0.0012006478433019422,0.0012006478433019422
1755,-28.940166673044175,-7.826698658339153,0.2692441410008673,-0.0011964283181877672,0.0011964283181877672
1756,-28.892632029290972,-7.813583241355616,0.26918524819286876,-0.001192208069232245,0.001192208069232245
1757,-28.84509749969261,-7.8004708630267885,0.26912656459912015,-0.0011879871058397323,0.0011879871058397323
1758,-28.79756308392261,-7.787361512448794,0.26906809024318223,-0.0011837654241123386,0.0011837654241123386
1759,-28.75002878165447,-7.774255178717739,0.26900982514850724,-0.0011795430340964036,0.0011795430340964036
1760,-28.702494592561727,-7.7611518509297515,0.26895176933847614,-0.0011753199303830056,0.0011753199303830056
1761,-28.65496051631789,-7.748051518180939,0.26889392283632163,-0.001171096126132912,0.001171096126132912
1762,-28.607426552596444,-7.7349541695674215,0.26883628566526835,-0.001166871610261995,0.001166871610261995
1763,-28.55989270107093,-7.7218597941853115,0.26877885784845135,-0.001162646399230362,0.001162646399230362
1764,-28.512358961414822,-7.708768381130722,0.26872163940879223,-0.001158420486979997,0.001158420486979997
1765,-28.464825333301672,-7.695679919499778,0.26866463036929955,-0.0011541938777806502,0.0011541938777806502
1766,-28.417291816404973,-7.682594398388589,0.2686078307527771,-0.0011499665774175752,0.0011499665774175752
1767,-28.36975841039824,-7.669511806893275,0.26855124058201335,-0.001145738582461627,0.001145738582461627
1768,-28.32222511495499,-7.656432134109946,0.2684948598796363,-0.001141509904590558,0.001141509904590558
1769,-28.274691929748705,-7.643355369134718,0.2684386886681747,-0.0011372805378998734,0.0011372805378998734
1770,-28.227158854452934,-7.630281501063714,0.2683827269702062,-0.001133050488044139,0.001133050488044139
1771,-28.17962588874119,-7.617210518993048,0.268326974808044,-0.0011288197618365117,0.0011288197618365117
1772,-28.132093032286956,-7.604142412018835,0.2682714322040341,-0.001124588352873771,0.001124588352873771
1773,-28.08456028476376,-7.591077169237187,0.2682160991804335,-0.0011203562729010883,0.0011203562729010883
1774,-28.037027645845097,-7.57801477974422,0.26816097575932707,-0.001116123518900871,0.001116123518900871
1775,-27.989495115204505,-7.564955232636055,0.2681060619627604,-0.0011118900972176072,0.0011118900972176072
1776,-27.941962692515485,-7.551898517008807,0.26805135781269035,-0.0011076560068370145,0.0011076560068370145
1777,-27.894430377451542,-7.538844621958589,0.26799686333101724,-0.0011034212528083364,0.0011034212528083364
1778,-27.846898169686195,-7.525793536581518,0.2679425785394842,-0.0010991858381925465,0.0010991858381925465
1779,-27.799366068892937,-7.512745249973707,0.2678885034598282,-0.0010949497619153021,0.0010949497619153021
1780,-27.75183407474532,-7.4996997512312795,0.267834638113597,-0.0010907130344532507,0.0010907130344532507
1781,-27.704302186916816,-7.486657029450346,0.2677809825223237,-0.0010864756476609704,0.0010864756476609704
1782,-27.656770405080966,-7.473617073727026,0.2677275367074992,-0.0010822376131309622,0.0010822376131309622
1783,-27.609238728911233,-7.460579873157424,0.2676743006904222,-0.0010779989287989762,0.0010779989287989762
1784,-27.561707158081195,-7.447545416837671,0.26762127449235185,-0.0010737596000628164,0.0010737596000628164
1785,-27.514175692264327,-7.434513693863876,0.2675684581344146,-0.0010695196286444315,0.0010695196286444315
1786,-27.46664433113414,-7.421484693332156,0.26751585163773617,-0.0010652790145679973,0.0010652790145679973
1787,-27.419113074364155,-7.408458404338626,0.2674634550233514,-0.0010610377632432912,0.0010610377632432912
1788,-27.371581921627868,-7.395434815979398,0.26741126831210915,-0.0010567958785223611,0.0010567958785223611
1789,-27.324050872598814,-7.382413917350595,0.2673592915248113,-0.0010525533601921685,0.0010525533601921685
1790,-27.276519926950492,-7.369395697548331,0.26730752468223884,-0.0010483102110457687,0.0010483102110457687
1791,-27.22898908435642,-7.356380145668721,0.26725596780502087,-0.0010440664361695748,0.0010440664361695748
1792,-27.181458344490107,-7.343367250807882,0.26720462091367947,-0.0010398220365581,0.0010398220365581
1793,-27.133927707025027,-7.330357002061921,0.26715348402874456,-0.0010355770126126052,0.0010355770126126052
1794,-27.086397171634754,-7.317349388526966,0.26710255717059456,-0.0010313313718090743,0.0010313313718090743
1795,-27.03886673799278,-7.304344399299131,0.2670518403594641,-0.0010270851142354484,0.0010270851142354484
1796,-26.991336405772596,-7.291342023474527,0.267001333615607,-0.0010228382407411639,0.0010228382407411639
1797,-26.943806174647733,-7.278342250149274,0.2669510369591624,-0.001018590756863035,0.001018590756863035
1798,-26.896276044291675,-7.26534506841948,0.2669009504101454,-0.0010143426638109369,0.0010143426638109369
1799,-26.848746014377973,-7.252350467381271,0.2668510739885169,-0.0010100939643045554,0.0010100939643045554
1800,-26.801216084580123,-7.239358436130759,0.26680140771411276,-0.0010058446624183874,0.0010058446624183874
1801,-26.753686254571633,-7.226368963764061,0.26675195160671256,-0.0010015947580794189,0.0010015947580794189
1802,-26.706156524026014,-7.213382039377292,0.26670270568605486,-0.0009973442547415133,0.0009973442547415133
1803,-26.65862689261676,-7.20039765206656,0.2666536699717196,-0.0009930931571258735,0.0009930931571258735
1804,-26.61109736001743,-7.187415790927995,0.2666048444831741,-0.0009888414667824272,0.0009888414667824272
1805,-26.56356792590149,-7.1744364450577045,0.26655622923988737,-0.0009845891838265667,0.0009845891838265667
1806,-26.516038589942486,-7.161459603551809,0.26650782426122605,-0.000980336314000552,0.000980336314000552
1807,-26.468509351813907,-7.14848525550642,0.26645962956641195,-0.0009760828591709849,0.0009760828591709849
1808,-26.42098021118925,-7.135513390017651,0.26641164517464705,-0.0009718288199859496,0.0009718288199859496
1809,-26.37345116774207,-7.122543996181625,0.2663638711049869,-0.000967574203461954,0.000967574203461954
1810,-26.325922221145845,-7.109577063094454,0.2663163073764234,-0.0009633190068691876,0.0009633190068691876
1811,-26.278393371074106,-7.096612579852256,0.26626895400790873,-0.0009590632362864741,0.0009590632362864741
1812,-26.230864617200353,-7.083650535551145,0.2662218110182452,-0.0009548068934180182,0.0009548068934180182
1813,-26.183335959198086,-7.070690919287233,0.2661748784261729,-0.0009505499808039521,0.0009505499808039521
1814,-26.135807396740844,-7.0577337201566435,0.266128156250337,-0.0009462925014654498,0.0009462925014654498
1815,-26.088278929502128,-7.04477892725549,0.26608164450931654,-0.0009420344567838494,0.0009420344567838494
1816,-26.040750557155448,-7.031826529679888,0.2660353432216023,-0.0009377758506749847,0.0009377758506749847
1817,-25.993222279374304,-7.01887651652595,0.26598925240558635,-0.0009335166849401953,0.0009335166849401953
1818,-25.94569409583223,-7.005928876889796,0.2659433720795621,-0.0009292569634897401,0.0009292569634897401
1819,-25.89816600620273,-6.992983599867543,0.2658977022617578,-0.0009249966867726124,0.0009249966867726124
1820,-25.85063801015931,-6.980040674555305,0.26585224297032944,-0.0009207358589879145,0.0009207358589879145
1821,-25.80311010737548,-6.967100090049195,0.26580699422332893,-0.0009164744818663378,0.0009164744818663378
1822,-25.755582297524747,-6.954161835445328,0.26576195603869385,-0.0009122125600294248,0.0009122125600294248
1823,-25.708054580280635,-6.941225899839827,0.2657171284343418,-0.0009079500913747238,0.0009079500913747238
1824,-25.660526955316662,-6.928292272328804,0.2656725114280545,-0.0009036870852369243,0.0009036870852369243
1825,-25.61299942230633,-6.915360942008377,0.2656281050375227,-0.000899423537660872,0.000899423537660872
1826,-25.56547198092315,-6.902431897974658,0.2655839092803943,-0.0008951594560763339,0.0008951594560763339
1827,-25.517944630840606,-6.8895051293237595,0.2655399241742118,-0.0008908948390241704,0.0008908948390241704
1828,-25.470417371732267,-6.876580625151808,0.2654961497364001,-0.0008866296944380605,0.0008866296944380605
1829,-25.42289020327161,-6.863658374554916,0.2654525859843523,-0.0008823640173961613,0.0008823640173961613
1830,-25.375363125132154,-6.850738366629195,0.26540923293534846,-0.0008780978191055669,0.0008780978191055669
1831,-25.327836136987404,-6.837820590470765,0.2653660906065632,-0.0008738310943466058,0.0008738310943466058
1832,-25.280309238510856,-6.8249050351757345,0.2653231590151713,-0.0008695638500354517,0.0008695638500354517
1833,-25.232782429376066,-6.811991689840229,0.2652804381781111,-0.0008652960905669125,0.0008652960905669125
1834,-25.18525570925652,-6.799080543560365,0.26523792811239394,-0.0008610278102708932,0.0008610278102708932
1835,-25.137729077825735,-6.78617158543225,0.2651956288348604,-0.0008567590234663388,0.0008567590234663388
1836,-25.090202534757207,-6.773264804552003,0.26515354036223665,-0.000852489722177073,0.000852489722177073
1837,-25.042676079724444,-6.760360190015736,0.2651116627112714,-0.0008482199151629903,0.0008482199151629903
1838,-24.99514971240099,-6.7474577309195745,0.26506999589852853,-0.00084394960287147,0.00084394960287147
1839,-24.947623432460347,-6.734557416359631,0.26502853994055153,-0.0008396787873928281,0.0008396787873928281
1840,-24.90009723957602,-6.721659235432019,0.26498729485372047,-0.000835407474957368,0.000835407474957368
1841,-24.852571133421517,-6.708763177232857,0.2649462606544213,-0.0008311356608058495,0.0008311356608058495
1842,-24.805045113670328,-6.695869230858251,0.26490543735893485,-0.0008268633556573306,0.0008268633556573306
1843,-24.757519179996013,-6.682977385404332,0.2648648249833837,-0.00082259055692501,0.00082259055692501
1844,-24.709993332072056,-6.670087629967208,0.26482442354389385,-0.0008183172687522111,0.0008183172687522111
1845,-24.662467569571973,-6.657199953642996,0.2647842330564785,-0.0008140434932703255,0.0008140434932703255
1846,-24.61494189216928,-6.644314345527812,0.26474425353703485,-0.0008097692347637437,0.0008097692347637437
1847,-24.56741629953746,-6.631430794717766,0.2647044850013999,-0.0008054944930765331,0.0008054944930765331
1848,-24.51989079135007,-6.6185492903089855,0.26466492746534515,-0.000801219272736475,0.000801219272736475
1849,-24.472365367280595,-6.60566982139758,0.26462558094454613,-0.0007969435747955358,0.0007969435747955358
1850,-24.424840027002553,-6.592792377079664,0.2645864454545527,-0.0007926674050067873,0.0007926674050067873
1851,-24.377314770189436,-6.579916946451352,0.26454752101087936,-0.0007883907607439747,0.0007883907607439747
1852,-24.329789596514793,-6.567043518608767,0.26450880762895834,-0.0007841136496736769,0.0007841136496736769
1853,-24.282264505652122,-6.554172082648022,0.26447030532407423,-0.0007798360718175166,0.0007798360718175166
1854,-24.234739497274923,-6.541302627665232,0.2644320141115192,-0.0007755580285344995,0.0007755580285344995
1855,-24.18721457105671,-6.52843514275651,0.2643939340064467,-0.000771279525798664,0.000771279525798664
1856,-24.13968972667099,-6.515569617017972,0.2643560650239097,-0.0007670005634029285,0.0007670005634029285
1857,-24.092164963791294,-6.502706039545739,0.2643184071788813,-0.0007627211464954542,0.0007627211464954542
1858,-24.04464028209112,-6.489844399435927,0.2642809604863097,-0.0007584412726278467,0.0007584412726278467
1859,-23.997115681243983,-6.476984685784648,0.2642437249610755,-0.0007541609486868502,0.0007541609486868502
1860,-23.949591160923408,-6.4641268876880185,0.2642067006177851,-0.0007498801806104467,0.0007498801806104467
1861,-23.902066720802857,-6.451270994242151,0.2641698874711469,-0.0007455989600102985,0.0007455989600102985
1862,-23.854542360555904,-6.43841699454317,0.2641332855357881,-0.0007413173002614818,0.0007413173002614818
1863,-23.807018079856032,-6.4255648776871865,0.2640968948261119,-0.0007370351987720144,0.0007370351987720144
1864,-23.759493878376748,-6.412714632770316,0.2640607153565911,-0.0007327526570053455,0.0007327526570053455
1865,-23.711969755791582,-6.399866248888676,0.26402474714150403,-0.0007284696830712313,0.0007284696830712313
1866,-23.664445711774015,-6.387019715138378,0.2639889901950699,-0.0007241862729658223,0.0007241862729658223
1867,-23.616921745997587,-6.374175020615544,0.26395344453148806,-0.0007199024331718508,0.0007199024331718508
1868,-23.569397858135808,-6.361332154416289,0.2639181101647802,-0.0007156181661203955,0.0007156181661203955
1869,-23.52187404786217,-6.348491105636724,0.2638829871089509,-0.000711333471750402,0.000711333471750402
1870,-23.474350314850206,-6.335651863372971,0.2638480753779148,-0.0007070483554756054,0.0007070483554756054
1871,-23.4268266587734,-6.322814416721137,0.2638133749854444,-0.0007027628193385604,0.0007027628193385604
1872,-23.379303079305295,-6.309978754777348,0.2637788859452999,-0.000698476863468727,0.000698476863468727
1873,-23.33177957611939,-6.297144866637716,0.26374460827111335,-0.0006941904946413055,0.0006941904946413055
1874,-23.2842561488892,-6.284312741398358,0.263710541976469,-0.0006899037097081314,0.0006899037097081314
1875,-23.236732797288237,-6.271482368155388,0.2636766870748297,-0.0006856165184151178,0.0006856165184151178
1876,-23.189209520989976,-6.2586537360049155,0.263643043579593,-0.000681328915369473,0.000681328915369473
1877,-23.14168631966799,-6.2458268340430685,0.26360961150408113,-0.0006770409107040463,0.0006770409107040463
1878,-23.094163192995754,-6.233001651365957,0.2635763908614779,-0.0006727525015870646,0.0006727525015870646
1879,-23.046640140646794,-6.220178177069701,0.26354338166499525,-0.0006684636913880033,0.0006684636913880033
1880,-22.999117162294617,-6.207356400250411,0.2635105839276783,-0.0006641744852069806,0.0006641744852069806
1881,-22.951594257612708,-6.194536310004199,0.2634779976624431,-0.0006598848848532491,0.0006598848848532491
1882,-22.90407142627462,-6.181717895427193,0.2634456228822565,-0.0006555948881521739,0.0006555948881521739
1883,-22.85654866795385,-6.1689011456155,0.2634134595999019,-0.0006513045063939337,0.0006513045063939337
1884,-22.8090259823239,-6.15608604966524,0.2633815078281035,-0.0006470137323890649,0.0006470137323890649
1885,-22.761503369058296,-6.143272596672527,0.2633497675795465,-0.0006427225765789996,0.0006427225765789996
1886,-22.713980827830532,-6.130460775733473,0.263318238866723,-0.0006384310380539272,0.0006384310380539272
1887,-22.66645835831414,-6.117650575944202,0.26328692170211143,-0.0006341391199566114,0.0006341391199566114
1888,-22.618935960182622,-6.104841986400827,0.26325581609814636,-0.0006298468226050793,0.0006298468226050793
1889,-22.571413633109493,-6.092034996199464,0.26322492206715215,-0.0006255541518317178,0.0006255541518317178
1890,-22.523891376768237,-6.079229594436221,0.263194239621338,-0.0006212611081678343,0.0006212611081678343
1891,-22.476369190832415,-6.066425770207226,0.2631637687728304,-0.0006169676961189614,0.0006169676961189614
1892,-22.428847074975508,-6.053623512608588,0.26313350953369113,-0.0006126739154782743,0.0006126739154782743
1893,-22.38132502887104,-6.040822810736427,0.26310346191592004,-0.0006083797706575296,0.0006083797706575296
1894,-22.333803052192515,-6.028023653686855,0.26307362593137784,-0.0006040852645651161,0.0006040852645651161
1895,-22.28628114461342,-6.015226030555984,0.26304400159190394,-0.0005997903968370581,0.0005997903968370581
1896,-22.238759305807314,-6.0024299304399396,0.26301458890921764,-0.0005954951743892678,0.0005954951743892678
1897,-22.191237535447684,-5.989635342434834,0.26298538789495673,-0.0005911995953026566,0.0005911995953026566
1898,-22.143715833208052,-5.976842255636784,0.26295639856070185,-0.0005869036654814413,0.0005869036654814413
1899,-22.09619419876191,-5.964050659141901,0.26292762091793137,-0.0005826073848592662,0.0005826073848592662
1900,-22.04867263178278,-5.951260542046302,0.2628990549780473,-0.0005783107582770995,0.0005783107582770995
1901,-22.00115113194418,-5.9384718934461045,0.26287070075230895,-0.0005740137883623577,0.0005740137883623577
1902,-21.953629698919627,-5.9256847024374295,0.26284255825198405,-0.0005697164738221794,0.0005697164738221794
1903,-21.906108332382612,-5.912898958116384,0.26281462748823925,-0.0005654188217312214,0.0005654188217312214
1904,-21.858587032006657,-5.900114649579088,0.26278690847211467,-0.0005611208318248129,0.0005611208318248129
1905,-21.811065797465265,-5.887331765921654,0.2627594012145844,-0.0005568225087255382,0.0005568225087255382
1906,-21.763544628431966,-5.874550296240205,0.2627321057265751,-0.0005525238514055733,0.0005525238514055733
1907,-21.716023524580272,-5.861770229630854,0.2627050220188788,-0.0005482248680501378,0.0005482248680501378
1908,-21.66850248558368,-5.848991555189716,0.2626781501022457,-0.0005439255538211424,0.0005439255538211424
1909,-21.6209815111157,-5.836214262012903,0.2626514899873196,-0.0005396259195702919,0.0005396259195702919
1910,-21.57346060084984,-5.823438339196533,0.2626250416846464,-0.0005353259600824772,0.0005353259600824772
1911,-21.52593975445964,-5.810663775836727,0.2625988052047359,-0.0005310256837204381,0.0005310256837204381
1912,-21.47841897161859,-5.797890561029599,0.2625727805579937,-0.0005267250880170879,0.0005267250880170879
1913,-21.43089825200021,-5.785118683871262,0.2625469677547328,-0.000522424180881355,0.000522424180881355
1914,-21.383377595278,-5.772348133457832,0.26252136680517996,-0.0005181229595647096,0.0005181229595647096
1915,-21.335857001125465,-5.759578898885422,0.26249597771949423,-0.0005138214312481649,0.0005138214312481649
1916,-21.28833646921614,-5.7468109692501566,0.2624708005077399,-0.0005095195942629532,0.0005095195942629532
1917,-21.240815999223535,-5.734044333648148,0.2624458351799347,-0.0005052174538459893,0.0005052174538459893
1918,-21.193295590821148,-5.72127898117551,0.2624210817459797,-0.0005009150111556664,0.0005009150111556664
1919,-21.145775243682504,-5.70851490092836,0.26239654021566056,-0.0004966122714081118,0.0004966122714081118
1920,-21.098254957481082,-5.695752082002809,0.2623722105987415,-0.0004923092319116949,0.0004923092319116949
1921,-21.050734731890437,-5.682990513494981,0.2623480929049119,-0.0004880059000744495,0.0004880059000744495
1922,-21.003214566584067,-5.67023018450099,0.2623241871437215,-0.0004837022758278526,0.0004837022758278526
1923,-20.955694461235474,-5.657471084116947,0.2623004933246461,-0.00047939836391364864,0.00047939836391364864
1924,-20.90817441551815,-5.644713201438967,0.26227701145710863,-0.0004750941633989856,0.0004750941633989856
1925,-20.860654429105658,-5.631956525563177,0.2622537415504637,-0.00047078967966246996,0.00047078967966246996
1926,-20.81313450167148,-5.619201045585685,0.2622306836139398,-0.00046648491412204274,0.00046648491412204274
1927,-20.765614632889125,-5.606446750602606,0.2622078376567183,-0.0004621798689292044,0.0004621798689292044
1928,-20.718094822432118,-5.593693629710058,0.2621852036878514,-0.00045787454885552075,0.00045787454885552075
1929,-20.67057506997394,-5.580941672004153,0.26216278171635343,-0.0004535689523289367,0.0004535689523289367
1930,-20.623055375188144,-5.5681908665810145,0.2621405717511614,-0.00044926308573068133,0.00044926308573068133
1931,-20.575535737748222,-5.555441202536754,0.26211857380107684,-0.00044495694984869957,0.00044495694984869957
1932,-20.52801615732768,-5.5426926689674865,0.26209678787487745,-0.0004406505465292274,0.0004406505465292274
1933,-20.480496633600044,-5.529945254969331,0.26207521398123906,-0.0004363438797246131,0.0004363438797246131
1934,-20.432977166238796,-5.517198949638395,0.2620538521287483,-0.00043203695078014354,0.00043203695078014354
1935,-20.385457754917493,-5.504453742070806,0.2620327023258949,-0.0004277297639397506,0.0004277297639397506
1936,-20.337938399309618,-5.491709621362675,0.26201176458109715,-0.0004234223195351474,0.0004234223195351474
1937,-20.290419099088687,-5.4789665766101185,0.26199103890273756,-0.0004191146203491734,0.0004191146203491734
1938,-20.24289985392821,-5.4662245969092496,0.2619705252990658,-0.0004148066706559464,0.0004148066706559464
1939,-20.19538066350169,-5.4534836713561825,0.26195022377823857,-0.0004104984716294041,0.0004104984716294041
1940,-20.147861527482657,-5.440743789047039,0.26193013434836465,-0.00040619002570022706,0.00040619002570022706
1941,-20.10034244554463,-5.428004939077936,0.26191025701745063,-0.0004018813362492813,0.0004018813362492813
1942,-20.052823417361093,-5.415267110544984,0.2618905917934577,-0.00039757240341522354,0.00039757240341522354
1943,-20.005304442605578,-5.4025302925443,0.2618711386842098,-0.0003932632342826492,0.0003932632342826492
1944,-19.957785520951564,-5.389794474171997,0.2618518976974629,-0.00038895382620029285,0.00038895382620029285
1945,-19.910266652072607,-5.377059644524199,0.2618328688409415,-0.0003846441847596058,0.0003846441847596058
1946,-19.862747835642203,-5.364325792697019,0.26181405212224224,-0.0003803343112119322,0.0003803343112119322
1947,-19.81522907133386,-5.3515929077865705,0.26179544754887296,-0.0003760242095953168,0.0003760242095953168
1948,-19.767710358821084,-5.338860978888969,0.2617770551282656,-0.0003717138806069685,0.0003717138806069685
1949,-19.72019169777738,-5.32612999510033,0.2617588748678206,-0.00036740332648662504,0.00036740332648662504
1950,-19.67267308787629,-5.313399945516774,0.26174090677477696,-0.00036309255322403795,0.00036309255322403795
1951,-19.6251545287913,-5.300670819234413,0.2617231508563465,-0.0003587815575852543,0.0003587815575852543
1952,-19.57763602019594,-5.287942605349365,0.2617056071196525,-0.00035447034806571727,0.00035447034806571727
1953,-19.5301175617637,-5.275215292957744,0.26168827557167973,-0.00035015892345847244,0.00035015892345847244
1954,-19.482599153168092,-5.262488871155664,0.26167115621945747,-0.00034584728481442333,0.00034584728481442333
1955,-19.43508079408266,-5.249763329039246,0.26165424906979706,-0.00034153544160951406,0.00034153544160951406
1956,-19.387562484180883,-5.2370386557046045,0.26163755412946404,-0.00033722338788017914,0.00033722338788017914
1957,-19.340044223136285,-5.224314840247854,0.2616210714052388,-0.0003329111306467782,0.0003329111306467782
1958,-19.29252601062238,-5.211591871765111,0.26160480090369553,-0.0003285986729295165,0.0003285986729295165
1959,-19.24500784631266,-5.198869739352487,0.2615887426313801,-0.0003242860145108071,0.0003242860145108071
1960,-19.19748972988066,-5.186148432106104,0.26157289659476485,-0.00031997316025766985,0.00031997316025766985
1961,-19.149971660999896,-5.173427939122078,0.26155726280021124,-0.0003156601114683674,0.0003156601114683674
1962,-19.102453639343857,-5.160708249496521,0.2615418412540159,-0.0003113468711381196,0.0003113468711381196
1963,-19.054935664586054,-5.147989352325548,0.2615266319624111,-0.00030703344054160207,0.00030703344054160207
1964,-19.007417736400033,-5.135271236705283,0.2615116349315333,-0.0003027198239536391,0.0003027198239536391
1965,-18.95989985445927,-5.122553891731833,0.26149685016741486,-0.000298406022988231,0.000298406022988231
1966,-18.9123820184373,-5.10983730650132,0.2614822776760202,-0.0002940920404497972,0.0002940920404497972
1967,-18.864864228007615,-5.097121470109856,0.26146791746325926,-0.0002897778774120955,0.0002897778774120955
1968,-18.817346482843725,-5.084406371653555,0.2614537695349374,-0.00028546353869220116,0.00028546353869220116
1969,-18.769828782619165,-5.071692000228539,0.2614398338967619,-0.0002811490251228866,0.0002811490251228866
1970,-18.722311127007437,-5.058978344930922,0.261426110554388,-0.0002768343396478394,0.0002768343396478394
1971,-18.674793515682044,-5.0462653948568175,0.2614125995133985,-0.00027251948391820784,0.00027251948391820784
1972,-18.627275948316505,-5.033553139102342,0.2613993007792286,-0.0002682044639336396,0.0002682044639336396
1973,-18.579758424584313,-5.020841566763609,0.26138621435730064,-0.0002638892758823617,0.0002638892758823617
1974,-18.532240944159017,-5.008130666936743,0.2613733402529566,-0.000259573928485463,0.000259573928485463
1975,-18.4847235067141,-4.995420428717852,0.26136067847140304,-0.0002552584201920176,0.0002552584201920176
1976,-18.437206111923093,-4.982710841203056,0.26134822901781507,-0.0002509427554738275,0.0002509427554738275
1977,-18.389688759459492,-4.970001893488467,0.26133599189721535,-0.00024662693772605426,0.00024662693772605426
1978,-18.342171448996787,-4.957293574670199,0.26132396711464206,-0.00024231096456004845,0.00024231096456004845
1979,-18.294654180208543,-4.944585873844378,0.26131215467503077,-0.00023799484420469438,0.00023799484420469438
1980,-18.24713695276824,-4.9318787801071124,0.26130055458315765,-0.00023367857655203083,0.00023367857655203083
1981,-18.199619766349393,-4.919172282554519,0.2612891668437852,-0.00022936216392607643,0.00022936216392607643
1982,-18.152102620625516,-4.906466370282715,0.2612779914615761,-0.00022504560971614072,0.00022504560971614072
1983,-18.104585515270102,-4.893761032387811,0.26126702844112054,-0.00022072891512497624,0.00022072891512497624
1984,-18.0570684499567,-4.881056257965933,0.26125627778696625,-0.00021641208233516562,0.00021641208233516562
1985,-18.0095514243588,-4.868352036113189,0.2612457395034571,-0.00021209511910579118,0.00021209511910579118
1986,-17.962034438149907,-4.855648355925697,0.2612354135949573,-0.0002077780184986304,0.0002077780184986304
1987,-17.914517491003547,-4.842945206499574,0.2612253000657768,-0.00020346079131393878,0.00020346079131393878
1988,-17.86700058259321,-4.830242576930931,0.261215398920035,-0.00019914343615072178,0.00019914343615072178
1989,-17.81948371259244,-4.817540456315892,0.2612057101618548,-0.00019482595591827412,0.00019482595591827412
1990,-17.771966880674725,-4.8048388337505665,0.2611962337952479,-0.0001905083538763526,0.0001905083538763526
1991,-17.72445008651359,-4.792137698331074,0.2611869698241436,-0.00018619063178493421,0.00018619063178493421
1992,-17.67693332978254,-4.77943703915353,0.261177918252397,-0.00018187279252418627,0.00018187279252418627
1993,-17.629416610155065,-4.7667368453140435,0.2611690790837691,-0.00017755483871754256,0.00017755483871754256
1994,-17.581899927304715,-4.754037105908742,0.2611604523219866,-0.0001732367707682904,0.0001732367707682904
1995,-17.534383280904986,-4.741337810033733,0.26115203797064385,-0.0001689185953220554,0.0001689185953220554
1996,-17.486866670629393,-4.728638946785137,0.2611438360332231,-0.00016460031193417352,0.00016460031193417352
1997,-17.439350096151422,-4.715940505259063,0.26113584651321164,-0.00016028192249452743,0.00016028192249452743
1998,-17.391833557144622,-4.703242474551636,0.2611280694139764,-0.00015596343165740634,0.00015596343165740634
1999,-17.34431705328249,-4.6905448437589685,0.26112050473880294,-0.00015164483973635883,0.00015164483973635883
2000,-17.296800584238536,-4.677847601977174,0.26111315249087946,-0.00014732615201962592,0.00014732615201962592
2001,-17.24928414968627,-4.665150738302371,0.261106012673325,-0.00014300736768324172,0.00014300736768324172
2002,-17.20176774929919,-4.652454241830669,0.26109908528921194,-0.00013868849109843613,0.00013868849109843613
2003,-17.154251382750843,-4.6397581016581935,0.2610923703414552,-0.0001343695259526813,0.0001343695259526813
2004,-17.106735049714718,-4.627062306881057,0.261085867832934,-0.00013005047165095174,0.00013005047165095174
2005,-17.059218749864325,-4.614366846595374,0.2610795777664771,-0.00012573133249476286,0.00012573133249476286
2006,-17.011702482873186,-4.601671709897262,0.261073500144814,-0.00012141210988093657,0.00012141210988093657
2007,-16.96418624841479,-4.58897688588283,0.2610676349705287,-0.00011709280995698127,0.00011709280995698127
2008,-16.916670046162675,-4.576282363648204,0.2610619822461774,-0.00011277342937342896,0.00011277342937342896
2009,-16.869153875790346,-4.563588132289496,0.2610565419742893,-0.00010845397421539831,0.00010845397421539831
2010,-16.82163773697132,-4.550894180902822,0.261051314157201,-0.00010413444788869444,0.00010413444788869444
2011,-16.77412162937909,-4.538200498584296,0.2610462987972208,-9.981484978547628e-05,9.981484978547628e-05
2012,-16.726605552687165,-4.525507074430033,0.26104149589662734,-9.549518337157805e-05,9.549518337157805e-05
2013,-16.67908950656908,-4.512813897536152,0.26103690545751473,-9.117545432719836e-05,9.117545432719836e-05
2014,-16.631573490698344,-4.500120956998771,0.26103252748194367,-8.685565998801965e-05,8.685565998801965e-05
2015,-16.584057504748454,-4.487428241914002,0.26102836197198054,-8.253580443374193e-05,8.253580443374193e-05
2016,-16.536541548392936,-4.474735741377961,0.261024408929465,-7.821589445523649e-05,7.821589445523649e-05
2017,-16.489025621305274,-4.46204344448676,0.26102066835618026,-7.389592720844756e-05,7.389592720844756e-05
2018,-16.441509723159015,-4.449351340336525,0.26101714025392114,-6.957590670535909e-05,6.957590670535909e-05
2019,-16.393993853627652,-4.436659418023367,0.2610138246243962,-6.525583410248116e-05,6.525583410248116e-05
2020,-16.346478012384708,-4.4239676666433985,0.2610107214690986,-6.093571864849308e-05,6.093571864849308e-05
2021,-16.29896219910368,-4.411276075292741,0.2610078307895315,-5.6615552335834804e-05,5.6615552335834804e-05
2022,-16.251446413458073,-4.398584633067502,0.26100515258718987,-5.229534515318184e-05,5.229534515318184e-05
2023,-16.203930655121432,-4.385893329063808,0.2610026868633094,-4.797509930855818e-05,4.797509930855818e-05
2024,-16.156414923767237,-4.373202152377769,0.2610004336192035,-4.365481108312891e-05,4.365481108312891e-05
2025,-16.10889921906902,-4.360511092105503,0.2609983928560753,-3.933449032236821e-05,3.933449032236821e-05
2026,-16.06138354070028,-4.347820137343122,0.2609965645749503,-3.501413606430597e-05,3.501413606430597e-05
2027,-16.013867888334516,-4.335129277186741,0.2609949487768568,-3.069375079757916e-05,3.069375079757916e-05
2028,-15.966352261645277,-4.322438500732486,0.2609935454627412,-2.6373337016190962e-05,2.6373337016190962e-05
2029,-15.918836660306052,-4.309747797076465,0.26099235463345477,-2.2052897746368633e-05,2.2052897746368633e-05
2030,-15.871321083990352,-4.2970571553147945,0.26099137628974056,-1.7732436011641013e-05,1.7732436011641013e-05
2031,-15.823805532371676,-4.284366564543588,0.26099061043231275,-1.3411951606390378e-05,1.3411951606390378e-05
2032,-15.776290005123565,-4.271676013858968,0.260990057061777,-9.091450801476131e-06,9.091450801476131e-06
2033,-15.728774501919519,-4.258985492357047,0.26098971617863465,-4.770933222624347e-06,4.770933222624347e-06
2034,-15.681259022433045,-4.24629498913394,0.26098958778334086,-4.504027655711796e-07,4.504027655711796e-07
2035,-15.633743566337658,-4.233604493285765,0.2609896718762461,3.870138564221541e-06,3.870138564221541e-06
2036,-15.58622813330685,-4.220913993908632,0.26098996845767736,8.190690153025533e-06,8.190690153025533e-06
2037,-15.538712723014173,-4.208223480098665,0.26099047752779453,1.2511244182295998e-05,1.2511244182295998e-05
2038,-15.491197335133112,-4.195532940951977,0.2609911990866974,1.6831804369322595e-05,1.6831804369322595e-05
2039,-15.443681969337183,-4.1828423655646825,0.2609921331344634,2.1152364447652426e-05,2.1152364447652426e-05
2040,-15.396166625299898,-4.170151743032899,0.2609932796710458,2.547292397659217e-05,2.547292397659217e-05
2041,-15.348651302694753,-4.157461062452736,0.2609946386962983,2.9793477700376774e-05,2.9793477700376774e-05
2042,-15.301136001195285,-4.144770312920319,0.2609962102100353,3.4114027627254914e-05,3.4114027627254914e-05
2043,-15.253620720475004,-4.1320794835317605,0.26099799421197234,3.8434566083286405e-05,3.8434566083286405e-05
2044,-15.206105460207407,-4.119388563383175,0.2609999907017046,4.275509419433591e-05,4.275509419433591e-05
2045,-15.158590220066017,-4.10669754157068,0.2610021996788431,4.707560983147238e-05,4.707560983147238e-05
2046,-15.111074999724325,-4.094006407190385,0.2610046211428132,5.139610592216676e-05,5.139610592216676e-05
2047,-15.063559798855872,-4.081315149338416,0.26100725509299694,5.5716586124921696e-05,5.5716586124921696e-05
2048,-15.01604461713416,-4.068623757110886,0.2610101015287438,6.003704381081876e-05,6.003704381081876e-05
2049,-14.968529454232693,-4.055932219603907,0.2610131604492479,6.435747764175668e-05,6.435747764175668e-05
2050,-14.921014309824987,-4.043240525913598,0.2610164318536611,6.86778855867989e-05,6.86778855867989e-05
2051,-14.873499183584531,-4.0305486651360685,0.26101991574107525,7.299826558675259e-05,7.299826558675259e-05
2052,-14.825984075184877,-4.0178566263674425,0.2610236121104364,7.73186121225464e-05,7.73186121225464e-05
2053,-14.778468984299526,-4.005164398703837,0.2610275209606386,8.163892694522839e-05,8.163892694522839e-05
2054,-14.73095391060198,-3.9924719712413634,0.26103164229054227,8.595920529010768e-05,8.595920529010768e-05
2055,-14.683438853765741,-3.9797793330761357,0.26103597609889395,9.027944563887356e-05,9.027944563887356e-05
2056,-14.635923813464329,-3.967086473304269,0.26104052238429876,9.459964211019273e-05,9.459964211019273e-05
2057,-14.588408789371265,-3.9543933810218865,0.261045281145356,9.891979869492758e-05,9.891979869492758e-05
2058,-14.540893781160065,-3.941700045325102,0.2610502523805871,0.00010323990658660957,0.00010323990658660957
2059,-14.493378788504222,-3.9290064553100277,0.26105543608837734,0.00010755996741161306,0.00010755996741161306
2060,-14.445863811077256,-3.9163126000727813,0.26106083226709237,0.00011187997707435497,0.00011187997707435497
2061,-14.398348848552665,-3.9036184687094737,0.26106644091494846,0.00011619993197862118,0.00011619993197862118
2062,-14.35083390060399,-3.8909240503162312,0.2610722620301265,0.00012051983259734983,0.00012051983259734983
2063,-14.303318966904728,-3.8782293339891645,0.26107829561073254,0.00012483967378168438,0.00012483967378168438
2064,-14.255804047128386,-3.8655343088243885,0.2610845416547652,0.00012915945466086224,0.00012915945466086224
2065,-14.208289140948478,-3.8528389639180194,0.26109100016015085,0.00013347917151211223,0.00013347917151211223
2066,-14.160774248038502,-3.84014328836617,0.261097671124741,0.00013779882336318662,0.00013779882336318662
2067,-14.113259368071999,-3.827447271264963,0.26110455454630616,0.0001421184062385564,0.0001421184062385564
2068,-14.06574450072247,-3.8147509017105126,0.2611116504225241,0.00014643791869958282,0.00014643791869958282
2069,-14.018229645663421,-3.8020541687989318,0.26111895875098734,0.00015075735705735968,0.00015075735705735968
2070,-13.970714802568342,-3.7893570616263323,0.26112647952922213,0.00015507672066339046,0.00015507672066339046
2071,-13.92319997111079,-3.776659569288842,0.2611342127546865,0.00015939600573090093,0.00015939600573090093
2072,-13.875685150964257,-3.76396168088257,0.26114215842473054,0.00016371521001374182,0.00016371521001374182
2073,-13.828170341802247,-3.751263385503631,0.2611503165366242,0.00016803433084399698,0.00016803433084399698
2074,-13.78065554329828,-3.7385646722481436,0.26115868708756146,0.00017235336614565785,0.00017235336614565785
2075,-13.733140755125847,-3.725865530212218,0.26116727007468,0.0001766723140532233,0.0001766723140532233
2076,-13.685625976958494,-3.713165948491978,0.2611760654949965,0.00018099116987296425,0.00018099116987296425
2077,-13.638111208469715,-3.700465916183536,0.26118507334545854,0.0001853099338145686,0.0001853099338145686
2078,-13.590596449333024,-3.6877654223830083,0.26119429362293983,0.00018962860102714207,0.00018962860102714207
2079,-13.543081699221927,-3.6750644561865107,0.26120372632424005,0.00019394717168979406,0.00019394717168979406
2080,-13.49556695780992,-3.6623630066901525,0.2612133714460762,0.00019826564062237805,0.00019826564062237805
2081,-13.448052224770558,-3.649661062990062,0.26122322898505673,0.00020258400691725183,0.00020258400691725183
2082,-13.400537499777325,-3.636958614182348,0.26123329893773867,0.00020690226775530175,0.00020690226775530175
2083,-13.35302278250374,-3.6242556493631275,0.2612435813005642,0.00021122041962494864,0.00021122041962494864
2084,-13.305508072623306,-3.611552157628517,0.26125407606994394,0.00021553846309931406,0.00021553846309931406
2085,-13.257993369809524,-3.598848128074626,0.26126478324220065,0.00021985639238913252,0.00021985639238913252
2086,-13.210478673735945,-3.5861435497975807,0.2612757028134913,0.00022417420487207614,0.00022417420487207614
2087,-13.162963984076052,-3.573438411893493,0.2612868347799837,0.00022849190197311972,0.00022849190197311972
2088,-13.11544930050336,-3.560732703458477,0.26129817913775455,0.00023280947689607604,0.00023280947689607604
2089,-13.067934622691388,-3.5480264135886515,0.2613097358827662,0.0002371269301412884,0.0002371269301412884
2090,-13.020419950313618,-3.535319531380124,0.26132150501091095,0.00024144425669989685,0.00024144425669989685
2091,-12.972905283043605,-3.5226120459290224,0.26133348651801197,0.0002457614571246648,0.0002457614571246648
2092,-12.925390620554841,-3.509903946331456,0.2613456803997998,0.0002500785254223823,0.0002500785254223823
2093,-12.877875962520843,-3.497195221683543,0.26135808665190424,0.00025439546186355395,0.00025439546186355395
2094,-12.830361308615112,-3.484485861081397,0.26137070526991324,0.0002587122627962576,0.0002587122627962576
2095,-12.782846658511147,-3.4717758536211303,0.2613835362493099,0.00026302892595473043,0.00026302892595473043
2096,-12.7353320118825,-3.4590651883988692,0.2613965795855059,0.0002673454490622952,0.0002673454490622952
2097,-12.687817368402653,-3.4463538545107215,0.26140983527381295,0.00027166182866735606,0.00027166182866735606
2098,-12.640302727745135,-3.433641841052809,0.26142330330948105,0.00027597806404264485,0.00027597806404264485
2099,-12.592788089583443,-3.420929137121242,0.26143698368766954,0.0002802941505940452,0.0002802941505940452
2100,-12.54527345359107,-3.4082157318121333,0.261450876403474,0.00028461008865179833,0.00028461008865179833
2101,-12.497758819441579,-3.3955016142216095,0.26146498145188163,0.00028892587183273945,0.00028892587183273945
2102,-12.45024418680845,-3.3827867734457806,0.26147929882778315,0.0002932415009299646,0.0002932415009299646
2103,-12.402729555365195,-3.3700711985807628,0.261493828526056,0.000297556972964682,0.000297556972964682
2104,-12.355214924785315,-3.357354878722667,0.26150857054143684,0.000301872283521046,0.000301872283521046
2105,-12.307700294742352,-3.3446378029676187,0.26152352486857955,0.0003061874320036873,0.0003061874320036873
2106,-12.260185664909804,-3.33191996041173,0.26153869150209413,0.00031050241556332777,0.00031050241556332777
2107,-12.212671034961176,-3.3192013401511153,0.26155407043649653,0.0003148172315621712,0.0003148172315621712
2108,-12.165156404569984,-3.3064819312818905,0.26156966166618945,0.00031913187638052794,0.00031913187638052794
2109,-12.117641773409723,-3.2937617229001686,0.26158546518552256,0.00032344634981965585,0.00032344634981965585
2110,-12.070127141153934,-3.2810407041020726,0.26160148098879143,0.0003277606482282476,0.0003277606482282476
2111,-12.022612507476122,-3.268318863983715,0.2616177090701442,0.000332074767591503,0.000332074767591503
2112,-11.975097872049787,-3.255596191641211,0.2616341494236656,0.00033638870769825093,0.00033638870769825093
2113,-11.927583234548447,-3.2428726761706783,0.2616508020434257,0.0003407024665000245,0.0003407024665000245
2114,-11.8800685946456,-3.230148306668226,0.26166766692332905,0.00034501603765470137,0.00034501603765470137
2115,-11.832553952014782,-3.2174230722299804,0.26168474405721287,0.0003493294231131216,0.0003493294231131216
2116,-11.785039306329494,-3.2046969619520524,0.26170203343888926,0.0003536426182307579,0.0003536426182307579
2117,-11.737524657263247,-3.1919699649305575,0.261719535062034,0.0003579556204628817,0.0003579556204628817
2118,-11.690010004489555,-3.1792420702616124,0.26173724892023875,0.00036226842727571764,0.00036226842727571764
2119,-11.642495347681905,-3.166513267041328,0.2617551750070411,0.0003665810373271179,0.0003665810373271179
2120,-11.594980686513846,-3.1537835443658286,0.26177331331589654,0.0003708934469704591,0.0003708934469704591
2121,-11.547466020658876,-3.141052891331227,0.2617916638401617,0.0003752056541777036,0.0003752056541777036
2122,-11.499951349790503,-3.128321297033638,0.26181022657312564,0.0003795176565538461,0.0003795176565538461
2123,-11.452436673582245,-3.1155887505691777,0.2618290015079755,0.00038382945070282226,0.00038382945070282226
2124,-11.40492199170759,-3.102855241033958,0.26184798863781134,0.00038814103481259963,0.00038814103481259963
2125,-11.35740730384008,-3.090120757524103,0.26186718795570685,0.00039245240795399844,0.00039245240795399844
2126,-11.309892609653224,-3.0773852891357256,0.26188659945461285,0.0003967635644120522,0.0003967635644120522
2127,-11.26237790882052,-3.0646488249649395,0.2619062231273757,0.0004010745039805098,0.0004010745039805098
2128,-11.214863201015485,-3.0519113541078613,0.2619260589667843,0.00040538522286749835,0.00040538522286749835
2129,-11.167348485911614,-3.0391728656606043,0.261946106965555,0.0004096957202620122,0.0004096957202620122
2130,-11.119833763182449,-3.026433348719291,0.2619663671163357,0.00041400599251694206,0.00041400599251694206
2131,-11.07231903250149,-3.013692792380034,0.26198683567111225,0.0004181639629173848,0.0004181639629173848
2132,-11.024804293545225,-3.000951186120768,0.26200742868372456,0.0004190612257652903,0.0004190612257652903
2133,-10.97728954605403,-2.988208527605847,0.2620279888676721,0.0004168245520147533,0.0004168245520147533
2134,-10.929774789829672,-2.975464822368298,0.2620484360224202,0.00041446123753284894,0.00041446123753284894
2135,-10.882260024676446,-2.962720076259401,0.26206876703392495,0.0004120980348145463,0.0004120980348145463
2136,-10.834745250398605,-2.949974295130424,0.2620889819058064,0.0004097349427984197,0.0004097349427984197
2137,-10.787230466800413,-2.937227484832638,0.2621090806416213,0.0004073719596053841,0.0004073719596053841
2138,-10.739715673686112,-2.9244796512173097,0.26212906324494467,0.000405009087475731,0.000405009087475731
2139,-10.692200870860013,-2.9117308001357203,0.26214892971928394,0.00040264632105327885,0.00040264632105327885
2140,-10.64468605812635,-2.8989809374391378,0.2621686800681757,0.00040028366650612197,0.00040028366650612197
2141,-10.597171235289398,-2.8862300689788323,0.2621883142951505,0.0003979211170368271,0.0003979211170368271
2142,-10.549656402153422,-2.8734782006060775,0.2622078324036611,0.00039555867590641375,0.00039555867590641375
2143,-10.502141558522666,-2.8607253381721383,0.26222723439718465,0.00039319634048233027,0.00039319634048233027
2144,-10.454626704201432,-2.847971487528297,0.2622465202791558,0.00039083411127921474,0.00039083411127921474
2145,-10.407111838993963,-2.8352166545258197,0.2622656900530207,0.000388471987883298,0.000388471987883298
2146,-10.359596962704531,-2.8224608450159794,0.26228474372219374,0.0003861099690398898,0.0003861099690398898
2147,-10.312082075137397,-2.809704064850046,0.2623036812900499,0.0003837480540226253,0.0003837480540226253
2148,-10.264567176096808,-2.796946319879288,0.2623225027599762,0.00038138624368006327,0.00038138624368006327
2149,-10.21705226538707,-2.7841876159549863,0.2623412081353279,0.00037902453548387436,0.00037902453548387436
2150,-10.169537342812424,-2.7714279589284074,0.26235979741943044,0.00037666293038770654,0.00037666293038770654
2151,-10.122022408177134,-2.7586673546508225,0.26237827061562174,0.00037430142755952994,0.00037430142755952994
2152,-10.074507461285473,-2.7459058089735042,0.26239662772719,0.000371940025439129,0.000371940025439129
2153,-10.026992501941681,-2.7331433277477193,0.2624148687574239,0.0003695787252262634,0.0003695787252262634
2154,-9.979477529950065,-2.720379916824749,0.2624329937095828,0.0003672175241552364,0.0003672175241552364
2155,-9.931962545114866,-2.7076155820558596,0.26245100258692367,0.0003648564245161866,0.0003648564245161866
2156,-9.884447547240354,-2.6948503292923225,0.26246889539266405,0.00036249542204946434,0.00036249542204946434
2157,-9.83693253613079,-2.6820841643854103,0.26248667212999194,0.00036013451941915766,0.00036013451941915766
2158,-9.789417511590427,-2.669317093186391,0.2625043328021204,0.0003577737146240719,0.0003577737146240719
2159,-9.741902473423554,-2.656549121546543,0.26252187741223654,0.0003554130082170758,0.0003554130082170758
2160,-9.694387421434435,-2.643780255317136,0.2625393059634822,0.0003530523974367314,0.0003530523974367314
2161,-9.64687235542732,-2.6310105003494386,0.26255661845898237,0.0003506918839735379,0.0003506918839735379
2162,-9.599357275206488,-2.618239862494726,0.26257381490185927,0.0003483314656577408,0.0003483314656577408
2163,-9.551842180576175,-2.605468347604262,0.26259089529518437,0.00034597114221694263,0.00034597114221694263
2164,-9.50432707134068,-2.59269596152933,0.2626078596420808,0.00034361091564328005,0.00034361091564328005
2165,-9.456811947304264,-2.579922710121196,0.2626247079456196,0.0003412507814506102,0.0003412507814506102
2166,-9.409296808271183,-2.567148599231131,0.2626414402087921,0.0003388907405073549,0.0003388907405073549
2167,-9.361781654045702,-2.554373634710408,0.2626580564346419,0.00033653079369514046,0.00033653079369514046
2168,-9.314266484432068,-2.541597822410292,0.2626745566261733,0.00033417093814951224,0.00033417093814951224
2169,-9.266751299234583,-2.5288211681820676,0.26269094078639615,0.0003318111765923714,0.0003318111765923714
2170,-9.2192360982575,-2.516043677876999,0.2627072089182572,0.00032945150335289954,0.00032945150335289954
2171,-9.171720881305074,-2.5032653573463586,0.2627233610246968,0.00032709192346646384,0.00032709192346646384
2172,-9.124205648181574,-2.4904862124414175,0.26273939710869354,0.0003247324330746143,0.0003247324330746143
2173,-9.07669039869125,-2.4777062490134423,0.2627553171730958,0.0003223730303625563,0.0003223730303625563
2174,-9.029175132638398,-2.464925472913717,0.26277112122083807,0.0003200137202673798,0.0003200137202673798
2175,-8.981659849827272,-2.4521438899935055,0.26278680925481157,0.00031765449571728916,0.00031765449571728916
2176,-8.934144550062133,-2.4393615061040808,0.2628023812778383,0.00031529536059139035,0.00031529536059139035
2177,-8.886629233147229,-2.426578327096709,0.26281783729275887,0.0003129363113879177,0.0003129363113879177
2178,-8.839113898886854,-2.413794358822672,0.2628331773024041,0.0003105773508325438,0.0003105773508325438
2179,-8.791598547085266,-2.4010096071332367,0.2628484013096001,0.00030821847562830017,0.00030821847562830017
2180,-8.744083177546726,-2.388224077879674,0.26286350931709695,0.0003058596856065131,0.0003058596856065131
2181,-8.696567790075498,-2.3754377769132566,0.2628785013276659,0.00030350098141261817,0.00030350098141261817
2182,-8.649052384475832,-2.362650710085251,0.2628933773440504,0.0003011423608966672,0.0003011423608966672
2183,-8.601536960552025,-2.349862883246939,0.2629081373689777,0.0002987838251725621,0.0002987838251725621
2184,-8.554021518108323,-2.3370743022495866,0.262922781405196,0.00029642537358834527,0.00029642537358834527
2185,-8.506506056949,-2.324284972944465,0.2629373094553538,0.0002940670023892082,0.0002940670023892082
2186,-8.458990576878312,-2.311494901182847,0.26295172152211005,0.0002917087153410361,0.0002917087153410361
2187,-8.411475077700509,-2.298704092815999,0.26296601760815763,0.0002893505097073879,0.0002893505097073879
2188,-8.363959559219895,-2.285912553695203,0.2629801977161079,0.0002869923845156815,0.0002869923845156815
2189,-8.316444021240711,-2.2731202896717253,0.2629942618485972,0.0002846343413763504,0.0002846343413763504
2190,-8.268928463567232,-2.260327306596837,0.26300821000819946,0.00028227637576978256,0.00028227637576978256
2191,-8.22141288600371,-2.2475336103218106,0.26302204219749026,0.00027991849189777147,0.00027991849189777147
2192,-8.173897288354404,-2.2347392066979133,0.2630357584190593,0.0002775606857593894,0.0002775606857593894
2193,-8.126381670423607,-2.221944101576425,0.2630493586754256,0.00027520295809212213,0.00027520295809212213
2194,-8.07886603201557,-2.2091483008086144,0.26306284296912325,0.0002728453083973836,0.0002728453083973836
2195,-8.031350372934556,-2.196351810245751,0.26307621130265835,0.00027048773565739473,0.00027048773565739473
2196,-7.983834692984835,-2.183554635739108,0.2630894636785038,0.0002681302391660048,0.0002681302391660048
2197,-7.936318991970647,-2.1707567831399515,0.263102600099129,0.0002657728190926972,0.0002657728190926972
2198,-7.8888032696962975,-2.1579582582995633,0.26311562056698834,0.00026341547429276335,0.00026341547429276335
2199,-7.8412875259660355,-2.145159067069211,0.26312852508451695,0.00026105820473097663,0.00026105820473097663
2200,-7.793771760584123,-2.132359215300165,0.26314131365411075,0.00025870100848909486,0.00025870100848909486
2201,-7.746255973354822,-2.119558708843697,0.263153986278165,0.0002563438870677288,0.0002563438870677288
2202,-7.698740164082386,-2.106757553551075,0.26316654295907554,0.0002539868386077159,0.0002539868386077159
2203,-7.65122433257111,-2.0939557552735786,0.2631789836991705,0.00025162986183815825,0.00025162986183815825
2204,-7.603708478625244,-2.081153319862476,0.26319130850080613,0.0002492729587959115,0.0002492729587959115
2205,-7.55619260204906,-2.068350253169039,0.26320351736629005,0.00024691612508115715,0.00024691612508115715
2206,-7.5086767026468095,-2.0555465610445385,0.2632156102979184,0.0002445593642535151,0.0002445593642535151
2207,-7.461160780222751,-2.0427422493402414,0.26322758729798024,0.00024220267208073545,0.00024220267208073545
2208,-7.413644834581179,-2.0299373239074296,0.2632394483687294,0.00023984605098317034,0.00023984605098317034
2209,-7.366128865526344,-2.0171317905973694,0.2632511935124185,0.00023748949810703312,0.00023748949810703312
2210,-7.318612872862509,-2.004325655261333,0.2632628227312563,0.00023513301414667808,0.00023513301414667808
2211,-7.271096856393923,-1.9915189237505873,0.26327433602747974,0.00023277659917980548,0.00023277659917980548
2212,-7.223580815924887,-1.978711601916412,0.2632857334032469,0.0002304202495302352,0.0002304202495302352
2213,-7.176064751259644,-1.9659036956100757,0.26329701486072016,0.00022806396866999345,0.00022806396866999345
2214,-7.128548662202465,-1.95309521068285,0.2633081804020816,0.00022570775355332416,0.00022570775355332416
2215,-7.081032548557613,-1.9402861529860063,0.2633192300294418,0.00022335160393866925,0.00022335160393866925
2216,-7.033516410129333,-1.9274765283708106,0.26333016374491713,0.00022099551990868472,0.00022099551990868472
2217,-6.986000246721931,-1.9146663426885455,0.26334098155059193,0.00021863949971717524,0.00021863949971717524
2218,-6.9384840581396485,-1.9018556017904777,0.2633516834485484,0.00021628354462946233,0.00021628354462946233
2219,-6.8909678441867515,-1.8890443115278777,0.2633622694408501,0.00021392765224078264,0.00021392765224078264
2220,-6.843451604667508,-1.8762324777520185,0.26337273952953744,0.00021157182364357017,0.00021157182364357017
2221,-6.7959353393861655,-1.8634201063141655,0.2633830937166062,0.00020921605554149344,0.00020921605554149344
2222,-6.74841904814702,-1.8506072030656018,0.26339333200406406,0.00020686035133827418,0.00020686035133827418
2223,-6.700902730754325,-1.8377937738575933,0.26340345439390944,0.0002045047068674091,0.0002045047068674091
2224,-6.653386387012341,-1.824979824541412,0.2634134608880943,0.00020214912403066472,0.00020214912403066472
2225,-6.605870016725334,-1.8121653609683284,0.2634233514885595,0.00019979360009146982,0.00019979360009146982
2226,-6.558353619697551,-1.7993503889896105,0.2634331261972267,0.0001974381366176942,0.0001974381366176942
2227,-6.510837195733297,-1.78653491445654,0.26344278501601,0.00019508273136841392,0.00019508273136841392
2228,-6.463320744636812,-1.7737189432203826,0.2634523279467949,0.0001927273850267297,0.0001927273850267297
2229,-6.415804266212369,-1.7609024811324112,0.2634617549914584,0.00019037209618943813,0.00019037209618943813
2230,-6.36828776026423,-1.7480855340438965,0.2634710661518321,0.00018801686402509263,0.00018801686402509263
2231,-6.320771226596637,-1.7352681078061054,0.26348026142975584,0.00018566168933158205,0.00018566168933158205
2232,-6.273254665013899,-1.72245020827032,0.26348934082704645,0.00018330656997953508,0.00018330656997953508
2233,-6.2257380753202565,-1.7096318412878062,0.2634983043454943,0.0001809515066542916,0.0001809515066542916
2234,-6.178221457319979,-1.6968130127098362,0.2635071519868726,0.00017859649757211537,0.00017859649757211537
2235,-6.130704810817331,-1.6839937283876825,0.2635158837529457,0.00017624154379751786,0.00017624154379751786
2236,-6.083188135616558,-1.6711739941726096,0.26352449964544766,0.000173886642644487,0.000173886642644487
2237,-6.035671431521963,-1.658353815915901,0.2635329996660845,0.0001715317952648133,0.0001715317952648133
2238,-5.988154698337792,-1.645533199468823,0.2635413838165699,0.00016917700045620645,0.00016917700045620645
2239,-5.940637935868309,-1.6327121506826465,0.26354965209858044,0.00016682225751777873,0.00016682225751777873
2240,-5.893121143917781,-1.6198906754086442,0.26355780451377303,0.00016446756596845882,0.00016446756596845882
2241,-5.845604322290455,-1.6070687794980831,0.26356584106380615,0.0001621129259803448,0.0001621129259803448
2242,-5.79808747079063,-1.594246468802243,0.2635737617502986,0.00015975833537709298,0.00015975833537709298
2243,-5.750570589222558,-1.5814237491723926,0.2635815665748444,0.00015740379494781238,0.00015740379494781238
2244,-5.703053677390497,-1.568600626459802,0.26358925553904267,0.00015504930373749873,0.00015504930373749873
2245,-5.655536735098717,-1.5557771065157435,0.2635968286444617,0.00015269486105012938,0.00015269486105012938
2246,-5.608019762151464,-1.542953195191484,0.2636042858926443,0.00015034046617437937,0.00015034046617437937
2247,-5.56050275835304,-1.5301288983383055,0.2636116272851183,0.00014798611882974258,0.00014798611882974258
2248,-5.51298572350769,-1.517304221807474,0.26361885282341335,0.00014563181898650284,0.00014563181898650284
2249,-5.465468657419681,-1.5044791714502608,0.26362596250900744,0.0001432775641869395,0.0001432775641869395
2250,-5.417951559893258,-1.491653753117934,0.26363295634338424,0.00014092335674686669,0.00014092335674686669
2251,-5.370434430732728,-1.4788279726617737,0.2636398343279919,0.0001385691925178808,0.0001385691925178808
2252,-5.32291726974233,-1.4660018359330476,0.2636465964642574,0.00013621507441095257,0.00013621507441095257
2253,-5.275400076726332,-1.4531753487830266,0.2636532427536194,0.0001338609995963416,0.0001338609995963416
2254,-5.227882851489002,-1.4403485170629835,0.26365977319747064,0.00013150696866876468,0.00013150696866876468
2255,-5.180365593834587,-1.4275213466241845,0.2636661877971879,0.00012915297999421992,0.00012915297999421992
2256,-5.132848303567381,-1.41469384331791,0.2636724865541234,0.0001267990338209484,0.0001267990338209484
2257,-5.08533098049164,-1.401866012995429,0.2636786694696347,0.00012444512975040372,0.00012444512975040372
2258,-5.037813624411624,-1.3890378615080115,0.2636847365450483,0.00012209126652121667,0.00012209126652121667
2259,-4.990296235131601,-1.3762093947069298,0.2636906877816499,0.0001197374433592564,0.0001197374433592564
2260,-4.9427788124558125,-1.3633806184434503,0.2636965231807421,0.00011738366134468106,0.00011738366134468106
2261,-4.895261356188566,-1.3505515385688545,0.26370224274359766,0.00011502991779648787,0.00011502991779648787
2262,-4.847743866134108,-1.3377221609344094,0.2637078464714428,0.00011267621312970051,0.00011267621312970051
2263,-4.8002263420967,-1.3248924913913867,0.26371333436551825,0.00011032254712937346,0.00011032254712937346
2264,-4.75270878388061,-1.3120625357910582,0.2637187064270377,0.00010796891852830023,0.00010796891852830023
2265,-4.7051911912900835,-1.2992322999846904,0.2637239626571887,0.00010561532715512533,0.00010561532715512533
2266,-4.657673564129421,-1.2864017898235647,0.2637291030571456,0.00010326177224911887,0.00010326177224911887
2267,-4.610155902202873,-1.2735710111589487,0.26373412762807014,0.00010090825368677528,0.00010090825368677528
2268,-4.562638205314702,-1.2607399698421127,0.2637390363710897,9.855476981349899e-05,9.855476981349899e-05
2269,-4.515120473269172,-1.247908671724329,0.2637438292873136,9.620132115955873e-05,9.620132115955873e-05
2270,-4.467602705870531,-1.2350771226568649,0.2637485063778607,9.384790720057917e-05,9.384790720057917e-05
2271,-4.420084902923085,-1.2222453284910013,0.26375306764379103,9.149452568895369e-05,9.149452568895369e-05
2272,-4.372567064231074,-1.2094132950780054,0.26375751308616846,8.914117864776046e-05,8.914117864776046e-05
2273,-4.325049189598768,-1.1965810282691485,0.2637618427060427,8.67878630865521e-05,8.67878630865521e-05
2274,-4.277531278830428,-1.1837485339157021,0.2637660565044233,8.443457999545573e-05,8.443457999545573e-05
2275,-4.230013331730304,-1.1709158178689336,0.2637701544823235,8.2081328130684e-05,8.2081328130684e-05
2276,-4.182495348102695,-1.1580828859801238,0.2637741366407255,7.972810711209902e-05,7.972810711209902e-05
2277,-4.134977327751852,-1.14524974410054,0.2637780029805948,7.737491624211996e-05,7.737491624211996e-05
2278,-4.087459270482036,-1.1324163980814537,0.2637817535028746,7.5021754941468e-05,7.5021754941468e-05
2279,-4.039941176097513,-1.1195828537741366,0.2637853882085033,7.266862320084233e-05,7.266862320084233e-05
2280,-3.992423044402533,-1.1067491170298551,0.2637889070983758,7.031551888345284e-05,7.031551888345284e-05
2281,-3.944904875201392,-1.0939151936998914,0.26379231017338933,6.796244383568043e-05,6.796244383568043e-05
2282,-3.8973866682983416,-1.0810810896355116,0.2637955974344274,6.560939527318395e-05,6.560939527318395e-05
2283,-3.8498684234976466,-1.0682468106879879,0.2637987688823163,6.325637327022799e-05,6.325637327022799e-05
2284,-3.802350140603551,-1.0554123627085872,0.2638018245179112,6.090337854210609e-05,6.090337854210609e-05
2285,-3.754831819420357,-1.0425777515485894,0.2638047643420238,5.855040822633329e-05,5.855040822633329e-05
2286,-3.707313459752315,-1.0297429830592637,0.26380758835544005,5.619746374808444e-05,5.619746374808444e-05
2287,-3.6597950614036856,-1.0169080630918799,0.263810296558949,5.3844543435002424e-05,5.3844543435002424e-05
2288,-3.6122766241787363,-1.0040729974977103,0.26381288895329774,5.149164686298035e-05,5.149164686298035e-05
2289,-3.564758147881715,-0.9912377921280225,0.2638153655392316,4.913877401072504e-05,4.913877401072504e-05
2290,-3.51723963231692,-0.9784024528340967,0.2638177263174785,4.678592379404731e-05,4.678592379404731e-05
2291,-3.4697210772886025,-0.9655669854672003,0.2638199712887292,4.443309541689866e-05,4.443309541689866e-05
2292,-3.4222024826010218,-0.9527313958786043,0.26382210045366833,4.208028903610947e-05,4.208028903610947e-05
2293,-3.3746838480584493,-0.9398956899195816,0.26382411381296056,3.972750330286437e-05,3.972750330286437e-05
2294,-3.3271651734651266,-0.927059873441398,0.2638260113672523,3.737473843943466e-05,3.737473843943466e-05
2295,-3.279646458625359,-0.9142239522953354,0.2638277931171749,3.5021993229746945e-05,3.5021993229746945e-05
2296,-3.232127703343392,-0.9013879323326602,0.26382945906332417,3.266926706135379e-05,3.266926706135379e-05
2297,-3.1846089074234896,-0.8885518194046444,0.2638310092062919,3.0316559994638282e-05,3.0316559994638282e-05
2298,-3.1370900706699185,-0.8757156193625599,0.263832443546655,2.796387099986616e-05,2.796387099986616e-05
2299,-3.0895711928869263,-0.8628793380576734,0.2638337620849599,2.5611199455549627e-05,2.5611199455549627e-05
2300,-3.0420522738788116,-0.8500429813412657,0.2638349648217387,2.3258545037451153e-05,2.3258545037451153e-05
2301,-2.9945333134498235,-0.837206555064604,0.2638360517575019,2.0905906811274268e-05,2.0905906811274268e-05
2302,-2.947014311404227,-0.8243700650789603,0.2638370228927403,1.855328450915309e-05,1.855328450915309e-05
2303,-2.8994952675462864,-0.8115335172356062,0.26383787822794413,1.62006780113812e-05,1.62006780113812e-05
2304,-2.8519761816802496,-0.7986969173858076,0.2638386177635606,1.3848085295481863e-05,1.3848085295481863e-05
2305,-2.8044570536104168,-0.7858602713808468,0.26383924150001387,1.1495507066328658e-05,1.1495507066328658e-05
2306,-2.7569378831410347,-0.7730235850719906,0.26383974943774824,9.142943055108348e-06,9.142943055108348e-06
2307,-2.709418670076374,-0.7601868643105107,0.263840141577149,6.79039075115077e-06,6.79039075115077e-06
2308,-2.6618994142206907,-0.7473501149476781,0.2638404179185858,4.437851642982006e-06,4.437851642982006e-06
2309,-2.6143801153782373,-0.7345133428347606,0.26384057846244374,2.0853244790662762e-06,2.0853244790662762e-06
2310,-2.566860773353315,-0.7216765538230387,0.26384062320905466,-2.6719202213212864e-07,2.6719202213212864e-07
2311,-2.5193413879501687,-0.7088397537637798,0.2638405521587425,-2.6196972866515697e-06,2.6196972866515697e-06
2312,-2.4718219589730657,-0.6960029485082553,0.2638403653118178,-4.9721928269193065e-06,4.9721928269193065e-06
2313,-2.4243024862262708,-0.683166143907737,0.26384006266855625,-7.324678920785205e-06,7.324678920785205e-06
2314,-2.3767829695140295,-0.6703293458134918,0.26383964422923706,-9.677155527920384e-06,9.677155527920384e-06
2315,-2.329263408640644,-0.6574925600768005,0.26383910999410404,-1.2029624520722305e-05,1.2029624520722305e-05
2316,-2.281743803410362,-0.6446557925489308,0.26383845996338273,-1.4382085144271383e-05,1.4382085144271383e-05
2317,-2.234224153627447,-0.6318190490811537,0.26383769413728747,-1.673453899728949e-05,1.673453899728949e-05
2318,-2.1867044590961466,-0.6189823355247367,0.2638368125160148,-1.908698558305126e-05,1.908698558305126e-05
2319,-2.139184719620764,-0.6061456577309607,0.2638358150997394,-2.1439426672977276e-05,2.1439426672977276e-05
2320,-2.0916649350055425,-0.5933090215510921,0.26383470188860797,-2.3791862017544378e-05,2.3791862017544378e-05
2321,-2.0441451050547514,-0.5804724328364035,0.26383347288275855,-2.6144292598148966e-05,2.6144292598148966e-05
2322,-1.9966252295726523,-0.5676358974381658,0.2638321280823048,-2.8496718806143083e-05,2.8496718806143083e-05
2323,-1.9491053083634942,-0.5547994212076465,0.26383066748734807,-3.084914113382126e-05,3.084914113382126e-05
2324,-1.9015853412315789,-0.541963009996127,0.2638290910979764,-3.320156001796938e-05,3.320156001796938e-05
2325,-1.8540653279811514,-0.5291266696548729,0.263827398914235,-3.555397714075014e-05,3.555397714075014e-05
2326,-1.8065452684164773,-0.5162904060351572,0.26382559093616603,-3.7906391330767486e-05,3.7906391330767486e-05
2327,-1.759025162341823,-0.5034542249882511,0.26382366716380284,-4.025880449832727e-05,4.025880449832727e-05
2328,-1.711505009561435,-0.49061813236542157,0.26382162759714106,-4.261121664835321e-05,4.261121664835321e-05
2329,-1.6639848098796148,-0.47778213401794994,0.263819472236167,-4.49636285402324e-05,4.49636285402324e-05
2330,-1.6164645631006067,-0.46494623579710237,0.2638172010808449,-4.731604068964789e-05,4.731604068964789e-05
2331,-1.56894426902868,-0.4521104435541517,0.26381481413112495,-4.966845354141757e-05,4.966845354141757e-05
2332,-1.5214239274680978,-0.4392747631403689,0.2638123113869316,-5.202086807570798e-05,5.202086807570798e-05
2333,-1.4739035382231065,-0.4264392004070209,0.26380969284817735,-5.437328418459854e-05,5.437328418459854e-05
2334,-1.4263831010980081,-0.4136037612053888,0.2638069585147479,-5.6725703441859094e-05,5.6725703441859094e-05
2335,-1.3788626158970505,-0.40076845138674044,0.2638041083865177,-5.907812511848018e-05,5.907812511848018e-05
2336,-1.331342082424496,-0.3879332768023459,0.26380114246334246,-6.14305510881852e-05,6.14305510881852e-05
2337,-1.2838215004846136,-0.3750982433034785,0.26379806074504963,-6.378298101010204e-05,6.378298101010204e-05
2338,-1.2363008698816476,-0.362263356741404,0.26379486323145945,-6.613541589338795e-05,6.613541589338795e-05
2339,-1.1887801904199002,-0.34942862296740407,0.26379154992236475,-6.848785623166727e-05,6.848785623166727e-05
2340,-1.1412594619036187,-0.33659404783274566,0.26378812081754177,-7.084030259115967e-05,7.084030259115967e-05
2341,-1.0937386841370673,-0.3237596371887003,0.2637845759167506,-7.319275543816599e-05,7.319275543816599e-05
2342,-1.0462178569245109,-0.31092539688653953,0.2637809152197323,-7.554521546068579e-05,7.554521546068579e-05
2343,-0.9986969800701989,-0.2980913327775307,0.2637771387262047,-7.789768331770186e-05,7.789768331770186e-05
2344,-0.95117605337843,-0.2852574507129547,0.2637732464358704,-8.025015931808426e-05,8.025015931808426e-05
2345,-0.903655076653452,-0.2724237565440784,0.26376923834841237,-8.260264436419607e-05,8.260264436419607e-05
2346,-0.8561340496995304,-0.2595902561221738,0.26376511446349493,-8.495513867577291e-05,8.495513867577291e-05
2347,-0.8086129723209303,-0.24675695529851227,0.263760874780764,-8.730764317238851e-05,8.730764317238851e-05
2348,-0.7610918443218981,-0.23392385992436066,0.26375651929984323,-8.966015822100874e-05,8.966015822100874e-05
2349,-0.7135706655067349,-0.22109097585100035,0.2637520480203439,-9.201268433300269e-05,9.201268433300269e-05
2350,-0.6660494356796887,-0.2082583089296982,0.26374746094185386,-9.436522234229797e-05,9.436522234229797e-05
2351,-0.618528154645025,-0.19542586501172615,0.2637427580639416,-9.671777257565875e-05,9.671777257565875e-05
2352,-0.5710068222070075,-0.18259364994835536,0.2637379393861569,-9.907033585422946e-05,9.907033585422946e-05
2353,-0.5234854381698839,-0.1697616695908531,0.2637330049080356,-0.0001014229123047478,0.0001014229123047478
2354,-0.4759640023379559,-0.1569299297905004,0.2637279546290872,-0.00010377550325101652,0.00010377550325101652
2355,-0.4284425145154682,-0.14409843639856418,0.263722788548806,-0.00010612810837399936,0.00010612810837399936
2356,-0.3809209745066904,-0.1312671952663168,0.2637175066666725,-0.0001084807289282912,0.0001084807289282912
2357,-0.3333993821158645,-0.11843621224502393,0.2637121089821429,-0.00011083336503404463,0.00011083336503404463
2358,-0.28587773714729536,-0.10560549318596757,0.2637065954946518,-0.00011318601783668287,0.00011318601783668287
2359,-0.23835603940522887,-0.09277504394041475,0.2637009662036181,-0.0001155386872023473,0.0001155386872023473
2360,-0.1908342886939296,-0.07994487035963665,0.2636952211084489,-0.00011789137412730715,0.00011789137412730715
2361,-0.1433124848176639,-0.06711497829490515,0.26368936020851785,-0.00012024407935854623,0.00012024407935854623
2362,-0.09579062758067813,-0.05428537359748731,0.2636833835031886,-0.00012259680294773775,0.00012259680294773775
2363,-0.0482687167872724,-0.04145606211866404,0.26367729099181236,-0.0001249495457118157,0.0001249495457118157
2364,-0.00074675224169507,-0.0286270497097022,0.26367108267370815,-0.0001273023085393215,0.0001273023085393215
2365,0.04677526625178863,-0.01579834222187393,0.2636647585481782,-0.0001296550915925743,0.0001296550915925743
2366,0.09429733888891434,-0.0029699455064507996,0.2636583186145163,-0.00013200789545277707,0.00013200789545277707
2367,0.1418194658654337,0.009858134585300216,0.2636517628719963,-0.00013436072070855618,0.00013436072070855618
2368,0.1893416473770464,0.02268589220209838,0.26364509131986247,-0.0001367135683746779,0.0001367135683746779
2369,0.23686388361950605,0.035513321492676664,0.26363830395733956,-0.00013906643860296926,0.00013906643860296926
2370,0.2843861747885479,0.04834041660576327,0.26363140078364683,-0.00014141933184633364,0.00014141933184633364
2371,0.331908521079904,0.061167171690086064,0.263624381797981,-0.00014377224894923844,0.00014377224894923844
2372,0.3794309226893293,0.07399358089437891,0.26361724699950895,-0.0001461251906644949,0.0001461251906644949
2373,0.426953379812524,0.08681963836736023,0.2636099963873925,-0.0001484781568247166,0.0001484781568247166
2374,0.47447589264523815,0.09964533825776317,0.2636026299607688,-0.0001508311489849787,0.0001508311489849787
2375,0.5219984613832087,0.1124706747143161,0.26359514771874926,-0.00015318416700961542,0.00015318416700961542
2376,0.569521086222168,0.12529564188574666,0.26358754966044184,-0.00015553721156270968,0.00015553721156270968
2377,0.6170437673578719,0.13812023392078915,0.2635798357849238,-0.00015789028360944205,0.00015789028360944205
2378,0.6645665049860181,0.1509444449681615,0.26357200609125586,-0.0001602433832311089,0.0001602433832311089
2379,0.7120892993023604,0.16376826917659737,0.26356406057848336,-0.00016259651136329412,0.00016259651136329412
2380,0.7596121505026314,0.17659170069482427,0.2635559992456325,-0.00016494966822356484,0.00016494966822356484
2381,0.8071350587825676,0.18941473367157136,0.26354782209170785,-0.00016730285485831996,0.00016730285485831996
2382,0.854658024337922,0.20223736225557154,0.26353952911569173,-0.0001696560714950737,0.0001696560714950737
2383,0.9021810473643925,0.2150595805955431,0.2635311203165551,-0.0001720093187628787,0.0001720093187628787
2384,0.9497041280577327,0.22788138284021936,0.26352259569325215,-0.00017436259709230844,0.00017436259709230844
2385,0.9972272666136781,0.24070276313832922,0.26351395524470855,-0.00017671590758963393,0.00017671590758963393
2386,1.0447504632279632,0.2535237156386004,0.2635051989698362,-0.0001790692500862454,0.0001790692500862454
2387,1.09227371809634,0.2663442344897662,0.26349632686753255,-0.0001814226257256057,0.0001814226257256057
2388,1.1397970314145076,0.2791643138405452,0.2634873389366681,-0.00018377603483994427,0.00018377603483994427
2389,1.187320403378219,0.2919839478396706,0.2634782351760978,-0.00018612947810392645,0.00018612947810392645
2390,1.2348438341832102,0.30480313063587083,0.2634690155846605,-0.00018848295588595707,0.00018848295588595707
2391,1.2823673240252336,0.31762185637787915,0.2634596801611764,-0.00019083646895095842,0.00019083646895095842
2392,1.3298908730999868,0.33044011921441385,0.26345022890444253,-0.00019319001785079047,0.00019319001785079047
2393,1.377414481603223,0.34325791329420813,0.2634406618132391,-0.00019554360311060717,0.00019554360311060717
2394,1.4249381497306801,0.35607523276599107,0.2634309788863282,-0.00019789722531494028,0.00019789722531494028
2395,1.4724618776780884,0.3688920717784897,0.2634211801224557,-0.00020025088491977988,0.00020025088491977988
2396,1.5199856656412036,0.3817084244804382,0.2634112655203457,-0.000202604582731354,0.000202604582731354
2397,1.5675095138157242,0.3945242850205549,0.2634012350787029,-0.00020495831912195048,0.00020495831912195048
2398,1.6150334223974017,0.4073396475475728,0.2633910887962105,-0.00020731209495805801,0.00020731209495805801
2399,1.6625573915819738,0.42015450621022044,0.2633808266715427,-0.00020966591012997694,0.00020966591012997694
2400,1.7100814215651738,0.4329688551572264,0.2633704487033518,-0.00021201976601965703,0.00021201976601965703
2401,1.7576055125427523,0.44578268853732295,0.2633599548902608,-0.00021437366280638675,0.00021437366280638675
2402,1.805129664710413,0.4585960004992299,0.2633493452308867,-0.00021672760094463523,0.00021672760094463523
2403,1.8526538782639053,0.4714087851916797,0.26333861972381917,-0.00021908158146224048,0.00021908158146224048
2404,1.9001781533989646,0.48422103676340034,0.26332777836764043,-0.00022143560401800006,0.00022143560401800006
2405,1.9477024903113254,0.4970327493631209,0.2633168211609035,-0.00022378967051880376,0.00022378967051880376
2406,1.9952268891967426,0.5098439171395743,0.26330574810213775,-0.0002261437803997147,0.0002261437803997147
2407,2.0427513502509145,0.5226545342414791,0.26329455918987577,-0.00022849793447470286,0.00022849793447470286
2408,2.0902758736695928,0.5354645948175687,0.26328325442261186,-0.00023085213386102738,0.00023085213386102738
2409,2.1378004596485116,0.5482740930165707,0.2632718337988249,-0.00023320637845693093,0.00023320637845693093
2410,2.185325108383409,0.5610830229872146,0.26326029731698025,-0.0002355606692868437,0.0002355606692868437
2411,2.232849820070035,0.5738913788782324,0.2632486449755216,-0.00023791500658444862,0.00023791500658444862
2412,2.2803745949040897,0.5866991548383435,0.2632368767728764,-0.00024026939115402468,0.00024026939115402468
2413,2.327899433081324,0.5995063450162803,0.2632249927074465,-0.00024262382362487048,0.00024262382362487048
2414,2.375424334797478,0.6123129435607723,0.26321299277762494,-0.0002449783040856093,0.0002449783040856093
2415,2.4229493002482814,0.6251189446205468,0.26320087698178324,-0.00024733283371739315,0.00024733283371739315
2416,2.470474329629488,0.6379243423443373,0.2631886453182669,-0.0002496874127632471,0.0002496874127632471
2417,2.5179994231367986,0.6507291308808626,0.26317629778541207,-0.00025204204175045553,0.00025204204175045553
2418,2.5655245809659646,0.6635333043788558,0.26316383438152674,-0.00025439672166415096,0.00025439672166415096
2419,2.613049803312722,0.6763368569870449,0.2631512551049127,-0.00025675145215586277,0.00025675145215586277
2420,2.6605750903728036,0.6891397828541587,0.2631385599538429,-0.0002591062351307778,0.0002591062351307778
2421,2.708100442341965,0.7019420761289298,0.2631257489265749,-0.00026146106967199777,0.00026146106967199777
2422,2.7556258594159044,0.7147437309600778,0.2631128220213546,-0.00026381595756464366,0.00026381595756464366
2423,2.8031513417903717,0.7275447414963346,0.2630997792363927,-0.0002661708988211369,0.0002661708988211369
2424,2.8506768896611057,0.7403451018864295,0.2630866205698942,-0.00026852589404798314,0.00026852589404798314
2425,2.89820250322384,0.7531448062790905,0.2630733460200442,-0.0002708809438222123,0.0002708809438222123
2426,2.945728182674327,0.7659438488230508,0.2630599555850076,-0.0002732360487584272,0.0002732360487584272
2427,2.993253928208265,0.7787422236670286,0.2630464492629334,-0.00027559120928344257,0.00027559120928344257
2428,3.04077974002141,0.7915399249597584,0.26303282705194064,-0.00027794642655204835,0.00027794642655204835
2429,3.0883056183094926,0.8043369468499666,0.26301908895014403,-0.0002803016999705493,0.0002803016999705493
2430,3.135831563268268,0.8171332834863878,0.2630052349556378,-0.0002826570313314739,0.0002826570313314739
2431,3.183357575093434,0.82992892901774,0.2629912650664843,-0.00028501242053279697,0.00028501242053279697
2432,3.230883653980746,0.8427238775927567,0.26297717928074316,-0.000287367868153113,0.000287367868153113
2433,3.278409800125936,0.855518123360166,0.26296297759645054,-0.00028972337494778054,0.00028972337494778054
2434,3.32593601372474,0.8683116604686963,0.2629486600116188,-0.0002920789415097913,0.0002920789415097913
2435,3.373462294972911,0.8811044830670809,0.26293422652424353,-0.00029443456830428535,0.00029443456830428535
2436,3.4209886440661488,0.8938965853040384,0.26291967713230746,-0.00029679025576139883,0.00029679025576139883
2437,3.468515061200204,0.9066879613283015,0.2629050118337706,-0.00029914600475361284,0.00029914600475361284
2438,3.516041546570814,0.9194786052885991,0.26289023062657824,-0.00030150181538534407,0.00030150181538534407
2439,3.563568100373711,0.9322685113336595,0.26287533350864944,-0.00030385768899457346,0.00030385768899457346
2440,3.6110947228046504,0.9450576736122156,0.26286032047788244,-0.0003062136254718673,0.0003062136254718673
2441,3.6586214140593305,0.957846086272986,0.26284519153217833,-0.00030856962517659264,0.00030856962517659264
2442,3.706148174333502,0.970633743464704,0.2628299466693977,-0.00031092568978528974,0.00031092568978528974
2443,3.7536750038229036,0.9834206393360981,0.2628145858873846,-0.000313281818658631,0.000313281818658631
2444,3.8012019027232666,0.9962067680358961,0.2627991091839786,-0.00031563801300288737,0.00031563801300288737
2445,3.8487288712303473,1.008992123712832,0.26278351655699,-0.0003179942731707674,0.0003179942731707674
2446,3.896255909539841,1.0217767005156237,0.2627678080042083,-0.00032035060003830334,0.00032035060003830334
2447,3.9437830178475033,1.0345604925930048,0.2627519835234107,-0.0003227069936051929,0.0003227069936051929
2448,3.9913101963490667,1.047343494093703,0.2627360431123552,-0.0003250634550201716,0.0003250634550201716
2449,4.038837445240269,1.0601256991664472,0.2627199867687821,-0.000327419984240037,0.000327419984240037
2450,4.08636476471686,1.0729071019599705,0.2627038144904107,-0.00032977658253528417,0.00032977658253528417
2451,4.133892154974541,1.0856876966229916,0.26268752627493325,-0.0003321332501044891,0.0003321332501044891
2452,4.181419616209064,1.098467477304243,0.26267112212004473,-0.0003344899870220018,0.0003344899870220018
2453,4.2289471486161645,1.1112464381524543,0.2626546020234086,-0.0003368467948686874,0.0003368467948686874
2454,4.276474752391577,1.124024573316353,0.2626379659826634,-0.0003392036734431876,0.0003392036734431876
2455,4.3240024277310525,1.136801876944672,0.26262121399544314,-0.00034156062352312373,0.00034156062352312373
2456,4.371530174830292,1.1495783431861306,0.2626043460593477,-0.00034391764607658655,0.00034391764607658655
2457,4.419057993885049,1.1623539661894613,0.2625873621719773,-0.0003462747405131355,0.0003462747405131355
2458,4.466585885091057,1.175128740103393,0.2625702623309005,-0.00034863190907133185,0.00034863190907133185
2459,4.514113848644051,1.1879026590766533,0.26255304653367395,-0.00035098915037193215,0.00035098915037193215
2460,4.561641884739785,1.2006757172579767,0.2625357147778343,-0.00035334646699999796,0.00035334646699999796
2461,4.609169993573955,1.21344790879608,0.26251826706088877,-0.0003557038579189886,0.0003557038579189886
2462,4.656698175342318,1.2262192278396982,0.2625007033803491,-0.000358061324376628,0.000358061324376628
2463,4.704226430240606,1.2389896685375588,0.26248302373368493,-0.0003604188671888849,0.0003604188671888849
2464,4.751754758464573,1.2517592250383947,0.26246522811835793,-0.000362776486259576,0.000362776486259576
2465,4.799283160209917,1.2645278914909246,0.2624473165318204,-0.00036513418243247725,0.00036513418243247725
2466,4.846811635672392,1.277295662043882,0.2624292889714924,-0.00036749195654165053,0.00036749195654165053
2467,4.894340185047733,1.2900625308459954,0.2624111454347802,-0.000369849808697607,0.000369849808697607
2468,4.941868808531673,1.3028284920459925,0.2623928859190732,-0.00037220773984615943,0.00037220773984615943
2469,4.989397506319966,1.3155935397926066,0.2623745104217381,-0.0003745657503386081,0.0003745657503386081
2470,5.036926278608313,1.328357668234557,0.26235601894012933,-0.00037692384069222773,0.00037692384069222773
2471,5.084455125592464,1.3411208715205762,0.26233741147158074,-0.0003792820116128607,0.0003792820116128607
2472,5.131984047468154,1.3538831437993926,0.26231868801340746,-0.00038164026350837396,0.00038164026350837396
2473,5.179513044431118,1.3666444792197345,0.2622998485629048,-0.00038399859716809197,0.00038399859716809197
2474,5.2270421166771115,1.3794048719303356,0.2622808931173513,-0.000386357012849688,0.000386357012849688
2475,5.27457126440183,1.392164316079914,0.26226182167400214,-0.00038871551162160823,0.00038871551162160823
2476,5.3221004878010305,1.4049228058172032,0.2622426342301018,-0.000391074093222666,0.000391074093222666
2477,5.3696297870704415,1.4176803352909304,0.26222333078288074,-0.00039343275885577204,0.00039343275885577204
2478,5.417159162405803,1.4304368986498255,0.2622039113295376,-0.0003957915089881298,0.0003957915089881298
2479,5.464688614002868,1.4431924900426212,0.26218437586725574,-0.00039815034414123667,0.00039815034414123667
2480,5.512218142057333,1.4559471036180356,0.26216472439320754,-0.0004005092646165915,0.0004005092646165915
2481,5.559747746764952,1.4687007335248023,0.2621449569045497,-0.0004028682711208075,0.0004028682711208075
2482,5.607277428321458,1.4814533739116498,0.2621250733984014,-0.000405227364848575,0.000405227364848575
2483,5.654807186922591,1.4942050189273064,0.2621050738718757,-0.0004075865452208845,0.0004075865452208845
2484,5.702337022764098,1.5069556627205043,0.26208495832208356,-0.00040994581327767377,0.00040994581327767377
2485,5.74986693604168,1.5197052994399631,0.2620647267460853,-0.00041230517041020376,0.00041230517041020376
2486,5.797396926951091,1.5324539232344154,0.2620443791409535,-0.0004146646150987546,0.0004146646150987546
2487,5.8449269956880645,1.5452015282525908,0.26202391550371895,-0.00041702415093535574,0.00041702415093535574
2488,5.892457142448337,1.5579481086432159,0.26200333583140273,-0.0004193837750926068,0.0004193837750926068
2489,5.939987367427659,1.570693658555025,0.2619826401210176,-0.0004217434911123753,0.0004217434911123753
2490,5.987517670821732,1.583438172136736,0.2619618283695377,-0.00042410329738707585,0.00042410329738707585
2491,6.035048052826309,1.5961816435370833,0.26194090057394526,-0.0004264631955748849,0.0004264631955748849
2492,6.08257851363712,1.6089240669047933,0.2619198567311788,-0.0004288231861615437,0.0004288231861615437
2493,6.130109053449907,1.621665436388596,0.2618986968381747,-0.00043118326911805577,0.00043118326911805577
2494,6.177639672460417,1.6344057461372241,0.26187742089183785,-0.0004335434461284262,0.0004335434461284262
2495,6.225170370864354,1.6471449902993958,0.26185602888907383,-0.0004359037158450481,0.0004359037158450481
2496,6.272701148857465,1.6598831630238446,0.26183452082675934,-0.0004382640811715544,0.0004382640811715544
2497,6.320232006635489,1.672620258459299,0.2618128967017368,-0.0004406245409545551,0.0004406245409545551
2498,6.36776294439418,1.685356270754492,0.2617911565108674,-0.0004429850959673527,0.0004429850959673527
2499,6.4152939623292315,1.6980911940581422,0.261769300250957,-0.00044534574804793863,0.00044534574804793863
2500,6.462825060636402,1.7108250225189825,0.2617473279188119,-0.0004477064957150563,0.0004477064957150563
2501,6.510356239511424,1.7235577502857415,0.2617252395112329,-0.0004500673410423278,0.0004500673410423278
2502,6.557887499150031,1.7362893715071475,0.2617030350249748,-0.0004524282841961486,0.0004524282841961486
2503,6.605418839747979,1.7490198803319341,0.2616807144567853,-0.00045478932566843567,0.00045478932566843567
2504,6.652950261500964,1.761749270908819,0.26165827780340256,-0.00045715046572465353,0.00045715046572465353
2505,6.70048176460474,1.7744775373865362,0.26163572506153754,-0.00045951170557860575,0.00045951170557860575
2506,6.748013349255043,1.7872046739138137,0.2616130562278824,-0.0004618730451415888,0.0004618730451415888
2507,6.7955450156476065,1.7999306746393797,0.26159027129911766,-0.00046423448535242313,0.00046423448535242313
2508,6.843076763978184,1.8126555337119674,0.26156737027190224,-0.00046659602651894617,0.00046659602651894617
2509,6.890608594442473,1.8253792452802955,0.2615443531428835,-0.00046895766917026617,0.00046895766917026617
2510,6.938140507236229,1.8381018034930978,0.26152121990867155,-0.0004713194146556473,0.0004713194146556473
2511,6.985672502555184,1.8508232024991014,0.26149797056587437,-0.00047368126209246426,0.00047368126209246426
2512,7.0332045805950765,1.8635434364470358,0.2614746051110868,-0.00047604321325753874,0.00047604321325753874
2513,7.0807367415516556,1.8762624994856332,0.2614511235408705,-0.00047840526809348524,0.00047840526809348524
2514,7.128268985620624,1.8889803857636132,0.26142752585177437,-0.00048076742754694663,0.00048076742754694663
2515,7.175801312997729,1.9016970894297072,0.26140381204034197,-0.0004831296912549469,0.0004831296912549469
2516,7.223333723878712,1.9144126046326462,0.2613799821030801,-0.0004854920614399258,0.0004854920614399258
2517,7.270866218459303,1.927126925521156,0.2613560360364828,-0.0004878545367685438,0.0004878545367685438
2518,7.3183987969352575,1.9398400462439715,0.2613319738370347,-0.0004902171193328876,0.0004902171193328876
2519,7.3659314595022725,1.95255196094981,0.26130779550119176,-0.0004925798085583968,0.0004925798085583968
2520,7.413464206356104,1.9652626637874062,0.2612835010254064,-0.0004949426055435763,0.0004949426055435763
2521,7.460997037692482,1.9779721489054871,0.26125909040608863,-0.0004973055112700795,0.0004973055112700795
2522,7.5085299537071455,1.9906804104527813,0.26123456363964803,-0.000499668525152205,0.000499668525152205
2523,7.556062954595847,2.0033874425780223,0.2612099207224846,-0.0005020316485300923,0.0005020316485300923
2524,7.603596040554285,2.016093239429929,0.261185161650965,-0.0005043948817800313,0.0005043948817800313
2525,7.65112921177821,2.028797795157234,0.2611602864214382,-0.0005067582256142591,0.0005067582256142591
2526,7.6986624684633576,2.041501103908665,0.26113529503023664,-0.0005091216803613622,0.0005091216803613622
2527,7.7461958108054665,2.054203159832952,0.26111018747368125,-0.0005114852465222045,0.0005114852465222045
2528,7.793729239000287,2.0669039570788272,0.2610849637480694,-0.0005138489249296556,0.0005138489249296556
2529,7.841262753243518,2.079603489795009,0.2610596238496842,-0.000516212715687416,0.000516212715687416
2530,7.88879635373091,2.0923017521302305,0.2610341677747904,-0.0005185766198049227,0.0005185766198049227
2531,7.936330040658204,2.1049987382332214,0.2610085955196353,-0.0005209406373538899,0.0005209406373538899
2532,7.983863814221127,2.1176944422527084,0.2609829070804391,-0.0005233047697269256,0.0005233047697269256
2533,8.03139767461544,2.1303888583374255,0.26095710245341025,-0.0005256690163708609,0.0005256690163708609
2534,8.078931622036833,2.1430819806360906,0.26093118163475165,-0.0005280333784377589,0.0005280333784377589
2535,8.126465656681068,2.1557738032974383,0.2609051446206312,-0.0005303978565562804,0.0005303978565562804
2536,8.173999778743873,2.1684643204701954,0.26087899140719184,-0.0005327624514801482,0.0005327624514801482
2537,8.221533988421006,2.1811535263030954,0.26085272199059517,-0.0005351271620651512,0.0005351271620651512
2538,8.269068285908162,2.193841414944858,0.2608263363669575,-0.0005374919916583408,0.0005374919916583408
2539,8.316602671401096,2.2065279805442155,0.2607998345323574,-0.0005398569388114636,0.0005398569388114636
2540,8.364137145095542,2.2192132172498957,0.26077321648290497,-0.0005422220040562653,0.0005422220040562653
2541,8.411671707187235,2.231897119210628,0.26074648221466395,-0.0005445871891099173,0.0005445871891099173
2542,8.459206357871928,2.244579680575145,0.2607196317236718,-0.0005469524936844871,0.0005469524936844871
2543,8.50674109734532,2.2572608954921654,0.26069266500596866,-0.0005493179183297003,0.0005493179183297003
2544,8.554275925803163,2.2699407581104225,0.2606655820575621,-0.0005516834641853091,0.0005516834641853091
2545,8.601810843441195,2.2826192625786446,0.26063838287445584,-0.0005540491306153766,0.0005540491306153766
2546,8.649345850455145,2.2952964030455596,0.26061106745262397,-0.0005564149198401558,0.0005564149198401558
2547,8.696880947040775,2.307972173659902,0.2605836357880208,-0.0005587808308055423,0.0005587808308055423
2548,8.744416133393772,2.3206465685703876,0.26055608787660595,-0.0005611468647045394,0.0005611468647045394
2549,8.791951409709899,2.3333195819257533,0.26052842371428886,-0.0005635130227529099,0.0005635130227529099
2550,8.839486776184884,2.3459912078747243,0.2605006432969764,-0.0005658793042021986,0.0005658793042021986
2551,8.887022233014466,2.3586614405660304,0.2604727466205711,-0.0005682457103388651,0.0005682457103388651
2552,8.9345577803944,2.3713302741484057,0.2604447336809255,-0.000570612242274634,0.000570612242274634
2553,8.98209341852038,2.3839977027705666,0.2604166044739026,-0.0005729788988289871,0.0005729788988289871
2554,9.02962914758816,2.3966637205812473,0.2603883589953542,-0.0005753456820022176,0.0005753456820022176
2555,9.077164967793475,2.4093283217291765,0.26035999724107944,-0.0005777125922954748,0.0005777125922954748
2556,9.124700879332064,2.4219915003630827,0.2603315192068862,-0.0005800796292200806,0.0005800796292200806
2557,9.172236882399673,2.4346532506316985,0.2603029533640102,-0.0005812890943516531,0.0005812890943516531
2558,9.219772976460066,2.447313569388065,0.2602749537979238,-0.0005570635116398735,0.0005570635116398735
2559,9.267309144896258,2.459972512899633,0.2602487558793237,-0.000508047126639661,0.000508047126639661
2560,9.31484535541839,2.4726301953409946,0.26022499468740795,-0.00045800074199798824,0.00045800074199798824
2561,9.362381575086268,2.4852867332895503,0.26020369556306444,-0.0004079529723241715,0.0004079529723241715
2562,9.409917770959723,2.497942243322707,0.26018485854693935,-0.000357903800937519,0.000357903800937519
2563,9.457453910098526,2.5105968420178546,0.26016848368024165,-0.00030785321062155803,0.00030785321062155803
2564,9.504989959562502,2.5232506459523996,0.260154571004731,-0.00025780118509968476,0.00025780118509968476
2565,9.55252588641146,2.5359037717037434,0.2601431205626881,-0.00020774770829839855,0.00020774770829839855
2566,9.600061657705211,2.548556335849287,0.2601341323969429,-0.00015769276276422742,0.00015769276276422742
2567,9.64759724050358,2.5612084549664362,0.26012760655090406,-0.00010763633115441088,0.00010763633115441088
2568,9.69513260186634,2.573860245632583,0.26012354306851904,-5.757839761628955e-05,5.757839761628955e-05
2569,9.74266770885332,2.5865118244251333,0.2601219419942942,-7.518943966386463e-06,7.518943966386463e-06
2570,9.790202528524324,2.5991633079214886,0.26012280337327104,4.254204469912948e-05,4.254204469912948e-05
2571,9.83773702793918,2.6118148126990532,0.26012612725107404,9.26045885265004e-05,9.26045885265004e-05
2572,9.885271174157664,2.624466455335221,0.260131913673884,0.00014266870132446195,0.00014266870132446195
2573,9.932804934239597,2.637118352407396,0.2601401626884082,0.000192734402015517,0.000192734402015517
2574,9.980338275244794,2.6497706204929803,0.2601508743419484,0.00024280170715012557,0.00024280170715012557
2575,10.02787116423306,2.6624233761693756,0.2601640486823283,0.0002928706326844848,0.0002928706326844848
2576,10.075403568264223,2.675076736013987,0.26017968575792105,0.00034294119624683766,0.00034294119624683766
2577,10.122935454398055,2.6877308166042053,0.2601977856176833,0.00039301341511448565,0.00039301341511448565
2578,10.170466789694382,2.700385734517438,0.26021834831109375,0.00044308730437208753,0.00044308730437208753
2579,10.217997541213016,2.713041606331086,0.2602413738881706,0.0004931628819566361,0.0004931628819566361
2580,10.265527676013757,2.725698548622549,0.26026686239946756,0.0005432401626865979,0.0005432401626865979
2581,10.313057161156445,2.7383566779692354,0.260294813896088,0.0005933191650103908,0.0005933191650103908
2582,10.36058596370084,2.7510161109485347,0.26032522842966394,0.0006433999027947331,0.0006433999027947331
2583,10.40811405070678,2.7636769641378547,0.26035810605234194,0.0006934823938123882,0.0006934823938123882
2584,10.455641389234064,2.7763393541145946,0.26039344681679844,0.000743566652436833,0.000743566652436833
2585,10.503167946342503,2.789003397456156,0.2604312507762011,0.0007936526947695806,0.0007936526947695806
2586,10.550693689091927,2.801669210739945,0.2604715179842761,0.0008437405377584614,0.0008437405377584614
2587,10.598218584542112,2.8143369105433558,0.2605142484952158,0.0008938301936343073,0.0008938301936343073
2588,10.64574259975287,2.82700661344379,0.2605594423636734,0.0009439216789844038,0.0009439216789844038
2589,10.693265701784023,2.839678436018651,0.26060709964483597,0.0009940150088372905,0.0009940150088372905
2590,10.740787857695379,2.8523524948453405,0.2606572203943574,0.0010441101968951144,0.0010441101968951144
2591,10.788309034546762,2.865028906501263,0.26070980466837623,0.0010942072587395034,0.0010942072587395034
2592,10.835829199397939,2.877707787563811,0.2607648525234471,0.0011443062050919739,0.0011443062050919739
2593,10.883348319308746,2.8903892546103904,0.2608223640165925,0.0011944070534585733,0.0011944070534585733
2594,10.930866361338987,2.903073424218402,0.26088233920530746,0.0012445098145368837,0.0012445098145368837
2595,10.97838329254847,2.9157604129652475,0.2609447781474636,0.00129461450172416,0.00129461450172416
2596,11.025899079997025,2.928450337428332,0.2610096809013845,0.001344721128569535,0.001344721128569535
2597,11.07341369074442,2.941143314185047,0.26107704752582095,0.0013948297072203587,0.0013948297072203587
2598,11.120927091850485,2.9538394598128006,0.26114687807985015,0.001444940246898368,0.001444940246898368
2599,11.168439250375032,2.9665388908889914,0.2612191726229976,0.0014950527644549965,0.0014950527644549965
2600,11.215950133377863,2.9792417239910223,0.26129393121515204,0.0015451672653941746,0.0015451672653941746
2601,11.263459707918807,2.991948075696298,0.2613711539165195,0.0015952837644428622,0.0015952837644428622
2602,11.310967941057635,3.0046580625822106,0.26145084078767933,0.0016454022690912287,0.0016454022690912287
2603,11.35847479985418,3.017371801226166,0.26153299188953616,0.0016955227918415275,0.0016955227918415275
2604,11.405980251368243,3.0300894082055647,0.26161760728333733,0.0017456453405898787,0.0017456453405898787
2605,11.453484262659655,3.0428110000978146,0.2617046870305655,0.0017957699231810783,0.0017957699231810783
2606,11.500986800788189,3.0555366934803043,0.2617942311930542,0.0018458965518770864,0.0018458965518770864
2607,11.548487832813672,3.068266604930444,0.2618862398328827,0.0018960252299457486,0.0018960252299457486
2608,11.595987325795907,3.0810008510256304,0.2619807130123515,0.0019461559683120356,0.0019461559683120356
2609,11.64348524679471,3.0937395483432675,0.26207765079404355,0.0019962887723913155,0.0019962887723913155
2610,11.690981562869904,3.1064828134607603,0.2621770532407469,0.0020464236496286698,0.0020464236496286698
2611,11.738476241081262,3.1192307629555005,0.2622789204154381,0.0020965606043815556,0.0020965606043815556
2612,11.78596924848861,3.1319835134048932,0.2623832523812923,0.0021466996441599074,0.0021466996441599074
2613,11.83346055215176,3.1447411813863413,0.2624900492016428,0.0021968407712938866,0.0021968407712938866
2614,11.880950119130516,3.157503883477244,0.2625993109399656,0.0022469839922648984,0.0022469839922648984
2615,11.92843791648471,3.1702717362550095,0.2627110376598787,0.002297129309004614,0.002297129309004614
2616,11.975923911274107,3.1830448562970273,0.26282522942508074,0.0023472767250745903,0.0023472767250745903
2617,12.023408070558544,3.1958233601807056,0.2629418862993697,0.0023974262427616665,0.0023974262427616665
2618,12.070890361397815,3.2086073644834414,0.2630610083466163,0.002447577864112823,0.002447577864112823
2619,12.118370750851746,3.2213969857826408,0.2631825956307285,0.002497731589569152,0.002497731589569152
2620,12.165849205980154,3.234192340655707,0.2633066482156521,0.0025478874207191726,0.0025478874207191726
2621,12.213325693842808,3.2469935456800325,0.2634331661652843,0.0025980453540624363,0.0025980453540624363
2622,12.260800181499546,3.259800717433022,0.2635621495435449,0.0026482053936289474,0.0026482053936289474
2623,12.308272636010168,3.272613972492078,0.2636935984143284,0.0026983675334733876,0.0026983675334733876
2624,12.355743024434485,3.2854334274346018,0.2638275128413933,0.0027485317726792663,0.0027485317726792663
2625,12.403211313832326,3.298259198837999,0.26396389288845895,0.0027986981087348797,0.0027986981087348797
2626,12.450677471263456,3.3110914032796597,0.2641027386191045,0.0028488665361062317,0.0028488665361062317
2627,12.498141463787707,3.3239301573369913,0.26424405009675367,0.0028990370511858213,0.0028990370511858213
2628,12.545603258464894,3.336775577587395,0.26438782738471867,0.002949209649676212,0.002949209649676212
2629,12.593062822354815,3.3496277806082726,0.26453407054605504,0.0029993843215760673,0.0029993843215760673
2630,12.640520122517303,3.362486882977028,0.26468277964362685,0.0030495610646798853,0.0030495610646798853
2631,12.687975126012129,3.375353001271055,0.264833954740064,0.0030997398667166384,0.0030997398667166384
2632,12.735427799899119,3.3882262520677577,0.2649875958976928,0.0031499207221107254,0.0031499207221107254
2633,12.782878111238082,3.4011067519445386,0.2651437031785637,0.0032001036191440166,0.0032001036191440166
2634,12.830326027088827,3.4139946174787976,0.2653022766443985,0.003250288549529163,0.003250288549529163
2635,12.877771514511181,3.4268899652479434,0.26546331635653075,0.0033004754985554515,0.0033004754985554515
2636,12.925214540564916,3.4397929118293633,0.26562682237594415,0.0033506644588822527,0.0033506644588822527
2637,12.972655072309855,3.4527035738004663,0.2657927947631998,0.0034008554122670225,0.0034008554122670225
2638,13.020093076805818,3.4656220677386536,0.2659612335783774,0.0034510483483607204,0.0034510483483607204
2639,13.0675285211126,3.4785485102213234,0.26613213888114473,0.003501243251116399,0.003501243251116399
2640,13.114961372290038,3.4914830178258858,0.26630551073061726,0.00355144010387285,0.00355144010387285
2641,13.1623915973979,3.50442570712973,0.266481349185373,0.0036016388905274277,0.0036016388905274277
2642,13.209819163496011,3.5173766947102614,0.2666596543034385,0.003651839593228002,0.003651839593228002
2643,13.257244037644183,3.5303360971448825,0.2668404261422402,0.0037020421932123944,0.0037020421932123944
2644,13.304666186902242,3.543304031011,0.26702366475853545,0.0037522466691828227,0.0037522466691828227
2645,13.352085578329962,3.556280612886003,0.26720937020846874,0.003802453003979227,0.003802453003979227
2646,13.399502178987163,3.569265959347299,0.2673975425474498,0.0038526611706692156,0.0038526611706692156
2647,13.446915955933664,3.5822601869722894,0.26758818183013855,0.003902871150770303,0.003902871150770303
2648,13.494326876229266,3.5952634123383747,0.2677812881104717,0.003953082917762799,0.003953082917762799
2649,13.541734906933799,3.6082757520229607,0.2679768614415614,0.0040032964483147655,0.0040032964483147655
2650,13.589140015107034,3.62129732260344,0.2681749018756656,0.00405351171397257,0.00405351171397257
2651,13.636542167808798,3.6343282406572173,0.2683754094641749,0.004103728690160763,0.004103728690160763
2652,13.683941332098902,3.647368622761695,0.26857838425759245,0.0041539473468541884,0.0041539473468541884
2653,13.73133747503715,3.660418585494273,0.2687838263054426,0.004204167655018679,0.004204167655018679
2654,13.778730563683373,3.6734782454323582,0.2689917356562732,0.004254389583971456,0.004254389583971456
2655,13.826120565097343,3.6865477191533413,0.2692021123576282,0.004304613102791117,0.004304613102791117
2656,13.873507446338888,3.69962712323463,0.2694149564559716,0.00435483817693674,0.00435483817693674
2657,13.920891174467808,3.712716574253622,0.2696302679966866,0.004405064774649124,0.004405064774649124
2658,13.968271716543924,3.7258161887877232,0.2698480470240033,0.004455292857669608,0.004455292857669608
2659,14.015649039627053,3.738926083414336,0.2700682935809562,0.004505522391710699,0.004505522391710699
2660,14.063023110776971,3.752046374710852,0.2702910077094,0.004555753338321134,0.004555753338321134
2661,14.11039389705351,3.765177179254679,0.2705161894499435,0.004605985659726768,0.004605985659726768
2662,14.157761365516471,3.7783186136232176,0.2707438388418744,0.004656219313569436,0.004656219313569436
2663,14.205125483225666,3.79147079439387,0.2709739559230899,0.004706454258425246,0.004706454258425246
2664,14.252486217240921,3.8046338381440394,0.2712076575388264,0.004802130483919721,0.004802130483919721
2665,14.299843502502203,3.8178079664805353,0.271465671734342,0.005695743471627753,0.005695743471627753
2666,14.347196709933957,3.8309952452996763,0.27178434392998174,0.007270251435991785,0.007270251435991785
2667,14.394544729228723,3.844199314090737,0.27218094706710877,0.008866723554048026,0.008866723554048026
2668,14.441886434646854,3.857423862805137,0.2726560224080929,0.010463350445723395,0.010463350445723395
2669,14.48922070044871,3.870672581394296,0.2732095753321097,0.012060152298472753,0.012060152298472753
2670,14.536546400894599,3.8839491598096223,0.2738416118339137,0.013657146401499783,0.013657146401499783
2671,14.583862410244887,3.8972572880025367,0.27455213842171394,0.015254346711103834,0.015254346711103834
2672,14.631167602759914,3.910600655924456,0.2753411620005014,0.016851763397477123,0.016851763397477123
2673,14.678460852700033,3.9239829535267976,0.2762086897408281,0.01844940240973786,0.01844940240973786
2674,14.725741034325603,3.9374078707609828,0.27715472893308835,0.020047265024184465,0.020047265024184465
2675,14.773007021896941,3.95087909757842,0.27817928682714926,0.021645347402637644,0.021645347402637644
2676,14.820257689674401,3.9644003239305285,0.27928237045747956,0.023243640146472396,0.023243640146472396
2677,14.867491911918332,3.977975239768726,0.28046398645367876,0.024842127850494118,0.024842127850494118
2678,14.914708562889096,3.9916075350444347,0.2817241408363686,0.026440788655340285,0.026440788655340285
2679,14.961906516847012,4.005300899709062,0.2830628387985703,0.02803959380614693,0.02803959380614693
2680,15.009084648052438,4.019059023714029,0.284480084472434,0.02963850719976834,0.02963850719976834
2681,15.056241830765716,4.032885597010751,0.2859758806814116,0.03123748494724304,0.03123748494724304
2682,15.10337693924719,4.046784309550647,0.28755022867779734,0.0328364749186559,0.0328364749186559
2683,15.15048884775723,4.060758851285138,0.2892031278658082,0.034435416313371506,0.034435416313371506
2684,15.197576430556149,4.074812912165632,0.2909345755101706,0.03603423920453575,0.03603423920453575
2685,15.244638561904301,4.088950182143548,0.2927445664300786,0.037632864105679724,0.037632864105679724
2686,15.29167411606204,4.103174351170305,0.2946330926788974,0.03923120153202402,0.03923120153202402
2687,15.338681967289704,4.117489109197318,0.29660014320947725,0.04082915156426221,0.04082915156426221
2688,15.385660989847663,4.131898146176011,0.2986457035251391,0.04242660341537918,0.04242660341537918
2689,15.432610057996225,4.146405152057791,0.3007697553165281,0.044023435005561155,0.044023435005561155
2690,15.479528045995753,4.161013816794077,0.3029722760844767,0.04561951253956222,0.04561951253956222
2691,15.526413828106595,4.175727830336288,0.30525323874890836,0.04721469008716563,0.04721469008716563
2692,15.573266278589093,4.19055088263584,0.30761261124394146,0.04880880917310024,0.04880880917310024
2693,15.620084271703611,4.205486663644156,0.31005035609942666,0.050401698373321015,0.050401698373321015
2694,15.666866681710463,4.22053886331264,0.31256643000925427,0.051993172925741286,0.051993172925741286
2695,15.713612382870007,4.235711171592715,0.31516078338640136,0.05358303433399507,0.05358303433399507
2696,15.760320249442591,4.2510072784358,0.31783335990502076,0.055171069999258915,0.055171069999258915
2697,15.80698915568856,4.266430873793311,0.32058409603008525,0.05675705285562951,0.05675705285562951
2698,15.853617975868282,4.2819856476166684,0.32341292053483806,0.058340741023543995,0.058340741023543995
2699,15.900205584242064,4.297675289857278,0.3263197540062307,0.05992187746491327,0.05992187746491327
2700,15.946750855070269,4.313503490466565,0.3293045083386612,0.06150018966383952,0.06150018966383952
2701,15.993252662613244,4.329473939395944,0.3323670862169838,0.06307538933575887,0.06307538933575887
2702,16.039709881131333,4.345590326596831,0.3355073805888445,0.06464717212766269,0.06464717212766269
2703,16.086121384884898,4.3618563420206495,0.3387252741266767,0.06621521735861817,0.06621521735861817
2704,16.132486048134254,4.378275675618807,0.34202063868036203,0.06777918778025711,0.06777918778025711
2705,16.178802745139762,4.394852017342723,0.3453933347209646,0.06933872935554104,0.06933872935554104
2706,16.22507035016177,4.411589057143815,0.3488432107761144,0.07089347106470423,0.07089347106470423
2707,16.271287737460618,4.4284904849735,0.352370102857836,0.07244302474127813,0.07244302474127813
2708,16.31745378129667,4.4455599907832015,0.35597383388339865,0.07398698492721767,0.07398698492721767
2709,16.363567355930247,4.462801264524323,0.35965421309038437,0.07552492878503105,0.07552492878503105
2710,16.4096273356217,4.480217996148289,0.3634110354463556,0.07705641599840311,0.07705641599840311
2711,16.45563259463138,4.497813875606515,0.3672440810541534,0.07858098875668819,0.07858098875668819
2712,16.501582007219636,4.515592592850418,0.3711531145542334,0.08009817174617473,0.08009817174617473
2713,16.54747444764682,4.533557837831421,0.37513788452425323,0.08160747217760674,0.08160747217760674
2714,16.59330879017325,4.551713300500928,0.3791981228775856,0.083108379881665,0.083108379881665
2715,16.63908390905929,4.570062670810364,0.38333354426174987,0.0846003674153964,0.0846003674153964
2716,16.68479867856529,4.588609638711143,0.3875438454578895,0.08608289024242342,0.08608289024242342
2717,16.730451972951602,4.607357894154689,0.39182418619896886,0.08737246530961015,0.08737246530961015
2718,16.776042777677336,4.626310690355183,0.3961228519599757,0.08675559712176603,0.08675559712176603
2719,16.821571232954703,4.645466745192595,0.4003650936925851,0.08501539657835351,0.08501539657835351
2720,16.867038163335792,4.664822088777382,0.40452289502842437,0.08326508406697888,0.08326508406697888
2721,16.912444402338487,4.684372716006567,0.40859605879732724,0.08151967607371571,0.08151967607371571
2722,16.957790783480686,4.704114621777171,0.41258476012905426,0.07977940981025027,0.07977940981025027
2723,17.003078140280216,4.724043800986193,0.41648918162759907,0.07804449579002737,0.07804449579002737
2724,17.04830730625498,4.744156248530658,0.4203095125165562,0.07631511865441594,0.07631511865441594
2725,17.093479114922857,4.764447959307583,0.42404594780936783,0.07459143796618795,0.07459143796618795
2726,17.138594399801715,4.784914928213986,0.42769868750382095,0.07287358900923223,0.07287358900923223
2727,17.18365399440945,4.805553150146888,0.43126793580141193,0.07116168360247482,0.07116168360247482
2728,17.228658732263906,4.826358620003292,0.43475390035097716,0.06945581086889169,0.06945581086889169
2729,17.27360944688298,4.847327332680221,0.43815679151639336,0.0677560380345035,0.0677560380345035
2730,17.31850697178454,4.868455283074692,0.4414768216682752,0.06606241118411282,0.06606241118411282
2731,17.36335214048646,4.8897384660837195,0.4447142044990396,0.06437495602482765,0.06437495602482765
2732,17.408145786506644,4.911172876604328,0.4478691543617414,0.0626936786458105,0.0626936786458105
2733,17.452888743362927,4.932754509533521,0.4509418856313246,0.06101856621374316,0.06101856621374316
2734,17.497581844573205,4.95447935976832,0.45393261208852137,0.059349587728734554,0.059349587728734554
2735,17.542225923655344,4.9763434222057406,0.4568415463260198,0.05768669468867638,0.05768669468867638
2736,17.586821814127237,4.998342691742801,0.45966889917612896,0.05602982179961193,0.05602982179961193
2737,17.63137034950677,5.020473163276526,0.46241487915977214,0.054378887616705944,0.054378887616705944
2738,17.67587236331179,5.0427308317039135,0.46507969195613885,0.05273379521140526,0.05273379521140526
2739,17.72032868906017,5.065111691921988,0.4676635398925386,0.05109443277756365,0.05109443277756365
2740,17.76474016026981,5.087611738827768,0.47016662145422583,0.04946067427203537,0.04946067427203537
2741,17.80910761045858,5.110226967318268,0.47258913081361975,0.04783237998094775,0.04783237998094775
2742,17.85343187314436,5.132953372290513,0.47493125737782815,0.04620939709923826,0.04620939709923826
2743,17.897713781845006,5.155786948641503,0.4771931853549799,0.0445915603000544,0.0445915603000544
2744,17.941954170078407,5.178723691268263,0.47937509333828743,0.04297869225434483,0.04297869225434483
2745,17.986153871362433,5.2017595950678075,0.4814771539071124,0.041370604153982846,0.041370604153982846
2746,18.030313719214977,5.224890654937154,0.4834995332454588,0.03976709623221421,0.03976709623221421
2747,18.074434547153917,5.2481128657733285,0.48544239077632717,0.03816795820747178,0.03816795820747178
2748,18.118517188697098,5.271422222473327,0.48730587881207266,0.036572969793688376,0.036572969793688376
2749,18.162562477362417,5.294814719934179,0.48909014222054764,0.03498190112003701,0.03498190112003701
2750,18.20657124666775,5.318286353052896,0.49079531810590205,0.03339451318057288,0.03339451318057288
2751,18.250544330130985,5.341833116726505,0.4924215355040976,0.03181055824209143,0.03181055824209143
2752,18.294482561269973,5.365451005852007,0.49396891509259294,0.030229780257418987,0.030229780257418987
2753,18.33838677360259,5.389136015326423,0.49543756891364243,0.02865191523770707,0.02865191523770707
2754,18.382257800646734,5.412884140046773,0.49682760011125043,0.02707669165408782,0.02707669165408782
2755,18.426096475920268,5.43669137491007,0.4981391026810312,0.025503830767573933,0.025503830767573933
2756,18.469903632941083,5.460553714813341,0.49937216123234784,0.02393304699377646,0.02393304699377646
2757,18.51368010522703,5.4844671546535855,0.5005268507633293,0.022364048245316195,0.022364048245316195
2758,18.557426726295994,5.508427689327824,0.5016032364475967,0.020796536239446304,0.020796536239446304
2759,18.60114432966586,5.5324313137330785,0.5026013734327353,0.019230206831604046,0.019230206831604046
2760,18.6448337488545,5.556474022766363,0.5035213066502253,0.0176647503025335,0.0176647503025335
2761,18.688495817379803,5.580551811324703,0.5043630706364373,0.016099851667279633,0.016099851667279633
2762,18.732131368759617,5.604660674305095,0.5051266893649204,0.014535190963601372,0.014535190963601372
2763,18.77574123651183,5.628796606604568,0.5058121760890313,0.012970443515630547,0.012970443515630547
2764,18.819326254154323,5.652955603120136,0.5064195331952968,0.011405280231609152,0.011405280231609152
2765,18.86288725520497,5.677133658748813,0.5069487520674069,0.009839367857651164,0.009839367857651164
2766,18.906425073181662,5.701326768387627,0.5073998129600652,0.008272369239628364,0.008272369239628364
2767,18.949940541602246,5.725530926933578,0.5077726848831582,0.00670394359110577,0.00670394359110577
2768,18.993434493984616,5.749742129283688,0.5080673254962369,0.005133746751809243,0.005133746751809243
2769,19.03690776384663,5.773956370334973,0.5082842153645276,0.0035829143357967203,0.0035829143357967203
2770,19.080361172050303,5.798169698799687,0.5084465114541645,0.0029421182749942137,0.0029421182749942137
2771,19.1237950022947,5.822380447508927,0.5086074927991756,0.003532835862874794,0.003532835862874794
2772,19.16720881317036,5.846590032592695,0.5087999720017892,0.004211809853217338,0.004211809853217338
2773,19.21060211195908,5.870800088355956,0.509026148148531,0.004891866628388533,0.004891866628388533
2774,19.253974405942593,5.895012249103661,0.5092860518367638,0.005572962530813051,0.005572962530813051
2775,19.29732520240266,5.919228149140761,0.5095797121898252,0.0062550534620451825,0.0062550534620451825
2776,19.34065400862104,5.943449422772215,0.509907156843486,0.006938094827960763,0.006938094827960763
2777,19.383960331879464,5.96767770430296,0.5102684119313049,0.007622041530284785,0.007622041530284785
2778,19.427243679459693,5.991914628037953,0.5106635020691236,0.00830684792144158,0.00830684792144158
2779,19.47050355864348,6.016161828282147,0.511092450338198,0.008992467775739027,0.008992467775739027
2780,19.51373947671258,6.040420939340492,0.5115552782676656,0.009678854272389166,0.009678854272389166
2781,19.55695094094876,6.064693595517949,0.5120520058157896,0.010365959944151628,0.010365959944151628
2782,19.600137458633736,6.0889814311194534,0.5125826513499371,0.011053736658608112,0.011053736658608112
2783,19.643298537049287,6.113286080449964,0.513147231626093,0.01174213559928636,0.01174213559928636
2784,19.686433683477155,6.137609177814432,0.5137457617668549,0.012431107204301885,0.012431107204301885
2785,19.72954240519912,6.161952357517818,0.5143782552385405,0.01312060117327317,0.01312060117327317
2786,19.77262420949689,6.186317253865055,0.5150447238274222,0.013810566406471322,0.013810566406471322
2787,19.815678603652234,6.2107055011611045,0.5157451776145584,0.014500950990693052,0.014500950990693052
2788,19.85870509494691,6.235118733710917,0.5164796249500666,0.015191702172525485,0.015191702172525485
2789,19.90170319066267,6.259558585819445,0.5172480724261936,0.015882766318605742,0.015882766318605742
2790,19.944672398081277,6.284026691791649,0.5180505248491672,0.01657408888836923,0.01657408888836923
2791,19.98761222448446,6.3085246859324595,0.5188869852105336,0.017265614423097916,0.017265614423097916
2792,20.030522177153976,6.33305420254684,0.5197574546569932,0.0179572864791665,0.0179572864791665
2793,20.073401763371585,6.3576168759397405,0.5206619324595307,0.018649047649447626,0.018649047649447626
2794,20.11625049041904,6.382214340416114,0.5216004159817762,0.019340839494599252,0.019340839494599252
2795,20.159067865578105,6.406848230280918,0.5225729006469222,0.02003260253750519,0.02003260253750519
2796,20.20185339613051,6.43152017983909,0.5235793799041626,0.02072427623403264,0.02072427623403264
2797,20.24460658935801,6.45623182339559,0.5246198451938582,0.02141579893597168,0.02141579893597168
2798,20.28732695254236,6.480984795255362,0.5256942859121001,0.02210710788930373,0.02210710788930373
2799,20.330013992965316,6.505780729723366,0.5268026893741984,0.022798139178804484,0.022798139178804484
2800,20.372667217908646,6.530621261104559,0.5279450407772333,0.023488827732323463,0.023488827732323463
2801,20.41528613465407,6.555508023703875,0.5291213231620783,0.024179107282683326,0.024179107282683326
2802,20.457870250483353,6.5804426518262735,0.5303315173741053,0.02486891034074483,0.02486891034074483
2803,20.50041907267826,6.605426779776708,0.5315756020235743,0.0255581681985392,0.0255581681985392
2804,20.54293210852052,6.630462041860127,0.5328535534448312,0.026246810867665532,0.026246810867665532
2805,20.58540886529192,6.6555500723814935,0.5341653456548755,0.02693476710615639,0.02693476710615639
2806,20.62784885027418,6.68069250564574,0.5355109503115009,0.027621964365627104,0.027621964365627104
2807,20.670251570749056,6.705890975957827,0.5368903366700497,0.028308328780635807,0.028308328780635807
2808,20.712616533998307,6.7311471176227045,0.5383034715400288,0.02899378516697433,0.02899378516697433
2809,20.754943247303693,6.756462564945326,0.5397503192410527,0.029678256990637034,0.029678256990637034
2810,20.797231217946972,6.781838952230652,0.5412308415577783,0.030361666353490278,0.030361666353490278
2811,20.839479953209867,6.807277913783615,0.5427449976944632,0.031043933988814342,0.031043933988814342
2812,20.881688960374152,6.832781083909175,0.5442927442291661,0.031724979249185735,0.031724979249185735
2813,20.92385774672157,6.858350096912284,0.5458740350670847,0.032404720082340736,0.032404720082340736
2814,20.96598581953387,6.883986587097892,0.5474888213933536,0.03308307303377621,0.03308307303377621
2815,21.008072686092838,6.909692188770961,0.5491370516259586,0.03375995325024884,0.03375995325024884
2816,21.050117853680177,6.935468536236424,0.5508186713675765,0.034435274435431415,0.034435274435431415
2817,21.092120829577663,6.961317263799243,0.5525336233571195,0.0351089488865545,0.0351089488865545
2818,21.134081121067055,6.987240005764368,0.5542818474215658,0.03578088747479442,0.03578088747479442
2819,21.17599823543009,7.0132383964367495,0.5560632804267462,0.036450999629709865,0.036450999629709865
2820,21.217871679948537,7.03931407012135,0.557877856228024,0.037119193359008824,0.037119193359008824
2821,21.259700961904134,7.0654686611231,0.5597255056213151,0.03778537525253662,0.03778537525253662
2822,21.30148558857864,7.091703803746962,0.561606156293475,0.038449450464489825,0.038449450464489825
2823,21.343225067253798,7.118021132297887,0.5635257801377893,0.039355645756425986,0.039355645756425986
2824,21.384919390304365,7.144423293595113,0.5655228522331622,0.04157223930842836,0.04157223930842836
2825,21.426571172753064,7.170918408601404,0.5676402084314067,0.04420379995285325,0.04420379995285325
2826,21.468183911904813,7.1975164398301565,0.5698876247512179,0.046799362357329365,0.046799362357329365
2827,21.50976110572686,7.224227351177246,0.5722637421520572,0.04935451915218557,0.04935451915218557
2828,21.551306252186446,7.251061106538547,0.574767058621119,0.051865274364495506,0.051865274364495506
2829,21.592822849250847,7.278027669809942,0.5773959393367438,0.054327721855345255,0.054327721855345255
2830,21.634314394887266,7.305137004887286,0.580148618919852,0.056738058120002245,0.056738058120002245
2831,21.67578438706297,7.332399075666462,0.5830232040015866,0.05909259491152891,0.05909259491152891
2832,21.717236323745208,7.359823846043346,0.5860176761052125,0.06138777150707639,0.06138777150707639
2833,21.75867370290122,7.38742127991381,0.5891298948376582,0.06362016660488223,0.06362016660488223
2834,21.800100022498267,7.415201341173737,0.5923576013863191,0.06578650978694799,0.06578650978694799
2835,21.841518780503577,7.443173993718983,0.5956984223144343,0.06788369243596476,0.06788369243596476
2836,21.882933474884403,7.4713492014454275,0.599149873646511,0.06990877806420347,0.06990877806420347
2837,21.92434760360799,7.499736928248949,0.6027093652342485,0.071859011978531,0.071859011978531
2838,21.96576466464159,7.5283471380254205,0.606374205392254,0.0737318302398507,0.0737318302398507
2839,22.007188155952463,7.557189794670725,0.6101416057907347,0.07552486780841883,0.07552486780841883
2840,22.048621575507816,7.586274862080714,0.6140086865905261,0.07723596585140968,0.07723596585140968
2841,22.090068421274925,7.615612304151275,0.6179724818056413,0.07886317817913846,0.07886317817913846
2842,22.131532191221034,7.64521208477828,0.6220299448762903,0.08040477670961413,0.08040477670961413
2843,22.173016383313378,7.675084167857602,0.6261779544335248,0.08185925595875611,0.08185925595875611
2844,22.214524495519232,7.705238517285129,0.6304133202369478,0.08322533654429225,0.08322533654429225
2845,22.2560600258058,7.7356850969567095,0.6347327892645589,0.08450196760763304,0.08450196760763304
2846,22.29762647214037,7.766433870768233,0.6391330519334099,0.08568832823164875,0.08568832823164875
2847,22.339227332490147,7.797494802615566,0.6436107484281168,0.08678382771743595,0.08678382771743595
2848,22.38086610482241,7.8288778563945876,0.6481624751151466,0.08778810491122542,0.08778810491122542
2849,22.422546287104403,7.860592996001179,0.6527889205411601,0.08885941810728205,0.08885941810728205
2850,22.464270440650587,7.8926500149375585,0.6576003092954126,0.09402319269858085,0.09402319269858085
2851,22.506016407038654,7.925054209750366,0.6628235634283807,0.10368313064888383,0.10368313064888383
2852,22.547735402797784,7.9578060334208764,0.668586705731528,0.11367700506775671,0.11367700506775671
2853,22.589377326083326,7.990905699094935,0.6749025959697298,0.12384375325701642,0.12384375325701642
2854,22.63089207505063,8.024353419918397,0.6817803598482286,0.13424108215439665,0.13424108215439665
2855,22.672229547855046,8.058149409037089,0.6892312038123476,0.14492616056463856,0.14492616056463856
2856,22.713339642651917,8.092293879596868,0.6972684014874891,0.15595612685381186,0.15595612685381186
2857,22.754172257596608,8.126787044743578,0.7059072905589938,0.1673885263176579,0.1673885263176579
2858,22.79467729084447,8.16162911762308,0.7151652779384283,0.1792816792441373,0.1792816792441373
2859,22.834804640550836,8.196820311381197,0.7250618509359326,0.19169497736431237,0.19169497736431237
2860,22.874504204871062,8.232360839163784,0.7356185919363597,0.2046891019248138,0.2046891019248138
2861,22.913725881960506,8.26825091411669,0.7468591937512037,0.21832615268344477,0.21832615268344477
2862,22.952419569974513,8.304490749385758,0.7588094723822908,0.232669671977149,0.232669671977149
2863,22.990535167068455,8.341080558116852,0.7714973733698276,0.24778454279838802,0.24778454279838802
2864,23.028022571397653,8.378020553455789,0.7849529672001834,0.26373673362486044,0.26373673362486044
2865,23.064831681117468,8.41531094854843,0.7992084284011521,0.2805928560004236,0.2805928560004236
2866,23.10091239438325,8.452951956540621,0.8142979919483858,0.29841949344667323,0.29841949344667323
2867,23.136214609350358,8.490943790578209,0.830257879438512,0.31728225232111584,0.31728225232111584
2868,23.170688224174146,8.529286663807051,0.8471261861568444,0.33724447722125456,0.33724447722125456
2869,23.20428313700994,8.567980789372967,0.8649427186992118,0.3583655659680552,0.3583655659680552
2870,23.23694924601311,8.607026380421821,0.8837487712334964,0.38069881296924984,0.38069881296924984
2871,23.268636449339002,8.646423650099456,0.9035868268743513,0.404288706439697,0.404288706439697
2872,23.299294645142968,8.686172811551717,0.9245001691014487,0.4291676063907579,0.4291676063907579
2873,23.328873731580373,8.726274077924469,0.946532386834856,0.4553517391616247,0.4553517391616247
2874,23.35732360680653,8.766727662363522,0.9697267559137827,0.48283646399602786,0.48283646399602786
2875,23.38459416897682,8.807533778014745,0.994125479611688,0.5115908019560701,0.5115908019560701
2876,23.410635316246587,8.848692638023978,1.0197512081689593,0.5408158787151769,0.5408158787151769
2877,23.435398818721158,8.890204246603986,1.0462709223310829,0.5562760988361457,0.5562760988361457
2878,23.45887315124663,8.932064511258213,1.073011278630683,0.5576005211404521,0.5576005211404521
2879,23.481080277939206,8.974265601667597,1.0995988425581267,0.5570022741767099,0.5570022741767099
2880,23.50204339007598,9.016799550546581,1.1259746579626575,0.554982536328749,0.554982536328749
2881,23.521785678934034,9.059658390609592,1.1520931672152959,0.5515792886555482,0.5515792886555482
2882,23.540330335790426,9.102834154571047,1.177910859957168,0.5468457936349208,0.5468457936349208
2883,23.557700551922267,9.146318875145393,1.2033866132808084,0.5408488974524415,0.5408488974524415
2884,23.57391951860662,9.190104585047026,1.2284819779622824,0.5336670523257844,0.5336670523257844
2885,23.589010427120545,9.234183316990379,1.2531614070880455,0.5253881524148483,0.5253881524148483
2886,23.602996468741154,9.278547103689881,1.2773924255565687,0.5161072775378964,0.5161072775378964
2887,23.615900834745513,9.32318797785996,1.301145740935795,0.505924433917256,0.505924433917256
2888,23.6277467164107,9.368097972215056,1.3243952979528355,0.4949423723767023,0.4949423723767023
2889,23.638557305013798,9.413269119469556,1.3471182804027781,0.4832645508509649,0.4832645508509649
2890,23.648355791831882,9.45869345233791,1.369295065435654,0.4709932933168753,0.4709932933168753
2891,23.657165368142042,9.504363003534538,1.3909091360194659,0.45822818177992924,0.45822818177992924
2892,23.665009225221336,9.550269805773866,1.411946957873868,0.44506470227470046,0.44506470227470046
2893,23.671910554346873,9.596405891770338,1.432397827362326,0.4315931526507412,0.4315931526507412
2894,23.67789254679571,9.642763294238343,1.4522536967510542,0.4178978072231629,0.4178978072231629
2895,23.68297839384493,9.689334045892323,1.47150898294741,0.4040563248829941,0.4040563248829941
2896,23.687191286771622,9.736110179446705,1.4901603653722193,0.39013937943171595,0.39013937943171595
2897,23.69055441685286,9.78308372761593,1.5082065780355027,0.3762104866375275,0.3762104866375275
2898,23.69309097536572,9.83024672311439,1.5256482002417848,0.3623260000523893,0.3623260000523893
2899,23.694824153587284,9.877591198656525,1.5424874496728185,0.3485352465805876,0.3485352465805876
2900,23.695777142794636,9.925109186956764,1.5587279809227164,0.334880773824305,0.334880773824305
2901,23.695973134264847,9.972792720729528,1.574374691917587,0.32139868265025023,0.32139868265025023
2902,23.695435319275006,10.020633832689263,1.5894335400585584,0.3081190212573461,0.3081190212573461
2903,23.694186889102184,10.068624555550356,1.6039113693918816,0.2950662194448545,0.2950662194448545
2904,23.692251035023467,10.116756922027252,1.617815749642984,0.282259545380986,0.282259545380986
2905,23.68965094831593,10.165022964834375,1.6311548275532328,0.2697135696709952,0.2697135696709952
2906,23.686409820256653,10.213414716686149,1.6439371906255626,0.2574386249140229,0.2574386249140229
2907,23.68255084212272,10.261924210297025,1.656171743118762,0.24544125121651433,0.24544125121651433
2908,23.6780972051912,10.310543478381376,1.6678675939174543,0.23372462069819372,0.23372462069819372
2909,23.673072100739187,10.359264553653661,1.679033955748886,0.2222889360934191,0.2222889360934191
2910,23.66749872004376,10.408079468828301,1.6896800551011548,0.21113180002209514,0.21113180002209514
2911,23.661400254381977,10.456980256619719,1.6998150521195603,0.20024855321151924,0.20024855321151924
2912,23.65479989503094,10.505958949742359,1.7094479697176979,0.1896325810423924,0.1896325810423924
2913,23.64772083326772,10.555007580910607,1.718587631113934,0.17927558825634088,0.17927558825634088
2914,23.640186260369404,10.604118182838913,1.727242605007484,0.16916784312325936,0.16916784312325936
2915,23.63221936761305,10.65328278824169,1.735421157623311,0.15929839187746775,0.15929839187746775
2916,23.62384334627577,10.702493429833378,1.7431312108832404,0.14965524559311133,0.14965524559311133
2917,23.615081387634614,10.751742140328414,1.750380305993865,0.1402255407009093,0.1402255407009093
2918,23.605956682966678,10.801020952441185,1.7571755717833786,0.13099567573692988,0.13099567573692988
2919,23.596492423549037,10.850321898886135,1.7635236971664614,0.12195142574269707,0.12195142574269707
2920,23.586711800658776,10.899637012377692,1.7694309071567076,0.11307803656976377,0.11307803656976377
2921,23.576638005572967,10.94895832563028,1.7749029418956765,0.10436030077379858,0.10436030077379858
2922,23.566294229568683,10.998277871358338,1.7799450382108166,0.09578261694763648,0.09578261694763648
2923,23.55570366392302,11.047587682276259,1.7845619132589938,0.08732903407524696,0.08732903407524696
2924,23.544889499913044,11.096879791098486,1.7887577498514917,0.07898328237717733,0.07898328237717733
2925,23.53387492881585,11.146146230539445,1.7925361830978603,0.07072879215194418,0.07072879215194418
2926,23.5226831419085,11.195379033313559,1.7959002880399677,0.06254870162494154,0.06254870162494154
2927,23.511337330468077,11.24457023213527,1.7988525679836247,0.0544258552300621,0.0544258552300621
2928,23.499860685771672,11.293711859718972,1.8013949432671061,0.04634279303123508,0.04634279303123508
2929,23.48827639909636,11.342795948779107,1.803530159057073,0.03833797093679943,0.03833797093679943
2930,23.476607499208594,11.391814597423357,1.8053350772641508,0.03330280024855632,0.03330280024855632
2931,23.464868453826544,11.440763348671926,1.8069947796009767,0.03264030624516127,0.03264030624516127
2932,23.4530611032911,11.489642826722905,1.8086282198169503,0.032325595081204354,0.032325595081204354
2933,23.441186273461447,11.538454063995554,1.8102441113572705,0.032006860908795516,0.032006860908795516
2934,23.4292447901968,11.587198092909109,1.8118423152616565,0.03168414717720613,0.03168414717720613
2935,23.417237479356345,11.63587594588281,1.813422694312101,0.031357498149244274,0.031357498149244274
2936,23.405165166799286,11.684488655335917,1.8149851130513164,0.03102695895717218,0.03102695895717218
2937,23.39302867838482,11.733037253687629,1.8165294378005852,0.03069257550791008,0.03069257550791008
2938,23.38082883997215,11.781522773357207,1.8180555366768514,0.030354394532588577,0.030354394532588577
2939,23.368566477420476,11.829946246763889,1.8195632796098822,0.03001246352414969,0.03001246352414969
2940,23.356242416588994,11.878308706326907,1.8210525383581009,0.02966683073090245,0.02966683073090245
2941,23.343857483336894,11.926611184465528,1.8225231865241949,0.029317545138051238,0.029317545138051238
2942,23.331412503523396,11.974854713598951,1.823975099570721,0.028964656469593515,0.028964656469593515
2943,23.31890830300768,12.02304032614643,1.825408154834335,0.028608215115053008,0.028608215115053008
2944,23.306345707648966,12.07116905452721,1.826822231540165,0.028248272191646204,0.028248272191646204
2945,23.29372554330643,12.119241931160524,1.8282172108152759,0.02788487942882414,0.02788487942882414
2946,23.28104863583928,12.167259988465633,1.8295929757016685,0.027518089248112942,0.027518089248112942
2947,23.26831581110672,12.215224258861737,1.830949411169254,0.0271479546648666,0.0271479546648666
2948,23.255527894967948,12.263135774768095,1.8322864041275366,0.026774529317490924,0.026774529317490924
2949,23.24268571328216,12.310995568603948,1.833603843437542,0.026397867430401643,0.026397867430401643
2950,23.229790091908555,12.358804672788532,1.8349016199227104,0.026018023792037815,0.026018023792037815
2951,23.21684185670633,12.406564119741102,1.836179626379666,0.02563505375410818,0.02563505375410818
2952,23.203841833534696,12.454274941880865,1.8374377575884606,0.025249013193402305,0.025249013193402305
2953,23.190790848252842,12.50193817162708,1.838675910322149,0.024859958505311794,0.024859958505311794
2954,23.17768972671997,12.549554841398976,1.8398939833560062,0.02446794657789445,0.02446794657789445
2955,23.16453929479528,12.597125983615804,1.841091877476588,0.02407303479385219,0.02407303479385219
2956,23.15134037833796,12.644652630696811,1.8422694954897585,0.02367528096856653,0.02367528096856653
2957,23.13809380320723,12.69213581506121,1.8434267422289494,0.023274743403929037,0.023274743403929037
2958,23.124800395262266,12.739576569128248,1.8445635245622478,0.022871480768847367,0.022871480768847367
2959,23.111460980362292,12.786975925317172,1.8456797513998673,0.02246555221673476,0.02246555221673476
2960,23.098076384366482,12.834334916047213,1.8467753337006203,0.022057017209398514,0.022057017209398514
2961,23.084647433134055,12.881654573737634,1.8478501844781077,0.021645935664209814,0.021645935664209814
2962,23.0711749525242,12.928935930807636,1.8489042188067477,0.02123236778232238,0.02123236778232238
2963,23.057659768396128,12.976180019676482,1.8499373538272152,0.0208163741792097,0.0208163741792097
2964,23.044102706609014,13.023387872763399,1.8509495087512595,0.020398015710887,0.020398015710887
2965,23.03050459302208,13.07056052248765,1.851940604866572,0.019977353632516383,0.019977353632516383
2966,23.01686625349452,13.117699001268443,1.8529105655416804,0.019554449423218594,0.019554449423218594
2967,23.003188513885526,13.16480434152503,1.8538593162288113,0.01912936486134893,0.01912936486134893
2968,22.989472200054312,13.211877575676649,1.854786784468589,0.01870216200670745,0.01870216200670745
2969,22.97571813786006,13.25891973614254,1.8556928998929003,0.0182729031264561,0.0182729031264561
2970,22.961927153161966,13.305931855341958,1.8565775942274836,0.017841650741019607,0.017841650741019607
2971,22.94810007181925,13.352914965694112,1.8574408012953725,0.017408467596081004,0.017408467596081004
2972,22.9342377196911,13.399870099618251,1.8582824570187761,0.016973416610047552,0.016973416610047552
2973,22.92034092263672,13.446798289533625,1.85910249942103,0.016536560912862354,0.016536560912862354
2974,22.906410506515304,13.493700567859463,1.8599008686286733,0.016097963795877697,0.016097963795877697
2975,22.89244729718604,13.540577967015025,1.8606775068724544,0.01565768870176491,0.01565768870176491
2976,22.87845212050815,13.58743151941951,1.8614323584886419,0.015215799231002549,0.015215799231002549
2977,22.864425802340826,13.63426225749219,1.8621653699204128,0.014772359122438095,0.014772359122438095
2978,22.85036916854325,13.68107121365228,1.862876489717424,0.014327432182468791,0.014327432182468791
2979,22.83628304497465,13.727859420319039,1.8635656685370061,0.013881082406621083,0.013881082406621083
2980,22.8221682574942,13.77462790991172,1.8642328591444315,0.013433373804404888,0.013433373804404888
2981,22.808025631961115,13.821377714849518,1.8648780164116945,0.012984370498135736,0.012984370498135736
2982,22.79385599423459,13.8681098675517,1.8655011195678253,0.012535049251031416,0.012535049251031416
2983,22.77966016940445,13.914825395491308,1.8661030487244379,0.012121428926461852,0.012121428926461852
2984,22.765438951529987,13.961525126649446,1.8666858568953253,0.011755652244030931,0.011755652244030931
2985,22.751193093699758,14.00820962561092,1.8672507901880524,0.011392620099496209,0.011392620099496209
2986,22.736923346196672,14.05487943892321,1.8677979110399365,0.01102903025237161,0.01102903025237161
2987,22.722630459303627,14.101535113133853,1.8683272013559031,0.010664904631514784,0.010664904631514784
2988,22.70831518330352,14.14817719479037,1.8688386437576066,0.010300265066312679,0.010300265066312679
2989,22.693978268479253,14.194806230440278,1.8693322215799728,0.009935133305063487,0.009935133305063487
2990,22.67962046511372,14.24142276663112,1.869807918867866,0.009569531001860724,0.009569531001860724
2991,22.66524252348984,14.288027349910372,1.8702657203727129,0.009203479728184794,0.009203479728184794
2992,22.650845193890508,14.334620526825582,1.8707056115494618,0.008837000975333409,0.008837000975333409
2993,22.636429226598622,14.381202843924262,1.87112757855335,0.008470116144522765,0.008470116144522765
2994,22.62199537189709,14.427774847753943,1.8715316082369997,0.008102846570639151,0.008102846570639151
2995,22.607544380068802,14.474337084862155,1.8719176881474782,0.007735213497639708,0.007735213497639708
2996,22.593077001396676,14.520890101796383,1.8722858065235464,0.007367238111278464,0.007367238111278464
2997,22.578593986163593,14.56743444510416,1.8726359522925393,0.006998941491953473,0.006998941491953473
2998,22.56409608465248,14.613970661333022,1.872968115068441,0.0066303447115518615,0.0066303447115518615
2999,22.54958404714622,14.660499297030478,1.873282285149289,0.006261468709748454,0.006261468709748454
3000,22.535058623927704,14.707020898744062,1.8735784535137583,0.0058923343848432865,0.0058923343848432865
3001,22.52052056527987,14.753536013021266,1.8738566118203561,0.005522962610814807,0.005522962610814807
3002,22.505970621485588,14.800045186409626,1.8741167524043854,0.00515337412959368,0.00515337412959368
3003,22.491409542827775,14.84654896545666,1.8743588682756622,0.004783589690565114,0.004783589690565114
3004,22.476838079589324,14.893047896709911,1.874582953117369,0.00441362995865005,0.00441362995865005
3005,22.462256982053145,14.939542526716862,1.8747890012835557,0.0040435155516383384,0.0040435155516383384
3006,22.44766700050213,14.986033402025043,1.8749770077972803,0.003673267030118234,0.003673267030118234
3007,22.433068885219196,15.03252106918199,1.875146968349818,0.0033029049524728993,0.0033029049524728993
3008,22.41846338648722,15.079006074735206,1.8752988792981369,0.0029324497496083,0.0029324497496083
3009,22.403851254589124,15.125488965232242,1.875432737664041,0.002561921919981481,0.002561921919981481
3010,22.3892332398078,15.171970287220574,1.8755485411330945,0.002191341826473458,0.002191341826473458
3011,22.374610092426156,15.218450587247744,1.8756462880526141,0.0018207298624471732,0.0018207298624471732
3012,22.35998256272709,15.264930411861274,1.8757259774315123,0.0014501063628414431,0.0014501063628414431
3013,22.345351400993508,15.311410307608678,1.8757876089389214,0.0010794916441093062,0.0010794916441093062
3014,22.3307173575083,15.357890821037497,1.8758311829032939,0.0007089059849911901,0.0007089059849911901
3015,22.31608118255438,15.404372498695222,1.8758567003119557,0.000338369665487776,0.000338369665487776
3016,22.301443626414642,15.45085588712938,1.8758641628102106,-3.209708929407445e-05,3.209708929407445e-05
3017,22.286805439371996,15.497341532887503,1.8758535727010939,-0.00040247402530700947,0.00040247402530700947
3018,22.272167371709337,15.5438299825171,1.875824932945124,-0.0007727409421549239,0.0007727409421549239
3019,22.257530173709558,15.590321782565713,1.875778247159538,-0.001142877630665327,0.001142877630665327
3020,22.242894595655578,15.636817479580827,1.8757135196186416,-0.001512863888243204,0.001512863888243204
3021,22.228261387830294,15.683317620109984,1.8756307552537916,-0.001882679517653655,0.001882679517653655
3022,22.213631300516603,15.729822750700697,1.8755299596532795,-0.0022523043309281543,0.0022523043309281543
3023,22.199005083997406,15.776333417900489,1.8754111390625243,-0.002621718131766617,0.002621718131766617
3024,22.1843834885556,15.822850168256902,1.8752743003846113,-0.0029909007177933407,0.0029909007177933407
3025,22.1697672644741,15.869373548317414,1.8751194511806424,-0.0033598318848972017,0.0033598318848972017
3026,22.155157162035803,15.915904104629568,1.874946599670357,-0.0037284914107476776,0.0037284914107476776
3027,22.140553931523606,15.962442383740884,1.874755754732786,-0.004096859068793082,0.004096859068793082
3028,22.12595832322041,16.00898893219887,1.8745469259067276,-0.004464914620584339,0.004464914620584339
3029,22.111371087409122,16.055544296551087,1.8743201233923037,-0.0048326377781337465,0.0048326377781337465
3030,22.09679297437264,16.102109023345005,1.8740753580515932,-0.005200008278336482,0.005200008278336482
3031,22.082224734393865,16.148683659128157,1.8738126414093044,-0.005567005806112356,0.005567005806112356
3032,22.067667117755708,16.195268750448076,1.8735319856548929,-0.00593361001096411,0.00593361001096411
3033,22.05312087474106,16.24186484385228,1.8732334036436307,-0.006299800532668291,0.006299800532668291
3034,22.038586755632814,16.288472485888292,1.8729169088973145,-0.006665556989353704,0.006665556989353704
3035,22.024065510713893,16.33509222310361,1.8725825156065776,-0.007030858923101725,0.007030858923101725
3036,22.00955789026719,16.381724602045782,1.8722302386327567,-0.007395685871658204,0.007395685871658204
3037,21.9950646445756,16.428370169262305,1.8718600935087142,-0.0077600173389088135,0.0077600173389088135
3038,21.98058652392203,16.475029471300733,1.8714720964414193,-0.008123832751643018,0.008123832751643018
3039,21.96612427858939,16.521703054708542,1.8710662643138878,-0.008487111528501231,0.008487111528501231
3040,21.951678658860565,16.568391466033276,1.8706426146865995,-0.008849833031788759,0.008849833031788759
3041,21.93725041501847,16.61509525182245,1.8702011658003006,-0.009211976558505901,0.009211976558505901
3042,21.922840297346003,16.66181495862359,1.8697419365781993,-0.009573521373704718,0.009573521373704718
3043,21.90844905612605,16.70855113298423,1.8692649466276705,-0.00993444669682802,0.00993444669682802
3044,21.89407744164154,16.755304321451856,1.8687702162433437,-0.010294731658465115,0.010294731658465115
3045,21.87972620417536,16.802075070574006,1.868257766409601,-0.010654355367491318,0.010654355367491318
3046,21.865396094010404,16.8488639268982,1.867727618802391,-0.011013296871624691,0.011013296871624691
3047,21.851087861429594,16.895671436971956,1.867179795792908,-0.01137153512064904,0.01137153512064904
3048,21.8368022567158,16.94249814734281,1.866614320449577,-0.011729049072181306,0.011729049072181306
3049,21.82254003015196,16.989344604558255,1.8660312165411443,-0.012085817540952674,0.012085817540952674
3050,21.808301932020957,17.036211355165825,1.8654305085400342,-0.012441819338618411,0.012441819338618411
3051,21.794088712605692,17.08309894571304,1.864812221624412,-0.012797033186984134,0.012797033186984134
3052,21.779901122189074,17.130007922747417,1.8641763816819399,-0.013151437735984078,0.013151437735984078
3053,21.76573991105399,17.1769388328165,1.863523015312719,-0.0135050115791742,0.0135050115791742
3054,21.751605829483356,17.223892222467768,1.8628521498321637,-0.013857733241418771,0.013857733241418771
3055,21.737499627760076,17.270868638248764,1.8621638132748553,-0.014209581151880462,0.014209581151880462
3056,21.723422056167035,17.317868626707,1.8614580343972722,-0.01456053371723732,0.01456053371723732
3057,21.709373864987146,17.364892734390004,1.860734842681105,-0.014910569225483051,0.014910569225483051
3058,21.695355804503315,17.411941507845313,1.8599942683376112,-0.015259665900437184,0.015259665900437184
3059,21.681368624998427,17.45901549362041,1.8592363423098193,-0.015607801935686273,0.015607801935686273
3060,21.667413076755402,17.506115238262833,1.8584610962766088,-0.01595495538529363,0.01595495538529363
3061,21.65348991005713,17.553241288320102,1.8576685626565421,-0.016301104284154204,0.016301104284154204
3062,21.639599875186516,17.60039419033974,1.8568587746109728,-0.016646226558233505,0.016646226558233505
3063,21.625743722426453,17.64757449086927,1.8560317660477594,-0.016990300091046125,0.016990300091046125
3064,21.611922202059866,17.694782736456208,1.8551875716253128,-0.017333302644812844,0.017333302644812844
3065,21.598136064369633,17.74201947364806,1.8543262267558691,-0.017675211972345558,0.017675211972345558
3066,21.58438605963867,17.789285248992364,1.8534477676091217,-0.018016005692053055,0.018016005692053055
3067,21.570672938149876,17.836580609036638,1.852552231116634,-0.018355661382874294,0.018355661382874294
3068,21.556997450186138,17.88390610032841,1.8516396549747414,-0.01869415655252344,0.01869415655252344
3069,21.543360346030376,17.931262269415175,1.8507100776487992,-0.019031468616348787,0.019031468616348787
3070,21.529762375965483,17.97864966284447,1.8497635383770161,-0.019367574937398678,0.019367574937398678
3071,21.516204290274366,18.02606882716381,1.8488000771740898,-0.01970245279632275,0.01970245279632275
3072,21.502686839239917,18.07352030892074,1.8478197348350935,-0.020036079413623887,0.020036079413623887
3073,21.489210773145047,18.121004654662737,1.8468225529390474,-0.020368431942357608,0.020368431942357608
3074,21.475776842272655,18.16852241093735,1.8458085738530552,-0.02069948745504539,0.02069948745504539
3075,21.46238579690564,18.216074124292085,1.8447778407358852,-0.021029222981637348,0.021029222981637348
3076,21.449038387326908,18.263660341274466,1.8437303975417403,-0.021357615466738353,0.021357615466738353
3077,21.43573536381935,18.31128160843204,1.8426662890240775,-0.021684641812947974,0.021684641812947974
3078,21.42247747666589,18.358938472312285,1.8415855607395284,-0.022010278836340283,0.022010278836340283
3079,21.4092654761494,18.406631479462735,1.840488259051094,-0.02233450334338208,0.02233450334338208
3080,21.396100112552805,18.454361176430922,1.8393744311322238,-0.022657292021281406,0.022657292021281406
3081,21.382982136158994,18.502128109764353,1.8382441249705628,-0.02297862156415773,0.02297862156415773
3082,21.369912297250874,18.549932826010576,1.837097389371312,-0.023298468566112042,0.023298468566112042
3083,21.356891346111343,18.597775871717065,1.8359342739608664,-0.023616809620005143,0.023616809620005143
3084,21.34392003302331,18.64565779343137,1.8347548291902005,-0.02393362123267487,0.02393362123267487
3085,21.330999108269673,18.693579137701008,1.833559106338864,-0.02424887988864376,0.02424887988864376
3086,21.31812932213333,18.74154045107349,1.8323471575177555,-0.024562562039492447,0.024562562039492447
3087,21.305311424897184,18.789542280096367,1.8311190356728415,-0.024874644080247515,0.024874644080247515
3088,21.292546166844136,18.837585171317116,1.8298747945884244,-0.02518510239519875,0.02518510239519875
3089,21.27983429825709,18.885669671283267,1.8286166074997476,-0.02540879861188298,0.02540879861188298
3090,21.26717638184028,18.933796211148668,1.8273787972313813,-0.024339990037059202,0.024339990037059202
3091,21.254570130579587,18.98196346899191,1.8262184305226614,-0.022272545388629765,0.022272545388629765
3092,21.24201104154712,19.030168759717068,1.8251609355094225,-0.02018642135592439,0.02018642135592439
3093,21.229494553517164,19.078409362364773,1.824206727458809,-0.018107531025136944,0.018107531025136944
3094,21.217016105263912,19.126682555975698,1.82335558145323,-0.016035333564199825,0.016035333564199825
3095,21.204571135561622,19.174985619590498,1.8226072904360415,-0.013969283592136561,0.013969283592136561
3096,21.192155083184538,19.22331583224984,1.8219616653842894,-0.011908832018414816,0.011908832018414816
3097,21.179763386906885,19.271670472994394,1.8214185354526393,-0.009853426748392017,0.009853426748392017
3098,21.167391485502915,19.320046820864793,1.8209777480928102,-0.007802513328561652,0.007802513328561652
3099,21.15503481774686,19.368442154901715,1.8206391691480643,-0.00575553565216904,0.00575553565216904
3100,21.14268882241296,19.416853754145812,1.820402682922725,-0.0037119365897951367,0.0037119365897951367
3101,21.130348938275453,19.46527889763774,1.8202681922276314,-0.0016711586456362305,0.0016711586456362305
3102,21.118010604108573,19.51371486441819,1.8202356184018098,0.0003673554335923739,0.0003673554335923739
3103,21.105669258686568,19.562158933527776,1.8203049013106536,0.0024041620222572135,0.0024041620222572135
3104,21.09332034078367,19.61060838400718,1.820475999320331,0.004439816001250007,0.004439816001250007
3105,21.080959289174128,19.659060494897062,1.820748889249595,0.006474870171692684,0.006474870171692684
3106,21.068581542632167,19.707512545238075,1.82112356629753,0.008509874582669667,0.008509874582669667
3107,21.056182539932028,19.755961814070897,1.8216000439483249,0.01054537598688398,0.01054537598688398
3108,21.043757719847957,19.804405580436164,1.8221783538532146,0.012581917170130517,0.012581917170130517
3109,21.03130252115419,19.852841123374535,1.8228585456878708,0.014620036331956332,0.014620036331956332
3110,21.018812382624965,19.901265721926688,1.8236406869867587,0.016660266467158107,0.016660266467158107
3111,21.006282743034514,19.949676655133292,1.8245248629529571,0.018703134675442223,0.018703134675442223
3112,20.993709041157086,19.998071202034968,1.8255111762432927,0.020749161523768538,0.020749161523768538
3113,20.981086715766917,20.046446641672393,1.826599746728988,0.022798860348574406,0.022798860348574406
3114,20.968411205638247,20.094800253086238,1.8277907112305218,0.024852736548274603,0.024852736548274603
3115,20.95567794954531,20.143129315317147,1.8290842232260942,0.026911286841197302,0.026911286841197302
3116,20.94288238626234,20.19143110740581,1.8304804525334577,0.028974998526585322,0.028974998526585322
3117,20.93001995456359,20.23970290839284,1.8319795849645941,0.03104434869695562,0.03104434869695562
3118,20.917086093223293,20.287941997318924,1.8335818219516846,0.033119803410895675,0.033119803410895675
3119,20.904076241015687,20.336145653224722,1.8352873801439893,0.035201816861017074,0.035201816861017074
3120,20.890985836715004,20.38431115515088,1.837096490974355,0.03729083046491104,0.03729083046491104
3121,20.877810319095488,20.43243578213809,1.8390094001953898,0.03938727200183395,0.03938727200183395
3122,20.86454512693138,20.480516813226973,1.8410263673830873,0.04149155457975523,0.04149155457975523
3123,20.851185698996918,20.528551527458198,1.8431476654069692,0.04360407569835569,0.04360407569835569
3124,20.837727474066345,20.576537203872434,1.8453735798668094,0.04572521617960267,0.04572521617960267
3125,20.824165890913886,20.62447112151034,1.847704408492823,0.04785533906534565,0.04785533906534565
3126,20.810496388313787,20.67235055941259,1.850140460509907,0.049994788529607426,0.049994788529607426
3127,20.796714405040294,20.720172796619803,1.8526820559638812,0.052143888649325,0.052143888649325
3128,20.782815379867632,20.767935112172665,1.855329525007585,0.0543029421862018,0.0543029421862018
3129,20.768794751570056,20.815634785111833,1.8580832071475795,0.0564722293399269,0.0564722293399269
3130,20.754647958921794,20.863269094477968,1.8609434504481943,0.05865200635204705,0.05865200635204705
3131,20.740370440697077,20.91083531931174,1.8639106106917276,0.06084250416187047,0.06084250416187047
3132,20.72595763567016,20.958330738653782,1.8669850504947922,0.06304392696046097,0.06304392696046097
3133,20.711404982615278,21.00575263154477,1.8701671383782226,0.06525645069258039,0.06525645069258039
3134,20.696707920306665,21.05309827702536,1.8734572477888707,0.06748022149229713,0.06748022149229713
3135,20.68186188751856,21.100364954136214,1.8768557560728534,0.0697153541169826,0.0697153541169826
3136,20.666862323025196,21.147549941918005,1.8803630433982546,0.07196193025202254,0.07196193025202254
3137,20.65170466560083,21.194650519411358,1.883979491626143,0.07421999684870587,0.07421999684870587
3138,20.63638435401969,21.24166396565696,1.88770548312882,0.07648956433701348,0.07648956433701348
3139,20.62089682705601,21.288587559695458,1.8915413995527681,0.07877060481300947,0.07877060481300947
3140,20.605237523484035,21.33541858056752,1.8954876205268427,0.08106305022894177,0.08106305022894177
3141,20.589401882077997,21.382154307313822,1.8995445223138743,0.08336679046260068,0.08336679046260068
3142,20.573385341612145,21.42879201897498,1.9037124764037878,0.0856816713905749,0.0856816713905749
3143,20.55718334086071,21.47532899459169,1.9079918480485745,0.08800749293474555,0.08800749293474555
3144,20.540791318597933,21.521762513204585,1.9123829947374646,0.09034400703484861,0.09034400703484861
3145,20.524204713598046,21.568089853854357,1.9168862646118472,0.09269091564949006,0.09269091564949006
3146,20.507418964635303,21.614308295581644,1.921501994819953,0.09504786870566945,0.09504786870566945
3147,20.49042951048393,21.660415117427096,1.9262305098094024,0.09741446200684405,0.09741446200684405
3148,20.473231789918174,21.70640759843139,1.931072119559032,0.09979023522980554,0.09979023522980554
3149,20.455821241712272,21.752283017635186,1.9360271177500497,0.10217466983308097,0.10217466983308097
3150,20.43819330464044,21.798038654079143,1.9410957798743558,0.10456718697257245,0.10456718697257245
3151,20.420343417476957,21.84367178680391,1.946278361284621,0.1069671456127981,0.1069671456127981
3152,20.402267018996035,21.889179694850142,1.951575095183407,0.10937384035887779,0.10937384035887779
3153,20.383959547971923,21.934559657258525,1.956986190553601,0.11178649969823558,0.11178649969823558
3154,20.36541644317885,21.979808953069693,1.9625118300326638,0.11420428398419644,0.11420428398419644
3155,20.346633143391063,22.024924861324333,1.9681521677308178,0.11662628374764641,0.11662628374764641
3156,20.3276050873828,22.069904661063074,1.9739073269967489,0.11905151790228248,0.11905151790228248
3157,20.3083277139283,22.114745631326585,1.9797773981321025,0.12147893220347505,0.12147893220347505
3158,20.288796461801798,22.159445051155533,1.985762436059191,0.12390739774122138,0.12390739774122138
3159,20.269006769777533,22.20400019959057,1.991862457943973,0.1263357096101307,0.1263357096101307
3160,20.24895407662974,22.24840835567238,1.9980774407794384,0.1287625857561005,0.1287625857561005
3161,20.22863382113267,22.29266679844158,2.004407318932927,0.13118666595175907,0.13118666595175907
3162,20.208041442060555,22.336772806938853,2.0108519816625297,0.13360651103739601,0.13360651103739601
3163,20.187172378187633,22.38072366020486,2.017411270608595,0.13602060234234759,0.13602060234234759
3164,20.166022068288143,22.42451663728026,2.024084977265443,0.13842734135851498,0.13842734135851498
3165,20.144585951136314,22.468149017205725,2.0308728404402667,0.14082504968939089,0.14082504968939089
3166,20.122859465506405,22.51161807902188,2.0377745437065067,0.14321196928486252,0.14321196928486252
3167,20.100838050172644,22.55492110176941,2.0447897128592154,0.1455862629846303,0.1455862629846303
3168,20.07851714390927,22.598055364488964,2.0519179133803216,0.14794601537951704,0.14794601537951704
3169,20.055892185490524,22.64101814622121,2.0591586479232946,0.1502892340721465,0.1502892340721465
3170,20.03295861369063,22.683806726006818,2.066511353826051,0.15261385124395704,0.15261385124395704
3171,20.009711867283848,22.726418382886415,2.073975400662028,0.15491772568644482,0.15491772568644482
3172,19.986147385044404,22.768850395900685,2.081550087840583,0.15719864520755095,0.15719864520755095
3173,19.96226060574655,22.811100044090278,2.089234642266991,0.15945432947906096,0.15945432947906096
3174,19.93804696816451,22.853164606495863,2.0970282160732894,0.1616824333168184,0.1616824333168184
3175,19.913501911072522,22.895041362158107,2.1049298844327047,0.16388055047114244,0.16388055047114244
3176,19.888620873244832,22.936727590117638,2.112938643469127,0.16604621780949025,0.16604621780949025
3177,19.863399293455682,22.97822056941514,2.1210534082749812,0.1681769200926372,0.1681769200926372
3178,19.837832610479307,23.019517579091264,2.1292730110499036,0.17027009510598431,0.17027009510598431
3179,19.81191626308994,23.06061589818667,2.1375961993725165,0.17232313938142857,0.17232313938142857
3180,19.785645690061823,23.10151280574204,2.146021634620824,0.17433341440122885,0.17433341440122885
3181,19.759016330169203,23.142205580797995,2.1545478905520246,0.17629825318889475,0.17629825318889475
3182,19.732023622186308,23.182691502395215,2.163173452055879,0.17821496750894392,0.17821496750894392
3183,19.704663004887383,23.22296784957436,2.171896714095889,0.18008085543699484,0.18008085543699484
3184,19.676929917046653,23.263031901376095,2.180715980848925,0.18189320937116274,0.18189320937116274
3185,19.648819797438385,23.302880936841063,2.18962946505784,0.1836493245421614,0.1836493245421614
3186,19.620328084836792,23.342512235009927,2.198635287607555,0.1853465077691479,0.1853465077691479
3187,19.59145021801612,23.381923074923357,2.2077314773369383,0.18698208674738528,0.18698208674738528
3188,19.562181635750616,23.421110735622005,2.216915971097662,0.1885534194946171,0.1885534194946171
3189,19.5325177768145,23.460072496146555,2.2261866140686557,0.19005790417382434,0.19005790417382434
3190,19.50245407998203,23.49880563553762,2.2355411603356807,0.1914929890571386,0.1914929890571386
3191,19.47198598402744,23.537307432835888,2.2449772737447464,0.1928561827781393,0.1928561827781393
3192,19.44110892772497,23.57557516708202,2.2544925290358644,0.19414506456742042,0.19414506456742042
3193,19.409818349848848,23.613606117316667,2.2640844132609597,0.1953572946041494,0.1953572946041494
3194,19.37810968917331,23.651397562580506,2.2737503274924995,0.19649062439145426,0.19649062439145426
3195,19.345978384472613,23.688946781914165,2.2834789586097126,0.19720027867409484,0.19720027867409484
3196,19.31342149670523,23.726250483071038,2.293224347107601,0.1964590787382447,0.1964590787382447
3197,19.280442835425024,23.763302997140535,2.3029431815696455,0.19541882296260726,0.19541882296260726
3198,19.247047964880025,23.800098037258568,2.312629409091924,0.19446249813839983,0.19446249813839983
3199,19.21324244932201,23.836629316559726,2.3222862804104363,0.19358891753306567,0.19358891753306567
3200,19.179031853002805,23.872890548178535,2.3319170158248763,0.19279695134243305,0.19279695134243305
3201,19.14442174017421,23.908875445249596,2.341524806569479,0.19208552707522114,0.19208552707522114
3202,19.109417675087997,23.944577720907468,2.35111281620294,0.19145362878525593,0.19145362878525593
3203,19.074025221996,23.979991088286734,2.3606841819944644,0.1909002964365201,0.1909002964365201
3204,19.038249945149982,24.015109260521967,2.3702420162994,0.19042462480293684,0.19042462480293684
3205,19.002097408801774,24.04992595074771,2.3797894079181194,0.19002576251579745,0.19002576251579745
3206,18.965573177203172,24.08443487209856,2.389329423436808,0.18970291085776342,0.18970291085776342
3207,18.928682814605963,24.118629737709067,2.398865108540962,0.18945532239055823,0.18945532239055823
3208,18.891431885261955,24.15250426071382,2.408399489299879,0.18928229963654822,0.18928229963654822
3209,18.853825953422934,24.186052154247395,2.4179355734175467,0.18918319347889098,0.18918319347889098
3210,18.81587058334073,24.21926713144434,2.427476351443926,0.1891574015611114,0.1891574015611114
3211,18.777571339267116,24.25214290543923,2.437024797943254,0.18920436651218156,0.18920436651218156
3212,18.73893378545391,24.28467318936665,2.4465838726162144,0.18932357417436338,0.18932357417436338
3213,18.699963486152893,24.316851696361148,2.4561565213689445,0.18951455150525567,0.18951455150525567
3214,18.660666005615866,24.348672139557326,2.4657456773265847,0.18977686466346613,0.18977686466346613
3215,18.621046908094655,24.380128232089728,2.475354261787164,0.1901101166891202,0.1901101166891202
3216,18.58111175784104,24.411213687092932,2.48498518510854,0.19051394524372642,0.19051394524372642
3217,18.54086611910682,24.441922217701507,2.4946413475266938,0.1909880201545897,0.1909880201545897
3218,18.50031555614379,24.472247537050045,2.504325639899619,0.19153204085683442,0.19153204085683442
3219,18.45946563320377,24.502183358273083,2.514040944370712,0.19214573361304918,0.19214573361304918
3220,18.41832191453855,24.531723394505203,2.5237901349471974,0.1928288486922163,0.1928288486922163
3221,18.376889964399926,24.560861358880985,2.533576077989227,0.19358115731525252,0.19358115731525252
3222,18.335175347039705,24.589590964534985,2.5434016326019444,0.19440244842243187,0.19440244842243187
3223,18.29318362670966,24.617905924601796,2.5532696509258406,0.19529252531457045,0.19529252531457045
3224,18.250920367661635,24.645799952215967,2.5631829783196913,0.19625120206165628,0.19625120206165628
3225,18.2083911341474,24.67326676051207,2.573144453427861,0.1972782996805325,0.1972782996805325
3226,18.16560149041877,24.700300062624688,2.5831569081271257,0.1983736421930991,0.1983736421930991
3227,18.12255700072754,24.726893571688382,2.593223167345249,0.19953705233253907,0.19953705233253907
3228,18.079263229325488,24.753041000837733,2.6033460487430817,0.20076834709416685,0.20076834709416685
3229,18.035725740464446,24.778736063207297,2.613528362254281,0.2020673330140149,0.2020673330140149
3230,17.99195009839621,24.803972471931655,2.623772909473789,0.20343380116409224,0.20343380116409224
3231,17.947941867372563,24.828743940145365,2.634082482886007,0.2048675218497839,0.2048675218497839
3232,17.903706611645323,24.853044180983012,2.644459864926172,0.2063682391164734,0.2063682391164734
3233,17.859249895466256,24.876866907579164,2.654907826864313,0.20793566477997497,0.20793566477997497
3234,17.81457728308721,24.900205833068387,2.6654291275038102,0.20956947235735457,0.20956947235735457
3235,17.76969433875995,24.92305467058525,2.6760265116846615,0.211269290438266,0.211269290438266
3236,17.7246066267363,24.94540713326433,2.6867027085824957,0.2130346959769759,0.2130346959769759
3237,17.679319711268043,24.967256934240183,2.6974604297934115,0.21486520698347403,0.21486520698347403
3238,17.633839156606967,24.98859778664741,2.708302367194936,0.2167602751319406,0.2167602751319406
3239,17.588170527004905,25.009423403620552,2.719231190573764,0.21871927777754652,0.21871927777754652
3240,17.54231938671364,25.02972749829419,2.7302495450092,0.22074150982069835,0.22074150982069835
3241,17.496291299984968,25.049503783802894,2.7413600480046467,0.22282617510990943,0.22282617510990943
3242,17.450091831070697,25.068745973281228,2.752565286355491,0.22497237754001267,0.22497237754001267
3243,17.403726544222607,25.08744777986378,2.7638678127457106,0.22717911185072218,0.22717911185072218
3244,17.357201003692527,25.10560291668511,2.775270142063781,0.22944525405992597,0.22944525405992597
3245,17.31052077373225,25.123205096879783,2.7867747474286326,0.23176955162230914,0.23176955162230914
3246,17.263691418593563,25.140248033582367,2.7983840559188877,0.23415061333722983,0.23415061333722983
3247,17.216718502528277,25.15672543992745,2.810100443999112,0.23658689903151342,0.23658689903151342
3248,17.169607589788164,25.17263102904959,2.8219065315969707,0.23827816151610673,0.23827816151610673
3249,17.12236381100877,25.187960720202486,2.833683913480057,0.2359248049816256,0.2359248049816256
3250,17.0749901048999,25.202721584547753,2.8452986906119455,0.2321812556374996,0.2321812556374996
3251,17.027488719174276,25.21692420884817,2.856715087448186,0.2283110330142928,0.2283110330142928
3252,16.979861901284718,25.230579181188695,2.867929056502922,0.2243243912825926,0.2243243912825926
3253,16.932111898684088,25.24369708965427,2.8789368904993373,0.22023097455095578,0.22023097455095578
3254,16.88424095882521,25.256288522329843,2.889735203121894,0.2160402452659984,0.2160402452659984
3255,16.836251329160913,25.26836406730038,2.9003209205165645,0.21176144146101514,0.21176144146101514
3256,16.788145257144045,25.279934312650823,2.9106912717752143,0.20740353878787696,0.20740353878787696
3257,16.739924990227408,25.29100984646613,2.920843778536661,0.20297521739974847,0.20297521739974847
3258,16.691592775863885,25.301601256831237,2.930776243834664,0.19848483354046137,0.19848483354046137
3259,16.64315086150629,25.311719131831115,2.9404867403192414,0.19394039578662148,0.19394039578662148
3260,16.594601494607456,25.32137405955071,2.9499735979706716,0.18934954559575506,0.18934954559575506
3261,16.545946922620217,25.33057662807497,2.9592353914204605,0.1847195421525061,0.1847195421525061
3262,16.4971893929974,25.339337425488846,2.9682709269884335,0.18005725111028015,0.18005725111028015
3263,16.44833115319187,25.347667039877283,2.977079229534432,0.17536913697219658,0.17536913697219658
3264,16.399374450656442,25.35557605932526,2.9856595292188053,0.17066125894043613,0.17066125894043613
3265,16.350321532843953,25.36307507191769,2.9940112482538255,0.16593926964572062,0.16593926964572062
3266,16.301174647207244,25.37017466573955,3.0021339877243887,0.16120841691585616,0.16120841691585616
3267,16.251936041199126,25.3768854288758,3.010027514547576,0.15647354778451433,0.15647354778451433
3268,16.202607962272474,25.38321794941136,3.017691748627979,0.15173911474612667,0.15173911474612667
3269,16.153192657880098,25.389182815431205,3.0251267502660646,0.14700918399286153,0.14700918399286153
3270,16.10369237547484,25.394790615020273,3.0323327078636164,0.14228744509384827,0.14228744509384827
3271,16.054109362509543,25.400051936263537,3.039309925965836,0.13757722222812796,0.13757722222812796
3272,16.00444586643701,25.40497736724593,3.0460588136725,0.1328814863291311,0.1328814863291311
3273,15.954704134710115,25.409577496052396,3.052579873444269,0.12820286830738778,0.12820286830738778
3274,15.904886414781688,25.413862910767914,3.058873690328378,0.12354367290693719,0.12354367290693719
3275,15.854994954104551,25.41784419947742,3.0649409216156367,0.11890589295687916,0.11890589295687916
3276,15.805032000131547,25.421531950265862,3.070782286942269,0.1142912241541918,0.1142912241541918
3277,15.754999800315488,25.424936751218198,3.0763985588450677,0.10970107988851097,0.10970107988851097
3278,15.704900602109246,25.428069190419368,3.081790553771309,0.10513660618249718,0.10513660618249718
3279,15.654736652965642,25.43093985595434,3.0869591235458747,0.10059869660153077,0.10059869660153077
3280,15.604510200337513,25.43355933590806,3.091905147292334,0.09608800694830502,0.09608800694830502
3281,15.55422349167769,25.43593821836548,3.0966295238028168,0.09160496976909259,0.09160496976909259
3282,15.503878774438988,25.438087091411543,3.1011331643509514,0.08714980855043945,0.08714980855043945
3283,15.453478296074287,25.440016543131218,3.1054169859397565,0.08272255157550047,0.08272255157550047
3284,15.403024304036398,25.441737161609435,3.109481904972511,0.07832304527368322,0.07832304527368322
3285,15.352519045778159,25.443259534931165,3.113328831338098,0.07395096733077493,0.07395096733077493
3286,15.301964768752402,25.444594251181346,3.1169586628981576,0.0696058391057718,0.0696058391057718
3287,15.251363720411947,25.445751898444932,3.1203722803627536,0.06528703776490956,0.06528703776490956
3288,15.200718148209669,25.446743064806885,3.1235705425444267,0.06099380784074044,0.06099380784074044
3289,15.15003029959838,25.447578338352145,3.1265542819749133,0.05672527228653608,0.05672527228653608
3290,15.099302422030918,25.448268307165673,3.1293243008738525,0.052480443158246036,0.052480443158246036
3291,15.048536762960095,25.448823559332403,3.1318813674556636,0.048258231678998086,0.048258231678998086
3292,14.997735569838795,25.449254682937312,3.134226212563373,0.04405745804657614,0.04405745804657614
3293,14.946901090119825,25.44957226606533,3.136359526616495,0.03987686057673578,0.03987686057673578
3294,14.896035571256022,25.449786896801424,3.1382819568615803,0.03571510466841398,0.03571510466841398
3295,14.845141260700224,25.449909163230533,3.139994104915879,0.03157079120242391,0.03157079120242391
3296,14.794220405905243,25.449949653437614,3.14149652459241,0.02744246470177499,0.02744246470177499
3297,14.74327525432396,25.449918955507624,-3.1403955871808,0.023328621113163688,0.023328621113163688
3298,14.692308053409185,25.449827657525507,-3.139311163279892,0.01922771528331332,0.01922771528331332
3299,14.641321050613756,25.449686347576215,-3.138435110843363,0.015138168214997184,0.015138168214997184
3300,14.59031649339051,25.449505613744705,-3.137767083683874,0.011058374068456509,0.011058374068456509
3301,14.539296629192258,25.449296044115925,-3.137306277718079,0.007006795699810447,0.007006795699810447
3302,14.488263695033474,25.449068174413156,-3.137015302842228,0.004397309038100185,0.004397309038100185
3303,14.437219181597015,25.448828796571583,-3.1367969152564648,0.004159422814808984,0.004159422814808984
3304,14.386163347886349,25.44857852411065,-3.136584962293673,0.004143283684621762,0.004143283684621762
3305,14.33509633769355,25.448317392620204,-3.1363737852776685,0.004127207836774233,0.004127207836774233
3306,14.284018294810657,25.448045437690087,-3.1361633819333803,0.0041111948077322095,0.0041111948077322095
3307,14.232929363029786,25.447762694910157,-3.135953750000048,0.00409524415536929,0.00409524415536929
3308,14.18182968614298,25.447469199870238,-3.135744887231744,0.004079355398693381,0.004079355398693381
3309,14.130719407942301,25.44716498816019,-3.135536791397151,0.00406352810694625,0.00406352810694625
3310,14.079598672219822,25.44685009536985,-3.1353294602792166,0.00404776181540158,0.00404776181540158
3311,14.028467622767593,25.446524557089077,-3.1351228916752523,0.0040320560922103175,0.0040320560922103175
3312,13.97732640337771,25.446188408907705,-3.1349170833967923,0.004016410480723826,0.004016410480723826
3313,13.926175157842225,25.44584168641558,-3.134712033269907,0.004000824539590103,0.004000824539590103
3314,13.875014029953213,25.445484425202558,-3.134507739134399,0.003985297846181094,0.003985297846181094
3315,13.823843163502731,25.445116660858464,-3.1343041988445335,0.003969829933145414,0.003969829933145414
3316,13.772662702282833,25.44473842897317,-3.1341014102683054,0.0039544204091311146,0.0039544204091311146
3317,13.721472790085615,25.444349765136494,-3.1338993712877565,0.003939068796869965,0.003939068796869965
3318,13.670273570703138,25.443950704938306,-3.1336980797989797,0.003923774707403323,0.003923774707403323
3319,13.61906518792746,25.44354128396844,-3.13349753371135,0.00390853769598147,0.00390853769598147
3320,13.567847785550647,25.443121537816733,-3.1332977309486054,0.0038933573338288253,0.0038933573338288253
3321,13.516621507364755,25.442691502073046,-3.1330986694478766,0.0038782332165969258,0.0038782332165969258
3322,13.465386497161882,25.442251212327218,-3.1329003471596955,0.0038631649175372824,0.0038631649175372824
3323,13.414142898734074,25.441800704169086,-3.1327027620485857,0.0038481520115829495,0.0038481520115829495
3324,13.362890855873408,25.441340013188515,-3.1325059120921663,0.003833194109402729,0.003833194109402729
3325,13.31163051237192,25.44086917497533,-3.132309795281603,0.00381829077062138,0.00381829077062138
3326,13.260362012021725,25.440388225119392,-3.132114409621551,0.0038034416104070954,0.0038034416104070954
3327,13.209085498614868,25.43989719921054,-3.1319197531295755,0.003788646213266327,0.003788646213266327
3328,13.157801115943412,25.439396132838617,-3.131725823836874,0.003773904168464423,0.003773904168464423
3329,13.10650900779943,25.438885061593474,-3.1315326197875337,0.003759215091711262,0.003759215091711262
3330,13.055209317974962,25.43836402106494,-3.1313401390390476,0.0037445785543005206,0.0037445785543005206
3331,13.003902190262119,25.437833046842897,-3.1311483796615716,0.003729994203119236,0.003729994203119236
3332,12.952587768452949,25.43729217451715,-3.1309573397383144,0.0037154615963520534,0.0037154615963520534
3333,12.901266196339517,25.43674143967757,-3.1307670173658155,0.003700980372270982,0.003700980372270982
3334,12.849937617713891,25.436180877913994,-3.130577410652891,0.003686550132168536,0.003686550132168536
3335,12.798602176368117,25.435610524816266,-3.1303885177215687,0.0036721704799938925,0.0036721704799938925
3336,12.747260016094305,25.43503041597424,-3.1302003367064533,0.003657841043822301,0.003657841043822301
3337,12.6959112806845,25.43444058697775,-3.1300128657547037,0.0036435614304759323,0.0036435614304759323
3338,12.644556113930761,25.433841073416637,-3.129826103026552,0.003629331249928997,0.003629331249928997
3339,12.593194659625167,25.433231910880764,-3.129640046694532,0.003615150140914444,0.003615150140914444
3340,12.541827061559767,25.43261313495997,-3.129454694943522,0.0036010177138035117,0.0036010177138035117
3341,12.490453463526652,25.431984781244097,-3.12927004597114,0.003586933593776973,0.003586933593776973
3342,12.439074009317883,25.431346885323,-3.1290860979871775,0.003572897415265905,0.003572897415265905
3343,12.38768884272552,25.430699482786505,-3.1289028492139837,0.003558908790359107,0.003558908790359107
3344,12.336298107541635,25.430042609224472,-3.128720297886283,0.0035449673624536318,0.0035449673624536318
3345,12.284901947558266,25.429376300226746,-3.128538442250762,0.00353107276154905,0.00353107276154905
3346,12.233500506567536,25.42870059138317,-3.1283572805664495,0.00351722461811743,0.00351722461811743
3347,12.182093928361475,25.428015518283587,-3.128176811104696,0.0035034225647591686,0.0035034225647591686
3348,12.130682356732162,25.42732111651786,-3.1279970321484516,0.00348966626179974,0.00348966626179974
3349,12.079265935471655,25.4266174216758,-3.127817941993095,0.003475955311392891,0.003475955311392891
3350,12.027844808372008,25.425904469347277,-3.127639538946229,0.0034622893835570628,0.0034622893835570628
3351,11.97641911922532,25.425182295122134,-3.1274618213268837,0.0034486681131263054,0.0034486681131263054
3352,11.924989011823648,25.42445093459022,-3.127284787466091,0.003435091149532875,0.003435091149532875
3353,11.873554629959054,25.423710423341365,-3.1271084357069605,0.0034215581263028504,0.0034215581263028504
3354,11.822116117423603,25.422960796965434,-3.1269327644041223,0.003408068716207474,0.003408068716207474
3355,11.770673618009342,25.422202091052245,-3.1267577719242547,0.0033946225339058964,0.0033946225339058964
3356,11.719227275508382,25.421434341191677,-3.1265834566456037,0.003381219272486851,0.003381219272486851
3357,11.667777233712771,25.420657582973554,-3.126409816957797,0.0033678585554007927,0.0033678585554007927
3358,11.616323636414567,25.41987185198773,-3.126236851262504,0.003354540051692986,0.003354540051692986
3359,11.564866627405848,25.419077183824047,-3.1260645579725463,0.003341263420931054,0.003341263420931054
3360,11.513406350478652,25.41827361407234,-3.125892935512665,0.0033280283039366474,0.0033280283039366474
3361,11.46194294942509,25.417461178322476,-3.12572198231883,0.003314834388564774,0.003314834388564774
3362,11.41047656803721,25.416639912164282,-3.1255516968384085,0.0033016813106477735,0.0033016813106477735
3363,11.359007350107078,25.415809851187618,-3.1253820775303476,0.0032885687524222486,0.0032885687524222486
3364,11.30753543942674,25.414971030982326,-3.125213122864577,0.0032754963743562323,0.0032754963743562323
3365,11.256060979788304,25.414123487138244,-3.125044831322567,0.003262463838538049,0.003262463838538049
3366,11.204584114983815,25.41326725524522,-3.1248772013971124,0.0032494708151992006,0.0032494708151992006
3367,11.15310498880534,25.4124023708931,-3.1247102315921342,0.003236516975514553,0.003236516975514553
3368,11.101623745044952,25.411528869671738,-3.1245439204225542,0.003223601996035405,0.003223601996035405
3369,11.05014052749469,25.410646787170965,-3.1243782664145114,0.003210725540917434,0.003210725540917434
3370,10.998655479946665,25.409756158980628,-3.1242132681054726,0.0031978872837064693,0.0031978872837064693
3371,10.947168746192924,25.408857020690583,-3.1240489240438167,0.003185086906105781,0.003185086906105781
3372,10.895680470025537,25.407949407890683,-3.123885232788502,0.0031723240958332656,0.0031723240958332656
3373,10.844190795236559,25.40703335617075,-3.12372219290983,0.0031595985062748,0.0031595985062748
3374,10.792699865618053,25.40610890112064,-3.1235598029892606,0.0031469098336846762,0.0031469098336846762
3375,10.741207824962112,25.4051760783302,-3.1233980616187287,0.003134257759048547,0.003134257759048547
3376,10.689714817060793,25.404234923389275,-3.1232369674011577,0.0031216419601259285,0.0031216419601259285
3377,10.63822098570616,25.403285471887713,-3.1230765189501706,0.0031090621302927064,0.0031090621302927064
3378,10.586726474690273,25.402327759415346,-3.1229167148904016,0.003096517936361607,0.003096517936361607
3379,10.535231427805194,25.401361821562038,-3.1227575538571424,0.0030840090867223645,0.0030840090867223645
3380,10.483735988843016,25.400387693917626,-3.122599034496148,0.003071535256831903,0.003071535256831903
3381,10.432240301595789,25.399405412071957,-3.1224411554640428,0.0030590961405629457,0.0030590961405629457
3382,10.380744509855587,25.398415011614873,-3.1222839154280355,0.0030466914255173217,0.0030466914255173217
3383,10.329248757414469,25.39741652813622,-3.122127313065999,0.003034320803595438,0.003034320803595438
3384,10.277753188064482,25.396409997225845,-3.1219713470662427,0.0030219839724200236,0.0030219839724200236
3385,10.22625794559774,25.395395454473594,-3.1218160161276747,0.0030096806186018506,0.0030096806186018506
3386,10.174763173806285,25.394372935469317,-3.121661318959525,0.0029974104516237677,0.0029974104516237677
3387,10.123269016482183,25.393342475802843,-3.1215072542818065,0.0029851731413003887,0.0029851731413003887
3388,10.071775617417506,25.392304111064046,-3.121353820824649,0.002972968423942161,0.002972968423942161
3389,10.020283120404295,25.391257876842744,-3.121201017328523,0.002960795961779052,0.002960795961779052
3390,9.968791669234662,25.390203808728796,-3.121048842544638,0.0029486554766170797,0.0029486554766170797
3391,9.91730140770065,25.389141942312044,-3.120897295234086,0.0029365466649669447,0.0029365466649669447
3392,9.865812479594329,25.388072313182327,-3.120746374168581,0.002924469220872628,0.002924469220872628
3393,9.814325028707762,25.386994956929502,-3.120596078130034,0.002912422858339422,0.002912422858339422
3394,9.762839198833001,25.385909909143415,-3.120446405910297,0.002900407282306155,0.002900407282306155
3395,9.71135513376215,25.3848172054139,-3.1202973563118084,0.0028884221826541287,0.0028884221826541287
3396,9.659872977287257,25.38371688133082,-3.1201489281468686,0.002876467293273801,0.002876467293273801
3397,9.608392873200385,25.382608972483997,-3.1200011202380473,0.0028645422893155766,0.0028645422893155766
3398,9.556914965293588,25.381493514463294,-3.119853931418152,0.00285264690658086,0.00285264690658086
3399,9.505439397358968,25.380370542858547,-3.1197073605298384,0.0028407808363556893,0.0028407808363556893
3400,9.453966313188575,25.379240093259607,-3.119561406426029,0.0028289437990251676,0.0028289437990251676
3401,9.402495856574472,25.378102201256322,-3.119416067969448,0.002817135504665205,0.002817135504665205
3402,9.35102817130873,25.376956902438533,-3.1192713440328963,0.002805355664004471,0.002805355664004471
3403,9.299563401183393,25.37580423239608,-3.1191272334991984,0.002793603989790003,0.002793603989790003
3404,9.248101689990568,25.374644226718814,-3.118983735261231,0.0027818801925530005,0.0027818801925530005
3405,9.196643181522306,25.373476920996588,-3.1188408482216596,0.002770183996001177,0.002770183996001177
3406,9.145188019570671,25.372302350819247,-3.118698571292717,0.002758515120076433,0.002758515120076433
3407,9.093736347927727,25.371120551776617,-3.118556903396987,0.002746873258731923,0.002746873258731923
3408,9.042288310385528,25.36993155945856,-3.118415843466917,0.0027352581516409003,0.0027352581516409003
3409,8.990844050736175,25.368735409454924,-3.118275391700331,0.002723620668128527,0.002723620668128527
3410,8.939403712309998,25.367532137474072,-3.1181357030146,0.0027059924780065223,0.0027059924780065223
3411,8.88796738159957,25.366321793815345,-3.117997233498534,0.00267662741467216,0.00267662741467216
3412,8.836535034184772,25.36510445725074,-3.1178603203248167,0.0026458880889827173,0.0026458880889827173
3413,8.785106632828683,25.363880209842478,-3.1177249990187756,0.002615130015318259,0.002615130015318259
3414,8.733682140294443,25.362649133652777,-3.1175912702132873,0.0025843533816268752,0.0025843533816268752
3415,8.682261519345127,25.361411310743875,-3.117459134534281,0.0025535583952415583,0.0025535583952415583
3416,8.630844732743835,25.360166823177988,-3.117328592600821,0.0025227452409828273,0.0025227452409828273
3417,8.579431743253664,25.358915753017328,-3.117199645025655,0.0024919141049562963,0.0024919141049562963
3418,8.528022513637689,25.35765818232413,-3.117072292414807,0.0024610651878330453,0.0024610651878330453
3419,8.476617006659058,25.356394193160625,-3.116946535367165,0.002430198691872777,0.002430198691872777
3420,8.42521518508084,25.35512386758902,-3.116822374475135,0.002399314792334675,0.002399314792334675
3421,8.373817011666134,25.353847287671535,-3.116699810324892,0.002368413681822302,0.002368413681822302
3422,8.322422449178044,25.35256453547042,-3.116578843495176,0.002337495582500534,0.002337495582500534
3423,8.271031460379639,25.351275693047867,-3.1164594745583987,0.002306560643916016,0.002306560643916016
3424,8.219644008034065,25.349980842466124,-3.1163417040804333,0.002275609096530174,0.002275609096530174
3425,8.168260054904396,25.3486800657874,-3.116225532620034,0.0022446411125594244,0.0022446411125594244
3426,8.116879563753733,25.347373445073913,-3.1161109607298108,0.0022136568845331044,0.0022136568845331044
3427,8.065502497345172,25.346061062387903,-3.115997988955359,0.0021826566187066283,0.0021826566187066283
3428,8.01412881844181,25.344742999791585,-3.115886617835459,0.00215164049977489,0.00215164049977489
3429,7.9627584898067445,25.34341933934717,-3.1157768479027466,0.00212060870804727,0.00212060870804727
3430,7.911391474203042,25.34209016311691,-3.1156686796827153,0.0020895614671171043,0.0020895614671171043
3431,7.860027734393871,25.340755553163003,-3.1155621136942795,0.0020584989353747956,0.0020584989353747956
3432,7.808667233142294,25.339415591547688,-3.1154571504498816,0.0020274213323789266,0.0020274213323789266
3433,7.757309933211408,25.338070360333177,-3.1153537904550004,0.001996328835631832,0.001996328835631832
3434,7.705955797364308,25.33671994158169,-3.115252034208844,0.001965221637866502,0.001965221637866502
3435,7.654604788364099,25.335364417355464,-3.115151882203795,0.0019340999382071282,0.0019340999382071282
3436,7.603256868973875,25.33400386971672,-3.1150533349253067,0.0019029639334148419,0.0019029639334148419
3437,7.551912001956733,25.33263838072767,-3.1149563928525263,0.0018718137985347615,0.0018718137985347615
3438,7.500570150075773,25.331268032450545,-3.1148610564579546,0.0018406497435929266,0.0018406497435929266
3439,7.4492312760940935,25.329892906947567,-3.114767326207215,0.00180947195261354,0.00180947195261354
3440,7.397895342774753,25.328513086280957,-3.1146752025595346,0.0017782806170525385,0.0017782806170525385
3441,7.346562312880927,25.327128652512947,-3.1145846859673454,0.0017470759364251708,0.0017470759364251708
3442,7.295232149175676,25.325739687705756,-3.1144957768763244,0.0017158581007645827,0.0017158581007645827
3443,7.243904814422097,25.3243462739216,-3.1144084757256896,0.0016846272980623994,0.0016846272980623994
3444,7.192580271383287,25.322948493222697,-3.1143227829483098,0.0016533837141545517,0.0016533837141545517
3445,7.141258482822347,25.321546427671297,-3.1142386989698694,0.0016221275696101098,0.0016221275696101098
3446,7.089939411502373,25.320140159329597,-3.114156224209562,0.0015908590232962426,0.0015908590232962426
3447,7.038623020186463,25.318729770259832,-3.1140753590803305,0.0015595782864861905,0.0015595782864861905
3448,6.987309271637717,25.31731534252423,-3.113996103987976,0.0015282855528276768,0.0015282855528276768
3449,6.9359981286192305,25.315896958184997,-3.1139184593319613,0.00149698100234729,0.00149698100234729
3450,6.884689553894064,25.314474699304366,-3.1138424255053003,0.0014656648330421283,0.0014656648330421283
3451,6.833383510225397,25.313048647944573,-3.113768002893892,0.001434337250914895,0.001434337250914895
3452,6.782079960376282,25.311618886167818,-3.1136951918772784,0.001402998424542967,0.001402998424542967
3453,6.730778867109819,25.310185496036333,-3.11362399282873,0.0013716485566272363,0.0013716485566272363
3454,6.679480193189111,25.308748559612354,-3.113554406114292,0.001340287852908855,0.001340287852908855
3455,6.62818390137725,25.307308158958087,-3.1134864320936044,0.0013089164843107278,0.0013089164843107278
3456,6.576889954437336,25.30586437613576,-3.113420071120069,0.0012775346499474178,0.0012775346499474178
3457,6.525598315132472,25.304417293207607,-3.1133553235398947,0.0012461425581759477,0.0012461425581759477
3458,6.474308946225749,25.30296699223583,-3.1132921896930004,0.0012147403728295372,0.0012147403728295372
3459,6.423021810480228,25.30151355528267,-3.113230669912834,0.0011833283094674597,0.0011833283094674597
3460,6.371736870659088,25.30005706441035,-3.113170764525844,0.001151906552456787,0.001151906552456787
3461,6.320454089525386,25.298597601681085,-3.11311247385207,0.0011204752945702934,0.0011204752945702934
3462,6.269173429842219,25.297135249157094,-3.1130557982050147,0.0010890347250658821,0.0010890347250658821
3463,6.2178948543726875,25.295670088900604,-3.1130007378917606,0.0010575850321886057,0.0010575850321886057
3464,6.166618325879887,25.294202202973857,-3.1129472932123043,0.0010261264313718968,0.0010261264313718968
3465,6.11534380712692,25.292731673439054,-3.11289546446011,0.0009946590891930895,0.0009946590891930895
3466,6.064071260876879,25.29125858235842,-3.1128452519225585,0.0009631832036318241,0.0009631832036318241
3467,6.012800649892867,25.289783011794192,-3.1127966558799107,0.0009316989817877967,0.0009316989817877967
3468,5.9615319369379804,25.288305043808577,-3.112749676605981,0.0009002065954196365,0.0009002065954196365
3469,5.9102650847752765,25.28682476046381,-3.112704314368053,0.0008687062549166288,0.0008687062549166288
3470,5.8590000561679325,25.2853422438221,-3.1126605694267306,0.0008371981379247937,0.0008371981379247937
3471,5.807736813879007,25.28385757594568,-3.112618442036286,0.0008056824413559424,0.0008056824413559424
3472,5.756475320671601,25.28237083889679,-3.112577932443842,0.000774159374680731,0.000774159374680731
3473,5.70521553930881,25.28088211473762,-3.112539040890319,0.0007426290980559727,0.0007426290980559727
3474,5.653957432553731,25.279391485530414,-3.1125017676101754,0.0007110918310004117,0.0007110918310004117
3475,5.602700963169466,25.277899033337395,-3.1124661128307944,0.0006795477577433868,0.0006795477577433868
3476,5.55144609391911,25.276404840220774,-3.112432076773413,0.0006479970615328907,0.0006479970615328907
3477,5.500192787565762,25.27490898824279,-3.1123996596524646,0.0006164399523629709,0.0006164399523629709
3478,5.448941006872521,25.27341155946565,-3.112368861675801,0.0005848766047834147,0.0005848766047834147
3479,5.397690714602443,25.27191263595159,-3.112339683044818,0.0005533072240116299,0.0005533072240116299
3480,5.3464418735187085,25.270412299762835,-3.1123121239539944,0.0005217320025903532,0.0005217320025903532
3481,5.295194446384373,25.268910632961596,-3.1122861845914453,0.0004901511241969396,0.0004901511241969396
3482,5.243948395962537,25.267407717610098,-3.1122618651388647,0.0004585647836817224,0.0004585647836817224
3483,5.192703685016298,25.265903635770574,-3.112239165771088,0.00042697318180854373,0.00042697318180854373
3484,5.141460276308752,25.26439846950524,-3.1122180866563216,0.0003953765045749902,0.0003953765045749902
3485,5.090218132603001,25.262892300876324,-3.1121986279563147,0.0003637749459835662,0.0003637749459835662
3486,5.038977216662141,25.261385211946042,-3.1121807898261893,0.0003321686987926719,0.0003321686987926719
3487,4.987737491249268,25.259877284776618,-3.1121645724144824,0.00030055795539235823,0.00030055795539235823
3488,4.936498919127442,25.258368601430274,-3.112149975863274,0.00026894290361493726,0.00026894290361493726
3489,4.8852614630598445,25.25685924396925,-3.1121370003077953,0.000237323751044167,0.000237323751044167
3490,4.834025085809528,25.255349294455755,-3.112125645876602,0.0002057006790477869,0.0002057006790477869
3491,4.782789750139594,25.25383883495201,-3.112115912691961,0.00017407387989554917,0.00017407387989554917
3492,4.731555418813138,25.25232794752024,-3.1121078008695555,0.00014244354667808856,0.00014244354667808856
3493,4.680322054593261,25.250816714222676,-3.112101310518229,0.0001108098817151766,0.0001108098817151766
3494,4.629089620243059,25.249305217121535,-3.1120964417402592,7.917306728794434e-05,7.917306728794434e-05
3495,4.577858078525632,25.24779353827904,-3.1120931946314294,4.7533303148165506e-05,4.7533303148165506e-05
3496,4.526627392204077,25.246281759757412,-3.1120915692809565,1.5890774347283108e-05,1.5890774347283108e-05
3497,4.475397524041493,25.244769963618882,-3.112091565771294,-1.5754311639606423e-05,1.5754311639606423e-05
3498,4.4241684368009375,25.243258231925658,-3.1120931841784,-4.740178010143529e-05,4.740178010143529e-05
3499,4.372940093245585,25.241746646739976,-3.112096424571855,-7.905142822686202e-05,7.905142822686202e-05
3500,4.3217124561385,25.24023529012407,-3.1121012870141422,-0.00011070305304633038,0.00011070305304633038
3501,4.270485488242777,25.238724244140144,-3.1121077715612087,-0.00014235647373031962,0.00014235647373031962
3502,4.219259152321514,25.237213590850416,-3.1121158782629927,-0.00017401150775367516,0.00017401150775367516
3503,4.168033411137812,25.235703412317136,-3.1121256071623082,-0.00020566793073744966,0.00020566793073744966
3504,4.116808227454765,25.234193790602507,-3.1121369582951504,-0.00023732557205974756,0.00023732557205974756
3505,4.065583564035472,25.23268480776875,-3.112149931691559,-0.00026898424096733034,0.00026898424096733034
3506,4.0143593836430345,25.2311765458781,-3.112164527374585,-0.000300643726442893,0.000300643726442893
3507,3.963135649040548,25.229669086992775,-3.112180745360571,-0.0003323038487156138,0.0003323038487156138
3508,3.911912322991072,25.228162513175,-3.1121985856593843,-0.00036396440571106456,0.00036396440571106456
3509,3.8606893682577814,25.226656906486994,-3.1122180482742965,-0.0003956252130188015,0.0003956252130188015
3510,3.8094667476037367,25.225152348990985,-3.112239133201914,-0.00042728606573454696,0.00042728606573454696
3511,3.758244423792036,25.223648922749188,-3.112261840432329,-0.0004589467853177257,0.0004589467853177257
3512,3.7070223595857783,25.222146709823843,-3.112286169948779,-0.0004906071535999176,0.0004906071535999176
3513,3.655800517748059,25.22064579227715,-3.1123121217280514,-0.0005222670076609304,0.0005222670076609304
3514,3.6045788610419773,25.219146252171353,-3.1123396957404443,-0.0005539261278564784,0.0005539261278564784
3515,3.553357352230634,25.21764817156867,-3.1123688919491794,-0.0005855843283147057,0.0005855843283147057
3516,3.5021359540771235,25.216151632531314,-3.112399710311195,-0.0006172414202144444,0.0006172414202144444
3517,3.4509146293445445,25.214656717121514,-3.1124321507769097,-0.0006488972084867387,0.0006488972084867387
3518,3.3996933407959586,25.2131635074015,-3.1124662132897987,-0.0006805514877557014,0.0006805514877557014
3519,3.3484720511945403,25.211672085433488,-3.112501897786758,-0.0007122040770545825,0.0007122040770545825
3520,3.2972507233033492,25.210182533279703,-3.112539204198205,-0.000743854774927284,0.000743854774927284
3521,3.2460293198854813,25.208694933002366,-3.112578132447812,-0.0007755033899764828,0.0007755033899764828
3522,3.1948078037040375,25.207209366663704,-3.1126186824526543,-0.0008071497264468803,0.0008071497264468803
3523,3.1435861375221146,25.205725916325942,-3.112660854123057,-0.0008387935869943494,0.0008387935869943494
3524,3.09236428410281,25.2042446640513,-3.1127046473626967,-0.0008704347796577369,0.0008704347796577369
3525,3.0411422062092237,25.20276569190199,-3.112750062068874,-0.0009020731178778061,0.0009020731178778061
3526,2.989919866604453,25.20128908194026,-3.112797098131869,-0.0009337083842815444,0.0009337083842815444
3527,2.9386972280515558,25.199814916228306,-3.1128457554355444,-0.000965340416048901,0.000965340416048901
3528,2.88747425331371,25.19834327682838,-3.112896033857025,-0.0009969689830113349,0.0009969689830113349
3529,2.836250905153974,25.19687424580268,-3.1129479332666206,-0.0010285939194913858,0.0010285939194913858
3530,2.7850271463354463,25.19540790521344,-3.1130014535283594,-0.0010602150159740047,0.0010602150159740047
3531,2.733802939621224,25.193944337122886,-3.113056594499126,-0.0010918320732036307,0.0010918320732036307
3532,2.6825782477744045,25.192483623593226,-3.1131133560295496,-0.0011234449161966725,0.0011234449161966725
3533,2.6313530335580886,25.191025846686703,-3.1131717379634822,-0.0011550533253457593,0.0011550533253457593
3534,2.5801272597353724,25.18957108846553,-3.1132317401378553,-0.0011866571200343432,0.0011866571200343432
3535,2.528900889069355,25.188119430991936,-3.1132933623831622,-0.001218256099419019,0.001218256099419019
3536,2.4776738843231336,25.18667095632814,-3.1133566045230845,-0.0012498500682723579,0.0012498500682723579
3537,2.426446208259769,25.18522574653636,-3.113421466374792,-0.0012814388374476308,0.0012814388374476308
3538,2.3752178236424353,25.183783883678835,-3.113487947748509,-0.0013130221947164468,0.0013130221947164468
3539,2.323988693234192,25.182345449817767,-3.1135560484479248,-0.0013445999669130407,0.0013445999669130407
3540,2.2727587797981395,25.180910527015392,-3.113625768270208,-0.0013761719423811803,0.0013761719423811803
3541,2.2215280460973714,25.179479197333936,-3.1136971070054207,-0.0014077379249695604,0.0014077379249695604
3542,2.1702964548949906,25.178051542835615,-3.1137700644371282,-0.0014392977268527433,0.0014392977268527433
3543,2.119063968954092,25.176627645582652,-3.113844640342292,-0.0014708511476727005,0.0014708511476727005
3544,2.0678305510377752,25.175207587637274,-3.1139208344910574,-0.001502397991197605,0.001502397991197605
3545,2.0165961639091377,25.173791451061707,-3.11399864664675,-0.0015339380569891574,0.0015339380569891574
3546,1.9653607703312777,25.172379317918164,-3.11407807656616,-0.0015654711598091656,0.0015654711598091656
3547,1.9141243330672544,25.17097127026888,-3.114159123999288,-0.0015969970892983929,0.0015969970892983929
3548,1.8628868148802444,25.16956739017607,-3.114241788689325,-0.001628515659374852,0.001628515659374852
3549,1.8116481785333067,25.168167759701962,-3.1143260703728206,-0.0016600266662604966,0.0016600266662604966
3550,1.7604083867895377,25.166772460908774,-3.1144119687795566,-0.0016915299188706271,0.0016915299188706271
3551,1.7091674024120378,25.16538157585873,-3.114499483632726,-0.0017230252203408556,0.0017230252203408556
3552,1.657925188163904,25.163995186614066,-3.114588614648467,-0.0017545123614227662,0.0017545123614227662
3553,1.6066817068082349,25.162613375236987,-3.114679361536342,-0.0017859911639126922,0.0017859911639126922
3554,1.5554369211081283,25.161236223789725,-3.114771723999266,-0.0018174614157161835,0.0018174614157161835
3555,1.5041907938266816,25.1598638143345,-3.114865701733294,-0.0018489229302757646,0.0018489229302757646
3556,1.4529432877269945,25.158496228933544,-3.114961294427627,-0.0018803754957282628,0.0018803754957282628
3557,1.4016943655721252,25.157133549649064,-3.1150585017648083,-0.0019118189331975475,0.0019118189331975475
3558,1.3504439901252494,25.155775858543297,-3.1151573234207373,-0.0019432530311877334,0.0019432530311877334
3559,1.2991921241494266,25.154423237678465,-3.115257759064247,-0.0019746775944362474,0.0019746775944362474
3560,1.2479387304077554,25.153075769116786,-3.115359808357605,-0.0020060924308961245,0.0020060924308961245
3561,1.1966837716633334,25.15173353492049,-3.1154634709562012,-0.002037497333146423,0.002037497333146423
3562,1.1454272106792585,25.150396617151788,-3.115568746508708,-0.0020688921152713525,0.0020688921152713525
3563,1.0941690102186294,25.149065097872917,-3.1156756346569003,-0.0021002765629219637,0.0021002765629219637
3564,1.0429091330445432,25.147739059146083,-3.1157841350360003,-0.0021316505034435704,0.0021316505034435704
3565,0.991647541920099,25.146418583033537,-3.1158942472741242,-0.0021630137010376456,0.0021630137010376456
3566,0.9403841996083562,25.14510375159747,-3.1160059709926577,-0.0021943659975659554,0.0021943659975659554
3567,0.8891190688724904,25.143794646900133,-3.116119305806367,-0.002225707161578095,0.002225707161578095
3568,0.8378521124755602,25.14249135100373,-3.116234251322909,-0.0022570370157909566,0.0022570370157909566
3569,0.7865832931806642,25.141193945970493,-3.116350807143437,-0.002288355352317519,0.002288355352317519
3570,0.7353125737509004,25.139902513862644,-3.11646897286201,-0.0023196619708627632,0.0023196619708627632
3571,0.6840399169493675,25.138617136742404,-3.116588748065924,-0.0023509566764538694,0.0023509566764538694
3572,0.632765285539162,25.137337896671994,-3.1167101323357773,-0.002382239271220116,0.002382239271220116
3573,0.5814886422833846,25.136064875713643,-3.116833125245291,-0.002413509553271024,0.002413509553271024
3574,0.530209949945131,25.13479815592958,-3.1169577263610293,-0.0024447673136945404,0.0024447673136945404
3575,0.4789291712875001,25.13353781938201,-3.1170839352430906,-0.0024760123776733068,0.0024760123776733068
3576,0.42764626907355163,25.132283948133175,-3.117211751444586,-0.002507244515807679,0.002507244515807679
3577,0.3763612060664612,25.131036624245283,-3.1173411745115747,-0.0025384635507706313,0.0025384635507706313
3578,0.32507394502928744,25.12979592978056,-3.117472203983714,-0.002569669278547873,0.002569669278547873
3579,0.2737844487251295,25.12856194680124,-3.1176048393933806,-0.002600861487424079,0.002600861487424079
3580,0.22249267991708432,25.127334757369542,-3.11773908026601,-0.0026320399867206263,0.0026320399867206263
3581,0.17119860136825094,25.12611444354768,-3.1178749261204652,-0.002663204578963373,0.002663204578963373
3582,0.11990217584172735,25.124901087397888,-3.1180123764686485,-0.0026943550584229833,0.0026943550584229833
3583,0.0686033661006118,25.123694770982386,-3.118151430815394,-0.0027254912233219226,0.0027254912233219226
3584,0.017302134908001587,25.122495576363395,-3.118292088658703,-0.002756612877133272,0.002756612877133272
3585,-0.034001554973005055,25.121303585603137,-3.1184343494897453,-0.002787719818172386,0.002787719818172386
3586,-0.0853077407793481,25.120118880763833,-3.1185782127928223,-0.0028188118483446468,0.0028188118483446468
3587,-0.1366164597478523,25.118941543907717,-3.11872367804523,-0.0028498887606671144,0.0028498887606671144
3588,-0.1879277491154583,25.11777165709701,-3.1188707447171473,-0.0028809503527386284,0.0028809503527386284
3589,-0.23924164611906718,25.116609302393922,-3.1190194122721446,-0.0029119964372508605,0.0029119964372508605
3590,-0.29055818799558253,25.11545456186069,-3.1191696801668285,-0.002943026798045038,0.002943026798045038
3591,-0.3418774119819048,25.11430751755954,-3.119321547850482,-0.0029740412337610385,0.0029740412337610385
3592,-0.393199355314936,25.113168251552672,-3.1194750147658907,-0.0030050395603838575,0.0030050395603838575
3593,-0.4445240552315781,25.11203684590233,-3.119630080348919,-0.0030360215601071645,0.0030360215601071645
3594,-0.49585154896873496,25.110913382670745,-3.1197867440278912,-0.0030669870246922445,0.0030669870246922445
3595,-0.5471818737633445,25.109797943920114,-3.1199450052246234,-0.0030979357766407864,0.0030979357766407864
3596,-0.5985150668522317,25.108690611712678,-3.1201048633540474,-0.003128867592924957,0.003128867592924957
3597,-0.6498511654723382,25.107591468110655,-3.1202663178237837,-0.0031597822795460776,0.0031597822795460776
3598,-0.701190206860566,25.106500595176268,-3.120429368034721,-0.0031906796359084835,0.0031906796359084835
3599,-0.7525322282538152,25.105418074971745,-3.120594013380592,-0.0032215594515861167,0.0032215594515861167
3600,-0.8038772668889893,25.1043439895593,-3.1207602532482,-0.0032524215347951753,0.0032524215347951753
3601,-0.8552253600029889,25.103278421001164,-3.120928087017485,-0.003283265677571578,0.003283265677571578
3602,-0.9065765448327181,25.102221451359565,-3.1210975140609936,-0.0033140916676682886,0.0033140916676682886
3603,-0.9579308586150763,25.101173162696707,-3.121268533744673,-0.003344899327855419,0.003344899327855419
3604,-1.0092883385869666,25.100133637074837,-3.1214411454272466,-0.0033756884217264116,0.0033756884217264116
3605,-1.0606490219853295,25.099102956556155,-3.121615348460386,-0.0034064587786479064,0.0034064587786479064
3606,-1.1120129460469896,25.098081203202906,-3.1217911421888123,-0.00343721016616756,0.00343721016616756
3607,-1.163380148008887,25.097068459077292,-3.1219685259502175,-0.0034679424107019055,0.0034679424107019055
3608,-1.2147506651079243,25.09606480624156,-3.122147499075156,-0.0034986552753911437,0.0034986552753911437
3609,-1.2661245345810035,25.095070326757913,-3.122328060887028,-0.003529348586210394,0.003529348586210394
3610,-1.3175017936650253,25.09408510268858,-3.1225102107025537,-0.003560022124636919,0.003560022124636919
3611,-1.3688824795968924,25.09310921609579,-3.122693947830971,-0.003590675685434155,0.003590675685434155
3612,-1.4202666296135062,25.092142749041756,-3.1228792715747185,-0.003621309076725165,0.003621309076725165
3613,-1.4716542809517692,25.091185783588713,-3.1230661812289804,-0.003651922075562081,0.003651922075562081
3614,-1.5230454708485837,25.09023840179887,-3.1232546760819986,-0.0036825145021604005,0.0036825145021604005
3615,-1.5744402365408892,25.08930068573447,-3.1234447554147606,-0.0037130861215335345,0.0037130861215335345
3616,-1.6258386152655107,25.088372717457716,-3.123636418501236,-0.003743636763043163,0.003743636763043163
3617,-1.6772406442593881,25.087454579030847,-3.12382966460837,-0.003774166191456734,0.003774166191456734
3618,-1.728646360759425,25.086546352516073,-3.124024492995797,-0.003804674225119365,0.003804674225119365
3619,-1.7800558020025206,25.085648119975627,-3.1242209029163157,-0.0038351606471378175,0.0038351606471378175
3620,-1.8314690052255795,25.084759963471733,-3.1244188936151467,-0.003865625247103846,0.003865625247103846
3621,-1.8828860076655023,25.083881965066595,-3.124618464330892,-0.003896067845482215,0.003896067845482215
3622,-1.9343068465591915,25.083014206822465,-3.1248196142948403,-0.00392648820479041,0.00392648820479041
3623,-1.9857315591435485,25.082156770801554,-3.1250223427306834,-0.003956886134474058,0.003956886134474058
3624,-2.037160182655475,25.08130973906607,-3.1252266488556177,-0.003987261440054939,0.003987261440054939
3625,-2.0885927543319123,25.08047319367826,-3.12543253187935,-0.00401761389214644,0.00401761389214644
3626,-2.140029311409683,25.079647216700323,-3.12563998536142,-0.00404772395614018,0.00404772395614018
3627,-2.191469890883652,25.07883188961768,-3.125848436323641,-0.004055790447501429,0.004055790447501429
3628,-2.24291450544159,25.078027235995993,-3.1260562751907055,-0.004023328029602446,0.004023328029602446
3629,-2.29436312303173,25.077233172794,-3.126262347646368,-0.0039865296391254895,0.0039865296391254895
3630,-2.3458157067905283,25.076449605504763,-3.1264665423667877,-0.003949755247036057,0.003949755247036057
3631,-2.397272219854447,25.075676439621333,-3.1266688601713684,-0.00391300466413125,0.00391300466413125
3632,-2.448732625359946,25.074913580636792,-3.1268693018723774,-0.0038762776580171816,0.0038762776580171816
3633,-2.5001968864434865,25.0741609340442,-3.1270678682746955,-0.003839574029692174,0.003839574029692174
3634,-2.5516649662415656,25.07341840533662,-3.1272645601764393,-0.003802893570793531,0.003802893570793531
3635,-2.6031368278905678,25.072685900007126,-3.1274593783683877,-0.0037662360599490003,0.0037662360599490003
3636,-2.65461243452699,25.07196332354877,-3.127652323634384,-0.003729601304276256,0.003729601304276256
3637,-2.7060917492872942,25.071250581454628,-3.1278433967511563,-0.0036929890753962346,0.0036929890753962346
3638,-2.7575747353079394,25.070547579217767,-3.1280325984880526,-0.003656399169949014,0.003656399169949014
3639,-2.809061355725388,25.06985422233125,-3.1282199296073316,-0.0036198313708120074,0.0036198313708120074
3640,-2.8605515736760974,25.069170416288138,-3.1284053908642884,-0.0035832854794286047,0.0035832854794286047
3641,-2.9120453522965293,25.068496066581506,-3.128588983006831,-0.0035467612620471095,0.0035467612620471095
3642,-2.963542654723145,25.067831078704405,-3.12877070677581,-0.0035102585328887132,0.0035102585328887132
3643,-3.015043444092404,25.06717535814992,-3.128950562904805,-0.0034737770498276125,0.0034737770498276125
3644,-3.0665476835408034,25.066528810411103,-3.129128552119992,-0.003437316621819937,0.003437316621819937
3645,-3.118055336204728,25.065891340981022,-3.129304675140673,-0.003400877027173531,0.003400877027173531
3646,-3.169566365220676,25.065262855352742,-3.1294789326787784,-0.003364458055553874,0.003364458055553874
3647,-3.221080733725109,25.064643259019338,-3.1296513254388367,-0.0033280594838472734,0.0033280594838472734
3648,-3.2725984048544845,25.064032457473864,-3.1298218541181853,-0.0032916811099803394,0.0032916811099803394
3649,-3.324119341745266,25.06343035620939,-3.129990519406991,-0.003255322711462828,0.003255322711462828
3650,-3.3756435075339097,25.06283686071898,-3.1301573219881016,-0.0032189840803879405,0.0032189840803879405
3651,-3.4271708653568806,25.062251876495708,-3.1303222625369655,-0.003182664991077924,0.003182664991077924
3652,-3.4787013783506353,25.061675309032626,-3.130485341721827,-0.00314636524315898,0.00314636524315898
3653,-3.5302350096516357,25.061107063822814,-3.130646560203585,-0.003110084605321581,0.003110084605321581
3654,-3.581771722396381,25.060547046359325,-3.130805918635693,-0.0030738228733434175,0.0030738228733434175
3655,-3.633311479721251,25.059995162135227,-3.1309634176646224,-0.003037579833707681,0.003037579833707681
3656,-3.6848542447627497,25.0594513166436,-3.131119057929056,-0.0030013552509080945,0.0030013552509080945
3657,-3.7363999806573336,25.058915415377488,-3.1312728400604803,-0.00296514893425602,0.00296514893425602
3658,-3.787948650541464,25.05838736382997,-3.1314247646833273,-0.002928960653833054,0.002928960653833054
3659,-3.8395002175516013,25.057867067494115,-3.131574832414137,-0.0028927901862080374,0.0028927901862080374
3660,-3.891054644824205,25.05735443186298,-3.1317230438622685,-0.0028566373291346917,0.0028566373291346917
3661,-3.9426118954957365,25.05684936242963,-3.1318693996298594,-0.002820501857408529,0.002820501857408529
3662,-3.9941719327026552,25.056351764687136,-3.1320139003115037,-0.002784383556327141,0.002784383556327141
3663,-4.0457347195814215,25.055861544128565,-3.132156546494316,-0.0027482822030970547,0.0027482822030970547
3664,-4.0973002192685355,25.055378606246975,-3.132297338758012,-0.0027121975860513797,0.0027121975860513797
3665,-4.148868394900378,25.054902856535435,-3.132436277675055,-0.0026761294880326475,0.0026761294880326475
3666,-4.200439209613449,25.054434200487016,-3.132573363810338,-0.002640077684972012,0.002640077684972012
3667,-4.252012626544209,25.053972543594785,-3.1327085977210873,-0.002604041955927131,0.002604041955927131
3668,-4.303588608829116,25.053517791351794,-3.13284197995735,-0.0025680220957268064,0.0025680220957268064
3669,-4.3551671196046335,25.053069849251116,-3.132973511061743,-0.0025320178735640576,0.0025320178735640576
3670,-4.40674812200722,25.052628622785814,-3.1331031915693055,-0.002496029078529377,0.002496029078529377
3671,-4.458331579173336,25.05219401744896,-3.1332310220077337,-0.0024600554888285155,0.0024600554888285155
3672,-4.509917454239445,25.051765938733634,-3.1333570028967177,-0.0024240968679024068,0.0024240968679024068
3673,-4.561505710342039,25.051344292132868,-3.1334811347488563,-0.002388153029227851,0.002388153029227851
3674,-4.613096310617504,25.05092898313974,-3.133603418069697,-0.0023522237378281936,0.0023522237378281936
3675,-4.6646892182023425,25.05051991724734,-3.1337238533563485,-0.0023163087533691787,0.0023163087533691787
3676,-4.716284396233012,25.050116999948695,-3.1338424410988384,-0.0022804078933834587,0.0022804078933834587
3677,-4.767881807845969,25.049720136736894,-3.1339591817800154,-0.0022445209137246457,0.0022445209137246457
3678,-4.8194814161776796,25.049329233105006,-3.1340740758745715,-0.002208647594040845,0.002208647594040845
3679,-4.8710831843646005,25.048944194546085,-3.1341871238498995,-0.0021727877232548543,0.0021727877232548543
3680,-4.9226870755431955,25.048564926553198,-3.1342983261660473,-0.0021369410793717005,0.0021369410793717005
3681,-4.97429305284992,25.048191334619418,-3.134407683275269,-0.0021011074336616787,0.0021011074336616787
3682,-5.025901079421239,25.047823324237804,-3.1345151956222224,-0.0020652865719387866,0.0020652865719387866
3683,-5.077511118393647,25.04746080090142,-3.134620863644195,-0.0020294782740902665,0.0020294782740902665
3684,-5.129123132903531,25.047103670103333,-3.134724687770904,-0.001993682318161495,0.001993682318161495
3685,-5.180737086087386,25.04675183733662,-3.1348266684241812,-0.0019578984717422807,0.0019578984717422807
3686,-5.232352941081674,25.046405208094324,-3.1349268060186057,-0.0019221265374409985,0.0019221265374409985
3687,-5.283970661022856,25.046063687869538,-3.1350251009610606,-0.001886366265620328,0.001886366265620328
3688,-5.335590209047393,25.04572718215531,-3.135121553650589,-0.0018506174531943596,0.0018506174531943596
3689,-5.387211548291742,25.04539559644471,-3.135216164478972,-0.0018148798729406667,0.0018148798729406667
3690,-5.438834641892366,25.0450688362308,-3.1353089338303093,-0.0017791533055080111,0.0017791533055080111
3691,-5.490459452985725,25.044746807006657,-3.1353998620808756,-0.0017434375180732115,0.0017434375180732115
3692,-5.542085944708277,25.04442941426533,-3.135488949599498,-0.0017077323058038304,0.0017077323058038304
3693,-5.593714080196523,25.044116563499898,-3.1355761967474023,-0.0016720374299561492,0.0016720374299561492
3694,-5.645343822586845,25.04380816020342,-3.1356616038781153,-0.001636352681878953,0.001636352681878953
3695,-5.6969751350157445,25.04350410986897,-3.1357451713374607,-0.0016006778226019171,0.0016006778226019171
3696,-5.748607980619679,25.043204317989602,-3.1358268994636793,-0.0015650126481428714,0.0015650126481428714
3697,-5.800242322535107,25.042908690058393,-3.135906788587366,-0.001529356917008355,0.001529356917008355
3698,-5.851878123898493,25.042617131568395,-3.1359848390315634,-0.0014937104288746156,0.0014937104288746156
3699,-5.903515347846295,25.042329548012695,-3.136061051111415,-0.0014580729287269239,0.0014580729287269239
3700,-5.955153957514974,25.04204584488433,-3.1361354251345035,-0.001422444229362378,0.001422444229362378
3701,-6.006793916040987,25.041765927676387,-3.136207961400986,-0.001386824080972625,0.001386824080972625
3702,-6.058435186560838,25.041489701881922,-3.136278660203102,-0.00135121227718035,0.00135121227718035
3703,-6.110077732210909,25.041217072994016,-3.1363475218252765,-0.0013156085723515728,0.0013156085723515728
3704,-6.1617215161276935,25.04094794650571,-3.1364145465444335,-0.001280012771966558,0.001280012771966558
3705,-6.213366501447658,25.040682227910086,-3.136479734630079,-0.0012444246337734012,0.0012444246337734012
3706,-6.265012651307263,25.040419822700212,-3.1365430863435493,-0.001208843934053639,0.001208843934053639
3707,-6.316659928842963,25.040160636369148,-3.136604601938661,-0.0011732704556707302,0.0011732704556707302
3708,-6.368308297191221,25.03990457440996,-3.136664281661567,-0.0011377039693885465,0.0011377039693885465
3709,-6.419957719488499,25.039651542315706,-3.13672212575079,-0.001102144259203306,0.001102144259203306
3710,-6.471608158871254,25.03940144557946,-3.1367781344372148,-0.0010665910957612845,0.0010665910957612845
3711,-6.523259578475951,25.039154189694298,-3.136832307943678,-0.0010310442469628606,0.0010310442469628606
3712,-6.574911941439083,25.038909680153267,-3.1368846464854374,-0.0009955035016824306,0.0009955035016824306
3713,-6.626565210897037,25.038667822449437,-3.136935150270349,-0.0009599686346943507,0.0009599686346943507
3714,-6.678219349986312,25.038428522075883,-3.1369838194982798,-0.0009244394120480671,0.0009244394120480671
3715,-6.729874321843367,25.038191684525668,-3.137030654361233,-0.0008889156134007229,0.0008889156134007229
3716,-6.7815300896046615,25.03795721529185,-3.1370756550436982,-0.0008533970182537922,0.0008533970182537922
3717,-6.833186616406657,25.037725019867498,-3.1371188217225057,-0.000817883400727666,0.000817883400727666
3718,-6.884843865385812,25.03749500374568,-3.1371601545665855,-0.0007823745308926605,0.0007823745308926605
3719,-6.936501799678588,25.037267072419453,-3.137199653737377,-0.0007468701987256313,0.0007468701987256313
3720,-6.988160382421448,25.03704113138191,-3.1372373193881726,-0.0007113701488677855,0.0007113701488677855
3721,-7.039819576750847,25.036817086126078,-3.13727315166477,-0.0006758741965725707,0.0006758741965725707
3722,-7.091479345803289,25.03659484214505,-3.1373071507054653,-0.000640382086105908,0.000640382086105908
3723,-7.143139652715151,25.036374304931883,-3.137339316640334,-0.0006048936049824083,0.0006048936049824083
3724,-7.194800460622938,25.03615537997964,-3.1373696495920558,-0.0005694085293217421,0.0005694085293217421
3725,-7.246461732663105,25.03593797278139,-3.1373981496754233,-0.0005339266275857013,0.0005339266275857013
3726,-7.298123431972115,25.035721988830193,-3.137424816997656,-0.0004984476880598658,0.0004984476880598658
3727,-7.349785521686429,25.035507333619133,-3.137449651658017,-0.0004629714643919222,0.0004629714643919222
3728,-7.4014479649425065,25.03529391264126,-3.137472653747814,-0.00042749774480105784,0.00042749774480105784
3729,-7.453110724876808,25.035081631389634,-3.1374938233511864,-0.00039202631347087905,0.00039202631347087905
3730,-7.504773764625791,25.034870395357334,-3.1375131605442794,-0.00035655692661526727,0.00035655692661526727
3731,-7.556437047325919,25.034660110037425,-3.137530665395141,-0.0003210893644126849,0.0003210893644126849
3732,-7.608100536113692,25.034450680922962,-3.1375463379644026,-0.00028562340937351397,0.00028562340937351397
3733,-7.6597641941254855,25.034242013507015,-3.1375601783051126,-0.0002501588353144271,0.0002501588353144271
3734,-7.711427984497809,25.034034013282664,-3.137572186462049,-0.00021469539802403722,0.00021469539802403722
3735,-7.763091870367114,25.03382658574295,-3.1375823624725347,-0.00017923290292726348,0.00017923290292726348
3736,-7.814755814869864,25.03361963638096,-3.137590706366306,-0.00014377110071859167,0.00014377110071859167
3737,-7.866419781142522,25.03341307068975,-3.1375972181648915,-0.00010830977270819038,0.00010830977270819038
3738,-7.918083732321544,25.033206794162385,-3.1376018978823663,-7.284869887714496e-05,7.284869887714496e-05
3739,-7.969747631543392,25.033000712291933,-3.1376047455249765,-3.7387645858252126e-05,3.7387645858252126e-05
3740,-8.021411441944524,25.032794730571453,-3.1376057610913084,-1.9264003126410313e-06,1.9264003126410313e-06
3741,-8.073075126661443,25.032588754494025,-3.137604944572044,3.3535280702372855e-05,3.3535280702372855e-05
3742,-8.12473864883053,25.032382689552705,-3.1376022959499683,6.89976102478988e-05,6.89976102478988e-05
3743,-8.176401971588284,25.032176441240555,-3.137597815200414,0.00010446081397853124,0.00010446081397853124
3744,-8.228065058071163,25.031969915050645,-3.1375915022909457,0.00013992511722608761,0.00013992511722608761
3745,-8.279727871415632,25.031763016476052,-3.137583357181023,0.00017539075874591623,0.00017539075874591623
3746,-8.331390374758145,25.031555651009825,-3.137573379822515,0.00021085794394443374,0.00021085794394443374
3747,-8.383052531235169,25.031347724145036,-3.1375615701596975,0.0002463269115787427,0.0002463269115787427
3748,-8.43471430398316,25.031139141374748,-3.137547928128879,0.0002817978817072608,0.0002817978817072608
3749,-8.486375656138579,25.030929808192028,-3.1375324536587774,0.0003172710784035678,0.0003172710784035678
3750,-8.538036550837884,25.030719630089948,-3.137515146670248,0.0003527467323031302,0.0003527467323031302
3751,-8.589696951217581,25.030508512561575,-3.1374960070761038,0.0003882250743813337,0.0003882250743813337
3752,-8.641356820414046,25.030296361099953,-3.137475034781849,0.00042370630697822717,0.00042370630697822717
3753,-8.693016121563778,25.030083081198168,-3.1374522296853353,0.0004591906743146169,0.0004591906743146169
3754,-8.744674817803244,25.02986857834929,-3.137427591675997,0.0004946784083508061,0.0004946784083508061
3755,-8.796332872268895,25.029652758046367,-3.137401120635959,0.000530169710384029,0.000530169710384029
3756,-8.847990248097197,25.02943552578248,-3.137372816439662,0.0005656648270293388,0.0005656648270293388
3757,-8.89964690842461,25.029216787050682,-3.1373426789534804,0.00060116397422176,0.00060116397422176
3758,-8.951302816387594,25.028996447344042,-3.1373107080363436,0.0006366673745250248,0.0006366673745250248
3759,-9.002957935122607,25.02877441215563,-3.137276903539329,0.0006721752597989708,0.0006721752597989708
3760,-9.054612227766112,25.028550586978515,-3.1372412653055908,0.000707687855159779,0.000707687855159779
3761,-9.106265657454607,25.028324877305753,-3.1372037931707033,0.0007432053793356752,0.0007432053793356752
3762,-9.157918187324473,25.028097188630415,-3.1371644869625657,0.0007787280610386732,0.0007787280610386732
3763,-9.209569780512211,25.02786742644557,-3.1371233465010606,0.0008142561322519149,0.0008142561322519149
3764,-9.261220400154283,25.027635496244272,-3.1370803715985973,0.0008497898006235906,0.0008497898006235906
3765,-9.312870009387145,25.0274013035196,-3.1370355620598125,0.0008853293097712622,0.0008853293097712622
3766,-9.36451857134726,25.027164753764612,-3.1369889176814327,0.0009208748726480036,0.0009208748726480036
3767,-9.416166049171085,25.02692575247238,-3.136940438252516,0.0009564267234644339,0.0009564267234644339
3768,-9.467812405995083,25.026684205135957,-3.1368901235544575,0.0009919850750662066,0.0009919850750662066
3769,-9.519457604955717,25.02644001724842,-3.1368379733610565,0.0010275501589178057,0.0010275501589178057
3770,-9.571101609189443,25.026193094302837,-3.1367839874380428,0.0010631222063220544,0.0010631222063220544
3771,-9.62274438183276,25.025943341792267,-3.1367281655434844,0.001098701432918561,0.001098701432918561
3772,-9.674385886022053,25.025690665209773,-3.1366705074280388,0.001134288060241206,0.001134288060241206
3773,-9.726026084893821,25.02543497004843,-3.1366110128344062,0.0011698823251183807,0.0011698823251183807
3774,-9.777664941584522,25.025176161801298,-3.1365496814974625,0.0012054844439698454,0.0012054844439698454
3775,-9.829302419230618,25.02491414596144,-3.1364865131446455,0.0012410946385745297,0.0012410946385745297
3776,-9.880938480968567,25.024648828021927,-3.1364215074954775,0.0012767131439265973,0.0012767131439265973
3777,-9.93257308993483,25.024380113475818,-3.136354664261877,0.001312340169678342,0.001312340169678342
3778,-9.98420620926587,25.024107907816187,-3.1362859831480923,0.0013479759533632295,0.0013479759533632295
3779,-10.035837802098147,25.0238321165361,-3.136215463850503,0.0013836207123830674,0.0013836207123830674
3780,-10.087467831568157,25.023552645128618,-3.1361431060577516,0.0014192746791120195,0.0014192746791120195
3781,-10.13909626081228,25.023269399086793,-3.13606890945124,0.00145493805171526,0.00145493805171526
3782,-10.190723052967025,25.022982283903723,-3.135992873704341,0.001490611093104615,0.001490611093104615
3783,-10.242348171168844,25.02269120507245,-3.135914998482394,0.0015262940016607495,0.0015262940016607495
3784,-10.293971578554197,25.02239606808604,-3.135835283443851,0.0015619869957696352,0.0015619869957696352
3785,-10.34559323825955,25.02209677843757,-3.1357537282389725,0.0015976903244321302,0.0015976903244321302
3786,-10.397213113421358,25.0217932416201,-3.135670332510312,0.0016334041871673773,0.0016334041871673773
3787,-10.448831167176085,25.021485363126693,-3.135585095893067,0.001669128819439941,0.001669128819439941
3788,-10.50044736266019,25.02117304845042,-3.135498018014428,0.001704864445941819,0.001704864445941819
3789,-10.552061663010129,25.02085620308434,-3.13540909849424,0.0017406112764670296,0.0017406112764670296
3790,-10.60367403136241,25.020534732521526,-3.135318336944585,0.0017763695519265662,0.0017763695519265662
3791,-10.655284430853406,25.02020854225504,-3.1352257329696944,0.0018121394854220348,0.0018121394854220348
3792,-10.706892824619624,25.019877537777948,-3.1351312861664384,0.0018479212989810769,0.0018479212989810769
3793,-10.758499175797516,25.019541624583315,-3.135034996123938,0.001883715220607986,0.001883715220607986
3794,-10.81010344752355,25.019200708164206,-3.1349368624237193,0.0019195214664226045,0.0019195214664226045
3795,-10.861705602934183,25.018854694013694,-3.134836884639612,0.001955340268306883,0.001955340268306883
3796,-10.913305605165878,25.018503487624837,-3.1347350623377563,0.001991171842118062,0.001991171842118062
3797,-10.964903417355089,25.0181469944907,-3.134631395076847,0.0020270164101816564,0.0020270164101816564
3798,-11.016499002638277,25.017785120104346,-3.134525882408041,0.002062874192051263,0.002062874192051263
3799,-11.068092324151912,25.017417769958854,-3.134418523874615,0.0020987454231729034,0.0020987454231729034
3800,-11.119683345032481,25.017044849547275,-3.134309319012413,0.0021346303057996666,0.0021346303057996666
3801,-11.171272028416377,25.01666626436269,-3.134198267349623,0.002170529083976759,0.002170529083976759
3802,-11.222858337440087,25.016281919898148,-3.134085368406922,0.002206441954346564,0.002206441954346564
3803,-11.274442235240084,25.01589172164673,-3.133970621697365,0.0022423691652070465,0.0022423691652070465
3804,-11.32602368495282,25.01549557510149,-3.133854026726366,0.002278310913894814,0.002278310913894814
3805,-11.377602649714758,25.0150933857555,-3.1337355829919127,0.002314267440425623,0.002314267440425623
3806,-11.429179092662354,25.014685059101815,-3.1336152899843635,0.0023502389498918246,0.0023502389498918246
3807,-11.480752976932077,25.014270500633515,-3.1334931471866256,0.0023862256754074705,0.0023862256754074705
3808,-11.532324265660378,25.013849615843665,-3.133369154073755,0.002422227837581523,0.002422227837581523
3809,-11.583892921983766,25.01342231022532,-3.1332433101135693,0.0024582456457061187,0.0024582456457061187
3810,-11.635458909038615,25.012988489271557,-3.1331156147662558,0.002494279335530373,0.002494279335530373
3811,-11.687022189961425,25.01254805847543,-3.132986067484451,0.002530329113253931,0.002530329113253931
3812,-11.73858272788866,25.012100923330017,-3.132854667713299,0.0025663952123602266,0.0025663952123602266
3813,-11.79014048595678,25.01164698932837,-3.132721414890505,0.0026024778368518597,0.0026024778368518597
3814,-11.841695427302241,25.01118616196357,-3.1325863084461716,0.0026385772266537483,0.0026385772266537483
3815,-11.893247515061505,25.010718346728666,-3.132449347802975,0.002674693578739799,0.002674693578739799
3816,-11.944796712371039,25.010243449116746,-3.1323105323759677,0.0027108271408114544,0.0027108271408114544
3817,-11.99634298236729,25.00976137462085,-3.1321698615728275,0.002746978099991968,0.002746978099991968
3818,-12.047886288186731,25.009272028734063,-3.13202733479394,0.0027831467008804906,0.0027831467008804906
3819,-12.099426592965854,25.008775316949443,-3.1318829514319058,0.002819333149545718,0.002819333149545718
3820,-12.150963859841044,25.00827114476006,-3.131736710871917,0.0028555376760773027,0.0028555376760773027
3821,-12.202498051948794,25.00775941765896,-3.1315886124920027,0.0028917604768154393,0.0028917604768154393
3822,-12.254029132425574,25.007240041139234,-3.131438655662644,0.0029280017968987917,0.0029280017968987917
3823,-12.30555706440784,25.006712920693936,-3.1312868397466898,0.0029642618357748596,0.0029642618357748596
3824,-12.35708181103205,25.00617796181614,-3.1311331640998152,0.0030005408207978337,0.0030005408207978337
3825,-12.408603335434673,25.00563506999891,-3.130977628069939,0.003036838973954477,0.003036838973954477
3826,-12.460121600752153,25.005084150735296,-3.1308202309980318,0.003073156491185315,0.003073156491185315
3827,-12.51163657012097,25.004525109518386,-3.1306609722173975,0.0031094936223459886,0.0031094936223459886
3828,-12.563148206677564,25.00395785184122,-3.1304998510541013,0.003145850546650534,0.003145850546650534
3829,-12.614656473558451,25.003382283196895,-3.1303368668267226,0.003182227523526808,0.003182227523526808
3830,-12.6661613339,25.002798309078447,-3.1301720188464883,0.0032186247269846043,0.0032186247269846043
3831,-12.717662750838723,25.002205834978966,-3.1300053064174205,0.003255042410581455,0.003255042410581455
3832,-12.769160687511073,25.0016047663915,-3.129836728835911,0.003291480764869877,0.003291480764869877
3833,-12.820655107053511,25.000995008809127,-3.129666285391337,0.0033279400193755083,0.0033279400193755083
3834,-12.872145972602496,25.000376467724905,-3.1294939753655147,0.0033644203858866554,0.0033644203858866554
3835,-12.92363324729449,24.999749048631898,-3.1293197980331224,0.0034009220773465218,0.0034009220773465218
3836,-12.975116894265952,24.999112657023176,-3.1291437526615042,0.003437445313124418,0.003437445313124418
3837,-13.026596876653343,24.998467198391804,-3.1289658385106485,0.0034739903069931767,0.0034739903069931767
3838,-13.078073157593124,24.99781257823085,-3.1287860548332698,0.003510557274965359,0.003510557274965359
3839,-13.129545700221794,24.997148702033375,-3.128604400874942,0.003547146425694383,0.003547146425694383
3840,-13.181014467675737,24.996475475292456,-3.1284208758737155,0.0035837579898934783,0.0035837579898934783
3841,-13.232479423091448,24.99579280350114,-3.1282354790606846,0.003620392154124845,0.003620392154124845
3842,-13.283940529605394,24.99510059215251,-3.1280482096595583,0.0036570491657516467,0.0036570491657516467
3843,-13.335397750354021,24.994398746739613,-3.1278590668868307,0.003693729204553883,0.003693729204553883
3844,-13.386851048473803,24.99368717275553,-3.1276679698669723,0.0037335453754741544,0.0037335453754741544
3845,-13.438300386827734,24.992965767454567,-3.127474282681812,0.003794960810628711,0.003794960810628711
3846,-13.489745726383777,24.99223437099884,-3.1272772142725405,0.003865546513095556,0.003865546513095556
3847,-13.541187027307473,24.991492799375514,-3.1270765275722807,0.0039362023946884405,0.0039362023946884405
3848,-13.592624249761514,24.99074086848494,-3.1268722204928117,0.004006896075938513,0.004006896075938513
3849,-13.64405735390849,24.989978394227474,-3.1266642917755023,0.004077627979905143,0.004077627979905143
3850,-13.695486299911096,24.98920519250346,-3.126452740147568,0.004148398521723081,0.004148398521723081
3851,-13.746911047931983,24.988421079213246,-3.1262375643221185,0.004219208121650305,0.004219208121650305
3852,-13.798331558133816,24.98762587025719,-3.1260187629981044,0.004290057195767041,0.004290057195767041
3853,-13.849747790679256,24.986819381535643,-3.1257963348604845,0.004360946156822117,0.004360946156822117
3854,-13.901159705730958,24.98600142894896,-3.125570278579989,0.004431875428976342,0.004431875428976342
3855,-13.952567263451575,24.98517182839747,-3.1253405928139197,0.004502845392720225,0.004502845392720225
3856,-14.003970424003771,24.984330395781548,-3.1251072762057057,0.0045738564883986855,0.0045738564883986855
3857,-14.055369147550213,24.983476947001538,-3.124870327384494,0.004644909111187485,0.004644909111187485
3858,-14.106763394253578,24.982611297957774,-3.1246297449665272,0.004716003646717501,0.004716003646717501
3859,-14.158153124276467,24.981733264550634,-3.124385527554139,0.004787140527882514,0.004787140527882514
3860,-14.209538297781565,24.980842662680452,-3.1241376737360427,0.00485832012796182,0.00485832012796182
3861,-14.260918874931537,24.97993930824759,-3.123886182087626,0.004929542867017909,0.004929542867017909
3862,-14.312294815889034,24.979023017152382,-3.1236310511709884,0.005000809115607821,0.005000809115607821
3863,-14.363666080816719,24.97809360529519,-3.1233722795352294,0.005072119281196885,0.005072119281196885
3864,-14.415032629877258,24.977150888576368,-3.1231098657157657,0.005143473759595611,0.005143473759595611
3865,-14.466394423233295,24.976194682896253,-3.1228438082353263,0.0052148729181141565,0.0052148729181141565
3866,-14.517751421047496,24.97522480415521,-3.122574105603695,0.0052863171611364935,0.0052863171611364935
3867,-14.569103583482525,24.97424106825359,-3.12230075631721,0.005357806874044074,0.005357806874044074
3868,-14.620450870701063,24.973243291091716,-3.122023758860224,0.005429342402907269,0.005429342402907269
3869,-14.671793242865709,24.97223128856998,-3.121743111704049,0.005500924172624966,0.005500924172624966
3870,-14.72313066013915,24.97120487658871,-3.121458813306878,0.005572552530854045,0.005572552530854045
3871,-14.774463082684047,24.970163871048257,-3.121170862115129,0.005644227848461487,0.005644227848461487
3872,-14.82579047066306,24.96910808784898,-3.1208792565624277,0.005715950511307428,0.005715950511307428
3873,-14.877112784238845,24.96803734289122,-3.120583995070078,0.005787720870099603,0.005787720870099603
3874,-14.928429983574057,24.966951452075328,-3.1202850760474132,0.005859539295594705,0.005859539295594705
3875,-14.979742028831362,24.965850231301665,-3.1199824978912982,0.005931406155940838,0.005931406155940838
3876,-15.031048880173412,24.96473349647057,-3.119676258986935,0.006003321789005481,0.006003321789005481
3877,-15.082350497762874,24.96360106348241,-3.119366357707314,0.00607528658249625,0.00607528658249625
3878,-15.133646841762438,24.962452748237517,-3.1190527924136684,0.006147300854760861,0.006147300854760861
3879,-15.18493787233469,24.961288366636253,-3.1187355614558343,0.006219364977683702,0.006219364977683702
3880,-15.236223549642318,24.960107734578965,-3.118414663171738,0.006291479287784269,0.006291479287784269
3881,-15.28750383384799,24.958910667966006,-3.1180900958879834,0.006363644132158774,0.006363644132158774
3882,-15.33877868511436,24.957696982697723,-3.117761857919789,0.006435859847818639,0.006435859847818639
3883,-15.390048063604088,24.95646649467447,-3.1174299475712046,0.006508126771605478,0.006508126771605478
3884,-15.441311929479832,24.9552190197966,-3.1170943631349406,0.0065804452450321385,0.0065804452450321385
3885,-15.492570242904248,24.953954373964457,-3.1167551028928786,0.006652815583203071,0.006652815583203071
3886,-15.54382296404,24.952672373078396,-3.1164121651160532,0.006725238126203377,0.006725238126203377
3887,-15.595070053049778,24.951372833038764,-3.1160655480646353,0.006797713187764711,0.006797713187764711
3888,-15.646311470096167,24.95005556974592,-3.1157152499881393,0.0068702410977485254,0.0068702410977485254
3889,-15.697547175341873,24.948720399100207,-3.1153612691255694,0.0069428221620503345,0.0069428221620503345
3890,-15.748777128949534,24.94736713700198,-3.115003603705692,0.00701545669779935,0.00701545669779935
3891,-15.80000129108183,24.945995599351594,-3.114642251946632,0.007088145024311332,0.007088145024311332
3892,-15.851219621901407,24.944605602049382,-3.114277212056685,0.007160887424909668,0.007160887424909668
3893,-15.902432081570923,24.943196960995706,-3.113908482234394,0.007233684213595836,0.007233684213595836
3894,-15.953638630253042,24.94176949209093,-3.1135360606677644,0.0073065357019741735,0.0073065357019741735
3895,-16.00483922811042,24.94032301123538,-3.113159945535446,0.007379442155647099,0.007379442155647099
3896,-16.056033835305715,24.938857334329427,-3.1127801350066373,0.007452403887507268,0.007452403887507268
3897,-16.107222412001626,24.93737227727341,-3.1123966272406927,0.007525421176133155,0.007525421176133155
3898,-16.15840491836073,24.935867655967684,-3.112009420387872,0.007598494302648137,0.007598494302648137
3899,-16.209581314545726,24.934343286312593,-3.111618512589381,0.007671623541607343,0.007671623541607343
3900,-16.260751560719278,24.932798984208503,-3.1112239019771053,0.007744809181983171,0.007744809181983171
3901,-16.311915617044036,24.93123456555575,-3.110825586674118,0.00781805147591331,0.00781805147591331
3902,-16.36307344368267,24.929649846254698,-3.110423564794811,0.007891350704697184,0.007891350704697184
3903,-16.414225000797824,24.928044642205684,-3.1100178344448346,0.007964707120169619,0.007964707120169619
3904,-16.46537024855216,24.92641876930906,-3.109608393721781,0.008038120974210186,0.008038120974210186
3905,-16.516509147108348,24.924772043465193,-3.10919524071448,0.008111592543584734,0.008111592543584734
3906,-16.567641656629032,24.923104280574417,-3.1087783735036645,0.008185122051255931,0.008185122051255931
3907,-16.61876773727692,24.921415296537088,-3.108357790162395,0.008258709754731848,0.008258709754731848
3908,-16.669887349214587,24.919704907253557,-3.1079334887556707,0.008332355889302593,0.008332355889302593
3909,-16.72100045260473,24.917972928624177,-3.1075054673407787,0.008406060695993263,0.008406060695993263
3910,-16.77210700761001,24.91621917654929,-3.107073723967662,0.008479824392733586,0.008479824392733586
3911,-16.823206974393084,24.91444346692926,-3.10663825667882,0.008553647221549004,0.008553647221549004
3912,-16.874300313116613,24.912645615664427,-3.106199063509495,0.008627529390095064,0.008627529390095064
3913,-16.925386983943252,24.91082543865515,-3.1057561424880133,0.008701471123991186,0.008701471123991186
3914,-16.97646694703566,24.90898275180177,-3.105309491635817,0.008775472626635413,0.008775472626635413
3915,-17.0275401625565,24.907117371004645,-3.1048591089676583,0.00884953411288597,0.00884953411288597
3916,-17.078606590668425,24.905229112164122,-3.1044049924917982,0.008923655775266668,0.008923655775266668
3917,-17.129666191534135,24.903317791180555,-3.103947140210187,0.00899783781838486,0.00899783781838486
3918,-17.180718925316206,24.901383223954298,-3.103485550118359,0.00907208043556718,0.00907208043556718
3919,-17.23176475217734,24.899425226385684,-3.1030202202063157,0.009146383793742342,0.009146383793742342
3920,-17.2828036322802,24.89744361437509,-3.1025511484581005,0.00922074809942251,0.00922074809942251
3921,-17.33383552578744,24.895438203822856,-3.102078332851623,0.009295173523143139,0.009295173523143139
3922,-17.38486039286171,24.893408810629317,-3.1016017713600887,0.009369660211985585,0.009369660211985585
3923,-17.435878193665683,24.89135525069485,-3.101121461951061,0.009444208369840926,0.009444208369840926
3924,-17.486888888362007,24.88927733991978,-3.100637402587066,0.009518818116529139,0.009518818116529139
3925,-17.537892437113346,24.887174894204477,-3.100149591226013,0.009593489636075033,0.009593489636075033
3926,-17.588888800082394,24.88504772944929,-3.0996580258205815,0.00966822306856764,0.00966822306856764
3927,-17.639877937431734,24.882895661554564,-3.0991627043192675,0.0097430185535651,0.0097430185535651
3928,-17.690859809324063,24.880718506420642,-3.0986636246665373,0.009817876221426984,0.009817876221426984
3929,-17.74183437592204,24.878516079947897,-3.0981607848023947,0.009892796224951775,0.009892796224951775
3930,-17.792801597388326,24.876288198036665,-3.097654182662662,0.009967778679706116,0.009967778679706116
3931,-17.843761433885565,24.874034676587282,-3.0971438161801994,0.010042823686944738,0.010042823686944738
3932,-17.894713845576433,24.871755331500125,-3.0966296832840845,0.010117931390598247,0.010117931390598247
3933,-17.945658792623583,24.86944997867554,-3.096111781899627,0.010193101887316727,0.010193101887316727
3934,-17.99659623518967,24.867118434013868,-3.0955901099495096,0.01026833527250536,0.01026833527250536
3935,-18.047526133437355,24.864760513415465,-3.0950646653535134,0.010343631649514465,0.010343631649514465
3936,-18.09844844752934,24.86237603278068,-3.0945354460285106,0.010418991110069954,0.010418991110069954
3937,-18.149363137628193,24.85996480800986,-3.094002449889234,0.01049441372319819,0.01049441372319819
3938,-18.200270163896626,24.85752665500337,-3.0934656748478884,0.010569899591807541,0.010569899591807541
3939,-18.251169486497282,24.85506138966154,-3.092925118814774,0.010645448756230365,0.010645448756230365
3940,-18.30206106559284,24.852568827884742,-3.0923807796984275,0.010721061309724245,0.010721061309724245
3941,-18.35294486134594,24.850048785573314,-3.0918326554055158,0.010796737292388992,0.010796737292388992
3942,-18.403820833919248,24.847501078627605,-3.091280743841769,0.010872476756699436,0.010872476756699436
3943,-18.454688943475418,24.844925522947975,-3.090725042911522,0.010948279756246437,0.010948279756246437
3944,-18.505549150177117,24.842321934434768,-3.0901655505181633,0.011024146321586945,0.011024146321586945
3945,-18.556401414186997,24.839690128988337,-3.0896022645645522,0.011100076485413989,0.011100076485413989
3946,-18.607245695667757,24.837029922509036,-3.0890351829528666,0.0111760702797458,0.0111760702797458
3947,-18.658081954781977,24.834341130897204,-3.088464303585308,0.011252127705041373,0.011252127705041373
3948,-18.708910151692354,24.831623570053207,-3.08788962436414,0.011328248787220616,0.011328248787220616
3949,-18.759730246561553,24.828877055877395,-3.0873111431913243,0.011404433536367704,0.011404433536367704
3950,-18.810542199552224,24.826101404270094,-3.0867288579699967,0.01148068191563884,0.01148068191563884
3951,-18.861345970827024,24.823296431131684,-3.086142766603936,0.011556993951309382,0.011556993951309382
3952,-18.91214152054862,24.820461952362507,-3.085552866997371,0.0116333696093037,0.0116333696093037
3953,-18.962928808879667,24.817597783862908,-3.084957672789546,0.011768185394461013,0.011768185394461013
3954,-19.013707738323085,24.814703593566296,-3.0843483474627353,0.0121921962893985,0.0121921962893985
3955,-19.06447792601743,24.81177831710136,-3.083715257915401,0.012706093968898362,0.012706093968898362
3956,-19.115238900979897,24.808820663959168,-3.083056109841336,0.013220766439739566,0.013220766439739566
3957,-19.165990192202283,24.80582934356543,-3.08237087623761,0.0137362204690395,0.0137362204690395
3958,-19.216731328676392,24.802803065345866,-3.081659529666666,0.01425248831513519,0.01425248831513519
3959,-19.267461839393995,24.79974053872617,-3.0809220416120935,0.014769601905931656,0.014769601905931656
3960,-19.318181253346868,24.796640473132054,-3.080158382490332,0.015287592865750288,0.015287592865750288
3961,-19.36888909952681,24.793501577989243,-3.0793685216619475,0.01580649249686492,0.01580649249686492
3962,-19.41958490692559,24.790322562723425,-3.0785524274450915,0.016326331704580338,0.016326331704580338
3963,-19.470268204534996,24.787102136760335,-3.077710067127992,0.01684714110160843,0.01684714110160843
3964,-19.520938521346803,24.78383900952566,-3.076841406982581,0.017368950850372347,0.017368950850372347
3965,-19.571595386352843,24.780531890445122,-3.075946412278939,0.017891790779744593,0.017891790779744593
3966,-19.622238328544807,24.77717948894443,-3.075025047299198,0.018415690280323742,0.018415690280323742
3967,-19.672866876914533,24.77378051444929,-3.0740772753532952,0.018940678326825902,0.018940678326825902
3968,-19.723480560453794,24.770333676385416,-3.073103058794189,0.01946678346687776,0.01946678346687776
3969,-19.774078908154372,24.76683768417852,-3.072102359034103,0.019994033781857386,0.019994033781857386
3970,-19.824661449008044,24.76329124725431,-3.071075136561403,0.020522456890200335,0.020522456890200335
3971,-19.875227712006605,24.75969307503849,-3.0700213509577465,0.02105207992296646,0.02105207992296646
3972,-19.925777226141825,24.756041876956772,-3.068940960916367,0.021582929491920245,0.021582929491920245
3973,-19.9763095204055,24.752336362434882,-3.0678339242596975,0.022115031736194772,0.022115031736194772
3974,-20.026824123789392,24.748575240898496,-3.0667001979594364,0.022648412167278836,0.022648412167278836
3975,-20.077320565285348,24.744757221773362,-3.0655397381555995,0.023183095851856402,0.023183095851856402
3976,-20.127798373885042,24.74088101448516,-3.0643525001767773,0.02371910716837336,0.02371910716837336
3977,-20.178257078580323,24.73694532845962,-3.0631384385618934,0.024256469978579855,0.024256469978579855
3978,-20.228696208362962,24.73294887312245,-3.0618975070804413,0.024795207502122676,0.024795207502122676
3979,-20.27911529222474,24.728890357899346,-3.0606296587559574,0.025335342300686365,0.025335342300686365
3980,-20.32951385915744,24.724768492216032,-3.059334845888384,0.025876896323077225,0.025876896323077225
3981,-20.37989143815284,24.720581985498207,-3.0580130200777296,0.02641989079421151,0.02641989079421151
3982,-20.430247558202733,24.716329547171593,-3.0566641322483608,0.026964346286144077,0.026964346286144077
3983,-20.480581748298892,24.71200988666189,-3.0552881326739247,0.027510282606275333,0.027510282606275333
3984,-20.530893537433105,24.707621713394808,-3.0538849710035127,0.028057718844299213,0.028057718844299213
3985,-20.581182454597194,24.703163736796064,-3.0524545962874075,0.028606673325038256,0.028606673325038256
3986,-20.63144802878285,24.698634666291365,-3.0509969570048803,0.029157163557523437,0.029157163557523437
3987,-20.681689788981917,24.69403321130643,-3.049512001091779,0.029709206277205413,0.029709206277205413
3988,-20.731907264186155,24.689358081266946,-3.0479996759695713,0.03026281732760001,0.03026281732760001
3989,-20.782099983387354,24.68460798559864,-3.0464599285749983,0.030818011736836834,0.030818011736836834
3990,-20.832267475577304,24.679781633727224,-3.0448927053895782,0.031374803627864434,0.031374803627864434
3991,-20.88240926974778,24.674877735078397,-3.043297952471676,0.03193320618745009,0.03193320618745009
3992,-20.932524894890562,24.66989499907788,-3.0416756154881766,0.0324932316931701,0.0324932316931701
3993,-20.982613879997448,24.66483213515138,-3.0400256397468852,0.033054891437448636,0.033054891437448636
3994,-21.032675754060232,24.65968785272459,-3.038347970230918,0.033618195703786234,0.033618195703786234
3995,-21.08271004607064,24.654460861223246,-3.03664255163277,0.03418315378232335,0.03418315378232335
3996,-21.132716285020486,24.649149870073042,-3.0349093283897695,0.034749773877580416,0.034749773877580416
3997,-21.182693999901556,24.643753588699703,-3.0331482447202602,0.03531806314980241,0.03531806314980241
3998,-21.23264271970562,24.638270726528912,-3.0313592446613318,0.0358880275894455,0.0358880275894455
3999,-21.282561973424478,24.632699992986407,-3.0295422721066485,0.03645967211602106,0.03645967211602106
4000,-21.332451290049903,24.62704009749789,-3.027697270844862,0.03703300043230627,0.03703300043230627
4001,-21.382310198573673,24.621289749489055,-3.025824184601033,0.03760801502671399,0.03760801502671399
4002,-21.43213822798758,24.615447658385637,-3.023922957076451,0.03818471721033008,0.03818471721033008
4003,-21.4819349072834,24.609512533613326,-3.0219935319908378,0.03876310695997925,0.03876310695997925
4004,-21.531699765452952,24.60348308459784,-3.0200358531256466,0.03934318300659425,0.03934318300659425
4005,-21.581432331487946,24.59735802076489,-3.018049864367516,0.03992494271469663,0.03992494271469663
4006,-21.631132134380202,24.591136051540186,-3.0160355097535394,0.04050838210481926,0.04050838210481926
4007,-21.6807987031215,24.58481588634944,-3.0139927335168126,0.04109349579318322,0.04109349579318322
4008,-21.730431566703626,24.57839623461835,-3.011921480133956,0.041680276946656686,0.041680276946656686
4009,-21.78003025411836,24.571875805772645,-3.0098216943725435,0.04226871730419857,0.04226871730419857
4010,-21.829594294357484,24.56525330923802,-3.007693321340355,0.04285880705487145,0.04285880705487145
4011,-21.879123216412783,24.558527454440192,-3.005536306535712,0.04345053488891369,0.04345053488891369
4012,-21.92861654927603,24.551696950804864,-3.003350595898373,0.044043887895715735,0.044043887895715735
4013,-21.97807382193902,24.544760507757754,-3.0011361358617807,0.0446388515834063,0.0446388515834063
4014,-22.02749456339356,24.53771683472456,-2.9988928734064566,0.04523540978459301,0.04523540978459301
4015,-22.076878302631368,24.530564641131008,-2.996620756114458,0.045833544678753946,0.045833544678753946
4016,-22.126224568644258,24.523302636402804,-2.994319732224592,0.04643323671045291,0.04643323671045291
4017,-22.175532890424023,24.515929529965653,-2.9919897506892514,0.04703446457639415,0.04703446457639415
4018,-22.224802796962425,24.508444031245265,-2.989630761232148,0.04763720517274265,0.04763720517274265
4019,-22.274033817251258,24.500844849667352,-2.9872427144071128,0.04824143357525172,0.04824143357525172
4020,-22.323225480282314,24.493130694657637,-2.984825561657201,0.048847123016817984,0.048847123016817984
4021,-22.37237731504735,24.48530027564179,-2.9823792553772015,0.04945424474305973,0.04945424474305973
4022,-22.421488850538175,24.477352302045567,-2.979903748974717,0.05006276818434109,0.05006276818434109
4023,-22.470559615746552,24.46928548329465,-2.977398996933098,0.050672660678675596,0.050672660678675596
4024,-22.51958913966432,24.46109852881476,-2.9748649548767725,0.05128388762302343,0.05128388762302343
4025,-22.56857695128316,24.452790148031603,-2.9723015796359458,0.05189641231655071,0.05189641231655071
4026,-22.61752257959491,24.444359050370892,-2.969708829313561,0.05251019599715575,0.05251019599715575
4027,-22.666425553591353,24.435803945258336,-2.967086663352605,0.05312519776079357,0.05312519776079357
4028,-22.715285402264268,24.42712354211965,-2.9644350426048707,0.053741374554134226,0.053741374554134226
4029,-22.76410165460543,24.41831655038053,-2.9617539294009863,0.054358681101671316,0.054358681101671316
4030,-22.81287383960663,24.409381679466698,-2.9590432876213066,0.054977069914679724,0.054977069914679724
4031,-22.86160148625965,24.400317638803863,-2.9563030827674472,0.05559649122772414,0.05559649122772414
4032,-22.910284123556263,24.391123137817733,-2.953533282035621,0.056216892961359496,0.056216892961359496
4033,-22.958921280488305,24.38179688593401,-2.9507338543906307,0.05683822070529667,0.05683822070529667
4034,-23.007512486047467,24.372337592578415,-2.947904770640881,0.05746041766644475,0.05746041766644475
4035,-23.056057269225576,24.36274396717666,-2.945046003514336,0.05808342465683709,0.05808342465683709
4036,-23.104555159014414,24.353014719154444,-2.942157527735767,0.058707180026894054,0.058707180026894054
4037,-23.15300568440577,24.343148557937496,-2.939239320104174,0.05933161970066645,0.05933161970066645
4038,-23.201408374391406,24.33314419295149,-2.9362913595727944,0.05995667701111788,0.05995667701111788
4039,-23.24976275796313,24.32300033362218,-2.9333136273280327,0.0605822828854613,0.0605822828854613
4040,-23.2980683641127,24.312715689375242,-2.930306106870143,0.06120836556599134,0.06120836556599134
4041,-23.34632472183192,24.302288969636404,-2.9272687840958334,0.061834850790362036,0.061834850790362036
4042,-23.394531360112566,24.291718883831376,-2.924201647379292,0.06246166165465965,0.06246166165465965
4043,-23.44268780794644,24.281004141385843,-2.9211046876567277,0.06308871858901556,0.06308871858901556
4044,-23.490793594325275,24.27014345172555,-2.9179778985096547,0.06371593941476969,0.06371593941476969
4045,-23.53884824824087,24.259135524276186,-2.914821276249549,0.06434323921565022,0.06434323921565022
4046,-23.586851298685023,24.247979068463472,-2.9116348200035347,0.0649705304092929,0.0649705304092929
4047,-23.63480227464951,24.236672793713108,-2.908418531800254,0.06559772265539902,0.06559772265539902
4048,-23.68270070512611,24.22521540945081,-2.9051724166567268,0.06622472289504999,0.06622472289504999
4049,-23.73054611910661,24.213605625102296,-2.901896482664934,0.0668514353130528,0.0668514353130528
4050,-23.778338045582785,24.201842150093256,-2.8985907410802754,0.06747776129072662,0.06747776129072662
4051,-23.82607601354643,24.189923693849416,-2.895255206409239,0.06810359947921671,0.06810359947921671
4052,-23.87375955198931,24.177848965796475,-2.891889896497932,0.06872884568648013,0.06872884568648013
4053,-23.921388189903265,24.165616675360145,-2.8884948326209834,0.06935339297358169,0.06935339297358169
4054,-23.968961456279985,24.153225531966143,-2.885070039570657,0.06997713154892418,0.06997713154892418
4055,-24.0164788801113,24.14067424504018,-2.881615545746324,0.07059994886295477,0.07059994886295477
4056,-24.06393999038899,24.12796152400796,-2.8781313832436903,0.07122172952692125,0.07122172952692125
4057,-24.11134431610484,24.115086078295207,-2.8746175879442526,0.07184235539293868,0.07184235539293868
4058,-24.158691386250617,24.1020466173276,-2.871074199605546,0.07246170545123125,0.07246170545123125
4059,-24.205980729818123,24.088841850530876,-2.8675012619500375,0.07307965600060405,0.07307965600060405
4060,-24.253211875799128,24.075470487330733,-2.8638988086831954,0.07369667726410709,0.07369667726410709
4061,-24.300384337848133,24.061931240088622,-2.860266764007493,0.07431685512322195,0.07431685512322195
4062,-24.347497513059963,24.048222843476797,-2.8566049983484314,0.0749383200467009,0.0749383200467009
4063,-24.394550745004945,24.03434404241273,-2.852913480066224,0.07555905094192554,0.07555905094192554
4064,-24.44154337697228,24.020293581867705,-2.8491922303384865,0.0761789201756063,0.0761789201756063
4065,-24.488474752251154,24.00607020681299,-2.8454412744635067,0.0767978075790907,0.0767978075790907
4066,-24.535344214130745,23.991672662219855,-2.841660641689789,0.07741558995671631,0.07741558995671631
4067,-24.582151105900223,23.977099693059593,-2.837850365313396,0.07803214110582454,0.07803214110582454
4068,-24.62889477084877,23.96235004430347,-2.834010482776028,0.0786473317796375,0.0786473317796375
4069,-24.67557455226557,23.947422460922777,-2.830141035762628,0.0792610297595264,0.0792610297595264
4070,-24.722189793439796,23.93231568788878,-2.8262420702989677,0.07987309980255483,0.07987309980255483
4071,-24.768739837660636,23.917028470172767,-2.8223136368490906,0.08048340372199392,0.08048340372199392
4072,-24.815224028217294,23.901559552745997,-2.818355790411939,0.0810918003659567,0.0810918003659567
4073,-24.86164170839887,23.88590768057977,-2.814368590618397,0.08169814565014374,0.08169814565014374
4074,-24.907992221494602,23.870071598645364,-2.8103521018265214,0.0823022926324953,0.0823022926324953
4075,-24.954274910793647,23.854050051914047,-2.806306393217038,0.08290409146298092,0.08290409146298092
4076,-25.00048911958519,23.837841785357096,-2.8022315388885106,0.08350338948776799,0.08350338948776799
4077,-25.04663419115842,23.821445543945803,-2.7981276179498704,0.08410003129648722,0.08410003129648722
4078,-25.092709468802497,23.80486007265143,-2.793994714613913,0.08469385868266203,0.08469385868266203
4079,-25.13871429580662,23.788084116445262,-2.789832918288898,0.08528471081312712,0.08528471081312712
4080,-25.18464801545995,23.77111642029858,-2.785642323668304,0.08587242418909265,0.08587242418909265
4081,-25.230509971051664,23.753955729182653,-2.781423030820805,0.08645683273624429,0.08645683273624429
4082,-25.276299505870995,23.73660078806876,-2.7771751452771505,0.08703776790559088,0.08703776790559088
4083,-25.322015963207033,23.71905034192819,-2.7728987781166436,0.0876150586563141,0.0876150586563141
4084,-25.367658686349003,23.701303135732225,-2.768594046051548,0.08818853163195389,0.08818853163195389
4085,-25.413227018586078,23.683357914452124,-2.764261071509567,0.08875801113857808,0.08875801113857808
4086,-25.458720303207436,23.66521342305918,-2.75989998271481,0.08932331931096033,0.08932331931096033
4087,-25.50413788350226,23.64686840652467,-2.75551091376563,0.08988427615997964,0.08988427615997964
4088,-25.54947910275972,23.628321609819864,-2.7510940047119683,0.090440699635845,0.090440699635845
4089,-25.59474330426901,23.609571777916045,-2.7466494016289684,0.09099240581246802,0.09099240581246802
4090,-25.639929831319293,23.59061765578449,-2.7421772566882594,0.09153920889773137,0.09153920889773137
4091,-25.685038027199745,23.571457988396478,-2.737677728227687,0.0920809213906299,0.0920809213906299
4092,-25.730067235199595,23.552091520723273,-2.733150980816945,0.09261735420061543,0.09261735420061543
4093,-25.775016798607943,23.532516997736185,-2.728597185321008,0.09314831673009873,0.09314831673009873
4094,-25.819886060714005,23.512733164406473,-2.7240165189607777,0.09367361702434185,0.09367361702434185
4095,-25.864674364806962,23.492738765705415,-2.7194091653700836,0.09419306189125584,0.09419306189125584
4096,-25.90938105417598,23.472532546604292,-2.714775314649705,0.09470645702990423,0.09470645702990423
4097,-25.954005472110254,23.452113252074383,-2.7101151634176417,0.09521360718542109,0.09521360718542109
4098,-25.99854696189895,23.431479627086965,-2.705428914856109,0.0957143162620999,0.0957143162620999
4099,-26.043004866831254,23.41063041661331,-2.7007167787551154,0.0962083874886536,0.0962083874886536
4100,-26.087378530196343,23.38956436562471,-2.695978971551166,0.09669562359384899,0.09669562359384899
4101,-26.131667295283428,23.36828021909242,-2.6912157163629717,0.09717582690012458,0.09717582690012458
4102,-26.175870505381617,23.346776721987744,-2.68642724302307,0.09764879954552431,0.09764879954552431
4103,-26.219987503780125,23.325052619281944,-2.6816137881046576,0.09811434361183352,0.09811434361183352
4104,-26.264017633768134,23.30310665594631,-2.6767755949442,0.09857226132422987,0.09857226132422987
4105,-26.30796023863482,23.28093757695212,-2.6719129136594053,0.09902235520105489,0.09902235520105489
4106,-26.35181466166936,23.25854412727064,-2.6670260011635394,0.09946442821621987,0.09946442821621987
4107,-26.395580246160932,23.23592505187315,-2.662115121174181,0.0998982840284987,0.0998982840284987
4108,-26.439256335398717,23.213079095730933,-2.657180544216895,0.10032372712746611,0.10032372712746611
4109,-26.48284227267189,23.19000500381527,-2.6522225476246777,0.10074056303004915,0.10074056303004915
4110,-26.52633740126963,23.166701521097433,-2.647241415532127,0.10114859847112768,0.10114859847112768
4111,-26.56974106448116,23.143167392548687,-2.642237438864199,0.101547641607421,0.101547641607421
4112,-26.613052605595577,23.119401363140348,-2.6372109153199825,0.10193750219098056,0.10193750219098056
4113,-26.6562713679021,23.095402177843667,-2.6321621641908823,0.10231739238753663,0.10231739238753663
4114,-26.69939669516784,23.07116858304408,-2.627103031012121,0.10222276461044227,0.10222276461044227
4115,-26.742428302776272,23.0467004246915,-2.6220773462695592,0.10082836803276614,0.10082836803276614
4116,-26.7853669424109,23.022000615013024,-2.6171227027642052,0.09921438532308759,0.09921438532308759
4117,-26.828213544980294,22.9970725965393,-2.6122444670112137,0.09760603925210362,0.09760603925210362
4118,-26.87096904139299,22.97191981180098,-2.607442437307611,0.09600368970301344,0.09600368970301344
4119,-26.91363436255755,22.946545703328713,-2.6027164003658148,0.09440766939769489,0.09440766939769489
4120,-26.95621043938249,22.920953713653137,-2.598066132169951,0.0928182845308687,0.0928182845308687
4121,-26.998698202776424,22.89514728530489,-2.593491398810145,0.09123581561864563,0.09123581561864563
4122,-27.04109858364781,22.869129860814656,-2.5889919572952915,0.0896605181168795,0.0896605181168795
4123,-27.08341251290525,22.842904882713064,-2.5845675563444575,0.08809262327066932,0.08809262327066932
4124,-27.125640921457272,22.81647579353076,-2.58021793715621,0.08653233875921246,0.08653233875921246
4125,-27.167784740212433,22.789846035798394,-2.575942834156301,0.08497984953030409,0.08497984953030409
4126,-27.209844900079275,22.763019052046612,-2.5717419757230724,0.08343531846550735,0.08343531846550735
4127,-27.251822331966356,22.735998284806065,-2.5676150848917794,0.08189888716304983,0.08189888716304983
4128,-27.29371796678222,22.70878717660741,-2.5635618800364024,0.08037067665296334,0.08037067665296334
4129,-27.3355327354354,22.681389169981273,-2.5595820755316225,0.0788507880649276,0.0788507880649276
4130,-27.377267568834455,22.653807707458316,-2.5556753823925416,0.07733930343032881,0.07733930343032881
4131,-27.418923397887973,22.62604623156917,-2.5518415088930104,0.07583628630506498,0.07583628630506498
4132,-27.460501153504435,22.598108184844524,-2.548080161164481,0.07434178248163997,0.07434178248163997
4133,-27.502001766592397,22.569997009814987,-2.544391043775251,0.07285582060610639,0.07285582060610639
4134,-27.543426168060435,22.541716149011236,-2.540773860287671,0.07137841297116676,0.07137841297116676
4135,-27.584775288817077,22.513269044963895,-2.537228313797405,0.06990955595645784,0.06990955595645784
4136,-27.626050059770886,22.484659140203625,-2.5337541074538934,0.06844923083982438,0.06844923083982438
4137,-27.667251411830403,22.455889877261065,-2.530350944961029,0.06699740426093534,0.06699740426093534
4138,-27.70838027590418,22.426964698666882,-2.5270185310602407,0.06555402892910235,0.06555402892910235
4139,-27.749437582900747,22.3978870469517,-2.5237565719963726,0.06411904405464977,0.06411904405464977
4140,-27.790424263728703,22.368660364646164,-2.5205647759653447,0.06269237608031475,0.06269237608031475
4141,-27.831341249296518,22.339288094280946,-2.5174428535455777,0.0612739390161456,0.0612739390161456
4142,-27.872189470512794,22.3097736783867,-2.514390518112636,0.059863635176421626,0.059863635176421626
4143,-27.912969858286043,22.28012055949404,-2.511407486238907,0.05846135542389258,0.05846135542389258
4144,-27.95368334352484,22.250332180133647,-2.5084934780775,0.05706697992274905,0.05706697992274905
4145,-27.994330857137733,22.22041198283615,-2.5056482177299775,0.055680378380868076,0.055680378380868076
4146,-28.034913330033252,22.190363410132203,-2.502871433602443,0.05430141060598723,0.05430141060598723
4147,-28.07543169311995,22.160189904552446,-2.5001628587458478,0.052929926895719064,0.052929926895719064
4148,-28.115886877306387,22.129894908627545,-2.4975222311826584,0.051565768491387574,0.051565768491387574
4149,-28.1562798135011,22.099481864888133,-2.4949492942217297,0.05020876787937345,0.05020876787937345
4150,-28.19661143261267,22.068954215864842,-2.4924437967606026,0.048858749259243765,0.048858749259243765
4151,-28.23688266554958,22.038315404088358,-2.4900054935750746,0.04751552883498317,0.04751552883498317
4152,-28.277094443220406,22.007568872089312,-2.487634145598009,0.04617891519067744,0.04617891519067744
4153,-28.317247696533705,21.97671806239835,-2.4853295201865526,0.04484870959817779,0.04484870959817779
4154,-28.35734335639802,21.945766417546135,-2.4830913913789154,0.04352470633330217,0.04352470633330217
4155,-28.397382353721895,21.914717380063294,-2.480919540141439,0.04220669293978621,0.04220669293978621
4156,-28.437365619413878,21.883574392480483,-2.478813754605593,0.04089445054564152,0.04089445054564152
4157,-28.477294084382528,21.85234089732835,-2.476773830295105,0.03958775410530378,0.03958775410530378
4158,-28.517168679536383,21.821020337137544,-2.47479957034508,0.03828637262927473,0.03828637262927473
4159,-28.55699033578399,21.78961615443872,-2.4728907857120785,0.036990069454129464,0.036990069454129464
4160,-28.596759984033923,21.758131791762487,-2.47104729537626,0.03569860241579582,0.03569860241579582
4161,-28.636478555194675,21.726570691639544,-2.469268926535852,0.03441172409689253,0.03441172409689253
4162,-28.676146980174813,21.69493629660052,-2.4675555147939967,0.033129181986986306,0.033129181986986306
4163,-28.715766189882906,21.663232049176074,-2.4659069043381727,0.03185071870963096,0.03185071870963096
4164,-28.755337115227483,21.63146139189684,-2.464322948113936,0.030576072103823432,0.030576072103823432
4165,-28.794860687117108,21.59962776729347,-2.4628035079917168,0.029304975489921833,0.029304975489921833
4166,-28.834337836460314,21.567734617896612,-2.461348365360207,0.028040687196645837,0.028040687196645837
4167,-28.87376948875795,21.535785378918103,-2.4599347156635485,0.02766981256885048,0.02766981256885048
4168,-28.91315520523563,21.503781639153047,-2.458487545137328,0.029363130983376257,0.029363130983376257
4169,-28.95249138859078,21.47172071262908,-2.4569470608465376,0.03135009312316012,0.03135009312316012
4170,-28.991773995798553,21.439599310131324,-2.455305775308492,0.03334005267455611,0.03334005267455611
4171,-29.030998983834163,21.40741414244483,-2.4535635736065617,0.03533328397845836,0.03533328397845836
4172,-29.070162309672835,21.375161920354678,-2.4517203318014107,0.03733004705294497,0.03733004705294497
4173,-29.109259930289777,21.34283935464595,-2.449775917438086,0.03933058661733962,0.03933058661733962
4174,-29.148287802660192,21.31044315610372,-2.447730190085196,0.04133513121003421,0.04133513121003421
4175,-29.18724188375927,21.277970035513064,-2.4455830019053906,0.043343892222671876,0.043343892222671876
4176,-29.226118130562245,21.24541670365907,-2.443334198257058,0.04535706300006599,0.04535706300006599
4177,-29.264912500044304,21.212779871326806,-2.440983618330092,0.047374817739178995,0.047374817739178995
4178,-29.303620949180658,21.18005624930136,-2.438531095815259,0.04939731058560545,0.04939731058560545
4179,-29.342239434946556,21.14724254836778,-2.4359764596065037,0.051424674535590596,0.051424674535590596
4180,-29.380763914317132,21.114335479311197,-2.433319534539753,0.053457020369127674,0.053457020369127674
4181,-29.419190344267616,21.081331752916654,-2.4305601421670686,0.05549443557545425,0.05549443557545425
4182,-29.457514681773237,21.048228079969242,-2.4276981015656895,0.05753698328086378,0.05753698328086378
4183,-29.495732883809183,21.015021171254038,-2.4247332301851374,0.059584701028137566,0.059584701028137566
4184,-29.533840907350662,20.981707737556114,-2.4216653447323155,0.06163759968554396,0.06163759968554396
4185,-29.57183470937289,20.948284489660555,-2.418494262093256,0.06369566225949769,0.06369566225949769
4186,-29.609710246851073,20.91474813835244,-2.4152198002941923,0.0657588426793611,0.0657588426793611
4187,-29.647463476760407,20.881095394416842,-2.411841779502113,0.0678270645863603,0.0678270645863603
4188,-29.685090356076095,20.847322968638835,-2.4083600230648465,0.06990022010142223,0.06990022010142223
4189,-29.722586841773396,20.813427571803484,-2.40477435858996,0.0719781686295439,0.0719781686295439
4190,-29.759948890827445,20.77940591469591,-2.401084619064917,0.07406073551921688,0.07406073551921688
4191,-29.797172460213478,20.745254708101168,-2.39729064401821,0.07614771087213486,0.07614771087213486
4192,-29.8342535069067,20.710970662804343,-2.393392280719774,0.07823884826280446,0.07823884826280446
4193,-29.87118798788232,20.676550489590507,-2.3893893854226333,0.08033386347227384,0.08033386347227384
4194,-29.907971860115538,20.64199089924473,-2.385281824645673,0.08243243321330795,0.08243243321330795
4195,-29.944601080581563,20.6072886025521,-2.381069476496003,0.08453419393330147,0.08453419393330147
4196,-29.981071606255615,20.572440310297704,-2.376752232030746,0.08663874055818609,0.08663874055818609
4197,-30.017379394112886,20.537442733266605,-2.3723299966599876,0.0887456252438649,0.0887456252438649
4198,-30.053520401128594,20.502292582243893,-2.367802691587296,0.0908543562861051,0.0908543562861051
4199,-30.089490584277964,20.46698656801461,-2.3631702552881646,0.0929643968878081,0.0929643968878081
4200,-30.125285900536145,20.431521401363895,-2.358432645026284,0.09507516410756194,0.09507516410756194
4201,-30.160902306878377,20.395893793076795,-2.35358983840455,0.09718602779492626,0.09718602779492626
4202,-30.19633576027987,20.36010045393839,-2.3486418349507203,0.09929630959113846,0.09929630959113846
4203,-30.231582217715825,20.324138094733758,-2.3435886577358467,0.10140528199927233,0.10140528199927233
4204,-30.266637636161448,20.288003426247982,-2.3384303550231684,0.10351216754332306,0.10351216754332306
4205,-30.301497972591946,20.25169315926613,-2.333167001945844,0.1056161379789567,0.1056161379789567
4206,-30.336159183982534,20.21520400457329,-2.3277987022101194,0.1077163136732267,0.1077163136732267
4207,-30.37061722730841,20.178532672954542,-2.322325589822383,0.10981176297171626,0.10981176297171626
4208,-30.404868059544814,20.141675875194927,-2.3167478308369978,0.11190150180699185,0.11190150180699185
4209,-30.438907637666887,20.104630322079583,-2.3110656251207424,0.11398449334494849,0.11398449334494849
4210,-30.472731918649874,20.067392724393564,-2.3052792081307873,0.11605964784328575,0.11605964784328575
4211,-30.506336859468973,20.029959792921943,-2.2993888527027377,0.11812582256848032,0.11812582256848032
4212,-30.539718417099397,19.9923282384498,-2.293394870844401,0.12018182197580611,0.12018182197580611
4213,-30.57287254851636,19.954494771762228,-2.2872976155292566,0.12222639802122033,0.12222639802122033
4214,-30.605795210695046,19.91645610364428,-2.2810974824882724,0.12425825056308205,0.12425825056308205
4215,-30.638482360610684,19.87820894488105,-2.2747949119910205,0.12627602821158615,0.12627602821158615
4216,-30.670929955238467,19.83975000625761,-2.2683903906124296,0.12827832906354966,0.12827832906354966
4217,-30.70313395155361,19.801075998559046,-2.261884452980445,0.13026370193694561,0.13026370193694561
4218,-30.73509030653134,19.7621836325704,-2.25527768349624,0.13223064764478276,0.13223064764478276
4219,-30.76679497714682,19.723069619076814,-2.248570718022459,0.13417762062213348,0.13417762062213348
4220,-30.798243920375274,19.683730668863333,-2.2417695243846794,0.13589355318832536,0.13589355318832536
4221,-30.829433493526782,19.644163843778298,-2.2349861306946557,0.13338166462354278,0.13338166462354278
4222,-30.86036810006923,19.60437326153907,-2.2284250675728745,0.12697320388805822,0.12697320388805822
4223,-30.89105959278922,19.56436957234945,-2.2221880079128504,0.12042730225790804,0.12042730225790804
4224,-30.921520105218082,19.524163672605056,-2.2162782731039514,0.11389390999798388,0.11389390999798388
4225,-30.951761770887114,19.483766458701485,-2.21069539259364,0.1073754880622295,0.1073754880622295
4226,-30.98179672332765,19.44318882703435,-2.2054388222302026,0.10087394418355167,0.10087394418355167
4227,-31.011637096071002,19.402441673999256,-2.200507962174506,0.09439066807907964,0.09439066807907964
4228,-31.041295022648516,19.361535895991775,-2.195902173658801,0.08792656689217848,0.08792656689217848
4229,-31.070782636591467,19.32048238940758,-2.1916207945931534,0.08148210027842469,0.08148210027842469
4230,-31.100112071431198,19.27929205064224,-2.1876631540306373,0.07505731509752961,0.07505731509752961
4231,-31.12929546069903,19.237975776091368,-2.184028585503663,0.06865187952778275,0.06865187952778275
4232,-31.158344937926277,19.196544462150566,-2.180716439249913,0.0622651164238132,0.0622651164238132
4233,-31.187272636644273,19.15500900521545,-2.177726093346911,0.05589603598620549,0.05589603598620549
4234,-31.21609069038432,19.113380301681612,-2.175056963778518,0.04954336745534434,0.04954336745534434
4235,-31.244811232677748,19.071669247944666,-2.1727085134542192,0.04320559019304911,0.04320559019304911
4236,-31.273446397055867,19.02988674040022,-2.170680260203264,0.03688096374703378,0.03688096374703378
4237,-31.30200831705001,18.988043675443873,-2.168971783766469,0.030567557304243667,0.030567557304243667
4238,-31.33050912619152,18.94615094947121,-2.1675827318035785,0.024263278371229515,0.024263278371229515
4239,-31.358960958011654,18.90421945887789,-2.1665128249366554,0.017965900808814016,0.017965900808814016
4240,-31.38737594604178,18.8622601000595,-2.1657618608420464,0.011673092489042506,0.011673092489042506
4241,-31.415766223813193,18.820283769411635,-2.1653297174062955,0.005382442287293187,0.005382442287293187
4242,-31.444143924857222,18.77830136332991,-2.1652163549553354,-0.0009085129613361478,0.0009085129613361478
4243,-31.472521182705194,18.736323778209922,-2.1654218175618634,-0.007202261886385449,0.007202261886385449
4244,-31.500910130888425,18.694361910447284,-2.1659462334367343,-0.01350129196380687,0.01350129196380687
4245,-31.529322902938233,18.65242665643761,-2.1667898144023154,-0.01980806284878576,0.01980806284878576
4246,-31.557771632385943,18.61052891257649,-2.167952854444581,-0.026124979501369803,0.026124979501369803
4247,-31.586268452762884,18.5686795752595,-2.1694357273374143,-0.03245436501343664,0.03245436501343664
4248,-31.61482549760035,18.52688954088233,-2.171238883326396,-0.03879843286859721,0.03879843286859721
4249,-31.64345490042966,18.485169705840534,-2.173362844860966,-0.04515925885684658,0.04515925885684658
4250,-31.672168794782152,18.443530966529725,-2.175808201356587,-0.05153875202977906,0.05153875202977906
4251,-31.700979314189144,18.40198421934551,-2.178575602966317,-0.057938625130287975,0.057938625130287975
4252,-31.729898592181954,18.360540360683498,-2.1816657533425587,-0.0643603640318965,0.0643603640318965
4253,-31.758938762291898,18.31921028693929,-2.1850794013628096,-0.07080519631108673,0.07080519631108673
4254,-31.788111958050298,18.278004894508495,-2.1888173317950135,-0.07727405884889495,0.07727405884889495
4255,-31.81743031298848,18.236935079786722,-2.192880354876317,-0.08376756446479275,0.08376756446479275
4256,-31.846905960637752,18.196011739169574,-2.1972692947802326,-0.09028596762289835,0.09028596762289835
4257,-31.876551034529463,18.155245769052623,-2.2019849769458792,-0.09682912914282772,0.09682912914282772
4258,-31.906377668194896,18.11464806583155,-2.2070282142455038,-0.10339648013800383,0.10339648013800383
4259,-31.936397995165375,18.074229525901913,-2.212399791972232,-0.10998698528521292,0.10998698528521292
4260,-31.966624148972237,18.03400104565933,-2.218100451628762,-0.11659910540405033,0.11659910540405033
4261,-31.997068263146794,17.99397352149941,-2.2241308735065584,-0.12323075990740642,0.12323075990740642
4262,-32.02774247122037,17.95415784981775,-2.2304916580522103,-0.12987928907601026,0.12987928907601026
4263,-32.05865890672427,17.914564927009955,-2.237183306023962,-0.13654141674834971,0.13654141674834971
4264,-32.08982970318983,17.875205649471646,-2.244206197451114,-0.14321321357202776,0.14321321357202776
4265,-32.121266994148364,17.83609091359842,-2.2515605694232796,-0.149890061653908,0.149890061653908
4266,-32.152982913131204,17.797231615785883,-2.2592464927485283,-0.1565666207330104,0.1565666207330104
4267,-32.18498959366967,17.75863865242961,-2.267263847534179,-0.16323679689055928,0.16323679689055928
4268,-32.21729916929506,17.720322919925273,-2.275612297761592,-0.16989371409856815,0.16989371409856815
4269,-32.2499237735387,17.68229531466844,-2.284291264947248,-0.1765296898299485,0.1765296898299485
4270,-32.28287553993191,17.644566733054724,-2.293299901002399,-0.18313621504531272,0.18313621504531272
4271,-32.31616660200602,17.607148071479735,-2.3026370604239115,-0.18970393986047848,0.18970393986047848
4272,-32.349809093292336,17.57005022633907,-2.3123012719796576,-0.19622266565984986,0.19622266565984986
4273,-32.383815147322196,17.533284094028343,-2.3222906732445474,-0.2026798774978959,0.2026798774978959
4274,-32.41819689436756,17.496860569028478,-2.3325578199579207,-0.20726532123059602,0.20726532123059602
4275,-32.45296245404724,17.460788189800077,-2.3429225609301074,-0.2065005479276394,0.2065005479276394
4276,-32.48810812612228,17.425068551339837,-2.3532271690979374,-0.2047654996419104,0.2047654996419104
4277,-32.52362804365689,17.389701975838985,-2.3634477828217295,-0.20303935564667547,0.20303935564667547
4278,-32.55951633971538,17.35468878548867,-2.3735850183349276,-0.20132385730063782,0.20132385730063782
4279,-32.59576714736204,17.320029302480062,-2.3836395484481256,-0.19962066305546006,0.19962066305546006
4280,-32.632374599661105,17.28572384900434,-2.393612099858451,-0.19793135017199967,0.19793135017199967
4281,-32.66933282967687,17.251772747252677,-2.40350345051973,-0.1962574164655922,0.1962574164655922
4282,-32.70663597047361,17.21817631941626,-2.413314427076878,-0.19460028234619312,0.19460028234619312
4283,-32.74427815511559,17.18493488768624,-2.4230459023730826,-0.19296129307189622,0.19296129307189622
4284,-32.78225351666708,17.152048774253803,-2.4326987930293935,-0.1913417209156267,0.1913417209156267
4285,-32.82055618819236,17.11951830131013,-2.4422740571004393,-0.18974276769081916,0.18974276769081916
4286,-32.85918030275574,17.08734379104636,-2.4517726918110765,-0.18816556721494662,0.18816556721494662
4287,-32.89811999342142,17.055525565653735,-2.4611957313731727,-0.18661118788686668,0.18661118788686668
4288,-32.93736939325369,17.024063947323377,-2.470544244886742,-0.18508063539374545,0.18508063539374545
4289,-32.97692263531685,16.992959258246483,-2.47981933432394,-0.18357485527893258,0.18357485527893258
4290,-33.01677385267517,16.962211820614225,-2.48902213259801,-0.18209473577780272,0.18209473577780272
4291,-33.0569171783929,16.931821956617767,-2.4981538017196843,-0.18064111051203158,0.18064111051203158
4292,-33.09734674553433,16.90178998844829,-2.5072155310368975,-0.1792147611790487,0.1792147611790487
4293,-33.138056687163726,16.872116238296968,-2.5162085355606094,-0.1778164203646018,0.1778164203646018
4294,-33.179041136345376,16.842801028354984,-2.5251340543755805,-0.17644677418539956,0.17644677418539956
4295,-33.22029422614353,16.813844680813496,-2.5339933491359865,-0.17510646508654448,0.17510646508654448
4296,-33.26181008962251,16.78524751786367,-2.5427877026437797,-0.17379609438627605,0.17379609438627605
4297,-33.30358285984651,16.75700986169672,-2.551518417509198,-0.17251622502406258,0.17251622502406258
4298,-33.34560666987984,16.7291320345038,-2.5601868148932128,-0.1712673840737055,0.1712673840737055
4299,-33.387875652786775,16.701614358476082,-2.5687942333292075,-0.17005006534712638,0.17005006534712638
4300,-33.4303839416316,16.674457155804742,-2.577342027623175,-0.16886473184835055,0.16886473184835055
4301,-33.47312566947856,16.64766074868096,-2.5858315678305424,-0.1677118182605569,0.1677118182605569
4302,-33.51609496939195,16.621225459295896,-2.594264238308812,-0.1665917333298544,0.1665917333298544
4303,-33.55928597443603,16.595151609840737,-2.6026414368430726,-0.1655048621920016,0.1655048621920016
4304,-33.602692817675084,16.569439522506663,-2.610964573842892,-0.16445156865603805,0.16445156865603805
4305,-33.64630963217337,16.544089519484828,-2.6192350716108272,-0.16343219749539367,0.16343219749539367
4306,-33.690130550995214,16.51910192296641,-2.6274543636775927,-0.16244707649417595,0.16244707649417595
4307,-33.73414970720481,16.49447705514261,-2.6356238942040013,-0.1614965186968156,0.1614965186968156
4308,-33.77836123386645,16.47021523820458,-2.6437451174490945,-0.16058082439352198,0.16058082439352198
4309,-33.82275926404444,16.446316794343506,-2.65181949729885,-0.15970028310307105,0.15970028310307105
4310,-33.86733793080303,16.42278204575056,-2.659848506857579,-0.15885517560535992,0.15885517560535992
4311,-33.91209136720648,16.399611314616905,-2.6678336280996566,-0.1580457757927489,0.1580457757927489
4312,-33.9570137063191,16.376804923133726,-2.6757763515767925,-0.15727235247694163,0.15727235247694163
4313,-34.002099081205124,16.354363193492198,-2.6836781761834154,-0.15653517130921735,0.15653517130921735
4314,-34.04734162492886,16.332286447883494,-2.6915406089761897,-0.15583449640006788,0.15583449640006788
4315,-34.09273547055459,16.310575008498766,-2.6993651650466397,-0.1551705921687311,0.1551705921687311
4316,-34.138274751146525,16.289229197529234,-2.7071533674455615,-0.15454372488617987,0.15454372488617987
4317,-34.18395359976897,16.268249337166047,-2.7149067471573547,-0.1539541644286875,0.1539541644286875
4318,-34.229766149486196,16.247635749600377,-2.7226268431244307,-0.1534021858054556,0.1534021858054556
4319,-34.27570653336248,16.227388757023412,-2.7303152023176454,-0.1528880707369727,0.1528880707369727
4320,-34.32176888446211,16.20750868162631,-2.737973379854451,-0.15241210923549797,0.15241210923549797
4321,-34.36794733584933,16.18799584560026,-2.745602939162431,-0.15197460108004565,0.15197460108004565
4322,-34.41423602058843,16.16885057113643,-2.7532054521860756,-0.15157585730611037,0.15157585730611037
4323,-34.46062907174368,16.150073180425995,-2.7607824996377954,-0.1512162017152962,0.1512162017152962
4324,-34.50712062237935,16.131663995660126,-2.7683356712912963,-0.15089597229131263,0.15089597229131263
4325,-34.553704805559754,16.11362333903,-2.775866566315045,-0.15061552262241193,0.15061552262241193
4326,-34.60037575434907,16.095951532726794,-2.7833767936484053,-0.1503752234250403,0.1503752234250403
4327,-34.64712760181163,16.078648898941683,-2.7908680033552886,-0.1501766579540797,0.1501766579540797
4328,-34.69395449716868,16.06171575723752,-2.798345069028262,-0.15014298447360808,0.15014298447360808
4329,-34.740852336145096,16.045152143065515,-2.8058181477145587,-0.1503543132730619,0.1503543132730619
4330,-34.78782029971013,16.02895755745139,-2.8132935911437165,-0.1505720927028454,0.1505720927028454
4331,-34.83485793180629,16.01313144237435,-2.820771353820703,-0.1507682662982935,0.1507682662982935
4332,-34.881964776376115,15.997673239813608,-2.828250720590951,-0.15094274111439202,0.15094274111439202
4333,-34.929140377362096,15.982582391748375,-2.835730975764734,-0.15109544050092338,0.15109544050092338
4334,-34.97638427870676,15.96785834015787,-2.843211403551643,-0.1512263041433294,0.1512263041433294
4335,-35.02369602435265,15.953500527021284,-2.8506912884953937,-0.15133528820265438,0.15133528820265438
4336,-35.07107515824221,15.939508394317851,-2.8581699159087046,-0.15142236531337608,0.15142236531337608
4337,-35.118521224317995,15.92588138402678,-2.8656465723058293,-0.15148752459726678,0.15148752459726678
4338,-35.16603376652251,15.912618938127277,-2.873120545834316,-0.15153077168905596,0.15153077168905596
4339,-35.213612328798284,15.899720498598553,-2.8805911267041315,-0.15155212864730785,0.15155212864730785
4340,-35.261256455087825,15.887185507419824,-2.8880576076131,-0.1515516339027914,0.1515516339027914
4341,-35.30896568933365,15.875013406570295,-2.8955192841694437,-0.15152934217132688,0.15152934217132688
4342,-35.356739575478265,15.863203638029187,-2.902975455309274,-0.15148532428300285,0.15148532428300285
4343,-35.40457765746418,15.851755643775705,-2.910425423709544,-0.1514196670848793,0.1514196670848793
4344,-35.452479479233936,15.840668865789064,-2.9178684961953625,-0.15133247319533197,0.15133247319533197
4345,-35.500444584730076,15.829942746048468,-2.925303984140765,-0.15122386084009287,0.15122386084009287
4346,-35.54847251789502,15.819576726533144,-2.9327312038635265,-0.15109396359992938,0.15109396359992938
4347,-35.59656282267133,15.809570249222293,-2.94014947701218,-0.15094293014608806,0.15094293014608806
4348,-35.644715043001526,15.799922756095125,-2.947558130945412,-0.15077092396387465,0.15077092396387465
4349,-35.692928722828114,15.790633689130859,-2.95495649910308,-0.15057812303361062,0.15057812303361062
4350,-35.74120340609363,15.781702490308708,-2.9623439213682685,-0.1503647195033124,0.1503647195033124
4351,-35.78953863674057,15.773128601607874,-2.969719744420949,-0.15013091936747527,0.15013091936747527
4352,-35.83793395871145,15.764911465007579,-2.977083322081174,-0.14987694203333432,0.14987694203333432
4353,-35.886388915948785,15.757050522487027,-2.9844340156422264,-0.1496030199928353,0.1496030199928353
4354,-35.93490305239513,15.749545216025428,-2.9917711941938054,-0.1493093983731187,0.1493093983731187
4355,-35.98347591199292,15.742394987602005,-2.999094234933962,-0.14899633453325473,0.14899633453325473
4356,-36.032107038684714,15.735599279195966,-3.006402523469852,-0.14866409760311702,0.14866409760311702
4357,-36.080795976413015,15.72915753278651,-3.013695454107728,-0.148312968075606,0.148312968075606
4358,-36.12954226912035,15.723069190352865,-3.020972430130452,-0.14794323726411052,0.14794323726411052
4359,-36.17834546074924,15.717333693874243,-3.0282328640626575,-0.14755520688298665,0.14755520688298665
4360,-36.22720509524219,15.711950485329844,-3.035476177925218,-0.14714918856084908,0.14714918856084908
4361,-36.27612071654169,15.706919006698882,-3.042701803476415,-0.14672550330320808,0.14672550330320808
4362,-36.3250918685903,15.702238699960578,-3.0499091824399116,-0.14628448100130018,0.14628448100130018
4363,-36.37411809533051,15.697909007094136,-3.05709776672115,-0.14582645995009721,0.14582645995009721
4364,-36.42319894070487,15.693929370078767,-3.064267018610718,-0.14535178629441767,0.14535178629441767
4365,-36.47233394865582,15.690299230893688,-3.0714164109744444,-0.14486081352746072,0.14486081352746072
4366,-36.52152266312593,15.687018031518107,-3.0785454274309436,-0.14435390196701112,0.14435390196701112
4367,-36.570764628057695,15.684085213931242,-3.0856535625159833,-0.14383141822154102,0.14383141822154102
4368,-36.62005938739364,15.681500220112296,-3.0927403218342366,-0.14329373469142995,0.14329373469142995
4369,-36.66940648507628,15.679262492040484,-3.0998052221979635,-0.14274122901503303,0.14274122901503303
4370,-36.718805465048106,15.677371471695018,-3.106847791752791,-0.14217428357832598,0.14217428357832598
4371,-36.768255871251675,15.675826601055117,-3.1138675700905467,-0.14159328496321408,0.14159328496321408
4372,-36.81775724762945,15.67462732209998,-3.120864108350037,-0.14099862349500328,0.14099862349500328
4373,-36.86730913812399,15.673773076808825,-3.127836969304927,-0.14039069266471282,0.14039069266471282
4374,-36.91691108667785,15.673263307160866,-3.134785727438722,-0.13976988868042306,0.13976988868042306
4375,-36.96656263723343,15.673097455135313,3.141475338171144,-0.13913660996173705,0.13913660996173705
4376,-37.016263333733306,15.673274962711377,3.1345760150839044,-0.1384912566489406,0.1384912566489406
4377,-37.066012720119986,15.673795271868267,3.1277020005335565,-0.1378342301421652,0.1378342301421652
4378,-37.115810340336004,15.674657824585204,3.1208536726830474,-0.13716593261284785,0.13716593261284785
4379,-37.16565573832384,15.675862062841388,3.1140313977872607,-0.13648676659349915,0.13648676659349915
4380,-37.21554845802604,15.67740742861604,3.1072355276322257,-0.13579723782410882,0.13579723782410882
4381,-37.26548804298294,15.679293364129977,3.100458115379353,-0.1354322765459399,0.1354322765459399
4382,-37.31547274461461,15.681520087871254,3.0936639780195456,-0.1361551238813878,0.1361551238813878
4383,-37.36549665346348,15.684090318058841,3.0868196371369967,-0.1371371221513339,0.1371371221513339
4384,-37.4155530241536,15.68700727510651,3.0799178602083352,-0.1381658927307558,0.1381658927307558
4385,-37.46563511130889,15.690274179428016,3.072956773542673,-0.13924141548907587,0.13924141548907587
4386,-37.5157361695534,15.693894251437124,3.0659345008725705,-0.14036368886068734,0.14036368886068734
4387,-37.565849453511156,15.697870711547598,3.058849163047828,-0.14153272712269646,0.14153272712269646
4388,-37.61596821780615,15.702206780173206,3.051698877813045,-0.14274855760459085,0.14274855760459085
4389,-37.66608571706239,15.706905677727702,3.0444817596706653,-0.14401121787756024,0.14401121787756024
4390,-37.716195205903894,15.711970624624854,3.0371959198330303,-0.14532075279312462,0.14532075279312462
4391,-37.76628993895468,15.71740484127843,3.029839466266931,-0.14667721149101534,0.14667721149101534
4392,-37.816363170838756,15.723211548102189,3.0224105038327216,-0.1480806443008944,0.1480806443008944
4393,-37.86640815618015,15.729393965509896,3.014907134522701,-0.14953109949673465,0.14953109949673465
4394,-37.91641814960281,15.735955313915309,3.007327457802579,-0.15102861996824513,0.15102861996824513
4395,-37.96638640573079,15.742898813732195,2.999669571059847,-0.15257323973582462,0.15257323973582462
4396,-38.01630617918809,15.750227685374316,2.9919315701635956,-0.15416498033949388,0.15416498033949388
4397,-38.066170724598734,15.757945149255443,2.984111550140907,-0.15580384704087621,0.15580384704087621
4398,-38.11597329658671,15.766054425789326,2.976207605974035,-0.1574898249223376,0.1574898249223376
4399,-38.16570714977605,15.774558735389734,2.9682178335238576,-0.15922287474060065,0.15922287474060065
4400,-38.21536553879073,15.783461298470433,2.960140330585741,-0.16100292864030707,0.16100292864030707
4401,-38.2649417182548,15.792765335445186,2.9519731980817676,-0.16282988570248902,0.16282988570248902
4402,-38.31442894279225,15.802474066727754,2.943714541396356,-0.16470360721842925,0.16470360721842925
4403,-38.36382046702713,15.812590712731906,2.935362471860698,-0.16662391186100775,0.16662391186100775
4404,-38.41310954558338,15.823118493871396,2.926915108391977,-0.16859057054441534,0.16859057054441534
4405,-38.462289433085054,15.834060630559996,2.918370579293781,-0.17060330116948985,0.17060330116948985
4406,-38.51135338415614,15.84542034321146,2.9097270242228017,-0.17266176309361397,0.17266176309361397
4407,-38.560294653420655,15.85720085223956,2.900982596329477,-0.1747655513928773,0.1747655513928773
4408,-38.60910649550262,15.869405378058053,2.892135464577285,-0.1769141909563111,0.1769141909563111
4409,-38.65778216502603,15.882037141080705,2.883183816247375,-0.17910713030011155,0.17910713030011155
4410,-38.7063149166149,15.89509936172128,2.8741258596343138,-0.18134373525109193,0.18134373525109193
4411,-38.75469800489326,15.908595260393538,2.8649598269376466,-0.183623282398698,0.183623282398698
4412,-38.80292468448509,15.92252805751125,2.8556839773562253,-0.1859449523356782,0.1859449523356782
4413,-38.85098821001446,15.936900973488186,2.846296600388656,-0.18830782282236586,0.18830782282236586
4414,-38.89888183610529,15.951717228738081,2.836796019344286,-0.19071086170894294,0.19071086170894294
4415,-38.94659881738163,15.966980043674717,2.827180595070083,-0.19315291976912846,0.19315291976912846
4416,-38.994132408467486,15.982692638711857,2.8174487298950606,-0.19563272345318253,0.19563272345318253
4417,-39.04147586398689,15.998858234263261,2.8075988717946716,-0.19814886755741257,0.19814886755741257
4418,-39.08862243856383,16.015480050742696,2.7976295187776135,-0.20069980783681554,0.20069980783681554
4419,-39.135565386822314,16.03256130856392,2.787539223494953,-0.2032838536761952,0.2032838536761952
4420,-39.182297963386375,16.0501052281407,2.777326598070099,-0.20589916080025059,0.20589916080025059
4421,-39.22881342288,16.068115029886798,2.7669903191487037,-0.2085437240663465,0.2085437240663465
4422,-39.27510501992726,16.086593934215998,2.7565291331646717,-0.21121537046977068,0.21121537046977068
4423,-39.32116600915206,16.10554516154202,2.7459418618163896,-0.21391175236539908,0.21391175236539908
4424,-39.36698964517845,16.124971932278655,2.735227407747403,-0.2166303409750052,0.2166303409750052
4425,-39.41256918263047,16.144877466839663,2.7243847604218665,-0.21936842032509077,0.21936842032509077
4426,-39.45789787613211,16.165264985638803,2.713413002184308,-0.22212308159049812,0.22212308159049812
4427,-39.50296898030739,16.186137709089845,2.702311314490851,-0.22489121804261458,0.22489121804261458
4428,-39.5477757497803,16.20749885760655,2.691078984295908,-0.22766952061799664,0.22766952061799664
4429,-39.592311439174864,16.229351651602677,2.679715410576697,-0.23045447425589724,0.23045447425589724
4430,-39.636569303115095,16.25169931149199,2.66822011097462,-0.2332423550850454,0.2332423550850454
4431,-39.680542596224996,16.274545057688258,2.656592728531074,-0.2360292285425749,0.2360292285425749
4432,-39.72422457312863,16.297892110605265,2.6448330384903644,-0.23881094864673383,0.23881094864673383
4433,-39.76760848844989,16.32174369065672,2.63294095514121,-0.24158315834959534,0.24158315834959534
4434,-39.81068759681287,16.34610301825643,2.6209368218069446,-0.2435196053794656,0.2435196053794656
4435,-39.85345646776479,16.370971754007524,2.608940650755679,-0.24140559232767375,0.24140559232767375
4436,-39.895916094258396,16.396343938831848,2.5970835944626103,-0.23799902390296754,0.23799902390296754
4437,-39.938069427656764,16.4222112905124,2.585398054574033,-0.2345252555984279,0.2345252555984279
4438,-39.97991941979729,16.448565526269498,2.5738859749851435,-0.2309919978078744,0.2309919978078744
4439,-40.02146902251742,16.475398363323464,2.5625490514787646,-0.2274064292864391,0.2274064292864391
4440,-40.06272118765454,16.502701518894607,2.5513887477515556,-0.22377547313451163,0.22377547313451163
4441,-40.1036788670461,16.530466710203257,2.5404063045421608,-0.22010578022253685,0.22010578022253685
4442,-40.144345012529506,16.558685654469752,2.5296027491143858,-0.2164037154801811,0.2164037154801811
4443,-40.184722575942146,16.587350068914365,2.5189789050159135,-0.21267534731311674,0.21267534731311674
4444,-40.224814509121444,16.61645167075743,2.508535402039233,-0.20892643949197745,0.20892643949197745
4445,-40.26462376390485,16.645982177219295,2.4982726863174363,-0.20516244576666368,0.20516244576666368
4446,-40.30415329212973,16.67593330552024,2.4881910304891575,-0.20138850671345926,0.20138850671345926
4447,-40.34340604563354,16.706296772880613,2.478290543876401,-0.19760944874418418,0.19760944874418418
4448,-40.3823849762537,16.73706429652072,2.4685711826207246,-0.19382978508186985,0.19382978508186985
4449,-40.421093035827596,16.768227593660885,2.4590327597315507,-0.19005371838018284,0.19005371838018284
4450,-40.45953317619266,16.79977838152142,2.449674955003619,-0.18628514498123247,0.18628514498123247
4451,-40.49770834918631,16.831708377322656,2.4404973247655866,-0.18252766043260318,0.18252766043260318
4452,-40.53562150664599,16.864009298284927,2.431499311428588,-0.1787845661860875,0.1787845661860875
4453,-40.57327560040904,16.8966728616285,2.4226802528061073,-0.175058877279102,0.175058877279102
4454,-40.610673582312934,16.929690784573726,2.4140393911817246,-0.17135333082796667,0.17135333082796667
4455,-40.647818404195085,16.96305478434093,2.4055758821057935,-0.1676703951621082,0.1676703951621082
4456,-40.68471301789288,16.99675657815042,2.397288802906321,-0.16401227946564206,0.16401227946564206
4457,-40.721360375243776,17.030787883222516,2.389177160899962,-0.1603809438961845,0.1603809438961845
4458,-40.75776342808517,17.065140416777542,2.3812399012968424,-0.156778109780281,0.156778109780281
4459,-40.793925128254465,17.099805896035814,2.3734759147937425,-0.15320527014504373,0.15320527014504373
4460,-40.8298484275891,17.13477603821765,2.3658840448497234,-0.149663700245225,0.149663700245225
4461,-40.86553627792649,17.1700425605434,2.3584630946475214,-0.14615446797122292,0.14615446797122292
4462,-40.90099163110403,17.20559718023333,2.351211833739932,-0.1426784443394725,0.1426784443394725
4463,-40.936217438959154,17.241431614507782,2.3441290043848793,-0.13923631362054614,0.13923631362054614
4464,-40.97121665332926,17.277537580587072,2.3372133275766585,-0.13582858333800843,0.13582858333800843
4465,-41.00599222605177,17.313906795691523,2.3304635087770578,-0.13245559401177048,0.13245559401177048
4466,-41.04054710896412,17.350530977041455,2.3238782433550944,-0.12911752852725306,0.12911752852725306
4467,-41.07488425390372,17.38740184185719,2.3174562217459633,-0.125814421143999,0.125814421143999
4468,-41.109006612707965,17.424511107359045,2.3111961343377323,-0.12254616618506589,0.12254616618506589
4469,-41.14291713721428,17.46185049076733,2.3050966760954354,-0.11931252629980488,0.11931252629980488
4470,-41.176618779260124,17.499411709302382,2.2991565509343896,-0.11611314030672498,0.11611314030672498
4471,-41.21011449068286,17.537186480184527,2.293374475856161,-0.11294753053336432,0.11294753053336432
4472,-41.24340722331991,17.575166520634042,2.2877491848554965,-0.10981510993365842,0.10981510993365842
4473,-41.2764999290087,17.613343547871274,2.2822794326120874,-0.10671518847709882,0.10671518847709882
4474,-41.30939555958666,17.651709279116538,2.2769639979796636,-0.10364697936927332,0.10364697936927332
4475,-41.34209706689118,17.690255431590156,2.271801687284179,-0.1006096045753263,0.1006096045753263
4476,-41.37460740275969,17.728973722512443,2.2667913374427933,-0.0976021001798617,0.0976021001798617
4477,-41.40692951902962,17.76785586910372,2.2619318189154707,-0.09462342105079609,0.09462342105079609
4478,-41.43906636753836,17.806893588584302,2.2572220385031283,-0.09167244526188215,0.09167244526188215
4479,-41.471020900123335,17.84607859817452,2.252660942001838,-0.08874797800249516,0.08874797800249516
4480,-41.502796068621976,17.885402615094684,2.248247516725256,-0.0858487551467553,0.0858487551467553
4481,-41.5343948248717,17.924857356565138,2.2439807939075695,-0.08297344631519328,0.08297344631519328
4482,-41.565820120709894,17.964434539806152,2.2398598509970604,-0.08012065768849884,0.08012065768849884
4483,-41.59707490797399,18.004125882038075,2.235883813851445,-0.07728893428201206,0.07728893428201206
4484,-41.62816213850141,18.043923100481216,2.2320518588456513,-0.07447676199787868,0.07447676199787868
4485,-41.65908476412955,18.083817912355897,2.2283632149022323,-0.07168256916463361,0.07168256916463361
4486,-41.68984573669586,18.123802034882445,2.224817165454502,-0.06890472786533433,0.06890472786533433
4487,-41.72044800803774,18.163867185281177,2.22141114467145,-0.0662169674747608,0.0662169674747608
4488,-41.75089448801116,18.204005342755007,2.2181134090282835,-0.06470015934277103,0.06470015934277103
4489,-41.781187440473964,18.244212517819236,2.2148715645513235,-0.06409193115531096,0.06409193115531096
4490,-41.81132862271264,18.28448788221672,2.211662222387929,-0.06350164688075022,0.06350164688075022
4491,-41.84131977843545,18.324830692425003,2.2084849887366316,-0.06290496565499262,0.06290496565499262
4492,-41.871162651350524,18.365240204921523,2.20534007946518,-0.06230203190644899,0.06230203190644899
4493,-41.90085898516609,18.405715676183807,2.202227705279525,-0.06169298940814003,0.06169298940814003
4494,-41.93041052359033,18.446256362689354,2.1991480717687324,-0.06107798109761316,0.06107798109761316
4495,-41.9598190103315,18.48686152091567,2.1961013794517616,-0.06045714909139605,0.06045714909139605
4496,-41.989086189097755,18.527530407340258,2.193087823827861,-0.0598306344367568,0.0598306344367568
4497,-42.01821380359733,18.568262278440617,2.1901075954285787,-0.05919857720944972,0.05919857720944972
4498,-42.0472035975384,18.60905639069425,2.187160879871069,-0.05856111628022714,0.05856111628022714
4499,-42.07605731462918,18.649912000578656,2.1842478579144893,-0.05791838934453816,0.05791838934453816
4500,-42.10477669857788,18.690828364571363,2.181368705517635,-0.05727053276563949,0.05727053276563949
4501,-42.13336349309269,18.73180473914982,2.178523593897973,-0.056617681600364816,0.056617681600364816
4502,-42.16181944188181,18.77284038079155,2.1757126895924195,-0.055959969432225365,0.055959969432225365
4503,-42.19014628865343,18.813934545974057,2.1729361545211487,-0.05529752834770845,0.05529752834770845
4504,-42.21834577711579,18.85508649117485,2.170194146050083,-0.05463048894727157,0.05463048894727157
4505,-42.24641965097706,18.89629547287141,2.1674868170565307,-0.053958980144789316,0.053958980144789316
4506,-42.274369653945456,18.937560747541262,2.164814315996237,-0.05328312925223066,0.05328312925223066
4507,-42.302197529729185,18.978881571661898,2.1621767869699555,-0.052603061856554695,0.052603061856554695
4508,-42.32990502203644,19.020257201710816,2.1595743697924092,-0.051918901793402694,0.051918901793402694
4509,-42.35749387457542,19.061686894165515,2.1570072000619303,-0.05123077109476889,0.05123077109476889
4510,-42.38496583105435,19.103169905503535,2.154475409230328,-0.05053878998421006,0.05053878998421006
4511,-42.41232263518139,19.14470549220231,2.1519791246740874,-0.04984307678243935,0.04984307678243935
4512,-42.439566030664786,19.186292910739375,2.1495184697654826,-0.04914374796330127,0.04914374796330127
4513,-42.46669776121271,19.22793141759223,2.147093563945017,-0.048440918004037346,0.048440918004037346
4514,-42.493719570533365,19.269620269238374,2.1447045227944743,-0.0477346994740505,0.0477346994740505
4515,-42.520633202334984,19.311358722155315,2.142351458108694,-0.047025202963119336,0.047025202963119336
4516,-42.54744040032575,19.353146032820543,2.1400344779692,-0.046312537046730745,0.046312537046730745
4517,-42.574142908213844,19.39498145771157,2.1377536868182947,-0.04559680827357568,0.04559680827357568
4518,-42.6007424697075,19.43686425330589,2.135509185531721,-0.044878121208826935,0.044878121208826935
4519,-42.62724082851491,19.478793676081015,2.133301071492005,-0.04415657833996543,0.04415657833996543
4520,-42.65363972834428,19.520768982514465,2.131129438662831,-0.043432280107867594,0.043432280107867594
4521,-42.67994091290381,19.562789429083686,2.128994377661362,-0.04270532493931861,0.04270532493931861
4522,-42.706146125901675,19.604854272266202,2.12689597583224,-0.04197580913028538,0.04197580913028538
4523,-42.732257111046124,19.646962768539524,2.124834317319948,-0.04124382701434549,0.04124382701434549
4524,-42.75827561204532,19.689114174381153,2.122809483141531,-0.04050947076736729,0.04050947076736729
4525,-42.78420337260747,19.731307746268577,2.120821551259415,-0.03977283058922594,0.03977283058922594
4526,-42.81004213644081,19.77354274067931,2.118870596651653,-0.03903399461767204,0.03903399461767204
4527,-42.83579364725352,19.815818414090852,2.11695669138437,-0.03829304891995872,0.03829304891995872
4528,-42.86145964875379,19.8581340229807,2.115079904682534,-0.03755007756488214,0.03755007756488214
4529,-42.88704188464987,19.900488823826397,2.1132403029989075,-0.03680516262223969,0.03680516262223969
4530,-42.912542098649894,19.942882073105366,2.111437950084161,-0.03605838411599716,0.03605838411599716
4531,-42.9379620344621,19.985313027295145,2.1096729070553963,-0.035309820137476404,0.035309820137476404
4532,-42.96330343579469,20.027780942873243,2.107945232463624,-0.03455954677710961,0.03455954677710961
4533,-42.988568046355866,20.07028507631715,2.1062549823608983,-0.03380763821203299,0.03380763821203299
4534,-43.01375760985381,20.11282468410437,2.104602210366651,-0.03305416665719673,0.03305416665719673
4535,-43.03887386999676,20.15539902271241,2.102986967732236,-0.03229920249470017,0.03229920249470017
4536,-43.063918570492895,20.198007348618766,2.101409303405367,-0.031542814158339275,0.031542814158339275
4537,-43.088893455050425,20.240648918300945,2.099869264093625,-0.03078506829771735,0.03078506829771735
4538,-43.11380026737755,20.28332298823645,2.0983668943258533,-0.03002602971186969,0.03002602971186969
4539,-43.13864075118247,20.32602881490279,2.096902236514013,-0.029265761410552066,0.029265761410552066
4540,-43.1634166501734,20.368765654777437,2.095475331012017,-0.02850432469019475,0.02850432469019475
4541,-43.188129708058526,20.411532764337903,2.094086216174818,-0.027741779063582418,0.027741779063582418
4542,-43.212781668546036,20.454329400061695,2.0927349284169945,-0.026978182367744512,0.026978182367744512
4543,-43.23737427534417,20.49715481842631,2.0914215022671705,-0.026213590842840126,0.026213590842840126
4544,-43.2619092721611,20.54000827590925,2.090145970424063,-0.025448059006745818,0.025448059006745818
4545,-43.286388402705036,20.58288902898802,2.088908363810672,-0.024681639875846765,0.024681639875846765
4546,-43.3108134106842,20.625796334140123,2.0877087116252637,-0.023914384895198485,0.023914384895198485
4547,-43.335186039806764,20.668729447843063,2.086547041393818,-0.023146343971194545,0.023146343971194545
4548,-43.359508033780955,20.711687626574328,2.085423379019241,-0.022377565592664156,0.022377565592664156
4549,-43.383781136314994,20.754670126811458,2.084337748828958,-0.021608096799136313,0.021608096799136313
4550,-43.408007091117014,20.797676205031888,2.083290173623205,-0.020837983208430125,0.020837983208430125
4551,-43.43218764189526,20.840705117713153,2.0822806747198643,-0.020067269154479032,0.020067269154479032
4552,-43.45632453235794,20.883756121332766,2.081309271997951,-0.019295997629483332,0.019295997629483332
4553,-43.48041950621323,20.926828472368207,2.080375983941294,-0.01852421036055367,0.01852421036055367
4554,-43.504474307169374,20.969921427296992,2.0794808276785464,-0.017751947908558958,0.017751947908558958
4555,-43.52849067893454,21.013034242596618,2.0786238190233677,-0.016979249589841882,0.016979249589841882
4556,-43.552470365216934,21.05616617474458,2.0778049725128542,-0.016206153653334766,0.016206153653334766
4557,-43.57641510972476,21.099316480218384,2.0770243014433714,-0.015432697237361915,0.015432697237361915
4558,-43.60032665616624,21.14248441549554,2.076281817906023,-0.014658916456214543,0.014658916456214543
4559,-43.62420674824958,21.185669237053578,2.0755775328199766,-0.013884846429962587,0.013884846429962587
4560,-43.64805712968295,21.228870201369926,2.0749114559642394,-0.013110521346792999,0.013110521346792999
4561,-43.671879544174544,21.272086564922116,2.0742835960084496,-0.012335974470965088,0.012335974470965088
4562,-43.69567573543258,21.315317584187653,2.073693960541894,-0.01156123823666182,0.01156123823666182
4563,-43.7194474471653,21.358562515644053,2.0731425560992425,-0.010786344318089286,0.010786344318089286
4564,-43.74319642308085,21.4018206157688,2.072629388187397,-0.01001132354489128,0.01001132354489128
4565,-43.766924406887455,21.44509114103939,2.0721544613098835,-0.009236206117583494,0.009236206117583494
4566,-43.79063314229332,21.488373347933344,2.071717778987771,-0.008461021563979619,0.008461021563979619
4567,-43.81432437300664,21.531666492928153,2.0713193437816413,-0.007685798771907847,0.007685798771907847
4568,-43.83799984273565,21.57496983250135,2.0709591573101878,-0.006910566124527463,0.006910566124527463
4569,-43.86166129518848,21.618282623130362,2.0706372202680012,-0.006135351430034414,0.006135351430034414
4570,-43.8853104740734,21.66160412129274,2.0703535324413815,-0.005360182103623869,0.005360182103623869
4571,-43.90894912309858,21.704933583465984,2.070108092722464,-0.004585085085999347,0.004585085085999347
4572,-43.93257898597223,21.748270266127577,2.0699008991222594,-0.00381008700104944,0.00381008700104944
4573,-43.95620180640255,21.791613425755042,2.0697319487813806,-0.0030352141238116897,0.0030352141238116897
4574,-43.97981932809775,21.834962318825873,2.0696012379795463,-0.00226049249459843,0.00226049249459843
4575,-44.00343329476602,21.878316201817558,2.0695087621430535,-0.001485947919071999,0.001485947919071999
4576,-44.027045450115565,21.92167433120762,2.0694545158515605,-0.000711606028660648,0.000711606028660648
4577,-44.0506575378546,21.96503596347354,2.0694384928419187,6.250762845641265e-05,6.250762845641265e-05
4578,-44.074271301691326,22.008400355092864,2.069460686011248,0.0008363676151515597,0.0008363676151515597
4579,-44.097888485333925,22.051766762543025,2.069521087418388,0.00160994847993139,0.00160994847993139
4580,-44.121510832490614,22.095134442301557,2.069619688283041,0.0023832247566125545,0.0023832247566125545
4581,-44.14514008686959,22.138502650845965,2.0697564789842953,0.0031561709077166152,0.0031561709077166152
4582,-44.16877799217906,22.181870644653742,2.069931449056446,0.003928761239644859,0.003928761239644859
4583,-44.19242629212721,22.225237680202394,2.070144587184325,0.004700969935930344,0.004700969935930344
4584,-44.216086730422276,22.26860301396942,2.0703958811958065,0.005472770878190476,0.005472770878190476
4585,-44.23976105077244,22.311965902432327,2.070685318053313,0.0062441377529297865,0.0062441377529297865
4586,-44.263450996885894,22.35532560206861,2.071012883844541,0.007015043882184818,0.007015043882184818
4587,-44.287158312470844,22.398681369355764,2.0713785637700664,0.0077854622353872565,0.0077854622353872565
4588,-44.31088474123553,22.442032460771344,2.0717823421299473,0.008555365346062233,0.008555365346062233
4589,-44.3346320268881,22.485378132792768,2.072224202309256,0.009324725321121344,0.009324725321121344
4590,-44.35840191313679,22.528717641897575,2.072704126761472,0.010093513714862976,0.010093513714862976
4591,-44.38219614368978,22.572050244563265,2.073222096990248,0.010861701558648983,0.010861701558648983
4592,-44.40601646225529,22.61537519726734,2.0737780935303936,0.011629259270176592,0.011629259270176592
4593,-44.42986461254152,22.6586917564873,2.074372093681008,0.012396065813886711,0.012396065813886711
4594,-44.45374233804977,22.70199917878522,2.074998961496246,0.012955475892768619,0.012955475892768619
4595,-44.477650911031844,22.745296913360047,2.075637564401823,0.012867431612796732,0.012867431612796732
4596,-44.501590128348475,22.78858501251947,2.0762687743064796,0.012653257862301634,0.012653257862301634
4597,-44.52555949890119,22.831863646282873,2.076889474303351,0.012439296440696877,0.012439296440696877
4598,-44.549558531591515,22.875132984669623,2.0774996712752363,0.012225545204382886,0.012225545204382886
4599,-44.57358673532096,22.91839319769903,2.0780993720349135,0.012012001954941141,0.012012001954941141
4600,-44.59764361899106,22.96164445539048,2.0786885833232684,0.011798664438143312,0.011798664438143312
4601,-44.6217286915033,23.004886927763327,2.0792673118084886,0.011585530388666752,0.011585530388666752
4602,-44.64584146175927,23.048120784836943,2.079835564083066,0.011372597397682998,0.011372597397682998
4603,-44.66998143866045,23.091346196630678,2.0803933466621203,0.011159863099421217,0.011159863099421217
4604,-44.69414813110838,23.134563333163893,2.080940665982682,0.010947325024189545,0.010947325024189545
4605,-44.718341048004575,23.177772364455947,2.0814775284010754,0.01073498066938137,0.01073498066938137
4606,-44.74255969825057,23.2209734605262,2.0820039401916155,0.010522827482117723,0.010522827482117723
4607,-44.76680359074789,23.264166791394036,2.0825199075449503,0.010310862863371921,0.010310862863371921
4608,-44.79107223439804,23.30735252707876,2.083025436566633,0.010099084173494794,0.010099084173494794
4609,-44.81536513810256,23.350530837599763,2.083520533275159,0.009887488706240575,0.009887488706240575
4610,-44.83968181076294,23.39370189297639,2.084005203601275,0.009676073766347415,0.009676073766347415
4611,-44.86402176128076,23.436865863228018,2.0844794533856326,0.009464836526387367,0.009464836526387367
4612,-44.8883844985575,23.48002291837399,2.084943288377612,0.009253774217294564,0.009253774217294564
4613,-44.91276953149471,23.523173228433684,2.085396714234537,0.009042883954868847,0.009042883954868847
4614,-44.9371763689939,23.56631696342644,2.0858397365193118,0.008832162849807075,0.008832162849807075
4615,-44.9616045199566,23.609454293371634,2.086272360699928,0.008621607974294032,0.008621607974294032
4616,-44.98605349328433,23.65258538828861,2.0866945921478903,0.008411216352049888,0.008411216352049888
4617,-45.01052279787864,23.695710418196768,2.0871064361365628,0.008200984965968154,0.008200984965968154
4618,-45.035011942641006,23.7388295531154,2.0875078978406054,0.007990910795142577,0.007990910795142577
4619,-45.05952043647297,23.781942963063894,2.0878989823345173,0.0077809907424082805,0.0077809907424082805
4620,-45.08404778827607,23.82505081806162,2.088279694591277,0.007571221711312822,0.007571221711312822
4621,-45.10859350695181,23.86815328812792,2.088650039481371,0.007361600545635678,0.007361600545635678
4622,-45.13315710140173,23.911250543282172,2.0890100217718004,0.00715212408940303,0.00715212408940303
4623,-45.157738080527345,23.954342753543724,2.089359646125036,0.006942789125616475,0.006942789125616475
4624,-45.18233595323019,23.997430088931935,2.0896989170976203,0.006733592423750042,0.006733592423750042
4625,-45.20695022841178,24.04051271946617,2.0900278391394975,0.006524530722438812,0.006524530722438812
4626,-45.23158041497363,24.08359081516578,2.0903464165932313,0.006315600742602757,0.006315600742602757
4627,-45.2562260218173,24.126664546050158,2.0906546536925643,0.006106799148704124,0.006106799148704124
4628,-45.28088655784426,24.169734082138607,2.090952554561955,0.0058981226272294,0.0058981226272294
4629,-45.30556153195608,24.21279959345051,2.0912401232154165,0.005689567780782115,0.005689567780782115
4630,-45.330250453054255,24.25586125000523,2.0915173635557056,0.0054811312487595115,0.0054811312487595115
4631,-45.35495283004031,24.298919221822114,2.091784279374023,0.005272809607751183,0.005272809607751183
4632,-45.37966817181579,24.341973678920542,2.0920408743484953,0.005064599422632502,0.005064599422632502
4633,-45.4043959872822,24.385024791319864,2.092287152043828,0.00485649724339553,0.00485649724339553
4634,-45.429135785341074,24.428072729039435,2.0925231159104705,0.004648499589003121,0.004648499589003121
4635,-45.45388707489392,24.47111766209861,2.092748769284347,0.004440602987074946,0.004440602987074946
4636,-45.478649364842326,24.5141597605168,2.0929641153851857,0.004232803878156883,0.004232803878156883
4637,-45.50342216408771,24.55719919431328,2.093169157317216,0.004025098807605122,0.004025098807605122
4638,-45.52820498153168,24.600236133507448,2.093363898067553,0.00381748414081773,0.00381748414081773
4639,-45.55299732607569,24.64327074811866,2.0935483405061808,0.0036099564132139193,0.0036099564132139193
4640,-45.57779870662134,24.68630320816628,2.0937224873854454,0.0034025119608725733,0.0034025119608725733
4641,-45.6026086320701,24.729333683669665,2.0938863413386146,0.00319514725297155,0.00319514725297155
4642,-45.62742661132352,24.77236234464818,2.0940399048809484,0.002987858660951072,0.002987858660951072
4643,-45.65225215328311,24.81538936112117,2.094183180408169,0.002780642585069214,0.002780642585069214
4644,-45.677084766850406,24.85841490310801,2.094316170196162,0.002573495378223029,0.002573495378223029
4645,-45.701923960926905,24.901439140628042,2.094438876401215,0.0023664134439409018,0.0023664134439409018
4646,-45.7267692444142,24.944462243700674,2.0945513010587744,0.0021593930796085636,0.0021593930796085636
4647,-45.75162012621372,24.987484382345183,2.094653446083506,0.001952430685930935,0.001952430685930935
4648,-45.77647611522705,25.030505726580987,2.0947453132698386,0.0017455225777716625,0.0017455225777716625
4649,-45.8013367203557,25.07352644642742,2.094826904289898,0.0015386650684171067,0.0015386650684171067
4650,-45.826201450501166,25.116546711903844,2.094898220695088,0.0013318545329843385,0.0013318545329843385
4651,-45.85106981456503,25.159566693029635,2.0949592639149035,0.0011250872338723662,0.0011250872338723662
4652,-45.87594132144878,25.202586559824137,2.095010035256289,0.0009183595178723119,0.0009183595178723119
4653,-45.90081548005392,25.24560648230671,2.0950505359052274,0.000711667709430031,0.000711667709430031
4654,-45.92569179928203,25.288626630496722,2.095080766924756,0.0005050080738058668,0.0005050080738058668
4655,-45.950569788034564,25.33164717441351,2.095100729255943,0.00029837697391188505,0.00029837697391188505
4656,-45.97544895521313,25.374668284076503,2.0951104237176534,9.177066505805875e-05,9.177066505805875e-05
4657,-46.00032880971918,25.41769012950496,2.0951098510059394,-0.0001148145143098646,0.0001148145143098646
4658,-46.025208860454256,25.46071288071829,2.095099011695023,-0.0003213822688299537,0.0003213822688299537
4659,-46.05008861631989,25.503736707735847,2.0950779062365923,-0.0005279362873059804,0.0005279362873059804
4660,-46.07496758621761,25.546761780576993,2.0950465349600043,-0.0007344802646634587,0.0007344802646634587
4661,-46.099845279048935,25.589788269261085,2.0950048980723603,-0.0009410178846031248,0.0009410178846031248
4662,-46.12472120371538,25.63281634380748,2.0949529956588377,-0.0011475528261581252,0.0011475528261581252
4663,-46.14959486911848,25.67584617423555,2.094890827682832,-0.001354088764206315,0.001354088764206315
4664,-46.174465784159764,25.71887793056463,2.0948183939855043,-0.0015606293924327393,0.0015606293924327393
4665,-46.199333457740735,25.761911782814096,2.094735694286754,-0.0017671783424576515,0.0017671783424576515
4666,-46.22419739876297,25.804947901003345,2.094642728185051,-0.001973739310144617,0.001973739310144617
4667,-46.24905711612791,25.847986455151652,2.094539495157765,-0.0021803159087422736,0.0021803159087422736
4668,-46.27391211873713,25.89102761527842,2.0944259945616204,-0.002386911810253223,0.002386911810253223
4669,-46.29876191549214,25.934071551403008,2.094302225632461,-0.0025935306311737957,0.0025935306311737957
4670,-46.32360601529447,25.977118433544778,2.0941681874863978,-0.002800175990716229,0.002800175990716229
4671,-46.34844392704565,26.020168431723086,2.0940238791196264,-0.003006851505596747,0.003006851505596747
4672,-46.3732751596472,26.063221715957287,2.093869299408747,-0.003213560774513067,0.003213560774513067
4673,-46.39809922200064,26.106278456266743,2.093704447111483,-0.0034203073769306425,0.0034203073769306425
4674,-46.42291562300748,26.149338822670813,2.0935293208673564,-0.0036270948758874446,0.0036270948758874446
4675,-46.447723871569295,26.19240298518889,2.0933439191976104,-0.0038339268445552904,0.0038339268445552904
4676,-46.47252347658754,26.235471113840262,2.093148240505985,-0.004040806805047023,0.004040806805047023
4677,-46.49731394696378,26.278543378644333,2.092942283079444,-0.004247738291076203,0.004247738291076203
4678,-46.52209479159953,26.321619949620455,2.0927260450883587,-0.004454724806495829,0.004454724806495829
4679,-46.5468655193963,26.364700996787978,2.0924995245875655,-0.004661769831104795,0.004661769831104795
4680,-46.57162563925563,26.40778669016627,2.092262719516757,-0.004868876841165205,0.004868876841165205
4681,-46.59637466007905,26.4508771997747,2.09201562770092,-0.00507604928650504,0.00507604928650504
4682,-46.621112090768065,26.493972695632607,2.0917582468515024,-0.005283290583301446,0.005283290583301446
4683,-46.64583744022421,26.537073347759364,2.091490574566983,-0.005490604145097811,0.005490604145097811
4684,-46.67055021734902,26.58017932617432,2.091212608333255,-0.005697993358599865,0.005697993358599865
4685,-46.695249931044025,26.623290800896893,2.0909243455248787,-0.005905461572170765,0.005905461572170765
4686,-46.7199360902107,26.666407941946332,2.090625783405827,-0.006113012127511078,0.006113012127511078
4687,-46.744608203750616,26.709530919342072,2.090316919129932,-0.0063206483392487045,0.0063206483392487045
4688,-46.769265780565256,26.752659903103442,2.0899977497425253,-0.0065283734666995415,0.0065283734666995415
4689,-46.79390832955618,26.795795063249813,2.089668272180627,-0.0067361908001585735,0.0067361908001585735
4690,-46.818535359624896,26.838936569800538,2.089328483273998,-0.006944103539042109,0.006944103539042109
4691,-46.843146379672945,26.88208459277499,2.0889783797462864,-0.007152114909532444,0.007152114909532444
4692,-46.86774089860182,26.925239302192523,2.0886179582163935,-0.007360228037516568,0.007360228037516568
4693,-46.89231842531308,26.968400868072486,2.0882472151988023,-0.00756844611669873,0.00756844611669873
4694,-46.91687846870823,27.011569460434245,2.0878661471044637,-0.007776772217530843,0.007776772217530843
4695,-46.94142053768879,27.054745249297188,2.0874747502433895,-0.007985209408980209,0.007985209408980209
4696,-46.9659441411563,27.097928404680623,2.0870730208240227,-0.008193760765876251,0.008193760765876251
4697,-46.990448788012245,27.141119096603916,2.0866609549553385,-0.008402429250948537,0.008402429250948537
4698,-47.014933987158194,27.18431749508645,2.0862385486480224,-0.008611217869482577,0.008611217869482577
4699,-47.03939924749566,27.227523770147577,2.0857987214984925,-0.009105189895514136,0.009105189895514136
4700,-47.06384344787392,27.270738405198724,2.085301242035207,-0.010934845463046761,0.010934845463046761
4701,-47.08826251597421,27.313963351581638,2.0847032423732026,-0.013156130603692926,0.013156130603692926
4702,-47.1126515161355,27.35720099007006,2.0839949887417495,-0.015378655003528079,0.015378655003528079
4703,-47.13700551258943,27.400453701491163,2.08317643970308,-0.017602491870046012,0.017602491870046012
4704,-47.16131956956757,27.443723866672123,2.0822475511350067,-0.0198277546746446,0.0198277546746446
4705,-47.185588751301566,27.487013866440165,2.081208275318906,-0.022054547516379044,0.022054547516379044
4706,-47.20980812202298,27.53032608162239,2.080058561273886,-0.024282963741256606,0.024282963741256606
4707,-47.233972745963435,27.573662893046013,2.078798355132798,-0.026513084812733793,0.026513084812733793
4708,-47.25807768735453,27.617026681538213,2.077427600558436,-0.028744978989213427,0.028744978989213427
4709,-47.28211801042787,27.660419827926162,2.0759462392009302,-0.030978700147413333,0.030978700147413333
4710,-47.30608877941506,27.70384471303704,2.0743542111962134,-0.03321428645607414,0.03321428645607414
4711,-47.32998505854771,27.747303717698028,2.0726514557065747,-0.03545175915137993,0.03545175915137993
4712,-47.353801912057435,27.790799222736304,2.070837911501917,-0.03769112125829323,0.03769112125829323
4713,-47.377534404175805,27.834333608979048,2.0689135175845785,-0.03993235624402949,0.03993235624402949
4714,-47.40117759913448,27.877909257253464,2.0668782138545287,-0.042175426861048526,0.042175426861048526
4715,-47.424726561165,27.921528548386675,2.0647319418176204,-0.04442027368643317,0.04442027368643317
4716,-47.44817635449901,27.965193863205883,2.062474645336599,-0.04666681397279732,0.04666681397279732
4717,-47.47152204336808,28.008907582538264,2.060106271424098,-0.04891494021400758,0.04891494021400758
4718,-47.494758692003835,28.05267208721099,2.05762677107865,-0.051164518953617184,0.051164518953617184
4719,-47.517881364637894,28.096489758051266,2.055036100162152,-0.05341538941263164,0.05341538941263164
4720,-47.540885125501845,28.140362975886248,2.052334220321456,-0.055667362191688295,0.055667362191688295
4721,-47.5637650388273,28.184294121543115,2.0495210999512716,-0.05792021801704078,0.05792021801704078
4722,-47.58651616884584,28.22828557584905,2.0465967152000557,-0.06017370638120655,0.06017370638120655
4723,-47.609133579789095,28.272339719631226,2.043561051017163,-0.06242754436863889,0.06242754436863889
4724,-47.63161233588869,28.31645893371687,2.0404141022412605,-0.06468141530952932,0.06468141530952932
4725,-47.653947501376166,28.36064559893307,2.0371558747315093,-0.06693496756042801,0.06693496756042801
4726,-47.67613414048317,28.404902096107058,2.0337863865376438,-0.06918781333691804,0.06918781333691804
4727,-47.69816731744129,28.44923080606599,2.0303056691102843,-0.07143952746307722,0.07143952746307722
4728,-47.72004209648214,28.493634109637068,2.0267137685507572,-0.07368964626573904,0.07368964626573904
4729,-47.741753541837326,28.538114387647457,2.0230107468981653,-0.07593766644828315,0.07593766644828315
4730,-47.763296717738456,28.582674020924337,2.0191966834535626,-0.07818304403284469,0.07818304403284469
4731,-47.78466668841711,28.627315390294882,2.0152716761402765,-0.08042519331816785,0.08042519331816785
4732,-47.80585851810491,28.672040876586273,2.0112358428974515,-0.08266348599369755,0.08266348599369755
4733,-47.826867271033464,28.71685286062569,2.0070893231059226,-0.08489725019214932,0.08489725019214932
4734,-47.8476880114344,28.761753723240354,2.0028322790449096,-0.08712576973209364,0.08712576973209364
4735,-47.868315803539254,28.80674584525735,1.9984648973776746,-0.08934828331717559,0.08934828331717559
4736,-47.88874571157969,28.851831607503915,1.993987390662134,-0.09156398402527104,0.09156398402527104
4737,-47.908972799787286,28.897013390807214,1.989399998885086,-0.09377201864719034,0.09377201864719034
4738,-47.92899213239364,28.942293575994423,1.9847029910188256,-0.09597148732624765,0.09597148732624765
4739,-47.948798773630365,28.987674543892723,1.9798966665936064,-0.09816144326449468,0.09816144326449468
4740,-47.968387787729085,29.0331586753293,1.9749813572848556,-0.10034089252178964,0.10034089252178964
4741,-47.98775423892139,29.078748351131335,1.9699574285123491,-0.10250879395706217,0.10250879395706217
4742,-48.00689319143887,29.124445952125985,1.9648252810462747,-0.10466405936359716,0.10466405936359716
4743,-48.025799709513166,29.170253859140473,1.9595853526150233,-0.1068055537590823,0.1068055537590823
4744,-48.04446885737582,29.21617445300191,1.9542381195137457,-0.10893209570631697,0.10893209570631697
4745,-48.06289569925849,29.262210114537517,1.9487840982056848,-0.11104245808547883,0.11104245808547883
4746,-48.08107529939277,29.308363224574457,1.9432238469120775,-0.11313536874535624,0.11313536874535624
4747,-48.09900272201023,29.354636163939904,1.937557967189283,-0.11520951150533193,0.11520951150533193
4748,-48.11667303134252,29.401031313461054,1.9317871054814177,-0.11726352745672526,0.11726352745672526
4749,-48.134081291621236,29.447551053965082,1.9259119546467214,-0.11929601622264287,0.11929601622264287
4750,-48.151222567077966,29.494197766279157,1.9199332554529027,-0.12130553764302625,0.12130553764302625
4751,-48.16809192194431,29.540973831230456,1.9138517980323482,-0.12329061359807549,0.12329061359807549
4752,-48.1846844204519,29.58788162964617,1.9076721753158221,-0.12509982977343462,0.12509982977343462
4753,-48.2009953725252,29.634923113928686,1.9014295483738342,-0.12566353375598477,0.12566353375598477
4754,-48.217022104698046,29.68209672003512,1.895169480400665,-0.1256390418811022,0.1256390418811022
4755,-48.23276293237296,29.729399159591512,1.8889062928961382,-0.12563244578846336,0.12563244578846336
4756,-48.248216177758195,29.77682713235646,1.8826392068775955,-0.12564779123902675,0.12564779123902675
4757,-48.263380163061996,29.82437733808853,1.8763673434064936,-0.1256849582387783,0.1256849582387783
4758,-48.278253210492615,29.872046476546327,1.8700898267284527,-0.12574383307548642,0.12574383307548642
4759,-48.29283364225826,29.91983124748841,1.863805784119195,-0.12582430801636307,0.12582430801636307
4760,-48.30711978056721,29.96772835067339,1.857514345735119,-0.125926281234362,0.125926281234362
4761,-48.32110994762771,30.015734485859834,1.8512146444693411,-0.1260496564691682,0.1260496564691682
4762,-48.33480246564796,30.063846352806337,1.8449058158171467,-0.12619434279515498,0.12619434279515498
4763,-48.34819565683626,30.11206065127151,1.8385869977441738,-0.12636025454647112,0.12636025454647112
4764,-48.36128784340081,30.16037408101387,1.8322573305627954,-0.12654731086290935,0.12654731086290935
4765,-48.37407734754988,30.208783341792046,1.8259159568164836,-0.12675543562299388,0.12675543562299388
4766,-48.386562491491695,30.257285133364608,1.8195620211696821,-0.1269845570823895,0.1269845570823895
4767,-48.398741597434494,30.305876155490143,1.8131946703070099,-0.12723460765335745,0.12723460765335745
4768,-48.410612987586546,30.35455310792724,1.8068130528381412,-0.12750552368317528,0.12750552368317528
4769,-48.42217498415607,30.403312690434497,1.8004163192124998,-0.12779724506486503,0.12779724506486503
4770,-48.43342590935133,30.45215160277047,1.7940036216417377,-0.12810971509130975,0.12810971509130975
4771,-48.444364085380535,30.501066544693746,1.7875741140308512,-0.12844288002685952,0.12844288002685952
4772,-48.45498783445197,30.550054215962945,1.7811269519181563,-0.1287966889469811,0.1287966889469811
4773,-48.46529547877385,30.599111316336646,1.774661292424869,-0.1291710932733662,0.1291710932733662
4774,-48.475285340554414,30.64823454557338,1.7681762942147419,-0.12956604658935778,0.12956604658935778
4775,-48.48495574200194,30.69742060343178,1.7616711174620576,-0.12998150423596752,0.12998150423596752
4776,-48.494305005324634,30.74666618967041,1.7551449238322399,-0.13041742294824762,0.13041742294824762
4777,-48.50333145273076,30.795968004047864,1.7485968764717594,-0.13087376057784733,0.13087376057784733
4778,-48.51203340642854,30.84532274632272,1.7420261400098216,-0.13135047561942045,0.13135047561942045
4779,-48.52040918862625,30.894727116253563,1.7354318805706412,-0.13184752697311444,0.13184752697311444
4780,-48.52845712153209,30.94417781359898,1.7288132657990616,-0.13236487335008174,0.13236487335008174
4781,-48.536175527354345,30.993671538117557,1.722169464897904,-0.13290247308999065,0.13290247308999065
4782,-48.54356272830127,31.04320498956793,1.7154996486762106,-0.13346028358908477,0.13346028358908477
4783,-48.55061704658104,31.092774867708588,1.708802989615164,-0.1340382608338663,0.1340382608338663
4784,-48.55733680440195,31.142377872298148,1.7020786619436605,-0.13463635914087382,0.13463635914087382
4785,-48.56372032397222,31.192010703095214,1.6953258417289832,-0.13525453045656727,0.13525453045656727
4786,-48.56976592750011,31.241670059858357,1.688543706983685,-0.13589272404298236,0.13589272404298236
4787,-48.57547193719386,31.291352642346176,1.6817314377853214,-0.13655088589686354,0.13655088589686354
4788,-48.58083667526171,31.34105515031724,1.6748882164137469,-0.13722895823272235,0.13722895823272235
4789,-48.58585846391189,31.390774283530135,1.6680132275038855,-0.13792687897203076,0.13792687897203076
4790,-48.590535625352665,31.440506741743455,1.6611056582144061,-0.13864458119314335,0.13864458119314335
4791,-48.594866481792266,31.490249224715786,1.654164698414481,-0.13938199251844538,0.13938199251844538
4792,-48.59884935543894,31.53999843220573,1.6471895408884112,-0.14013903455733334,0.14013903455733334
4793,-48.60248256850092,31.589751063971807,1.640179381557929,-0.14091562228327864,0.14091562228327864
4794,-48.60576444318647,31.639503819772653,1.633133419723022,-0.14171166342921193,0.14171166342921193
4795,-48.608693301703816,31.689253399366837,1.6260508583236113,-0.14252705775055713,0.14252705775055713
4796,-48.61126746626122,31.738996502512958,1.6189309042197295,-0.1433616965015348,0.1433616965015348
4797,-48.61348525906689,31.788729828969583,1.6117727684927037,-0.14421546157744358,0.14421546157744358
4798,-48.61534500232909,31.8384500784953,1.6045756667681335,-0.1450882249435375,0.1450882249435375
4799,-48.61684501825608,31.8881539508487,1.597338819558485,-0.14597984784635268,0.14597984784635268
4800,-48.61798362905607,31.937838145788362,1.5900614526303856,-0.14689018002101065,0.14689018002101065
4801,-48.61875915693733,31.987499363072878,1.582742797393036,-0.14781905902916007,0.14781905902916007
4802,-48.619169924108085,32.037134302460856,1.5753820913102734,-0.14876630934693327,0.14876630934693327
4803,-48.6192142527766,32.08673966371083,1.5679785783363955,-0.14973174168103134,0.14973174168103134
4804,-48.61889046515109,32.1363121465814,1.5605315093767143,-0.1507151520020493,0.1507151520020493
4805,-48.618196883439815,32.18584845083115,1.5530401547252257,-0.15171580673863636,0.15171580673863636
4806,-48.61713183085349,32.23534528644463,1.545504514047561,-0.15270304613363742,0.15270304613363742
4807,-48.615693687135256,32.28479994007808,1.5379259183789429,-0.15365074279759366,0.15365074279759366
4808,-48.613880917635264,32.334210571641606,1.530305454221723,-0.15459253666627282,0.15459253666627282
4809,-48.611691994836825,32.38357541380825,1.5226432277556654,-0.15553129412964642,0.15553129412964642
4810,-48.609125391223216,32.432892699251,1.5149392730091218,-0.156466429735432,0.156466429735432
4811,-48.60617957927769,32.48216066064289,1.5071936429450785,-0.15739734372387731,0.15739734372387731
4812,-48.60285303148358,32.53137753065697,1.499406409907912,-0.15832342240440525,0.15832342240440525
4813,-48.59914422032414,32.58054154196618,1.4915776660665465,-0.15924403823028815,0.15924403823028815
4814,-48.595051618282675,32.62965092724358,1.4837075238505826,-0.16015855035688886,0.16015855035688886
4815,-48.59057369784242,32.67870391916217,1.475796116378493,-0.16106630479110207,0.16106630479110207
4816,-48.585708931486714,32.72769875039499,1.4678435978761561,-0.16196663506741305,0.16196663506741305
4817,-48.5804557916988,32.776633653615036,1.459850144085224,-0.1628588624572136,0.1628588624572136
4818,-48.57481275096199,32.825506861495334,1.4518159526616514,-0.1637422966803376,0.1637422966803376
4819,-48.56877828175956,32.8743166067089,1.4437412435588257,-0.1646162363827735,0.1646162363827735
4820,-48.562350856574774,32.92306112192873,1.4356262594003695,-0.16547996969000706,0.16547996969000706
4821,-48.555528947890934,32.971738639827926,1.4274712658351552,-0.16633277503524077,0.16633277503524077
4822,-48.548311028191335,33.02034739307939,1.4192765518759696,-0.16717392169758252,0.16717392169758252
4823,-48.54069556995924,33.068885614356184,1.4110424302230657,-0.16800267063256677,0.16800267063256677
4824,-48.53268104567794,33.11735153633133,1.4027692375661645,-0.16881827531293617,0.16881827531293617
4825,-48.5242659278307,33.16574339167783,1.3944573348678175,-0.1696199824917391,0.1696199824917391
4826,-48.51544868890083,33.214059413068725,1.386107107623883,-0.17040703325981352,0.17040703325981352
4827,-48.50622780137161,33.26229783317701,1.3777189661018465,-0.17117866382386793,0.17117866382386793
4828,-48.49660173772631,33.31045688467571,1.3692933455559013,-0.17193410665353265,0.17193410665353265
4829,-48.48656897044821,33.35853480023784,1.3608307064150422,-0.17267259145303604,0.17267259145303604
4830,-48.47612797202061,33.40652981253641,1.3523315344451792,-0.1733933463094063,0.1733933463094063
4831,-48.46527721492679,33.45444015424449,1.3437963408828035,-0.17409559880415074,0.17409559880415074
4832,-48.454015171650035,33.50226405803501,1.3352256625403849,-0.17477857718905604,0.17477857718905604
4833,-48.44234031467361,33.549999756581016,1.3266200618813015,-0.17544151162568516,0.17544151162568516
4834,-48.43025111648082,33.597645482555535,1.3179801270618747,-0.17608363548814543,0.17608363548814543
4835,-48.417746049554935,33.645199468631596,1.3093064719421232,-0.1767041865690638,0.1767041865690638
4836,-48.404823586379266,33.6926599474822,1.3005997360623134,-0.17730240852485518,0.17730240852485518
4837,-48.39148219943705,33.74002515178036,1.291860584585526,-0.17787755209662187,0.17787755209662187
4838,-48.37772036121158,33.78729331419909,1.28308970820504,-0.17842887662119636,0.17842887662119636
4839,-48.36353654418619,33.83446266741143,1.2742878230118087,-0.17895565145970152,0.17895565145970152
4840,-48.34892922084411,33.88153144409037,1.2654556703291853,-0.17945715722675937,0.17945715722675937
4841,-48.333896863668635,33.92849787690898,1.2565940165086606,-0.17993268747951285,0.17993268747951285
4842,-48.31843794514306,33.97536019854019,1.2477036526848166,-0.18038155001763936,0.18038155001763936
4843,-48.30255093775066,34.02211664165706,1.238785394493984,-0.18080306839002583,0.18080306839002583
4844,-48.28623431397474,34.0687654389326,1.2298400817514337,-0.18119658339036399,0.18119658339036399
4845,-48.269486546298545,34.11530482303985,1.2208685780905604,-0.181561454413451,0.181561454413451
4846,-48.252306107205385,34.161733026651795,1.2118717705614164,-0.18189706103367367,0.18189706103367367
4847,-48.23469146917853,34.20804828244146,1.2028505691888145,-0.18220280432949526,0.18220280432949526
4848,-48.21664110470127,34.25424882308188,1.193805906491178,-0.18247810838083542,0.18247810838083542
4849,-48.1981534862569,34.30033288124605,1.1847387369586024,-0.18272242161888183,0.18272242161888183
4850,-48.17922708632868,34.346298689607,1.1756500364928753,-0.182935218170549,0.182935218170549
4851,-48.159860377399895,34.39214448083777,1.166540801807348,-0.1831159992429289,0.1831159992429289
4852,-48.14005183195385,34.43786848761132,1.1574120497878622,-0.1832642943654905,0.1832642943654905
4853,-48.11979992247381,34.48346894260068,1.1482648168166802,-0.18337966263675562,0.18337966263675562
4854,-48.099103121443065,34.52894407847889,1.1391001580586135,-0.1834616939316365,0.1834616939316365
4855,-48.077959901344904,34.574292127918945,1.1299191467108314,-0.18351001001928569,0.18351001001928569
4856,-48.056368734662605,34.619511323593876,1.1207228732179872,-0.18352426562811003,0.18352426562811003
4857,-48.03432809387946,34.664599898176704,1.1115124444525193,-0.18350414948793803,0.18350414948793803
4858,-48.01183645147873,34.70955608434043,1.1022890660780873,-0.18344613945025123,0.18344613945025123
4859,-47.98889229476849,34.75437810400819,1.0930642841428084,-0.18295137095564268,0.18295137095564268
4860,-47.96549598868106,34.799062817578545,1.0838686534351225,-0.1816820248487231,0.1816820248487231
4861,-47.94165159075557,34.843604407824685,1.0747226406686592,-0.18038864955904302,0.18038864955904302
4862,-47.91736358927627,34.88799674517285,1.065625816035318,-0.17916625491551977,0.17916625491551977
4863,-47.89263647252748,34.93223370004925,1.0565754013867308,-0.17801400819539256,0.17801400819539256
4864,-47.86747472879352,34.976309142880126,1.0475686399190045,-0.17693110891559052,0.17693110891559052
4865,-47.841882846358736,35.0202169440917,1.0386027954218129,-0.175916790314118,0.175916790314118
4866,-47.81586531350743,35.06395097411018,1.0296751514763645,-0.17497032050575267,0.17497032050575267
4867,-47.78942661852394,35.10750510336182,1.02078301060456,-0.17409100374114697,0.17409100374114697
4868,-47.762571249692606,35.1508732022728,1.0119236933752296,-0.1732781812144147,0.1732781812144147
4869,-47.735303695297695,35.194049141269346,1.0030945374769988,-0.17253123184631958,0.17253123184631958
4870,-47.70762844362356,35.237026790777755,0.9942928967540343,-0.17184957314747265,0.17184957314747265
4871,-47.679549982954555,35.27980002122415,0.9855161402154433,-0.1712326615000663,0.1712326615000663
4872,-47.65107280157496,35.3223627030348,0.9767616510224948,-0.17067999279114152,0.17067999279114152
4873,-47.62220138776913,35.36470870663591,0.9680268254518618,-0.17019110270002522,0.17019110270002522
4874,-47.59294022982135,35.40683190245372,0.9593090718445618,-0.16976556690573733,0.16976556690573733
4875,-47.56329381601598,35.44872616091444,0.9506058095399338,-0.16940300134963174,0.16940300134963174
4876,-47.533266634637314,35.49038535244429,0.9419144677999934,-0.1691030621976066,0.1691030621976066
4877,-47.50286317396971,35.53180334746953,0.9332324847255814,-0.1688654460098822,0.1688654460098822
4878,-47.47208792229745,35.57297401641633,0.924557306169213,-0.16868988948202215,0.16868988948202215
4879,-47.44094536790489,35.61389122971093,0.9158863846460574,-0.1685761695299254,0.1685761695299254
4880,-47.409439999076305,35.654548857779595,0.9072171782445391,-0.16852410294869458,0.16852410294869458
4881,-47.377576304096074,35.69494077104848,0.8985471495427221,-0.16853354623050354,0.16853354623050354
4882,-47.34535877124849,35.73506083994383,0.8898737645303444,-0.16860439521008863,0.16860439521008863
4883,-47.312791888817905,35.774902934891884,0.8811944915387372,-0.16873658476788517,0.16873658476788517
4884,-47.27988014508861,35.81446092631884,0.8725068001844335,-0.16893008822980307,0.16893008822980307
4885,-47.246628028344944,35.853728684650946,0.8638081603258877,-0.16918491706648298,0.16918491706648298
4886,-47.21304002687121,35.8927000803144,0.8550960410371226,-0.16950112011761254,0.16950112011761254
4887,-47.17912062895175,35.931368983735446,0.8463679096019231,-0.16987878312237265,0.16987878312237265
4888,-47.1448743228709,35.96972926534029,0.8376212305292464,-0.17031802788286535,0.17031802788286535
4889,-47.11030559691293,36.00777479555521,0.8288534645959197,-0.17081901152466406,0.17081901152466406
4890,-47.07541893936223,36.04549944480634,0.8200620679168543,-0.17138192560498636,0.17138192560498636
4891,-47.04021883850307,36.08289708351993,0.811244491048157,-0.17200699512251785,0.17200699512251785
4892,-47.004709782619805,36.119961582122215,0.8023981781243378,-0.1726944775193233,0.1726944775193233
4893,-46.968896259996754,36.15668681103942,0.7935205660344313,-0.17344466144743803,0.17344466144743803
4894,-46.93278275891823,36.19306664069777,0.7846090836419576,-0.17425786550743025,0.17425786550743025
4895,-46.89637376766856,36.22909494152347,0.7756611510513395,-0.17513443683668425,0.17513443683668425
4896,-46.85967377453207,36.26476558394277,0.7666741789238685,-0.17607474964104414,0.17607474964104414
4897,-46.82268726779308,36.30007243838187,0.757645567850331,-0.17707920340746516,0.17707920340746516
4898,-46.785418735735895,36.33500937526699,0.7485727077846628,-0.1781482211577064,0.1781482211577064
4899,-46.74787266664483,36.369570265024386,0.7394529775415358,-0.1792822474263091,0.1792822474263091
4900,-46.71005354880428,36.40374897808024,0.7302837443647161,-0.18048174611205894,0.18048174611205894
4901,-46.671965870498504,36.43753938486078,0.7210623635742388,-0.18174719799571673,0.18174719799571673
4902,-46.63361412001184,36.47093535579223,0.7117861782955448,-0.18307909830112287,0.18307909830112287
4903,-46.59500278562863,36.50393076130083,0.7024525192763685,-0.1844779538109112,0.1844779538109112
4904,-46.556136355633164,36.53651947181279,0.693058704803246,-0.18594427976223754,0.18594427976223754
4905,-46.51701931830979,36.56869535775433,0.6836020407204639,-0.1874785966384142,0.1874785966384142
4906,-46.477656161942825,36.600452289551676,0.6740798205605655,-0.1890814264724437,0.1890814264724437
4907,-46.43805137481658,36.63178413763105,0.6644893257963302,-0.19075328899394076,0.19075328899394076
4908,-46.398209445215386,36.66268477241867,0.6548278262211594,-0.19249469738468608,0.19249469738468608
4909,-46.35813486142354,36.69314806434079,0.6450925804680537,-0.19430615372772633,0.19430615372772633
4910,-46.31783211172542,36.723167883823585,0.6352808366765741,-0.19618814406972201,0.19618814406972201
4911,-46.27730568440532,36.752738101293296,0.6253898333194526,-0.1981411330694392,0.1981411330694392
4912,-46.23656006774756,36.78185258717615,0.6154233791460908,-0.19989937836888355,0.19989937836888355
4913,-46.19559952342128,36.810506178361024,0.6054253522275249,-0.20010503535409577,0.20010503535409577
4914,-46.15442696221093,36.83869947295501,0.5954501167701391,-0.19968099387278135,0.19968099387278135
4915,-46.113044796409525,36.86643519501888,0.5855140786911969,-0.19919869306103272,0.19919869306103272
4916,-46.07145543751986,36.89371607198339,0.5756191285758335,-0.1986601588492286,0.1986601588492286
4917,-46.0296612970447,36.9205448312793,0.5657670871318818,-0.19806656668380143,0.19806656668380143
4918,-45.98766478648689,36.946924200337406,0.5559597269053329,-0.19741915668503618,0.19741915668503618
4919,-45.94546831734915,36.97285690658843,0.5461987708931073,-0.19671922882170692,0.19671922882170692
4920,-45.903074301134374,36.99834567746314,0.5364858912873559,-0.19596813863849377,0.19596813863849377
4921,-45.860485149345294,37.023393240392295,0.52682270835243,-0.1951672922441413,0.1951672922441413
4922,-45.817703273484746,37.04800232280668,0.5172107894365882,-0.19431814183382093,0.19431814183382093
4923,-45.774731085055485,37.072175652137034,0.5076516481164713,-0.1934221806703769,0.1934221806703769
4924,-45.73157099556034,37.095915955814135,0.49814674347317106,-0.19248093858731577,0.19248093858731577
4925,-45.68822541650211,37.119225961268725,0.48869747949695425,-0.19149597705200633,0.19149597705200633
4926,-45.64469675938356,37.1421083959316,0.4793052046210016,-0.19046888464058304,0.19046888464058304
4927,-45.60098743570751,37.16456598723351,0.46997121137821096,-0.18940127235051463,0.18940127235051463
4928,-45.55709985697672,37.1866014626052,0.46069673618211876,-0.1882947690673299,0.1882947690673299
4929,-45.51303643469406,37.20821754947746,0.4514829592226854,-0.1871510173022233,0.1871510173022233
4930,-45.468799580362266,37.22941697528101,0.44233100447883705,-0.18597166865796008,0.18597166865796008
4931,-45.424391705484155,37.25020246744664,0.43324193984117243,-0.1847583799205754,0.1847583799205754
4932,-45.379815221562545,37.27057675340513,0.42421677733686297,-0.183512808958885,0.183512808958885
4933,-45.335072540100185,37.29054256058721,0.41525647346030137,-0.18223661079051104,0.18223661079051104
4934,-45.2901660725999,37.31010261642366,0.4063619295973221,-0.18093143411071128,0.18093143411071128
4935,-45.24509823056449,37.329259648345236,0.3975339925400329,-0.1795989176254317,0.1795989176254317
4936,-45.19987142549675,37.34801638378271,0.3887734550884707,-0.17824068688724878,0.17824068688724878
4937,-45.154488068899475,37.36637555016683,0.3800810567332995,-0.17685835102793648,0.17685835102793648
4938,-45.10895057227541,37.38433987492838,0.371457484413819,-0.17545349999747945,0.17545349999747945
4939,-45.06326134712745,37.4019120854981,0.36290337334428785,-0.17402770175376167,0.17402770175376167
4940,-45.017422804958315,37.41909490930674,0.35441930790825765,-0.1725824996961688,0.1725824996961688
4941,-44.97143735727086,37.43589107378511,0.3460058226091681,-0.17111941050838805,0.17111941050838805
4942,-44.92530741556783,37.45230330636393,0.3376634030768847,-0.16963992179253154,0.16963992179253154
4943,-44.879035391352055,37.46833433447398,0.32939248712396907,-0.1681454903399896,0.1681454903399896
4944,-44.83262369612632,37.48398688554603,0.3211934658433327,-0.16663754029008562,0.16663754029008562
4945,-44.786074741393406,37.499263687010824,0.3130666847479507,-0.16511746154721,0.16511746154721
4946,-44.73939093865614,37.51416746629913,0.305012444943299,-0.16358660849547535,0.16358660849547535
4947,-44.69257469941729,37.52870095084173,0.29703100432817675,-0.16204629876286494,0.16204629876286494
4948,-44.64562843517963,37.54286686806936,0.2891225788237457,-0.16049781210646344,0.16049781210646344
4949,-44.59855455744605,37.5566679454128,0.2812873436203613,-0.15894238976162087,0.15894238976162087
4950,-44.55135547771928,37.5701069103028,0.27352543444149485,-0.15738123351101627,0.15738123351101627
4951,-44.50403360750211,37.58318649017011,0.26583694882276826,-0.1558155052583408,0.1558155052583408
4952,-44.45659135829736,37.59590941244552,0.2582219473957781,-0.1542463266622652,0.1542463266622652
4953,-44.40903114160782,37.60827840455978,0.25068045517978715,-0.15267477871559337,0.15267477871559337
4954,-44.361355368936294,37.620296193943666,0.24321246287503834,-0.1511019017606047,0.1511019017606047
4955,-44.313566451785555,37.63196550802792,0.23581792815422328,-0.14952869532884333,0.14952869532884333
4956,-44.265666801658426,37.64328907424332,0.2284967769495924,-0.1479561183687584,0.1479561183687584
4957,-44.217658830057694,37.65426962002062,0.22124890473295583,-0.1463850893027781,0.1463850893027781
4958,-44.16954494848611,37.66490987279059,0.21407417778727245,-0.14481648640350187,0.14481648640350187
4959,-44.12132756844656,37.67521255998398,0.2069724344640049,-0.14325114817562942,0.14325114817562942
4960,-44.07300910144179,37.68518040903155,0.199943486428344,-0.1416898737310218,0.1416898737310218
4961,-44.02459195897461,37.69481614736408,0.19298711988723963,-0.14013342344726512,0.14013342344726512
4962,-43.976078552547804,37.704122502412325,0.1861030967989161,-0.13858251946742975,0.13858251946742975
4963,-43.927471293664176,37.71310220160704,0.1792911560642978,-0.1370378463999987,0.1370378463999987
4964,-43.87877259382653,37.72175797237901,0.1725510146954192,-0.13550005207380167,0.13550005207380167
4965,-43.829984864537636,37.73009254215896,0.1658823689634177,-0.13396974818106552,0.13396974818106552
4966,-43.78111051730032,37.73810863837769,0.15928489552090924,-0.13244751128389784,0.13244751128389784
4967,-43.732151963617326,37.745808988465946,0.15275825250051392,-0.13093388342484621,0.13093388342484621
4968,-43.683111614991525,37.75319631985448,0.1463020805893276,-0.12942937316946204,0.12942937316946204
4969,-43.633991882925685,37.760273359974065,0.13991600407506732,-0.12793445641951864,0.12793445641951864
4970,-43.584795178922604,37.76704283625548,0.13359963186604784,-0.12644957738611093,0.12644957738611093
4971,-43.53552391448507,37.77350747612946,0.12735255848459026,-0.12497514943874433,0.12497514943874433
4972,-43.486180501115875,37.779670007026766,0.12117436503329156,-0.1235115561125142,0.1235115561125142
4973,-43.43676735031784,37.78553315637819,0.11506462013068162,-0.12205915210632133,0.12205915210632133
4974,-43.38728687359372,37.791099651614466,0.1090228808218169,-0.12061826407226083,0.12061826407226083
4975,-43.33774148244636,37.796372220166376,0.10304869345954921,-0.11918919178603449,0.11918919178603449
4976,-43.28813358837852,37.80135358946467,0.09714159455693289,-0.11777220891815156,0.11777220891815156
4977,-43.23846560289298,37.80604648694011,0.09130111161338313,-0.1163675640939328,0.1163675640939328
4978,-43.188739937492606,37.810453640023475,0.08552676391084567,-0.11497548180864021,0.11497548180864021
4979,-43.13895900368014,37.81457777614551,0.07981806328394492,-0.11359616332080204,0.11359616332080204
4980,-43.08912521295841,37.818421622736984,0.07417451486235946,-0.11222978762421691,0.11222978762421691
4981,-43.039240976830186,37.82198790722865,0.06859561778567623,-0.11087651232137229,0.11087651232137229
4982,-42.98930870679828,37.82527935705128,0.0630808658922996,-0.10953647451568428,0.10953647451568428
4983,-42.9393308143655,37.828298699635646,0.057629748381186625,-0.1082097917196916,0.1082097917196916
4984,-42.88930971103461,37.8310486624125,0.05224175044856037,-0.10689656264373673,0.10689656264373673
4985,-42.83924780830842,37.83353197281258,0.04691635390070807,-0.10559686804213425,0.10559686804213425
4986,-42.78914751768975,37.835751358266705,0.04165303773837323,-0.10431077166179066,0.10431077166179066
4987,-42.73901125068132,37.83770954620558,0.03645127872066334,-0.10303832075376362,0.10303832075376362
4988,-42.68884141878603,37.83940926406001,0.03131055190405995,-0.10177954717503619,0.10177954717503619
4989,-42.63864043350663,37.84085323926072,0.026230331157766545,-0.10053446783379189,0.10053446783379189
4990,-42.58841070634592,37.8420441992385,0.021210089657989113,-0.09930308566256074,0.09930308566256074
4991,-42.53815464880668,37.84298487142411,0.016249300359022018,-0.098085390130279,0.098085390130279
4992,-42.48787467239174,37.843677983248305,0.011347436444932484,-0.09688135804040299,0.09688135804040299
4993,-42.43757318860387,37.84412626214185,0.006503971759459589,-0.09569095411782962,0.09569095411782962
4994,-42.38725260894587,37.8443324355355,0.0017183812169661175,-0.09451413167137672,0.09451413167137672
4995,-42.33691534492055,37.844299230860024,-0.003009858806259864,-0.09335083318783081,0.09335083318783081
4996,-42.28656380803066,37.84402937554621,-0.007681270099888125,-0.09220099095451809,0.09220099095451809
4997,-42.23620040977906,37.84352559702476,-0.012296372262880332,-0.0910645274829513,0.0910645274829513
4998,-42.185827561668525,37.84279062272648,-0.01685568236611386,-0.08994135626460106,0.08994135626460106
4999,-42.13544767520185,37.841827180082134,-0.02135971463215148,-0.08883138208700168,0.08883138208700168
5000,-42.085063161881834,37.84063799652247,-0.02580898012814624,-0.0877345016114795,0.0877345016114795
5001,-42.03467643321126,37.83922579947826,-0.03020398647665506,-0.0866506038580576,0.0866506038580576
5002,-41.984289900692936,37.83759331638025,-0.034545237579826846,-0.08557957058397864,0.08557957058397864
5003,-41.93390597582966,37.835743274659215,-0.03883323335756386,-0.08452127677334254,0.08452127677334254
5004,-41.88352707012423,37.83367840174593,-0.04306846950038873,-0.0834755910259128,0.0834755910259128
5005,-41.833155595079425,37.83140142507113,-0.04725143723346866,-0.08244237588803072,0.08244237588803072
5006,-41.78279396219802,37.828915072065584,-0.05138262309351695,-0.08142148829188092,0.08142148829188092
5007,-41.73244458298289,37.82622207016007,-0.05546250871825708,-0.08041277985615161,0.08041277985615161
5008,-41.68210986893679,37.82332514678535,-0.05949157064607628,-0.0794160972156012,0.0794160972156012
5009,-41.63179223156251,37.82022702937217,-0.0634702801259259,-0.07843128230605742,0.07843128230605742
5010,-41.58149408236285,37.8169304453513,-0.06739910293807123,-0.07745817270347927,0.07745817270347927
5011,-41.53121783284062,37.813438122153514,-0.07127849922439816,-0.07649660184146033,0.07649660184146033
5012,-41.480965894498596,37.809752787209554,-0.07510892332673155,-0.07554639927416597,0.07554639927416597
5013,-41.430740678839584,37.80587716795019,-0.07889082363455308,-0.07460739093450115,0.07460739093450115
5014,-41.38054459736637,37.801813991806185,-0.08262464244021143,-0.07367939930728419,0.07367939930728419
5015,-41.33038006158178,37.79756598620831,-0.08631081580210914,-0.07276224369249396,0.07276224369249396
5016,-41.28024948298854,37.793135878587314,-0.08994977341443992,-0.07185574030963905,0.07185574030963905
5017,-41.23015527308954,37.78852639637397,-0.09354193848328785,-0.0709597025386366,0.0709597025386366
5018,-41.18009984338754,37.78374026699904,-0.09708772761008835,-0.07007394105382742,0.07007394105382742
5019,-41.130085605385325,37.77878021789327,-0.10058755388273595,-0.06919837454823316,0.06919837454823316
5020,-41.08011495839882,37.77364897493386,-0.10404205548927113,-0.06834053428079208,0.06834053428079208
5021,-41.03018927874497,37.76834913358677,-0.10745206610148277,-0.06749819202761136,0.06749819202761136
5022,-40.98030816170711,37.76288306227287,-0.11081790141354196,-0.06665134529224133,0.06665134529224133
5023,-40.93047102400576,37.75725310665006,-0.11413939181394611,-0.06579834097399838,0.06579834097399838
5024,-40.88067728236144,37.751461612376175,-0.11741633429539701,-0.06493939039694363,0.06493939039694363
5025,-40.83092635349464,37.74551092510907,-0.12064853308262861,-0.06407470111777502,0.06407470111777502
5026,-40.781217654125825,37.73940339050657,-0.1238357994833201,-0.06320447669650166,0.06320447669650166
5027,-40.73155060097561,37.733141354226554,-0.1269779517378388,-0.06232891677341837,0.06232891677341837
5028,-40.68192461076443,37.72672716192687,-0.13007481486787212,-0.06144821685104962,0.06144821685104962
5029,-40.63233910021281,37.72016315926533,-0.1331262205210232,-0.060562568259491724,0.060562568259491724
5030,-40.582793486041254,37.71345169189984,-0.1361320068177699,-0.05967215820303044,0.05967215820303044
5031,-40.53328718497029,37.70659510548821,-0.13909201819534447,-0.05877716951348489,0.05877716951348489
5032,-40.4838196137204,37.69959574568832,-0.1420061052514414,-0.05787778082079781,0.05787778082079781
5033,-40.43439018901209,37.69245595815798,-0.14487412458741927,-0.05697416629893689,0.05697416629893689
5034,-40.384998327565896,37.68517808855508,-0.14769593865126002,-0.056066495853979686,0.056066495853979686
5035,-40.33564344610226,37.67776448253744,-0.1504714155813259,-0.05515493491800328,0.05515493491800328
5036,-40.286324961341776,37.670217485762926,-0.15320042904797596,-0.05423964452478807,0.05423964452478807
5037,-40.237042290004936,37.66253944388939,-0.15588285809790756,-0.05332078130586759,0.05332078130586759
5038,-40.1877948488122,37.65473270257468,-0.1585185869976119,-0.05239849742608141,0.05239849742608141
5039,-40.13858205448412,37.646799607476645,-0.16110750507805432,-0.05147294067038189,0.05147294067038189
5040,-40.08940332374118,37.63874250425311,-0.16364950657894067,-0.05054425431912683,0.05054425431912683
5041,-40.0402580733039,37.630563738561975,-0.1661444904958606,-0.04961257737154015,0.04961257737154015
5042,-39.99114571989279,37.62226565606106,-0.16859236042786863,-0.04867804432865374,0.04867804432865374
5043,-39.94206568022835,37.613850602408206,-0.17099302442415631,-0.047740785367160796,0.047740785367160796
5044,-39.893017371031085,37.60532092326128,-0.1733463948355576,-0.04680092635759358,0.04680092635759358
5045,-39.844000209021466,37.59667896427812,-0.17565238816560708,-0.045858588830658145,0.045858588830658145
5046,-39.795013610920094,37.58792707111658,-0.17791092492281038,-0.04491389006574832,0.04491389006574832
5047,-39.74605699344742,37.57906758943452,-0.180121929476145,-0.04396694314334344,0.04396694314334344
5048,-39.69712977332396,37.57010286488979,-0.18228532991160026,-0.04301785694808499,0.04301785694808499
5049,-39.648231367270235,37.56103524314023,-0.18440105789032735,-0.04206673624888037,0.04206673624888037
5050,-39.59936119200671,37.55186706984369,-0.18646904850940113,-0.041113681745170126,0.041113681745170126
5051,-39.55051866425394,37.54260069065803,-0.18848924016501858,-0.04015879014310764,0.04015879014310764
5052,-39.50170320073242,37.53323845124108,-0.19046157441721095,-0.039202154168524676,0.039202154168524676
5053,-39.45291421816265,37.52378269725071,-0.1923859958572178,-0.03824386269149305,0.03824386269149305
5054,-39.40415113326513,37.514235774344755,-0.1942624519775267,-0.03728400074277165,0.03728400074277165
5055,-39.35541336276035,37.50460002818107,-0.19609089304427263,-0.03632264962861986,0.03632264962861986
5056,-39.306700323368894,37.49487780441752,-0.19787127197203028,-0.035359886950673866,0.035359886950673866
5057,-39.25801143181122,37.48507144871194,-0.1996035442012773,-0.034395786735054334,0.034395786735054334
5058,-39.209346104807835,37.47518330672219,-0.20128766757906535,-0.03343041947522809,0.03343041947522809
5059,-39.16070375907926,37.465215724106095,-0.2029236022414321,-0.03246385220479267,0.03246385220479267
5060,-39.11208381134598,37.45517104652153,-0.20451131049984367,-0.031496148634185255,0.031496148634185255
5061,-39.06348567832853,37.44505161962633,-0.20605075672958514,-0.030527369141326526,0.030527369141326526
5062,-39.01490877674741,37.43485978907837,-0.20754190726174251,-0.029557570976525404,0.029557570976525404
5063,-38.96635252332312,37.424597900535474,-0.2089847302779304,-0.028586808220363562,0.028586808220363562
5064,-38.91781633477618,37.4142682996555,-0.21037919570701294,-0.027615131959848483,0.027615131959848483
5065,-38.86929962782704,37.40387333209628,-0.21172527512658124,-0.026642590359246692,0.026642590359246692
5066,-38.82080181919631,37.39341534351571,-0.2130229416670913,-0.02566922875244742,0.02566922875244742
5067,-38.77232232560445,37.38289667957161,-0.2142721699181659,-0.024695089695850138,0.024695089695850138
5068,-38.72386056377194,37.37231968592181,-0.21547293583810362,-0.02372021310297472,0.02372021310297472
5069,-38.67541595041935,37.361686708224205,-0.21662521666840345,-0.022744636371884657,0.022744636371884657
5070,-38.626987902267125,37.351000092136616,-0.21772899084977154,-0.02176839437815797,0.02176839437815797
5071,-38.57857583603581,37.340262183316895,-0.21878423794103685,-0.02079151966040099,0.02079151966040099
5072,-38.530179168445905,37.3294753274229,-0.2197909385429077,-0.019814042492397866,0.019814042492397866
5073,-38.481797316217914,37.31864187011247,-0.2207490742238569,-0.018835990959571624,0.018835990959571624
5074,-38.4334296960723,37.30776415704347,-0.2216586274499924,-0.017857391107047378,0.017857391107047378
5075,-38.385075724729674,37.296844533873745,-0.22251958151739287,-0.016878266955028594,0.016878266955028594
5076,-38.33673481891048,37.28588534626114,-0.2233319204881682,-0.015898640698749127,0.015898640698749127
5077,-38.28840639533522,37.2748889398635,-0.22409562913046088,-0.014918532732573216,0.014918532732573216
5078,-38.24008987072443,37.263857660338694,-0.22481069286120953,-0.013937961803310776,0.013937961803310776
5079,-38.191784661798614,37.25279385334454,-0.22547709769170132,-0.012956945035611267,0.012956945035611267
5080,-38.14349018527827,37.24169986453893,-0.22609483017790588,-0.011975498166174485,0.011975498166174485
5081,-38.09520585788389,37.23057803957968,-0.22666387737358037,-0.010993635488400075,0.010993635488400075
5082,-38.04693109633602,37.219430724124656,-0.22718422678559333,-0.01001137006466347,0.01001137006466347
5083,-37.998665317355126,37.208260263831704,-0.22765586633486734,-0.009028713808555749,0.009028713808555749
5084,-37.950407937661716,37.19706900435866,-0.22807878431887407,-0.008045677533260956,0.008045677533260956
5085,-37.902158373976356,37.185859291363414,-0.2284529693788324,-0.007062271161345137,0.007062271161345137
5086,-37.85391604301952,37.17463347050378,-0.22877841046944045,-0.006078503685825437,0.006078503685825437
5087,-37.80568036151171,37.16339388743762,-0.22905509683224068,-0.005094383424520923,0.005094383424520923
5088,-37.75745074617344,37.15214288782278,-0.22928301797294548,-0.004109917994702687,0.004109917994702687
5089,-37.70922661372521,37.14088281731711,-0.2294621636418718,-0.0031251145332004504,0.0031251145332004504
5090,-37.66100738088753,37.12961602157846,-0.22959252381750644,-0.0021399796721744313,0.0021399796721744313
5091,-37.612792464380924,37.118344846264684,-0.22967408869401745,-0.0011545197923804728,0.0011545197923804728
5092,-37.564581280925886,37.10707163703363,-0.22970684867238944,-0.00016874098610121174,0.00016874098610121174
5093,-37.51637324724294,37.09579873954315,-0.2296907943542577,0.0008173507267327809,0.0008173507267327809
5094,-37.46816778005252,37.08452849945107,-0.2296259165397944,0.0018037493807942272,0.0018037493807942272
5095,-37.41996429607524,37.07326326241528,-0.22951220622917945,0.0027904488679022068,0.0027904488679022068
5096,-37.37176221203157,37.062005374093616,-0.2293496546274992,0.003777442925486361,0.003777442925486361
5097,-37.323560944642,37.05075718014392,-0.22913825315234057,0.004764724968501664,0.004764724968501664
5098,-37.27535991062707,37.03952102622406,-0.2288779934464959,0.005752287980200323,0.005752287980200323
5099,-37.22715852670725,37.02829925799185,-0.22856886739226415,0.006740124485862855,0.006740124485862855
5100,-37.17895620960307,37.01709422110517,-0.22821086713063912,0.007728226310463672,0.007728226310463672
5101,-37.13075237603503,37.00590826122186,-0.227803985084238,0.008716584598650283,0.008716584598650283
5102,-37.08254644272365,36.99474372399977,-0.22734821398178345,0.00970518966058334,0.00970518966058334
5103,-37.03433782638939,36.98360295509676,-0.2268435468886628,0.01069403080909962,0.01069403080909962
5104,-36.98612594375283,36.97248830017066,-0.2262899772391053,0.011683096385527,0.011683096385527
5105,-36.93791021153445,36.96140210487934,-0.22568749887240075,0.01267237349902465,0.01267237349902465
5106,-36.88969004645476,36.95034671488064,-0.2250361060733647,0.01366184804382053,0.01366184804382053
5107,-36.84146486523426,36.93932447583241,-0.22433579361516529,0.014651504514894649,0.014651504514894649
5108,-36.79323408459346,36.9283377333925,-0.22358655680673437,0.015641325935240334,0.015641325935240334
5109,-36.744997121252865,36.91738883321877,-0.22278839154304536,0.016631293741040692,0.016631293741040692
5110,-36.696753391932994,36.90648012096906,-0.2219412943588048,0.017621387686815683,0.017621387686815683
5111,-36.64850231335434,36.89561394230121,-0.2210452624861154,0.01861158570817864,0.01861158570817864
5112,-36.60024330223742,36.88479264287309,-0.22010029391566183,0.019601863845148244,0.019601863845148244
5113,-36.55197577530273,36.87401856834254,-0.21910638746137917,0.020592196106787454,0.020592196106787454
5114,-36.503699149270794,36.86329406436741,-0.21806354282785392,0.021582554424878022,0.021582554424878022
5115,-36.45541284086213,36.852621476605556,-0.21697176068224008,0.022572908446867584,0.022572908446867584
5116,-36.40711626679722,36.84200315071481,-0.21583104272928286,0.023563225546693264,0.023563225546693264
5117,-36.358808843796595,36.831441432353046,-0.2146413917896521,0.024553470609782933,0.024553470609782933
5118,-36.31048998858075,36.820938667178105,-0.2134028118823865,0.02554360601216716,0.02554360601216716
5119,-36.2621591178702,36.810497200847834,-0.21211530830961248,0.026533591479853146,0.026533591479853146
5120,-36.21381564838544,36.80011937902009,-0.21077888774591658,0.027523383972581448,0.027523383972581448
5121,-36.16545899684699,36.78980754735271,-0.20939355833035675,0.02851293762509066,0.02851293762509066
5122,-36.11708857997536,36.779564051503556,-0.20795932976235348,0.02950220358147469,0.02950220358147469
5123,-36.068703814491,36.769391237130456,-0.20647621340062794,0.03049112997101563,0.03049112997101563
5124,-36.02030411711453,36.75929144989129,-0.2049442223655664,0.031479661727655456,0.031479661727655456
5125,-35.971888904566384,36.7492670354439,-0.20336337164522303,0.03246774055902567,0.03246774055902567
5126,-35.9234575935671,36.73932033944614,-0.20173532943295236,0.03338851052665556,0.03338851052665556
5127,-35.8750096329017,36.72945354745265,-0.20008097261954438,0.03353178176540606,0.03353178176540606
5128,-35.826544844322285,36.719666982736825,-0.19843192464503628,0.03317302983601693,0.03317302983601693
5129,-35.77806329030775,36.709959766586316,-0.19680080858988933,0.03280537183811022,0.03280537183811022
5130,-35.72956503735373,36.700331000232566,-0.19518784998629568,0.03243720007537098,0.03243720007537098
5131,-35.681050151955844,36.69077978490704,-0.19359306669965293,0.032068539128371834,0.032068539128371834
5132,-35.63251870060974,36.68130522184118,-0.19201647579253178,0.03169941318951405,0.03169941318951405
5133,-35.58397074981099,36.67190641226644,-0.19045809353993207,0.03132984592765795,0.03132984592765795
5134,-35.53540636605532,36.66258245741427,-0.18891793544386398,0.030959860650719914,0.030959860650719914
5135,-35.48682561583832,36.653332458516154,-0.18739601624863333,0.030589480115540413,0.030589480115540413
5136,-35.43822856565561,36.644155516803515,-0.18589234995553552,0.030218726742192573,0.030218726742192573
5137,-35.38961528200284,36.63505073350781,-0.18440694983640327,0.02984762244711166,0.02984762244711166
5138,-35.34098583137563,36.62601720986049,-0.1829398284489341,0.029476188738957007,0.029476188738957007
5139,-35.29234028026964,36.61705404709305,-0.18149099765158802,0.029104446641165512,0.029104446641165512
5140,-35.243678695180456,36.60816034643689,-0.1800604686170947,0.028732416827156375,0.028732416827156375
5141,-35.195001142603736,36.59933520912348,-0.1786482518460566,0.028360119482463773,0.028360119482463773
5142,-35.146307689035076,36.59057773638428,-0.17725435718237145,0.0279875743709515,0.0279875743709515
5143,-35.09759840097018,36.58188702945075,-0.17587879382610508,0.027614800873088558,0.027614800873088558
5144,-35.04887334490465,36.57326218955435,-0.17452157034789947,0.027241817887814705,0.027241817887814705
5145,-35.00013258733409,36.5647023179265,-0.17318269470228229,0.026868643976873635,0.026868643976873635
5146,-34.951376194754154,36.55620651579868,-0.17186217424066474,0.026495297235317964,0.026495297235317964
5147,-34.902604233660476,36.54777388440234,-0.17056001572587684,0.026121795361134584,0.026121795361134584
5148,-34.85381677054869,36.53940352496893,-0.16927622534476683,0.025748155666164754,0.025748155666164754
5149,-34.80501387191441,36.5310945387299,-0.16801080872097124,0.025374395060840018,0.025374395060840018
5150,-34.75619560425329,36.52284602691672,-0.16676377092835434,0.02500053004490826,0.02500053004490826
5151,-34.70736203406094,36.51465709076082,-0.1655351165037256,0.024626576748668857,0.024626576748668857
5152,-34.65851322783298,36.506526831493666,-0.16432484945911885,0.024252550912183733,0.024252550912183733
5153,-34.60964925206511,36.498454350346734,-0.1631329732948914,0.02387846787572203,0.02387846787572203
5154,-34.560770173252905,36.49043874855145,-0.16195949101165763,0.023504342639621013,0.023504342639621013
5155,-34.511876057892,36.48247912733926,-0.16080440512196603,0.0231301898175059,0.0231301898175059
5156,-34.462966972478064,36.474574587941646,-0.15966771766311422,0.022756023640500174,0.022756023640500174
5157,-34.41404298350668,36.46672423159005,-0.15854943020895962,0.022381857996718872,0.022381857996718872
5158,-34.365104157473525,36.458927159515916,-0.15744954388078952,0.022007706432897255,0.022007706432897255
5159,-34.3161505608742,36.45118247295071,-0.15636805935935924,0.021633582109163756,0.021633582109163756
5160,-34.267182260204336,36.44348927312589,-0.1553049768966854,0.021259497857383656,0.021259497857383656
5161,-34.21819932195958,36.43584666127288,-0.1542602963259551,0.020885466202405528,0.020885466202405528
5162,-34.169201812635514,36.42825373862316,-0.15323401707332543,0.020511499268134212,0.020511499268134212
5163,-34.12018979872786,36.42070960640819,-0.15222613816891448,0.020137608907433588,0.020137608907433588
5164,-34.071163346732206,36.41321336585942,-0.15123665825720525,0.01976380659985398,0.01976380659985398
5165,-34.02212252314418,36.405764118208275,-0.15026557560674308,0.019390103585785412,0.019390103585785412
5166,-33.97306739445943,36.398360964686255,-0.14931288812145505,0.019016510670798865,0.019016510670798865
5167,-33.92399802717356,36.39100300652477,-0.14837859335043924,0.018643038486738744,0.018643038486738744
5168,-33.87491448778222,36.3836893449553,-0.14746268849711122,0.01826969726029856,0.01826969726029856
5169,-33.82581684278105,36.3764190812093,-0.1465651704302971,0.017896496969851596,0.017896496969851596
5170,-33.77670515866566,36.369191316518204,-0.14568603569246033,0.017523447308033117,0.017523447308033117
5171,-33.7275795019317,36.36200515211348,-0.1448252805096879,0.01715055765208578,0.01715055765208578
5172,-33.67843993907476,36.35485968922657,-0.1439829008005549,0.016777837142760408,0.016777837142760408
5173,-33.62928653659054,36.34775402908897,-0.14315889218573533,0.016405294579135695,0.016405294579135695
5174,-33.58011936097465,36.34068727293208,-0.14235324999625973,0.016032938582458717,0.016032938582458717
5175,-33.5309384787227,36.33365852198737,-0.14156596928135273,0.015660777453054584,0.015660777453054584
5176,-33.48174395633034,36.3266668774863,-0.1407970448184525,0.015288819229679057,0.015288819229679057
5177,-33.4325358602932,36.31971144066033,-0.14004647112043653,0.014917071746624277,0.014917071746624277
5178,-33.3833142571069,36.312791312740906,-0.13931424244376944,0.014545542543544218,0.014545542543544218
5179,-33.33407921326708,36.305905594959476,-0.13860035279645014,0.014174238967754438,0.014174238967754438
5180,-33.284830795269386,36.299053388547506,-0.1379047959454194,0.013803168097677143,0.013803168097677143
5181,-33.23556906960939,36.29223379473644,-0.13722756542450582,0.013432336801895553,0.013432336801895553
5182,-33.1862941027828,36.28544591475774,-0.13656865454123002,0.01306175172993543,0.01306175172993543
5183,-33.13700596128524,36.27868884984285,-0.1359280563839806,0.012691419310786994,0.012691419310786994
5184,-33.087704711612304,36.27196170122323,-0.1353057638289553,0.0123213457677695,0.0123213457677695
5185,-33.03839042025965,36.26526357013035,-0.13470176954723856,0.011951537102310013,0.011951537102310013
5186,-32.989063153722896,36.25859355779563,-0.13411606601048695,0.011581999170229736,0.011581999170229736
5187,-32.939722978497684,36.251950765450545,-0.13354864549757448,0.01121273757088861,0.01121273757088861
5188,-32.89036996107964,36.245334294326554,-0.1329995001014787,0.010843757752471985,0.010843757752471985
5189,-32.84100416796439,36.238743245655094,-0.13246862173414564,0.010475064991985306,0.010475064991985306
5190,-32.79162566564759,36.232176720667624,-0.13195600213248687,0.01010666437377731,0.01010666437377731
5191,-32.742234520624805,36.2256338205956,-0.1314616328644424,0.009738560812518083,0.009738560812518083
5192,-32.69283079939176,36.219113646670465,-0.1309855053336611,0.009370759089633729,0.009370759089633729
5193,-32.64341456844404,36.2126153001237,-0.13052761078532787,0.009003263775026802,0.009003263775026802
5194,-32.59398589427728,36.20613788218674,-0.13008794031076507,0.008636079358421532,0.008636079358421532
5195,-32.54454484338712,36.19968049409105,-0.12966648485231616,0.008269210110801211,0.008269210110801211
5196,-32.49509148226919,36.193242237068056,-0.12926323520779914,0.00790266024416117,0.00790266024416117
5197,-32.445625877419104,36.18682221234924,-0.12887818203489343,0.007536433758440684,0.007536433758440684
5198,-32.39614809533252,36.18041952116606,-0.12851131585628878,0.00717053456795545,0.00717053456795545
5199,-32.346658202505054,36.17403326474994,-0.12816262706215334,0.006804966486441605,0.006804966486441605
5200,-32.297156265432356,36.167662544332366,-0.12783210591533362,0.006439733136384592,0.006439733136384592
5201,-32.24764235060999,36.161306461144754,-0.12751974255438975,0.006074838130391946,0.006074838130391946
5202,-32.19811652453368,36.1549641164186,-0.12722552699706116,0.005710284876443968,0.005710284876443968
5203,-32.148578853699036,36.148634611385326,-0.1269494491440251,0.005346076764789965,0.005346076764789965
5204,-32.099029404601666,36.14231704727641,-0.12669149878152136,0.004982217030325214,0.004982217030325214
5205,-32.0494682437372,36.13601052532328,-0.12645166558446044,0.004618708874671236,0.004618708874671236
5206,-31.999895437601303,36.12971414675742,-0.12622993911945024,0.004255555351190705,0.004255555351190705
5207,-31.950311052689568,36.123427012810254,-0.12602630884701518,0.003892759516066617,0.003892759516066617
5208,-31.900715155497654,36.11714822471325,-0.12584076412354206,0.003530324291939317,0.003530324291939317
5209,-31.851107812521178,36.11087688369787,-0.12567329420485007,0.0031682525430113393,0.0031682525430113393
5210,-31.801489090255743,36.10461209099555,-0.12552388824721378,0.002806547105590054,0.002806547105590054
5211,-31.751859055197045,36.09835294783775,-0.1253925353089403,0.0024452107390456135,0.0024452107390456135
5212,-31.702217773840694,36.092098555455934,-0.12527922435266028,0.0020842461499849373,0.0020842461499849373
5213,-31.652565312682313,36.08584801508155,-0.1251839442469132,0.0017236559999584261,0.0017236559999584261
5214,-31.602901738217547,36.079600427946055,-0.12510668376717585,0.0013634429236175673,0.0013634429236175673
5215,-31.553227116941997,36.07335489528088,-0.12504743159647513,0.0010036095307788839,0.0010036095307788839
5216,-31.503541515351323,36.067110518317506,-0.1250061763271563,0.0006441583617537406,0.0006441583617537406
5217,-31.45384499994115,36.06086639828738,-0.12498290646171781,0.0002850919728605169,0.0002850919728605169
5218,-31.404137637207107,36.05462163642195,-0.12497761041241681,-7.358709646463458e-05,7.358709646463458e-05
5219,-31.354419493644833,36.04837533395269,-0.12499027650304757,-0.00043187637405151663,0.00043187637405151663
5220,-31.304690635749914,36.04212659211101,-0.1250208929680105,-0.0007897732930102952,0.0007897732930102952
5221,-31.254951130018068,36.03587451212841,-0.12506944795270591,-0.001147275403096177,0.001147275403096177
5222,-31.205201042944875,36.02961819523632,-0.12513592951422223,-0.0015043801677598948,0.0015043801677598948
5223,-31.155440441025974,36.023356742666195,-0.12522032562000882,-0.0018610850832269882,0.0018610850832269882
5224,-31.105669390757,36.017089255649495,-0.12532262414809378,-0.002217387617752495,0.002217387617752495
5225,-31.055887958633576,36.01081483541767,-0.1254428128861942,-0.002573285224842704,0.002573285224842704
5226,-31.006096211151352,36.00453258320218,-0.12558087953110003,-0.0029287753376566277,0.0029287753376566277
5227,-30.956294214805947,35.99824160023447,-0.12573681168786838,-0.003283855363771706,0.003283855363771706
5228,-30.906482036092992,35.99194098774599,-0.12591059686809225,-0.003638522650317308,0.003638522650317308
5229,-30.856659741508125,35.985629846968216,-0.1261022224893532,-0.0039927745627684,0.0039927745627684
5230,-30.806827397546936,35.97930727913258,-0.1263116758735731,-0.004346608359180592,0.004346608359180592
5231,-30.756985070705134,35.972972385470555,-0.12653894424546808,-0.004700021316788153,0.004700021316788153
5232,-30.70713282747831,35.96662426721356,-0.12678401473022782,-0.0050530105715662415,0.0050530105715662415
5233,-30.657270734362108,35.96026202559309,-0.12704687435207104,-0.005405573310337456,0.005405573310337456
5234,-30.60739885785214,35.95388476184057,-0.12732541174067968,-0.005674261449113975,0.005674261449113975
5235,-30.557517265630846,35.947491790081685,-0.12759314317705056,-0.004973518472516168,0.004973518472516168
5236,-30.507626039170447,35.94108489815923,-0.12780999388212,-0.0036489537869263374,0.0036489537869263374
5237,-30.45772526883673,35.93466746930342,-0.12796002866352343,-0.0023155634673756764,0.0023155634673756764
5238,-30.40781504514355,35.92824291330913,-0.1280430326258551,-0.0009836314336428191,0.0009836314336428191
5239,-30.357895458604776,35.921814639971224,-0.12805904840722598,0.00034696867346957776,0.00034696867346957776
5240,-30.30796659973423,35.91538605908456,-0.12800811442285923,0.001676363092903839,0.001676363092903839
5241,-30.25802855904586,35.90896058044405,-0.12789026487177044,0.003004677612292909,0.003004677612292909
5242,-30.208081427053497,35.90254161384455,-0.12770552975076202,0.004332037456537546,0.004332037456537546
5243,-30.158125294270977,35.89613256908093,-0.12745393487654888,0.005658566925264914,0.005658566925264914
5244,-30.10816025121219,35.88973685594807,-0.12713550191690687,0.006984389246611304,0.006984389246611304
5245,-30.05818638839098,35.88335788424084,-0.1267502484292789,0.008309626277312614,0.008309626277312614
5246,-30.008203796321222,35.8769990637541,-0.12629818790803873,0.00963439830891568,0.00963439830891568
5247,-29.95821256551678,35.87066380428276,-0.12577932984101772,0.01095882374384107,0.01095882374384107
5248,-29.908212786491507,35.86435551562166,-0.125193679772382,0.012283019016788452,0.012283019016788452
5249,-29.858204549759247,35.85807760756568,-0.12454123937458757,0.013607098162038185,0.013607098162038185
5250,-29.808187945833918,35.8518334899097,-0.12382200652963844,0.014931172724990071,0.014931172724990071
5251,-29.758163065229358,35.84562657244861,-0.12303597541775765,0.016255351403649587,0.016255351403649587
5252,-29.70812999845943,35.839460264977255,-0.12218313661441457,0.017579739921238922,0.017579739921238922
5253,-29.658088836037997,35.833337977290526,-0.12126347719571703,0.01890444066611897,0.01890444066611897
5254,-29.608039668478916,35.82726311918329,-0.1202769808531814,0.02022955252241246,0.02022955252241246
5255,-29.557982586296056,35.821239100450434,-0.11922362801626721,0.0215551705721646,0.0215551705721646
5256,-29.507917680003278,35.8152693308868,-0.11810339598304517,0.022881385909346588,0.022881385909346588
5257,-29.45784504011445,35.809357220287296,-0.11691625906086003,0.024208285265956142,0.024208285265956142
5258,-29.40776475714343,35.80350617844678,-0.11566218871520591,0.025535950894491132,0.025535950894491132
5259,-29.35767692160405,35.797719615160126,-0.1143411537263439,0.02686446021029047,0.02686446021029047
5260,-29.307581624010243,35.792000940222216,-0.11295312035638876,0.02819388556308888,0.02819388556308888
5261,-29.257478954875847,35.78635356342792,-0.11149805252463436,0.02952429396557049,0.02952429396557049
5262,-29.2073690047147,35.7807808945721,-0.10997591199143594,0.030855746849167545,0.030855746849167545
5263,-29.157251864040685,35.77528634344965,-0.10838665855203296,0.03218829973522928,0.03218829973522928
5264,-29.107127623367667,35.76987331985544,-0.10673025023993292,0.033522002002974796,0.033522002002974796
5265,-29.056996373209493,35.76454523358432,-0.10500664353764955,0.034856896645344394,0.034856896645344394
5266,-29.006858204080046,35.75930549443119,-0.10321579359864812,0.03619301988121238,0.03619301988121238
5267,-28.956713206493173,35.754157512190915,-0.10135765447884464,0.037530400974266936,0.037530400974266936
5268,-28.906561470962753,35.74910469665837,-0.09943217937613096,0.03886906190270044,0.03886906190270044
5269,-28.856403088002597,35.74415045762843,-0.09743932088066225,0.04020901706742488,0.04020901706742488
5270,-28.806238148126653,35.739298204895974,-0.0953790312349675,0.0415502729956705,0.0415502729956705
5271,-28.75606674184874,35.73455134825585,-0.09325126260248856,0.04289282810317268,0.04289282810317268
5272,-28.705888959682728,35.72991329750296,-0.09105596734752233,0.04423667227637468,0.04423667227637468
5273,-28.65570489214248,35.72538746243218,-0.08879309832509855,0.04558178669176311,0.04558178669176311
5274,-28.605514629741858,35.72097725283837,-0.08646260917891863,0.04692814347010724,0.04692814347010724
5275,-28.555318262994714,35.71668607851639,-0.08406445465061925,0.048275705365004085,0.048275705365004085
5276,-28.505115882414934,35.71251734926115,-0.08159859090001075,0.049624425429627535,0.049624425429627535
5277,-28.454907578516366,35.70847447486749,-0.07906497583336017,0.05097424682102489,0.05097424682102489
5278,-28.40469344181288,35.704560865130304,-0.07646356944283444,0.052325102342289424,0.052325102342289424
5279,-28.354473562818292,35.70077992984446,-0.07379433415648406,0.05367691427216883,0.05367691427216883
5280,-28.30424803204655,35.69713507880483,-0.07105723519670407,0.05502959398851125,0.05502959398851125
5281,-28.254016940011486,35.693629721806296,-0.06825224095067939,0.05638304166101841,0.05638304166101841
5282,-28.20378037722694,35.69026726864372,-0.06537932334943061,0.0577371460092442,0.0577371460092442
5283,-28.153538434206794,35.687051129111985,-0.06243845825695434,0.05909178393922701,0.05909178393922701
5284,-28.103291201464916,35.68398471300596,-0.05942962587018158,0.06044682027507923,0.06044682027507923
5285,-28.05303876951515,35.68107143012051,-0.05635281112721857,0.06180210750010145,0.06180210750010145
5286,-28.002781228871378,35.67831469025053,-0.053208004126543036,0.06315748538630146,0.06315748538630146
5287,-27.952518670047453,35.675717903190886,-0.04999520055538869,0.06451278081120036,0.06451278081120036
5288,-27.9022511835572,35.67328447873644,-0.04672043269954731,0.06562818796199883,0.06562818796199883
5289,-27.851978927810165,35.6710172222186,-0.04341672678171315,0.06567075653480621,0.06567075653480621
5290,-27.801702365151062,35.66891623308243,-0.040118611062306235,0.06541366120820323,0.06541366120820323
5291,-27.751422042937573,35.6669808539168,-0.036833608747018985,0.06515705805453476,0.06515705805453476
5292,-27.701138508531386,35.66521042727489,-0.0335616911658268,0.06490098815405179,0.06490098815405179
5293,-27.650852309294173,35.66360429570987,-0.0303028283974509,0.06464547790790251,0.06464547790790251
5294,-27.60056399258764,35.662161801774914,-0.02705698964504517,0.06439055309671923,0.06439055309671923
5295,-27.550274105773457,35.66088228802318,-0.023824143254737622,0.06413623902256343,0.06413623902256343
5296,-27.499983196213325,35.65976509700786,-0.020604256734192517,0.06388256036901546,0.06388256036901546
5297,-27.449691811268924,35.65880957128212,-0.017397296771463316,0.06362954133321494,0.06362954133321494
5298,-27.39940049830191,35.65801505339913,-0.014203229252789095,0.06337720553925488,0.06337720553925488
5299,-27.34910980467403,35.65738088591207,-0.011022019280979853,0.06312557610478832,0.06312557610478832
5300,-27.298820277746948,35.6569064113741,-0.007853631193010595,0.06287467561004058,0.06287467561004058
5301,-27.24853246488235,35.65659097233841,-0.0046980285780668565,0.06262452611429213,0.06262452611429213
5302,-27.19824691344191,35.65643391135814,-0.0015551742943009034,0.0623751491949722,0.0623751491949722
5303,-27.14796417078734,35.65643457098652,0.001574969512768892,0.06212656584705959,0.06212656584705959
5304,-27.09768478428031,35.65659229377667,0.004692441393963409,0.06187879667174416,0.06187879667174416
5305,-27.0474093012825,35.656906422281786,0.0077972805797983805,0.06163186167795953,0.06163186167795953
5306,-26.997138269155613,35.657376299055024,0.010889526963268597,0.06138578046250255,0.06138578046250255
5307,-26.94687223526134,35.65800126664958,0.013969221083605248,0.06114057207300722,0.06114057207300722
5308,-26.896611746961295,35.6587806676186,0.01703640411015496,0.06089625515456641,0.06089625515456641
5309,-26.846357351617286,35.659713844515295,0.020091117826121347,0.06065284780142889,0.06065284780142889
5310,-26.796109596590938,35.66080013989281,0.02313340461260378,0.060410367722828776,0.060410367722828776
5311,-26.745869029243938,35.6620388963043,0.02616330743427758,0.060168832146017606,0.060168832146017606
5312,-26.695636196937983,35.663429456302985,0.02918086982221037,0.05992825780472501,0.05992825780472501
5313,-26.64541164703475,35.664971162441994,0.03218613585993278,0.05968866108469223,0.05968866108469223
5314,-26.595195926895936,35.66666335727454,0.035179150168007725,0.05945005782306383,0.05945005782306383
5315,-26.54498958388322,35.66850538335375,0.03815995788938564,0.059212463545308125,0.059212463545308125
5316,-26.494793165358278,35.67049658323282,0.04112860467564741,0.058975893268322574,0.058975893268322574
5317,-26.44460721868283,35.67263629946493,0.04408513667118501,0.05874036162005447,0.05874036162005447
5318,-26.394432291218497,35.67492387460325,0.04702960050036767,0.05850588284402136,0.05850588284402136
5319,-26.34426893032705,35.67735865120095,0.04996204325351086,0.05827247075127387,0.05827247075127387
5320,-26.29411768337014,35.67993997181119,0.052882512473080304,0.05804013878365495,0.05804013878365495
5321,-26.243979097709456,35.68266717898715,0.05579105614040444,0.057808899974857324,0.057808899974857324
5322,-26.193853720706684,35.68553961528202,0.058687722662210326,0.05757876698786046,0.05757876698786046
5323,-26.143742099723504,35.68855662324895,0.06157256085813414,0.057349752121009366,0.057349752121009366
5324,-26.09364478212161,35.69171754544113,0.06444561994753867,0.0571218672792831,0.0571218672792831
5325,-26.043562315262687,35.69502172441171,0.06730694953742511,0.056895124051654436,0.056895124051654436
5326,-25.993495246508424,35.69846850271388,0.0701565996101156,0.056669533629358816,0.056669533629358816
5327,-25.94344412322047,35.70205722290082,0.07299462051048504,0.056445106874928555,0.056445106874928555
5328,-25.89340949276059,35.70578722752569,0.07582106293468135,0.05622185431681746,0.05622185431681746
5329,-25.843391902490428,35.70965785914166,0.07863597791867522,0.05599978615360113,0.05599978615360113
5330,-25.79339189977167,35.7136684603019,0.08143941682647944,0.0557789122408129,0.0557789122408129
5331,-25.743410031966008,35.7178183735596,0.08423143133872597,0.055559242123710044,0.055559242123710044
5332,-25.693446846435123,35.72210694146792,0.08701207344220298,0.05534078504745697,0.05534078504745697
5333,-25.643502890540724,35.72653350658005,0.08978139541821709,0.05512354990482542,0.05512354990482542
5334,-25.59357871164446,35.73109741144911,0.0925394498333514,0.05490754538912168,0.05490754538912168
5335,-25.543674857108055,35.73579799862835,0.09528628952778492,0.054692779748373214,0.054692779748373214
5336,-25.493791874293173,35.74063461067088,0.0980219676052369,0.054479261101099255,0.054479261101099255
5337,-25.443930310561463,35.7456065901299,0.10074653742439281,0.054266997184253415,0.054266997184253415
5338,-25.39409071327471,35.75071327955859,0.1034600525871243,0.05405599548168952,0.05405599548168952
5339,-25.344273629794532,35.7559540215101,0.10616256693029787,0.053846263244353335,0.053846263244353335
5340,-25.294479607482646,35.761328158537616,0.10885413451622344,0.053637807419450234,0.053637807419450234
5341,-25.244709193700718,35.76683503319431,0.11153482274922577,0.05343115864876613,0.05343115864876613
5342,-25.194962935546474,35.77247398938559,0.11420699188095747,0.0533173259833951,0.0533173259833951
5343,-25.145241333981687,35.778244607356704,0.11687787401763534,0.053399850552080644,0.053399850552080644
5344,-25.09554479148451,35.784146971853545,0.1195530211606245,0.05350806249574987,0.05350806249574987
5345,-25.04587369787128,35.79018123248422,0.12223308628169263,0.05361680016363126,0.05361680016363126
5346,-24.996228442958387,35.79634753885688,0.12491809298259396,0.053726058807079015,0.053726058807079015
5347,-24.946609416562154,35.802646040579646,0.12760806470392172,0.05383583361878183,0.05383583361878183
5348,-24.89701700849903,35.809076887260645,0.1303030247226077,0.05394611968669062,0.05394611968669062
5349,-24.84745160858533,35.81564022850799,0.1330029961495363,0.054056912044692776,0.054056912044692776
5350,-24.797913606637426,35.822336213929816,0.1357080019264223,0.0541682055908669,0.0541682055908669
5351,-24.748403392471683,35.82916499313425,0.13841806482284832,0.0542799951753617,0.0542799951753617
5352,-24.698921355904467,35.836126715729435,0.14113320743319163,0.05439227550696847,0.05439227550696847
5353,-24.649467886752152,35.84322153132347,0.14385345217400586,0.05450504126394808,0.05450504126394808
5354,-24.60004337483109,35.850449589524494,0.1465788212817645,0.05461828699699836,0.05461828699699836
5355,-24.55064820995766,35.85781103994066,0.14930933680815842,0.05473200712728934,0.05473200712728934
5356,-24.501282781948188,35.86530603218006,0.15204502061833688,0.05484619606590552,0.05484619606590552
5357,-24.45194748061912,35.87293471585083,0.15478589438797358,0.05496084804586054,0.05496084804586054
5358,-24.40264269578677,35.880697240561105,0.15753197959931844,0.05507595724947935,0.05507595724947935
5359,-24.353368817267523,35.888593755919004,0.16028329753885384,0.055191517743664785,0.055191517743664785
5360,-24.30412623487773,35.89662441153266,0.1630398692936256,0.05530752349138751,0.05530752349138751
5361,-24.25491533843377,35.9047893570102,0.16580171574822072,0.055423968364935634,0.055423968364935634
5362,-24.205736517751994,35.91308874195974,0.16856885758202445,0.055540846143265515,0.055540846143265515
5363,-24.15659016264878,35.921522715989425,0.1713413152652912,0.055658150466222564,0.055658150466222564
5364,-24.107476662940492,35.93009142870738,0.1741191090557756,0.05577587490206335,0.05577587490206335
5365,-24.058396408443503,35.93879502972171,0.1769022589963195,0.0558940129174157,0.0558940129174157
5366,-24.009349788974124,35.94763366864057,0.17969078491119236,0.056012557856901526,0.056012557856901526
5367,-23.960337194348828,35.95660749507209,0.18248470640144895,0.05613150292260986,0.05613150292260986
5368,-23.9113590143839,35.96571665862436,0.18528404284333358,0.0562508413171915,0.0562508413171915
5369,-23.86241563889574,35.97496130890553,0.1880888133847371,0.05637056602077179,0.05637056602077179
5370,-23.813507457700705,35.98434159552374,0.19089903693979193,0.05649066993948789,0.05649066993948789
5371,-23.76463486061516,35.99385766808709,0.19371473218747762,0.05661114591673605,0.05661114591673605
5372,-23.715798237455477,36.003509676203734,0.19653591756714692,0.05673198659777271,0.05673198659777271
5373,-23.66699797803801,36.013297769481774,0.19936261127503727,0.05685318460401472,0.05685318460401472
5374,-23.618234472179143,36.02322209752935,0.20219483126133653,0.05697473238023393,0.05697473238023393
5375,-23.56950810969522,36.0332828099546,0.20503259522536155,0.057096622271033806,0.057096622271033806
5376,-23.52081928040259,36.043480056365645,0.20787592061269677,0.05721884652245849,0.05721884652245849
5377,-23.472168374117686,36.05381398637059,0.21072482461202102,0.05734139726703776,0.05734139726703776
5378,-23.42355578065684,36.0642847495776,0.2135793241501426,0.05746426646651429,0.05746426646651429
5379,-23.374981889836416,36.07489249559477,0.21643943588917613,0.0575874460541485,0.0575874460541485
5380,-23.326447091472776,36.085637374030235,0.21930517622304246,0.05771092776503783,0.05771092776503783
5381,-23.27795177538229,36.09651953449213,0.22217656127260804,0.05783470325030843,0.05783470325030843
5382,-23.229496331381334,36.10753912658858,0.22505360688282333,0.05795876404282784,0.05795876404282784
5383,-23.18108114928626,36.118696299927706,0.22793632861871277,0.05808310154483027,0.05808310154483027
5384,-23.13270661891345,36.12999120411765,0.23082474176095097,0.05820770702301387,0.05820770702301387
5385,-23.084373130079246,36.14142398876652,0.23371886130281402,0.05833257166846483,0.05833257166846483
5386,-23.0360810726,36.15299480348246,0.23661870194621223,0.058457686499295454,0.058457686499295454
5387,-22.987830836292147,36.164703797873585,0.23952427809683663,0.05858304242158046,0.05858304242158046
5388,-22.93962281097201,36.17655112154803,0.2424356038609508,0.05870863023482929,0.05870863023482929
5389,-22.89145738645596,36.18853692411391,0.24535269304167817,0.05883444060514464,0.05883444060514464
5390,-22.843334952560365,36.20066135517936,0.2482755591346688,0.0589604640672472,0.0589604640672472
5391,-22.79525589910159,36.21292456435253,0.25120421532351206,0.05908669101158125,0.05908669101158125
5392,-22.747220615895998,36.2253267012415,0.25413867447671373,0.05921311176000843,0.05921311176000843
5393,-22.699229492759958,36.23786791545443,0.257078949143489,0.05933971644209364,0.05933971644209364
5394,-22.65128291950984,36.25054835659945,0.26002505154858463,0.059466495079388476,0.059466495079388476
5395,-22.60338128596197,36.26336817428468,0.2629769935895043,0.05959343759797987,0.05959343759797987
5396,-22.555524981932784,36.27632751811823,0.265934786832095,0.059720533749197786,0.059720533749197786
5397,-22.507714397238615,36.28942653770824,0.26889844250606676,0.059847773186717405,0.059847773186717405
5398,-22.459949921695838,36.302665382662845,0.2718679715008943,0.059975145403956334,0.059975145403956334
5399,-22.412231945120805,36.31604420259017,0.2748433843616777,0.06010263979553789,0.06010263979553789
5400,-22.364560857329895,36.329563147098334,0.2778246912854431,0.060230245613099524,0.060230245613099524
5401,-22.31693704813947,36.34322236579547,0.2808119021163867,0.060357951966985145,0.060357951966985145
5402,-22.269360907365883,36.3570220082897,0.28380502634202215,0.06048574786092599,0.06048574786092599
5403,-22.221832824825523,36.37096222418915,0.2868040730888345,0.06061362213738983,0.06061362213738983
5404,-22.17435319033474,36.385043163101955,0.28980905111793515,0.06074156353243145,0.06074156353243145
5405,-22.126922393709876,36.39926497463625,0.29281996882099837,0.06086956063233167,0.06086956063233167
5406,-22.07954082476736,36.41362780840014,0.29583683421617973,0.06099760191600234,0.06099760191600234
5407,-22.032208873323533,36.42813181400178,0.2988596549432635,0.06112567568214775,0.06112567568214775
5408,-21.984926929194742,36.44277714104926,0.3018884382601439,0.061253770175655656,0.061253770175655656
5409,-21.937695382197372,36.45756393915074,0.3049231910384301,0.0613818734263247,0.0613818734263247
5410,-21.890514622147787,36.47249235791433,0.30796391975851295,0.06150997338862461,0.06150997338862461
5411,-21.843385038862348,36.48756254694816,0.31101063050606464,0.061638057860099016,0.061638057860099016
5412,-21.796307022157425,36.50277465586037,0.3140633289670764,0.06176611450421209,0.06176611450421209
5413,-21.749280961849372,36.51812883425906,0.3171220204246577,0.06189413089921162,0.06189413089921162
5414,-21.70230724775458,36.53362523175239,0.3201867097535322,0.062022094396372844,0.062022094396372844
5415,-21.655386269689355,36.549263997948465,0.32325740141628695,0.06214999233354831,0.06214999233354831
5416,-21.608518417470155,36.565045282455415,0.3263340994595344,0.062277811817902554,0.062277811817902554
5417,-21.561704080913294,36.58096923488137,0.32941680750871666,0.06240553988973796,0.06240553988973796
5418,-21.51494364983515,36.59703600483447,0.3325055287644684,0.0625331634214683,0.0625331634214683
5419,-21.468237514052092,36.613245741922825,0.3356002659980678,0.06266066918298817,0.06266066918298817
5420,-21.421586063380467,36.62959859575456,0.33870102154771536,0.06278804381034744,0.06278804381034744
5421,-21.37498968763666,36.64609471593781,0.34180779731372196,0.06291527379356819,0.06291527379356819
5422,-21.32844877663703,36.6627342520807,0.3449205947540672,0.06304234550488565,0.06304234550488565
5423,-21.281963720197947,36.67951735379136,0.34803941488097384,0.06316924521214183,0.06316924521214183
5424,-21.23553490813578,36.696444170677935,0.35116425825557573,0.06329595898946126,0.06329595898946126
5425,-21.18916273026684,36.71351485234852,0.3542951249849699,0.06342247290398068,0.06342247290398068
5426,-21.142847576407593,36.73072954841125,0.3574320147175159,0.0635487727587726,0.0635487727587726
5427,-21.09658983637435,36.74808840847425,0.3605749266379296,0.06367484434348865,0.06367484434348865
5428,-21.050389899983493,36.765591582145674,0.3637238594638293,0.06380067324262793,0.06380067324262793
5429,-21.004248157051364,36.78323921903361,0.36687881144188034,0.06392624501306449,0.06392624501306449
5430,-20.958164997394356,36.801031468746224,0.37003978034317675,0.0640515449762913,0.0640515449762913
5431,-20.912140810828824,36.81896848089162,0.37320676345851345,0.06417655842333214,0.06417655842333214
5432,-20.86617598717113,36.83705040507791,0.37637975759628867,0.06430127051748225,0.06430127051748225
5433,-20.82027091623765,36.855277390913265,0.3795587590762845,0.06442566622612018,0.06442566622612018
5434,-20.774425987844708,36.87364958800579,0.38274376372646146,0.06454973051259864,0.06454973051259864
5435,-20.72864159180875,36.8921671459636,0.3859347668796962,0.06467344814300101,0.06467344814300101
5436,-20.68291811794609,36.910830214394835,0.389131763368406,0.06479680379620549,0.06479680379620549
5437,-20.63725595607311,36.92963894290761,0.39233474752195213,0.06491978206709496,0.06491978206709496
5438,-20.591655496006176,36.94859348111007,0.3955437131616503,0.06504236736880471,0.06504236736880471
5439,-20.54611712756164,36.96769397861033,0.39875865359756835,0.06516454410429452,0.06516454410429452
5440,-20.500641240555886,36.98694058501653,0.4019795616245075,0.06528629646354286,0.06528629646354286
5441,-20.455228224805264,37.006333449936776,0.40520642951791874,0.06540760862566372,0.06540760862566372
5442,-20.409878470126152,37.025872722979216,0.40843924903069057,0.0655284645939429,0.0655284645939429
5443,-20.36459236633492,37.04555855375196,0.4116780113889165,0.06564884832140866,0.06564884832140866
5444,-20.31937030324789,37.06539109186317,0.41492270728847824,0.06576874362070968,0.06576874362070968
5445,-20.2742126706815,37.08537048692093,0.41817332689110326,0.06588813423433829,0.06588813423433829
5446,-20.22911985845208,37.105496888533374,0.4214298598215456,0.0660070038130044,0.0660070038130044
5447,-20.184092256376005,37.12577044630865,0.4246922951629821,0.06612533586632859,0.06612533586632859
5448,-20.13913025426963,37.146191309854856,0.4279606214544286,0.0662431138968529,0.0662431138968529
5449,-20.094234241949327,37.16675962878016,0.43123482668674595,0.06636032121113304,0.06636032121113304
5450,-20.049404609231463,37.18747555269266,0.43451489829910694,0.06647694112956637,0.06647694112956637
5451,-20.004641745932407,37.20833923120048,0.43780082317678676,0.0665929568328831,0.0665929568328831
5452,-19.95994604186852,37.22935081391178,0.4410925876464262,0.06670835141572894,0.06670835141572894
5453,-19.915317886856172,37.25051045043466,0.4443901774733062,0.06682310791708826,0.06682310791708826
5454,-19.87075767071169,37.271818290377254,0.44769357785903513,0.06693720930962198,0.06693720930962198
5455,-19.826265783251518,37.29327448334767,0.451002773437641,0.0670506384477606,0.0670506384477606
5456,-19.78184261429198,37.314879178954065,0.45431774827233506,0.06716337815051386,0.06716337815051386
5457,-19.73748855364945,37.33663252680456,0.4576384858528207,0.06727541114271657,0.06727541114271657
5458,-19.693203991140283,37.358534676507254,0.46096496909297185,0.06738672013233322,0.06738672013233322
5459,-19.648989316580856,37.38058577767031,0.4642971803273889,0.06749728769038577,0.06749728769038577
5460,-19.60484491978753,37.40278597990184,0.4676351013083625,0.06760709639061645,0.06760709639061645
5461,-19.560771190576673,37.425135432809974,0.4709787132040969,0.0677161287240345,0.0677161287240345
5462,-19.516768518764657,37.44763428600283,0.4743279965954126,0.06782436712577682,0.06782436712577682
5463,-19.472837294167796,37.47028268908856,0.47768293147353225,0.0679317939957814,0.0679317939957814
5464,-19.428977906602547,37.49308079167526,0.4810434972375431,0.06803839166750136,0.06803839166750136
5465,-19.385190745885236,37.51602874337107,0.48440967269177493,0.0681441424401836,0.0681441424401836
5466,-19.34147620183222,37.53912669378412,0.487781436044099,0.06824902858624396,0.06824902858624396
5467,-19.29783466425987,37.56237479252253,0.4911587649034806,0.06835303231788241,0.06835303231788241
5468,-19.254266522984555,37.58577318919445,0.49454163627746783,0.06845613582114896,0.06845613582114896
5469,-19.210772167822647,37.60932203340798,0.49793002657052293,0.06855832125948431,0.06855832125948431
5470,-19.167351988590497,37.63302147477124,0.5013239115827722,0.06865957079091695,0.06865957079091695
5471,-19.124006375104486,37.6568716628924,0.5047232665068576,0.06875986647763722,0.06875986647763722
5472,-19.080735717180968,37.68087274737955,0.5081280659268018,0.06885919046165455,0.06885919046165455
5473,-19.037540404636292,37.705024877840856,0.5115382838167627,0.06895752478866875,0.06895752478866875
5474,-18.994420827286877,37.729328203884386,0.5149538935389723,0.06905485155454061,0.06905485155454061
5475,-18.95137737494906,37.7537828751183,0.518374867842978,0.06915115281609299,0.06915115281609299
5476,-18.908410437439215,37.778389041150746,0.521801178862723,0.06924641059628149,0.06924641059628149
5477,-18.865520404573694,37.80314685158981,0.5252327981170417,0.06934060702144199,0.06934060702144199
5478,-18.822707666168874,37.82805645604364,0.5286696965082505,0.0694337241110337,0.0694337241110337
5479,-18.779972612041117,37.85311800412036,0.5321118443201233,0.0695257439670492,0.0695257439670492
5480,-18.737315632006794,37.878331645428105,0.5355592112178347,0.06961664866830954,0.06961664866830954
5481,-18.694737115882265,37.90369752957499,0.5390117662469368,0.06970642034133143,0.06970642034133143
5482,-18.652237453483902,37.929215806169154,0.5424694778328497,0.0697950411143199,0.0697950411143199
5483,-18.60981703462804,37.95488662481875,0.5459323137795162,0.06988249313404828,0.06988249313404828
5484,-18.5674762491311,37.98071013513183,0.549400241270281,0.06996875864235673,0.06996875864235673
5485,-18.525215486809433,38.00668648671658,0.552873226866541,0.07005381981501099,0.07005381981501099
5486,-18.483035137479387,38.03281582918111,0.5563512365074411,0.07013765896847221,0.07013765896847221
5487,-18.440935590957338,38.05909831213355,0.5598342355107234,0.0702202584046893,0.0702202584046893
5488,-18.398917237059656,38.085534085182026,0.5633221885717029,0.07030160049496437,0.07030160049496437
5489,-18.3569804656027,38.112123297934666,0.566815059763962,0.07038166766986374,0.07038166766986374
5490,-18.31512566640284,38.13886609999959,0.5703128125398264,0.07046044242497751,0.07046044242497751
5491,-18.27335322927644,38.165762640984944,0.5738154097301084,0.07053790729025444,0.07053790729025444
5492,-18.23166354403987,38.19281307049884,0.5773228135449123,0.0706140449078418,0.0706140449078418
5493,-18.190057000509462,38.22001753814943,0.5808349855748778,0.07068883797674255,0.07068883797674255
5494,-18.14853398850165,38.2473761935448,0.5843518867909548,0.07076226925313399,0.07076226925313399
5495,-18.107094897832763,38.274889186293095,0.5878734775459865,0.07083432162802798,0.07083432162802798
5496,-18.065740118319166,38.302556666002445,0.5913997175758947,0.07090497803767122,0.07090497803767122
5497,-18.024470039777235,38.33037878228098,0.5949305660000257,0.07097422152438697,0.07097422152438697
5498,-17.983285052023327,38.358355684736814,0.5984659813234989,0.07104203526075677,0.07104203526075677
5499,-17.942185544873816,38.38648752297809,0.6020059214381729,0.071108402474511,0.071108402474511
5500,-17.901171908145066,38.414774446612945,0.605550343623514,0.07117330652444713,0.07117330652444713
5501,-17.860244531653432,38.44321660524946,0.6090992045501412,0.07123673093645551,0.07123673093645551
5502,-17.819403805215266,38.47181414849583,0.6126524602803886,0.07129865925288295,0.07129865925288295
5503,-17.77865011864699,38.500567225960125,0.6162100662699201,0.07135907522923793,0.07135907522923793
5504,-17.73798386176494,38.52947598725049,0.6197719773710969,0.0714179627134545,0.0714179627134545
5505,-17.69740542438548,38.55854058197505,0.6233381478347348,0.07147530570574667,0.07147530570574667
5506,-17.656915196324977,38.587761159741945,0.6269085313124028,0.07153108832575365,0.07153108832575365
5507,-17.616513567399803,38.61713787015928,0.6304830808592063,0.07158529486904439,0.07158529486904439
5508,-17.576200927426314,38.646670862835215,0.6340617489364943,0.07163790975242797,0.07163790975242797
5509,-17.535977666220887,38.676360287377854,0.6376444874143842,0.0716889175656634,0.0716889175656634
5510,-17.49584417359988,38.70620629339531,0.6412312475757792,0.07173830308421195,0.07173830308421195
5511,-17.45580083937967,38.73620903049575,0.6448219801183575,0.07178605117975648,0.07178605117975648
5512,-17.41584805337658,38.76636864828729,0.6484166351583559,0.07183214698621544,0.07183214698621544
5513,-17.375986205407045,38.79668529637802,0.6520151622345565,0.07187657574568622,0.07187657574568622
5514,-17.336215685287396,38.8271591243761,0.6556175103110514,0.0719193229190387,0.0719193229190387
5515,-17.29653688283401,38.857790281889656,0.6592236277814466,0.07196037413616466,0.07196037413616466
5516,-17.256950187863243,38.88857891852681,0.6628334624725417,0.07199971523000517,0.07199971523000517
5517,-17.21745599019146,38.919525183895686,0.66644696164881,0.07203733223831069,0.07203733223831069
5518,-17.17805467963504,38.95062922760441,0.6700640720163623,0.07207321138565753,0.07207321138565753
5519,-17.138746646010336,38.98189119926112,0.6736847397269924,0.07210733910894657,0.07210733910894657
5520,-17.09953227913372,39.01331124847394,0.6773089103830059,0.07213970206725076,0.07213970206725076
5521,-17.060411968821562,39.04488952485099,0.6809365290419415,0.07217028713165759,0.07217028713165759
5522,-17.021386104890194,39.076626178000424,0.684567540221133,0.07219908139356974,0.07219908139356974
5523,-16.982455077156043,39.10852135753033,0.6882018879026135,0.072226072173219,0.072226072173219
5524,-16.943619275435445,39.14057521304884,0.6918395155385444,0.07225124703685071,0.07225124703685071
5525,-16.904879089544767,39.1727878941641,0.6954803660561415,0.07227459376262498,0.07227459376262498
5526,-16.866234909300378,39.20515955048423,0.6991243818629354,0.07229610039222173,0.07229610039222173
5527,-16.827687124518636,39.23769033161736,0.7027715048527866,0.07231575521281809,0.07231575521281809
5528,-16.78923612501592,39.27038038717161,0.7064216764111885,0.07233354675033171,0.07233354675033171
5529,-16.75088230060859,39.30322986675513,0.7100748374205704,0.07234946377994968,0.07234946377994968
5530,-16.71262604111301,39.336238919976005,0.7137309282675448,0.07236349539584731,0.07236349539584731
5531,-16.674467736345548,39.369407696442394,0.7173898888482579,0.07237563086993737,0.07237563086993737
5532,-16.636407776122542,39.40273634576245,0.7210516585738678,0.07238585980145852,0.07238585980145852
5533,-16.598446550260412,39.43622501754423,0.7247161763784106,0.07239417206469594,0.07239417206469594
5534,-16.560584448575508,39.46987386139591,0.7283833807242361,0.0724005577689365,0.0724005577689365
5535,-16.522821860884186,39.5036830269256,0.732053209608883,0.07240500735754914,0.07240500735754914
5536,-16.485159177002814,39.53765266374143,0.7357256005722289,0.07240751152339649,0.07240751152339649
5537,-16.44759678674776,39.57178292145153,0.7394004907029899,0.07240806127009868,0.07240806127009868
5538,-16.410135079935387,39.60607394966402,0.7430778166460663,0.07240664788700159,0.07240664788700159
5539,-16.372774446382067,39.64052589798705,0.7467575146093429,0.07240326295522029,0.07240326295522029
5540,-16.335515275904164,39.67513891602872,0.750439520371197,0.07239789837195511,0.07239789837195511
5541,-16.298357958318014,39.709913153397196,0.7541237692882816,0.0723905463395239,0.0723905463395239
5542,-16.261302883440038,39.74484875970056,0.7578101963025778,0.07238119934933762,0.07238119934933762
5543,-16.22435044108658,39.77994588454695,0.7614987359493112,0.07236985023461587,0.07236985023461587
5544,-16.187501021074013,39.8152046775445,0.765189322364689,0.07235649211210084,0.07235649211210084
5545,-16.150755013218685,39.85062528830134,0.7688818892938399,0.07234111845048435,0.07234111845048435
5546,-16.114112807336973,39.88620786642558,0.7725763700994402,0.07232372303043019,0.07232372303043019
5547,-16.077574793245248,39.92195256152539,0.7762726977684936,0.07230429991409473,0.07230429991409473
5548,-16.041141360759863,39.95785952320884,0.7799708049220282,0.07228284359084608,0.07228284359084608
5549,-16.004812899697196,39.993928901084104,0.7836706238230486,0.07225934876524552,0.07225934876524552
5550,-15.968589799873609,40.03016084475928,0.7873720863845287,0.07223381057106137,0.07223381057106137
5551,-15.93247245110544,40.066555503842544,0.7910751241788412,0.07220622441551681,0.07220622441551681
5552,-15.896461243209117,40.10311302794195,0.7947796684457965,0.07217658608041917,0.07217658608041917
5553,-15.86055656600097,40.13983356666567,0.7984856501019101,0.07214489167105569,0.07214489167105569
5554,-15.824758809297373,40.17671726962182,0.8021929925373927,0.07211085802100614,0.07211085802100614
5555,-15.7890683627562,40.21376428551549,0.8058941173241478,0.07178414956684158,0.07178414956684158
5556,-15.753485450595667,40.25097382038512,0.8095599371269687,0.07062277181513907,0.07062277181513907
5557,-15.71800981849307,40.28834235356791,0.8131653488398545,0.06932624527084337,0.06932624527084337
5558,-15.68264112610535,40.32586587426156,0.816707069082727,0.06804624588387882,0.06804624588387882
5559,-15.647379033089432,40.36354037166363,0.8201857027362658,0.0667823913335861,0.0667823913335861
5560,-15.612223199102248,40.401361834971766,0.8236018422992641,0.06553429717356751,0.06553429717356751
5561,-15.577173283800697,40.439326253383605,0.8269560677531108,0.0643015772341951,0.0643015772341951
5562,-15.542228946841771,40.47742961609671,0.8302489464386388,0.06308384382520167,0.06308384382520167
5563,-15.507389847882369,40.515667912308736,0.8334810329414944,0.06188070796416646,0.06188070796416646
5564,-15.47265564657942,40.5540371312173,0.8366528689870135,0.06069177959135689,0.06069177959135689
5565,-15.438026002589854,40.59253326202002,0.8397649833428623,0.05951666770902498,0.05951666770902498
5566,-15.403500575570606,40.631152293914504,0.8428178917287967,0.058354980547955626,0.058354980547955626
5567,-15.369079025178605,40.6698902160984,0.8458120967320155,0.057206325627556974,0.057206325627556974
5568,-15.334761011070771,40.70874301776929,0.8487480877299677,0.05607030997345221,0.05607030997345221
5569,-15.300546192904049,40.747706688124815,0.8516263408166843,0.05494654000741844,0.05494654000741844
5570,-15.266434230335337,40.78677721636263,0.8544473187329484,0.053834621758145865,0.053834621758145865
5571,-15.23242478302162,40.8259505916803,0.8572114708015355,0.052734160781288904,0.052734160781288904
5572,-15.198517510619798,40.86522280327543,0.8599192328650133,0.051644762256845694,0.051644762256845694
5573,-15.164712072786802,40.904589840345686,0.8625710272251367,0.05056603085525748,0.05056603085525748
5574,-15.131008129179563,40.94404769208867,0.8651672625841572,0.049497570831891505,0.049497570831891505
5575,-15.09740533945501,40.98359234770199,0.8677083339885685,0.04843898589800966,0.04843898589800966
5576,-15.06390336327008,41.0232197963833,0.8701946227714765,0.047389879153509,0.047389879153509
5577,-15.030501860281692,41.06292602733018,0.87262649649718,0.04634985308191368,0.04634985308191368
5578,-14.997200490146787,41.102707029740266,0.875004308904128,0.045318509321351265,0.045318509321351265
5579,-14.96399891252229,41.14255879281118,0.8773283998464783,0.044295448654482296,0.044295448654482296
5580,-14.930896787065102,41.18247730574056,0.8795990952362216,0.043280270841728745,0.043280270841728745
5581,-14.897893773432214,41.222458557726,0.8818167069809851,0.04227257440910485,0.04227257440910485
5582,-14.864989531280521,41.2624985379651,0.883981532921525,0.04127195662349614,0.04127195662349614
5583,-14.832183720266965,41.302593235655515,0.8860938567655251,0.040278013135826615,0.040278013135826615
5584,-14.799476000048463,41.34273863999484,0.8881539480177509,0.03929033794568682,0.03929033794568682
5585,-14.766866030281951,41.382930740180704,0.89016206190791,0.03830852308286535,0.03830852308286535
5586,-14.734353470624363,41.42316552541074,0.89211843931245,0.03733215841303615,0.03733215841303615
5587,-14.701937980732625,41.46343898488254,0.8940233066735586,0.0363608314315134,0.0363608314315134
5588,-14.669619220263666,41.50374710779376,0.8958768759123433,0.035394126938408044,0.035394126938408044
5589,-14.637396848874417,41.54408588334197,0.8976793443369823,0.03443162684822483,0.03443162684822483
5590,-14.605270526221792,41.58445130072487,0.899430894544342,0.0334729097926465,0.0334729097926465
5591,-14.573239911962759,41.62483934913999,0.9011316943162462,0.03251755096007626,0.03251755096007626
5592,-14.541304665754232,41.665246017784995,0.9027818965088075,0.031565121622065456,0.031565121622065456
5593,-14.509464447253135,41.70566729585748,0.9043816389343158,0.03061518893622228,0.03061518893622228
5594,-14.4777189161164,41.74609917255508,0.9059310442365359,0.029667315489408104,0.029667315489408104
5595,-14.446067732000957,41.78653763707541,0.9074302197567004,0.028721058977336966,0.028721058977336966
5596,-14.414510554563739,41.8269786786161,0.9088792573923422,0.027775971812883833,0.027775971812883833
5597,-14.383047043461676,41.867418286374765,0.9102782334469562,0.026831600708285285,0.026831600708285285
5598,-14.3516768583517,41.907852449549026,0.9116272084701121,0.025887486248614425,0.025887486248614425
5599,-14.320399658890734,41.948277157336484,0.91292622708866,0.024943162477916603,0.024943162477916603
5600,-14.289215104735689,41.988688398934805,0.9141753178271229,0.02399815637623627,0.02399815637623627
5601,-14.258122855543546,42.02908216354155,0.9153744929170253,0.023051987412283554,0.023051987412283554
5602,-14.227122570971204,42.06945444035436,0.9165237480964671,0.022104167047686786,0.022104167047686786
5603,-14.1962139106756,42.109801218570865,0.9176230623971579,0.021154198154176188,0.021154198154176188
5604,-14.165396534313663,42.150118487388674,0.918672397919067,0.020201574496985678,0.020201574496985678
5605,-14.134670101542318,42.1904022360054,0.9196716995936206,0.01924578015969087,0.01924578015969087
5606,-14.104034272018502,42.23064845361867,0.9206208949325325,0.018286288882482963,0.018286288882482963
5607,-14.073488705399145,42.27085312942612,0.9215198937627501,0.017322563473815052,0.017322563473815052
5608,-14.043033061341166,42.311012252625346,0.9223685879487572,0.01635405516379663,0.01635405516379663
5609,-14.01266699950149,42.35112181241401,0.92316991943544,0.015502364557918393,0.015502364557918393
5610,-13.982390317292932,42.391178127121265,0.9239773239046097,0.016659999335940104,0.016659999335940104
5611,-13.952205075748527,42.43118292340552,0.9248828384151231,0.019481733479634614,0.019481733479634614
5612,-13.922115188121621,42.47114235332157,0.9259295889302231,0.022374443387962104,0.022374443387962104
5613,-13.892124622102322,42.511062698986585,0.9271194122041884,0.02528853922149564,0.02528853922149564
5614,-13.86223734538074,42.55095024251775,0.928452887692619,0.028222770071193594,0.028222770071193594
5615,-13.832457325646958,42.5908112660322,0.9299305503885118,0.031175832275007247,0.031175832275007247
5616,-13.802788530591092,42.630652051647125,0.9315528893201457,0.034146367049849045,0.034146367049849045
5617,-13.773234927903239,42.6704788814797,0.933320345976484,0.037132958428288836,0.037132958428288836
5618,-13.743800485273502,42.7102980376471,0.9352333126626817,0.0401341310412803,0.0401341310412803
5619,-13.714489170391953,42.75011580226651,0.9372921307850747,0.043148348095097884,0.043148348095097884
5620,-13.685304950948757,42.78993845745506,0.939497089067471,0.04617400930889081,0.04617400930889081
5621,-13.656251794633974,42.82977228532995,0.9418484217025114,0.04920944914722303,0.04920944914722303
5622,-13.62733366913771,42.86962356800833,0.9443463064420028,0.05225293503664378,0.05225293503664378
5623,-13.598554542150078,42.909498587607416,0.9469908626252173,0.05530266570236705,0.05530266570236705
5624,-13.569918381361166,42.94940362624433,0.9497821491550681,0.058356769951818516,0.058356769951818516
5625,-13.541429154461085,42.98934496603626,0.9527201624244123,0.06141330529228123,0.06141330529228123
5626,-13.513090829139935,43.0293288891004,0.9558048341954708,0.0644702570482977,0.0644702570482977
5627,-13.484907373087811,43.069361677553886,0.9590360294438577,0.06752553768388421,0.06752553768388421
5628,-13.456882753994824,43.109449613513924,0.9624135441691004,0.07057698625790398,0.07057698625790398
5629,-13.429020939551048,43.14959897909769,0.9659371031816273,0.0736223684393769,0.0736223684393769
5630,-13.401325897446629,43.18981605642231,0.9696063578742834,0.07665937660175443,0.07665937660175443
5631,-13.373801595371653,43.23010712760498,0.9734208839854662,0.07968563046429196,0.07968563046429196
5632,-13.346452001016216,43.27047847476288,0.9773801793656594,0.08269867802527801,0.08269867802527801
5633,-13.319281082070418,43.31093638001315,0.9814836617568973,0.08569599697647726,0.08569599697647726
5634,-13.292292806224367,43.351487125473014,0.9857306665940156,0.08867499640216817,0.08867499640216817
5635,-13.265491141168155,43.392136993259584,0.9901204448427032,0.09163301923236053,0.09163301923236053
5636,-13.238880054591894,43.43289226549008,0.9946521608840279,0.09456734478198695,0.09456734478198695
5637,-13.212463514185686,43.473759224281665,0.9993248904578068,0.0974751921689071,0.0974751921689071
5638,-13.186245487639626,43.51474415175149,1.00413761868154,0.10035372401286874,0.10035372401286874
5639,-13.1602299426438,43.55585333001678,1.009089238154162,0.1032000507161451,0.1032000507161451
5640,-13.134420846888345,43.597093041194626,1.0141785471619198,0.10601123536273592,0.10601123536273592
5641,-13.108822168063348,43.63846956740223,1.0194042480000316,0.10878429905576152,0.10878429905576152
5642,-13.083437873858909,43.67998919075679,1.0247649454242178,0.11151622688636467,0.11151622688636467
5643,-13.058271931965127,43.721658193375454,1.0302591452491245,0.11420397445990785,0.11420397445990785
5644,-13.03332831007211,43.763482857375394,1.035885253107018,0.11684447489143288,0.11684447489143288
5645,-13.008610975869958,43.8054694648738,1.0416415733816957,0.1194346464079644,0.1194346464079644
5646,-12.984123897048768,43.847624297987814,1.047526308335293,0.12197140051091532,0.12197140051091532
5647,-12.959871041298642,43.889953638834626,1.0535375574399966,0.12445165048666848,0.12445165048666848
5648,-12.935856376309673,43.93246376953145,1.059673316929211,0.12687232054695222,0.12687232054695222
5649,-12.912083869771989,43.97516097219537,1.0659314795854158,0.12923035538842184,0.12923035538842184
5650,-12.888557489375678,44.01805152894361,1.0723098347742097,0.13152273002276987,0.13152273002276987
5651,-12.865281202810841,44.061141721893335,1.078806068738701,0.13374646015933442,0.13374646015933442
5652,-12.84225897776758,44.10443783316171,1.0854177651671124,0.135898612755285,0.135898612755285
5653,-12.819494781935994,44.14794614486591,1.0921424060421328,0.13797631687196374,0.13797631687196374
5654,-12.79699258300619,44.1916729391231,1.0989773727827494,0.13997677472302517,0.13997677472302517
5655,-12.774756348668264,44.23562449805046,1.1059199476866708,0.14189727284807702,0.14189727284807702
5656,-12.752790046612327,44.27980710376518,1.1129673156790445,0.1437351933010427,0.1437351933010427
5657,-12.73109764452847,44.32422703838441,1.1201165663741348,0.14548802492199017,0.14548802492199017
5658,-12.709683110106784,44.368890584025344,1.1273646964523405,0.14715337436549492,0.14715337436549492
5659,-12.688550411037404,44.4138040228051,1.134708612353411,0.1487289770613668,0.1487289770613668
5660,-12.667703515010412,44.458973636840895,1.1421451332872277,0.15021270786927998,0.15021270786927998
5661,-12.647146389715916,44.50440570824989,1.1496709945585315,0.1516025913694768,0.1516025913694768
5662,-12.626883002844007,44.55010651914924,1.15730666008713,0.1538543444096217,0.1538543444096217
5663,-12.606920495301056,44.59608105210822,1.165234067185081,0.16248816022998452,0.16248816022998452
5664,-12.58728735397025,44.64232554773909,1.1736820373592733,0.17385304970014515,0.17385304970014515
5665,-12.56802086691685,44.68883264224876,1.182722535680287,0.1853633961690081,0.1853633961690081
5666,-12.549158349712936,44.73559496057902,1.1923623867166913,0.19703578566949587,0.19703578566949587
5667,-12.530737117930592,44.78260512767171,1.2026090168969816,0.20889235258616126,0.20889235258616126
5668,-12.512794487141893,44.82985576846867,1.213470568804568,0.22095241284665523,0.22095241284665523
5669,-12.495367772918943,44.877339507911636,1.2249558005752026,0.23323225055393382,0.23323225055393382
5670,-12.478494290833812,44.92504897094246,1.237073976277684,0.2457448442484139,0.2457448442484139
5671,-12.462211356458587,44.972976782503004,1.2498347455795977,0.2584995327713107,0.2584995327713107
5672,-12.446556285365352,45.021115567535034,1.2632480110068014,0.27150162156576535,0.27150162156576535
5673,-12.431566393126195,45.069457950980414,1.2773237811378246,0.28475193119941977,0.28475193119941977
5674,-12.417278995313188,45.11799655778093,1.2920720081581223,0.2982462922552648,0.2982462922552648
5675,-12.403731407498423,45.166724012878404,1.3075024083355031,0.31197499229783693,0.31197499229783693
5676,-12.390960945253982,45.21563294121467,1.323624264187898,0.325922184382643,0.325922184382643
5677,-12.379004924151939,45.264715967731576,1.3404462074163344,0.3400652695538246,0.3400652695538246
5678,-12.367900659764402,45.31396571737088,1.3579759820759116,0.35437427042346525,0.35437427042346525
5679,-12.357685467663432,45.3633748150744,1.3762201879864298,0.3688112177893932,0.3688112177893932
5680,-12.348396663421125,45.412935885784,1.395184005040079,0.3833295773230464,0.3833295773230464
5681,-12.34007156260956,45.46264155444147,1.4148708998705668,0.39787374957004074,0.39787374957004074
5682,-12.332747480800817,45.512484445988626,1.435282317300585,0.4123786813893167,0.4123786813893167
5683,-12.326461733566989,45.5624571853673,1.4564173600769728,0.4267696325717445,0.4267696325717445
5684,-12.321251636480152,45.61255239751931,1.47827246162937,0.4409621450930484,0.4409621450930484
5685,-12.317154505112391,45.66276270738646,1.5008410579010625,0.4548622645186311,0.4548622645186311
5686,-12.314207655035792,45.713080739910595,1.5241132656611178,0.4683670628033959,0.4683670628033959
5687,-12.312448401822436,45.76349912003357,1.548075576045281,0.48136550770621284,0.48136550770621284
5688,-12.31191406104441,45.81401047269709,1.5727101358269808,0.49372276814998045,0.49372276814998045
5689,-12.312641903976063,45.86460738848565,1.5978577743871092,0.5000381701220331,0.5000381701220331
5690,-12.31465499857013,45.91527144186048,1.6230431855080696,0.49350755358130205,0.49350755358130205
5691,-12.317941951280822,45.96595747887931,1.647916251775353,0.4860579585436994,0.4860579585436994
5692,-12.322486243423876,46.01661637053275,1.6724718721764633,0.47968518590642395,0.47968518590642395
5693,-12.328271356315037,46.067198987811416,1.6967544992042813,0.4743882052861994,0.4743882052861994
5694,-12.335280771270053,46.117656201705934,1.720808625100792,0.4701671347732345,0.4701671347732345
5695,-12.343497969604668,46.1679388832069,1.7446788104243531,0.4670239968799032,0.4670239968799032
5696,-12.352906432634626,46.21799790330495,1.7684097346135743,0.4649633586888852,0.4649633586888852
5697,-12.363489641675681,46.26778413299073,1.7920462649851698,0.46399287247911386,0.46399287247911386
5698,-12.375231078043562,46.31724844325476,1.8156335409676707,0.464123729970194,0.464123729970194
5699,-12.388114223054023,46.366341705087734,1.8392170706531032,0.465371039877007,0.465371039877007
5700,-12.402122558022807,46.41501478948022,1.862842836933937,0.46775413464000665,0.46775413464000665
5701,-12.417239564265667,46.463218567422885,1.8865574105769571,0.47129680836444093,0.47129680836444093
5702,-12.433448723098335,46.5109039099063,1.910408067558352,0.47602748328758177,0.47602748328758177
5703,-12.450733515836571,46.55802168792112,1.9344429078341467,0.4819792974958783,0.4819792974958783
5704,-12.46907742379611,46.60452277245793,1.958710972439726,0.4891901008415789,0.4891901008415789
5705,-12.488463928292699,46.65035803450736,1.9832623553803974,0.4977023398802039,0.4977023398802039
5706,-12.508876510642084,46.69547834506002,2.0081483061826013,0.5075628053699698,0.5075628053699698
5707,-12.530298652160027,46.73983457510656,2.0334213182002143,0.5188222077139639,0.5188222077139639
5708,-12.552713834162242,46.78337759563754,2.059135196795684,0.5315345362580179,0.5315345362580179
5709,-12.576105537964494,46.82605827764362,2.0853451003253944,0.5457561480661494,0.5457561480661494
5710,-12.600457244882517,46.86782749211536,2.1121075454380995,0.5615445200400232,0.5615445200400232
5711,-12.625752436232064,46.90863611004344,2.1394803665430406,0.5789565866092848,0.5789565866092848
5712,-12.65197459332888,46.94843500241844,2.1675226174272417,0.5980465726332196,0.5980465726332196
5713,-12.67910719748871,46.98717504023098,2.1962944009364063,0.6188632211800208,0.6188632211800208
5714,-12.707133730027298,47.02480709447169,2.2258566104549224,0.6414463077715842,0.6414463077715842
5715,-12.73603767226039,47.06128203613118,2.256237162096943,0.6643210033128795,0.6643210033128795
5716,-12.765802511311316,47.09655563368611,2.2871454300103786,0.674587181244394,0.674587181244394
5717,-12.796411786202361,47.13062742180424,2.31809385060874,0.6760401415806808,0.6760401415806808
5718,-12.827849063262386,47.16351996258579,2.348849565227534,0.6750947898706079,0.6750947898706079
5719,-12.860097909063928,47.195256023638905,2.379338428000011,0.671851721917242,0.671851721917242
5720,-12.89314189017951,47.22585837257175,2.409490603433781,0.6663862822819908,0.6663862822819908
5721,-12.926964573181673,47.25534977699245,2.439239901206305,0.6588063853392618,0.6588063853392618
5722,-12.961549524642942,47.28375300450919,2.4685244633662426,0.6492481066326801,0.6492481066326801
5723,-12.996880311135845,47.31109082273005,2.4972873230283774,0.6378705409277811,0.6378705409277811
5724,-13.032940499232922,47.33738599926324,2.525476825998119,0.6248502403929931,0.6248502403929931
5725,-13.069713655506701,47.36266130171689,2.5530469133285822,0.6103755395816742,0.6103755395816742
5726,-13.107183346529746,47.38693949769914,2.579957268804409,0.5946410465504501,0.5946410465504501
5727,-13.145333138874523,47.41024335481816,2.6061733404347036,0.5778425327199418,0.5778425327199418
5728,-13.1841465991136,47.432595640682045,2.631666248954482,0.5601723968415989,0.5601723968415989
5729,-13.223607293819502,47.45401912289898,2.6564125990475147,0.5418158202408158,0.5418158202408158
5730,-13.263698789564765,47.47453656907711,2.680394210497271,0.5229476703280345,0.5229476703280345
5731,-13.30440465292192,47.49417074682457,2.703597786865631,0.5037301604679376,0.5037301604679376
5732,-13.345708450463496,47.512944423749545,2.7260145388035286,0.4843112321842344,0.4843112321842344
5733,-13.387593748762031,47.530880367460135,2.7476397778705786,0.46482359486595043,0.46482359486595043
5734,-13.43004411439005,47.548001345564515,2.768472495042688,0.4453843395877212,0.4453843395877212
5735,-13.473043113920085,47.56433012567082,2.7885149360887147,0.4260950318326877,0.4260950318326877
5736,-13.516574313924702,47.57988947538722,2.807772183879924,0.4070421872656786,0.4070421872656786
5737,-13.560621280976372,47.594702162321845,2.826251755610399,0.3882980374513765,0.3882980374513765
5738,-13.60516758164765,47.60879095408282,2.843963220928287,0.3699215009104333,0.3699215009104333
5739,-13.650196782511076,47.62217861827835,2.8609178452108543,0.351959285895663,0.351959285895663
5740,-13.695692450139177,47.63488792251651,2.877128260659317,0.3344470617830859,0.3344470617830859
5741,-13.741638151104478,47.64694163440551,2.8926081665986,0.3174106499254328,0.3174106499254328
5742,-13.78801745197953,47.65836252155348,2.907372059310356,0.3008671935800377,0.3008671935800377
5743,-13.834813919336842,47.66917335156853,2.9214349908923722,0.2848262788056055,0.2848262788056055
5744,-13.882011119748965,47.679396892058875,2.934812356033225,0.26929098590682804,0.26929098590682804
5745,-13.929592619788414,47.68905591063261,2.9475197051310955,0.2542588579380165,0.2542588579380165
5746,-13.97754198602777,47.69817317489791,2.9595725819027616,0.2397227801955392,0.2397227801955392
5747,-14.025842785039481,47.706771452462895,2.970986383459866,0.2256717673308082,0.2256717673308082
5748,-14.074478583396129,47.71487351093576,2.9817762407515804,0.2120916598197053,0.2120916598197053
5749,-14.123432947670235,47.7225021179246,2.9919569172763723,0.19896573262037898,0.19896573262037898
5750,-14.172689444434324,47.729680041037575,3.0015427240250747,0.18627522195213306,0.18627522195213306
5751,-14.222231640260945,47.736430047882855,3.010547448714154,0.17399977564937313,0.17399977564937313
5752,-14.272043101722618,47.742774906068576,3.0189842974824552,0.16211783427251653,0.16211783427251653
5753,-14.322107395391876,47.748737383202894,3.0268658473717274,0.15060694982973089,0.15060694982973089
5754,-14.37240808784125,47.75434024689393,3.034204008049226,0.13944404868501362,0.13944404868501362
5755,-14.422928745643318,47.759606264749856,3.0410099913792323,0.12860564548256886,0.12860564548256886
5756,-14.473652935370527,47.764558204378815,3.0472942875931204,0.11806801384450465,0.11806801384450465
5757,-14.524564223595444,47.769218833388955,3.053066646940298,0.10780731962201569,0.10780731962201569
5758,-14.575646176890611,47.773610919388425,3.0583360658358085,0.09779972179384795,0.09779972179384795
5759,-14.62688236182855,47.77775722998534,3.0631107766347188,0.0880214453758208,0.0880214453758208
5760,-14.678256344981797,47.781680532787895,3.0673982402773574,0.07844883076077061,0.07844883076077061
5761,-14.729751692922882,47.78540359540422,3.0712051411435874,0.0690583624858305,0.0690583624858305
5762,-14.781351972224343,47.78894918544247,3.074537383546518,0.059826681216573946,0.059826681216573946
5763,-14.8330407494587,47.79234007051077,3.077400089379241,0.0507305811046144,0.0507305811046144
5764,-14.884801591198492,47.795599018217274,3.0797975964975395,0.04174699533571241,0.04174699533571241
5765,-14.936618064016294,47.798748796170166,3.0817334574914588,0.03285297167254547,0.03285297167254547
5766,-14.988473734484547,47.801812171977545,3.0832104385503905,0.0240256397857503,0.0240256397857503
5767,-15.040352169175833,47.804811913247576,3.084230518189052,0.015242172334095706,0.015242172334095706
5768,-15.092236934662676,47.8077707875884,3.0848116829948498,0.007126160888277027,0.007126160888277027
5769,-15.144112820695995,47.81070988361999,3.0851111781982024,0.004401823462920318,0.004401823462920318
5770,-15.195974812922236,47.81363629462967,3.085338596752893,0.004354372695082737,0.004354372695082737
5771,-15.247822961850979,47.81655016165192,3.085563988656082,0.004326222307751639,0.004326222307751639
5772,-15.299657354634133,47.81945157542432,3.085787854619048,0.004298000392046955,0.004298000392046955
5773,-15.351478078423616,47.82234062668445,3.0860101921584504,0.004269707328550452,0.004269707328550452
5774,-15.403285220371348,47.82521740616991,3.0862309988055023,0.00424134349789947,0.00424134349789947
5775,-15.45507886762929,47.8280820046183,3.086450272106206,0.004212909291757882,0.004212909291757882
5776,-15.506859107349271,47.83093451276719,3.086668009621111,0.004184405083547189,0.004184405083547189
5777,-15.558626026683253,47.83377502135417,3.0868842089250172,0.004155831255668859,0.004155831255668859
5778,-15.610379712783157,47.836603621116836,3.0870988676077284,0.0041271882124972546,0.0041271882124972546
5779,-15.662120252800898,47.83942040279276,3.08731198327364,0.00409847632268923,0.00409847632268923
5780,-15.713847733888388,47.84222545711955,3.0875235535417804,0.004069695994242996,0.004069695994242996
5781,-15.765562243197552,47.84501887483478,3.087733576046457,0.004040847622816458,0.004040847622816458
5782,-15.817263867880301,47.84780074667602,3.087942048436077,0.0040119315728582095,0.0040119315728582095
5783,-15.868952695088563,47.850571163380906,3.0881489683746985,0.00398294830201337,0.00398294830201337
5784,-15.920628811974243,47.85333021568696,3.0883543335407992,0.003953898129037339,0.003953898129037339
5785,-15.972292305689304,47.856077994331834,3.088558141627862,0.003924781536438168,0.003924781536438168
5786,-16.023943263385586,47.85881459005307,3.0887603903449894,0.003895598868502494,0.003895598868502494
5787,-16.075581772215045,47.86154009358828,3.088961077415723,0.003866350564176122,0.003866350564176122
5788,-16.127207919329596,47.864254595675035,3.0891602005790184,0.0038370370073532866,0.0038370370073532866
5789,-16.178821791881155,47.86695818705093,3.0893577575888234,0.003807658622729315,0.003807658622729315
5790,-16.23042347702165,47.86965095845356,3.0895537462146394,0.003778215817777484,0.003778215817777484
5791,-16.282013061902987,47.8723330006205,3.0897481642410236,0.0037487089998957048,0.0037487089998957048
5792,-16.333590633677083,47.875004404289335,3.0899410094675104,0.003719138575479403,0.003719138575479403
5793,-16.385156279495867,47.87766526019768,3.090132279709751,0.0036895049979022015,0.0036895049979022015
5794,-16.436710086511287,47.88031565908308,3.0903219727981805,0.0036598086239254144,0.0036598086239254144
5795,-16.488252141875186,47.882955691683165,3.090510086578715,0.003630049935795595,0.003630049935795595
5796,-16.539782532739515,47.88558544873549,3.090696618913343,0.003600229315025092,0.003600229315025092
5797,-16.5913013462562,47.888205020977644,3.0908815676785544,0.003570347184969468,0.003570347184969468
5798,-16.64280866957715,47.89081449914724,3.091064930767248,0.0035404040028253307,0.0035404040028253307
5799,-16.69430458985429,47.893413973981836,3.0912467060876545,0.003510400152154994,0.003510400152154994
5800,-16.74578919423953,47.89600353621905,3.0914268915635907,0.0034803361017823283,0.0034803361017823283
5801,-16.797262569884797,47.89858327659644,3.0916054851347026,0.0034502122465573694,0.0034502122465573694
5802,-16.848724803942,47.90115328585162,3.091782484756362,0.0034200290531594033,0.0034200290531594033
5803,-16.90017598356306,47.90371365472215,3.091957888399536,0.0033897869131153855,0.0033897869131153855
5804,-16.95161619589993,47.90626447394564,3.0921316940512926,0.003359486314596225,0.003359486314596225
5805,-17.003045528104455,47.90880583425964,3.0923038997141736,0.003329127626536036,0.003329127626536036
5806,-17.054464067328585,47.911337826401784,3.0924745034067302,0.0032987113596761766,0.0032987113596761766
5807,-17.105871900724246,47.91386054110963,3.0926435031637323,0.003268237892879389,0.003268237892879389
5808,-17.157269115443352,47.91637406912079,3.0928108970356614,0.0032377077189270757,0.0032377077189270757
5809,-17.208655798637814,47.918878501172834,3.0929766830892325,0.0032071212387108972,0.0032071212387108972
5810,-17.26003203745956,47.92137392800336,3.093140859407071,0.003176478934174549,0.003176478934174549
5811,-17.311397919060504,47.923860440349934,3.0933034240877455,0.0031457812092580313,0.0031457812092580313
5812,-17.36275353059256,47.92633812895017,3.093464375246104,0.0031150285605881832,0.0031150285605881832
5813,-17.41409895920765,47.92880708454163,3.093623711013312,0.0030842213953731373,0.0030842213953731373
5814,-17.465434292057722,47.93126739786192,3.0937814295363437,0.003053360192117806,0.003053360192117806
5815,-17.516759616294625,47.933719159648625,3.093937528978936,0.003022445396785331,0.003022445396785331
5816,-17.56807501907031,47.936162460639316,3.0940920075206555,0.002991477453242846,0.002991477453242846
5817,-17.6193805875367,47.9385973915716,3.094244863357401,0.00296045682874655,0.00296045682874655
5818,-17.67067640884571,47.94102404318306,3.094396094701854,0.0029293839861946856,0.0029293839861946856
5819,-17.72196257014926,47.943442506211284,3.0945456997828784,0.002898259371217058,0.002898259371217058
5820,-17.773239158599257,47.945852871393846,3.0946936768454925,0.0028670834471459764,0.0028670834471459764
5821,-17.824506261347626,47.948255229468344,3.094840024151313,0.0028358566786147133,0.0028358566786147133
5822,-17.87576396554629,47.95064967117237,3.0949847399786683,0.0028045795348101525,0.0028045795348101525
5823,-17.9270123583472,47.953036287243506,3.0951278226222967,0.002773252470336059,0.002773252470336059
5824,-17.978251526902188,47.955415168419336,3.0952692703933424,0.002741875955662691,0.002741875955662691
5825,-18.029481558363223,47.95778640543745,3.095409081619643,0.0027104504582420533,0.0027104504582420533
5826,-18.080702539882218,47.96015008903545,3.0955472546460974,0.0026789764643546975,0.0026789764643546975
5827,-18.131914558611083,47.96250630995088,3.09568378783361,0.0026474544018446865,0.0026474544018446865
5828,-18.183117701701747,47.96485515892137,3.095818679559505,0.0026158847746830544,0.0026158847746830544
5829,-18.234312056306127,47.96719672668451,3.0959519282192143,0.0025842680779702837,0.0025842680779702837
5830,-18.28549770957613,47.96953110397786,3.096083532224049,0.0025526047303457556,0.0025526047303457556
5831,-18.336674748663686,47.971858381539015,3.096213490001703,0.0025208952479388196,0.0025208952479388196
5832,-18.387843260720707,47.97417865010557,3.0963417999975396,0.0024891401010593028,0.0024891401010593028
5833,-18.439003332899144,47.97649200041511,3.0964684606732615,0.0024573397554536643,0.0024573397554536643
5834,-18.490155052350847,47.97879852320522,3.0965934705077705,0.002425494716303811,0.002425494716303811
5835,-18.541298506227758,47.98109830921348,3.0967168279967945,0.002393605436353074,0.002393605436353074
5836,-18.592433781681812,47.98339144917748,3.0968385316525486,0.0023616724088401397,0.0023616724088401397
5837,-18.643560965864914,47.98567803383484,3.096958580005219,0.002329696145906722,0.002329696145906722
5838,-18.694680145928988,47.98795815392309,3.0970769716013233,0.00229767707814173,0.00229767707814173
5839,-18.745791409025944,47.99023190017986,3.097193705004012,0.002265615730753254,0.002265615730753254
5840,-18.796894842307715,47.992499363342745,3.097308778794961,0.0022335126097541417,0.0022335126097541417
5841,-18.8479905329262,47.99476063414928,3.097422191571639,0.0022013681347769465,0.0022013681347769465
5842,-18.899078568033328,47.997015803337106,3.0975339419488805,0.0021691828747604624,0.0021691828747604624
5843,-18.95015903478105,47.999264961643775,3.0976440285591162,0.0021369572594883784,0.0021369572594883784
5844,-19.001232020321208,48.0015081998069,3.0977524500515186,0.00210469182599496,0.00210469182599496
5845,-19.05229761180576,48.00374560856405,3.0978592050929965,0.002072387044131687,0.002072387044131687
5846,-19.10335589638662,48.00597727865282,3.0979642923673127,0.0020400434176669935,0.0020400434176669935
5847,-19.154406961215702,48.008203300810784,3.098067710575185,0.0020076614216812095,0.0020076614216812095
5848,-19.20545089344494,48.01042376577557,3.0981694584355246,0.0019752416097103954,0.0019752416097103954
5849,-19.256487780226234,48.01263876428471,3.0982695346840177,0.0019427844024731485,0.0019427844024731485
5850,-19.307517708711508,48.01484838707584,3.098367938073513,0.0019102903699082876,0.0019102903699082876
5851,-19.358540766052684,48.01705272488651,3.0984646673749903,0.001877759971835665,0.001877759971835665
5852,-19.40955703940167,48.01925186845432,3.0985597213758895,0.0018451937140319518,0.0018451937140319518
5853,-19.460566615910427,48.02144590851687,3.098653098881458,0.0018125921101505666,0.0018125921101505666
5854,-19.5115695827308,48.02363493581175,3.0987447987151175,0.0017799556815468653,0.0017799556815468653
5855,-19.562566027014736,48.02581904107651,3.098834819716913,0.0017472848822205542,0.0017472848822205542
5856,-19.613556035914158,48.02799831504877,3.098923160744281,0.0017145802648475701,0.0017145802648475701
5857,-19.664539696580984,48.03017284846611,3.0990098206727565,0.0016818423121148366,0.0016818423121148366
5858,-19.71551709616713,48.03234273206613,3.0990947983953667,0.0016490715541134869,0.0016490715541134869
5859,-19.76648832182451,48.03450805658639,3.0991780928225157,0.00161626847006672,0.00161626847006672
5860,-19.817453460705053,48.036668912764505,3.0992597028824087,0.0015834336078457737,0.0015834336078457737
5861,-19.86841259996066,48.03882539133802,3.0993396275204157,0.0015505674225974166,0.0015505674225974166
5862,-19.919365826743295,48.04097758304459,3.099417865699932,0.0015176704971930689,0.0015176704971930689
5863,-19.970313228204805,48.04312557862174,3.0994944164023916,0.001484743288182824,0.001484743288182824
5864,-20.02125489149714,48.045269468807085,3.0995692786260527,0.0014517863318282507,0.0014517863318282507
5865,-20.072190903772213,48.04740934433821,3.0996424513875467,0.0014188001465325526,0.0014188001465325526
5866,-20.123121352181954,48.049545295952704,3.0997139337210395,0.0013857852365050216,0.0013857852365050216
5867,-20.174046323878265,48.05167741438815,3.0997837246784568,0.001352742130072299,0.001352742130072299
5868,-20.22496590601307,48.053805790382135,3.0998518233295793,0.0013196713360498526,0.0013196713360498526
5869,-20.275880185738288,48.05593051467224,3.099918228761638,0.0012865733678122312,0.0012865733678122312
5870,-20.326789250205845,48.058051677996076,3.0999829400801584,0.0012534487683478442,0.0012534487683478442
5871,-20.37769318656764,48.060169371091206,3.1000459564084615,0.0012202980321459683,0.0012202980321459683
5872,-20.428592081975644,48.062283684695224,3.1001072768873352,0.0011871216904119149,0.0011871216904119149
5873,-20.479486023581693,48.06439470954572,3.100166900675603,0.0011539202606645432,0.0011539202606645432
5874,-20.53037509853774,48.066502536380284,3.100224826950099,0.0011206942740557267,0.0011206942740557267
5875,-20.581259393995712,48.06860725593651,3.10028105490593,0.0010874442592690983,0.0010874442592690983
5876,-20.63213899710751,48.07070895895196,3.100335583755531,0.001054170711119869,0.001054170711119869
5877,-20.683013995025064,48.072807736164236,3.1003884127291523,0.0010208741783335048,0.0010208741783335048
5878,-20.733884474900286,48.07490367831093,3.100439541075701,0.0009875551894398503,0.0009875551894398503
5879,-20.784750523885094,48.07699687612962,3.1004889680616574,0.0009542142515470074,0.0009542142515470074
5880,-20.835612229131414,48.0790874203579,3.100536692971358,0.0009208519049410611,0.0009208519049410611
5881,-20.886469677791155,48.08117540173337,3.1005827151076604,0.0008874686836267651,0.0008874686836267651
5882,-20.93732295701627,48.083260910993594,3.1006270337910697,0.0008540650944174751,0.0008540650944174751
5883,-20.98817215395861,48.08534403887618,3.1006696483602374,0.0008206416914610449,0.0008206416914610449
5884,-21.03901735577013,48.087424876118696,3.100710558171972,0.0007871989828217832,0.0007871989828217832
5885,-21.089858649602736,48.08950351345874,3.1007497626009206,0.0007537375107779755,0.0007537375107779755
5886,-21.140696122608354,48.09158004163389,3.100787261040048,0.0007202578029505773,0.0007202578029505773
5887,-21.191529861938903,48.09365455138174,3.10082305290028,0.0006867603881257414,0.0006867603881257414
5888,-21.242359954746295,48.09572713343988,3.1008571376108818,0.0006532458096209445,0.0006532458096209445
5889,-21.29318648818245,48.09779787854588,3.100889514618977,0.0006197145777948654,0.0006197145777948654
5890,-21.344009549399278,48.09986687743736,3.1009201833897775,0.0005861672456701407,0.0005861672456701407
5891,-21.39482922554872,48.101934220851895,3.1009491434073566,0.0005526043546217025,0.0005526043546217025
5892,-21.4456456037827,48.103999999527055,3.1009763941732995,0.0005190264051667161,0.0005190264051667161
5893,-21.49645877125309,48.106064304200444,3.1010019352073455,0.00048543396447765276,0.00048543396447765276
5894,-21.54726881511182,48.10812722560964,3.101025766047804,0.0004518275500009386,0.0004518275500009386
5895,-21.598075822510822,48.11018885449224,3.101047886250956,0.000418207705886028,0.000418207705886028
5896,-21.64887988060201,48.11224928158583,3.101068295391519,0.00038457496841170146,0.00038457496841170146
5897,-21.699681076537296,48.11430859762799,3.1010869930622444,0.0003509298664119537,0.0003509298664119537
5898,-21.750479497468604,48.11636689335631,3.101103978874135,0.00031727294508793213,0.00031727294508793213
5899,-21.80127523054786,48.11842425950837,3.101119252456573,0.0002836047389218085,0.0002836047389218085
5900,-21.85206836292696,48.12048078682177,3.101132813456959,0.0002499257792631134,0.0002499257792631134
5901,-21.902858981757884,48.122536566034114,3.1011446615414786,0.00021623663126964774,0.00021623663126964774
5902,-21.953647174192454,48.12459168788295,3.1011547963942774,0.00018253779414283762,0.00018253779414283762
5903,-22.004433027382625,48.12664624310588,3.1011632177175685,0.00014882983783018054,0.00014882983783018054
5904,-22.055216628480334,48.128700322440494,3.1011699252321536,0.0001151132822645974,0.0001151132822645974
5905,-22.105998064637483,48.13075401662439,3.1011749186770876,8.138868467250123e-05,8.138868467250123e-05
5906,-22.156777423005984,48.13280741639514,3.1011781978099084,4.7656574347463116e-05,4.7656574347463116e-05
5907,-22.20755479073777,48.134860612490336,3.1011797624062587,1.3917493972847505e-05,1.3917493972847505e-05
5908,-22.258330254984752,48.136913695647564,3.1011796122599753,-1.982802329776228e-05,1.982802329776228e-05
5909,-22.309103902898855,48.13896675660443,3.1011777471837956,-5.3579406700873035e-05,5.3579406700873035e-05
5910,-22.359875821631977,48.14101988609849,3.1011741670084105,-8.733616007530417e-05,8.733616007530417e-05
5911,-22.41064609833609,48.143073174867354,3.1011688715826806,-0.00012109770380067006,0.00012109770380067006
5912,-22.46141482016303,48.145126713648594,3.1011618607742037,-0.0001548635191954707,0.0001548635191954707
5913,-22.512182074264757,48.14718059317981,3.1011531344686976,-0.0001886330506952429,0.0001886330506952429
5914,-22.562947947793184,48.14923490419859,3.101142692570555,-0.00022240575749125826,0.00022240575749125826
5915,-22.613712527900233,48.15128973744252,3.1011305350024223,-0.0002561811004153355,0.0002561811004153355
5916,-22.66447590173781,48.153345183649165,3.101116661705054,-0.0002899585442280813,0.0002899585442280813
5917,-22.715238156457843,48.155401333556135,3.1011010726375248,-0.00032373754121907107,0.00032373754121907107
5918,-22.765999379212253,48.157458277901036,3.1010837677781202,-0.0003575175208504343,0.0003575175208504343
5919,-22.816759657152943,48.15951610742141,3.101064747122981,-0.0003912979888011046,0.0003912979888011046
5920,-22.867519077431844,48.16157491285487,3.1010440106861656,-0.00042507837174674603,0.00042507837174674603
5921,-22.918277727200902,48.163634784939,3.1010215585007868,-0.0004588581307183472,0.0004588581307183472
5922,-22.96903569361197,48.16569581441139,3.1009973906183896,-0.0004926367165755164,0.0004926367165755164
5923,-23.019793063816998,48.16775809200962,3.1009715071086017,-0.0005264136042151408,0.0005264136042151408
5924,-23.070549924967896,48.16982170847128,3.1009439080593553,-0.0005601882355861486,0.0005601882355861486
5925,-23.12130636421659,48.17188675453397,3.1009145935774214,-0.0005939600645444213,0.0005939600645444213
5926,-23.172062468714998,48.17395332093527,3.1008835637878365,-0.000627728555584052,0.000627728555584052
5927,-23.222818325615034,48.17602149841276,3.1008508188340516,-0.0006614931566739872,0.0006614931566739872
5928,-23.273574022068612,48.178091377704014,3.1008163588775863,-0.000695253345932992,0.000695253345932992
5929,-23.324329645227657,48.18016304954665,3.1007801840985243,-0.0007290085518562669,0.0007290085518562669
5930,-23.37508528224412,48.18223660467825,3.100742294696009,-0.000762758233067257,0.000762758233067257
5931,-23.425841020269843,48.18431213383638,3.100702690886798,-0.0007965018750077168,0.0007965018750077168
5932,-23.476596946456787,48.186389727758645,3.100661372906084,-0.0008302389041164374,0.0008302389041164374
5933,-23.527353147956863,48.188469477182636,3.1006183410081913,-0.0008639687784568102,0.0008639687784568102
5934,-23.57810971192199,48.19055147284592,3.1005735954651046,-0.0008976909824582875,0.0008976909824582875
5935,-23.628866725504082,48.192635805486105,3.1005271365674933,-0.0009314049340632515,0.0009314049340632515
5936,-23.679624275855062,48.19472256584076,3.1004789646244344,-0.000965110128644086,0.000965110128644086
5937,-23.730382450126854,48.196811844647506,3.100429079963467,-0.0009988059822683096,0.0009988059822683096
5938,-23.78114133547136,48.19890373264389,3.1003774829307424,-0.0010324919844645062,0.0010324919844645062
5939,-23.8319010190405,48.20099832056751,3.10032417388986,-0.0010661675973528137,0.0010661675973528137
5940,-23.882661587986245,48.20309569915598,3.1002691532239366,-0.0010998322292222274,0.0010998322292222274
5941,-23.933423129460422,48.20519595914685,3.100212421334088,-0.0011334854021386516,0.0011334854021386516
5942,-23.98418573061499,48.207299191277734,3.1001539786395105,-0.001167126521474665,0.001167126521474665
5943,-24.03494947860187,48.2094054862862,3.1000938255782113,-0.0012007550807538129,0.0012007550807538129
5944,-24.085714460572976,48.21151493490985,3.1000319626060993,-0.0012343705214219853,0.0012343705214219853
5945,-24.136480763680225,48.213627627886275,3.0999683901980877,-0.001267972293887842,0.001267972293887842
5946,-24.187248475075535,48.21574365595304,3.0999031088470996,-0.0013015598790203572,0.0013015598790203572
5947,-24.23801768191082,48.21786310984774,3.0998361190639345,-0.0013351327328193652,0.0013351327328193652
5948,-24.28878847133801,48.21998608030799,3.0997674213786395,-0.001368690282550171,0.001368690282550171
5949,-24.339560930509002,48.22211265807134,3.0996970163392157,-0.0014022320353947366,0.0014022320353947366
5950,-24.390335146575783,48.2242429338754,3.0996249045117357,-0.0014357574144201472,0.0014357574144201472
5951,-24.441111206690163,48.22637699845775,3.099551086480982,-0.0014692659020796356,0.0014692659020796356
5952,-24.491889198004113,48.22851494255599,3.099475562850105,-0.0015027569352622128,0.0015027569352622128
5953,-24.54266920766954,48.23065685690767,3.099398334240235,-0.0015362300121182875,0.0015362300121182875
5954,-24.593451322838376,48.232802832250414,3.099319401290755,-0.001569684559237752,0.001569684559237752
5955,-24.64423563066253,48.234952959321795,3.0992387646596917,-0.0016031200598195191,0.0016031200598195191
5956,-24.69502221829392,48.237107328859416,3.099156425023367,-0.0016365359546788266,0.0016365359546788266
5957,-24.74581117288447,48.23926603160084,3.0990723830763045,-0.0016699317311338227,0.0016699317311338227
5958,-24.796602581586086,48.241429158283665,3.0989866395309535,-0.001703306841350398,0.001703306841350398
5959,-24.84739653155069,48.24359679964548,3.0988991951183205,-0.0017366607483610271,0.0017366607483610271
5960,-24.89819310993024,48.24576904642388,3.098810050587887,-0.001769992908043872,0.001769992908043872
5961,-24.948992403876577,48.24794598935643,3.0987192067069844,-0.001803302808639444,0.001803302808639444
5962,-24.999794500541654,48.25012771918074,3.0986266642611366,-0.001836589893002807,0.001836589893002807
5963,-25.050599487077392,48.25231432663439,3.098532424054527,-0.0018698536317299057,0.0018698536317299057
5964,-25.101407450635715,48.254505902454966,3.0984364869091263,-0.0019030935024448505,0.0019030935024448505
5965,-25.15221847836853,48.256702537380065,3.098338853665451,-0.001936308946638999,0.001936308946638999
5966,-25.203032657427748,48.258904322147245,3.0982395251818575,-0.0019694994702047406,0.0019694994702047406
5967,-25.2538500749653,48.26111134749412,3.098138502334929,-0.002002664500217216,0.002002664500217216
5968,-25.304670818133097,48.26332370415826,3.098035786019345,-0.0020358035481572354,0.0020358035481572354
5969,-25.3554949740831,48.26554148287729,3.0979313771482286,-0.0020689160283852742,0.0020689160283852742
5970,-25.40632262996715,48.26776477438875,3.0978252766529204,-0.0021020014617184743,0.0021020014617184743
5971,-25.45715387293719,48.26999366943025,3.0977174854820806,-0.002135059298670804,0.002135059298670804
5972,-25.507988790145156,48.27222825873938,3.0976080046032477,-0.002168088999490205,0.002168088999490205
5973,-25.558827468742955,48.27446863305372,3.0974968350019076,-0.0022010900519720948,0.0022010900519720948
5974,-25.609669995882502,48.276714883110856,3.097383977681209,-0.002234061928384563,0.002234061928384563
5975,-25.660516458715726,48.27896709964838,3.0972694336627544,-0.0022670040861717342,0.0022670040861717342
5976,-25.711366944394527,48.28122537340388,3.0971532039860503,-0.002299916019980049,0.002299916019980049
5977,-25.762221540070843,48.28348979511494,3.097035289708546,-0.0023327971865815035,0.0023327971865815035
5978,-25.813080332896575,48.285760455519146,3.0969156919057714,-0.00236564707600334,0.00236564707600334
5979,-25.863943410023687,48.2880374453541,3.0967944116713397,-0.0023984651457720583,0.0023984651457720583
5980,-25.914810858604014,48.290320855357365,3.096671450116652,-0.002431250898316004,0.002431250898316004
5981,-25.96568276578953,48.29261077626655,3.096546808371074,-0.0024640037852078664,0.0024640037852078664
5982,-26.01655921873212,48.294907298819226,3.096420487582076,-0.0024967233041490854,0.0024967233041490854
5983,-26.067440304583727,48.29721051375299,3.096292488914719,-0.0025294089278609286,0.0025294089278609286
5984,-26.11832611049627,48.299520511805426,3.0961628135502948,-0.0025620602083301866,0.0025620602083301866
5985,-26.169216723621442,48.301837383714314,3.096030900627107,-0.002616743212169315,0.002616743212169315
5986,-26.22011217425915,48.30416127495428,3.095894042635282,-0.0027556594166626624,0.0027556594166626624
5987,-26.271012275588006,48.306492540043934,3.095749581427518,-0.0029146573662851187,0.0029146573662851187
5988,-26.32191678896258,48.308831583397975,3.095597005113577,-0.0030736310315606884,0.0030736310315606884
5989,-26.37282547573744,48.31117880943111,3.09543631394906,-0.0032325865561493865,0.0032325865561493865
5990,-26.423738097267076,48.31353462255811,3.0952675079827783,-0.0033915299888108838,0.0033915299888108838
5991,-26.474654414906063,48.31589942719364,3.095090587056045,-0.003550467489599369,0.003550467489599369
5992,-26.52557419000896,48.318273627752475,3.094905550803078,-0.0037094050804532654,0.0037094050804532654
5993,-26.576497183930314,48.32065762864931,3.0947123986521707,-0.0038683488646785364,0.0038683488646785364
5994,-26.627423158024683,48.32305183429887,3.09451112982519,-0.0040273048732702215,0.0040273048732702215
5995,-26.6783518736466,48.325456649115885,3.0943017433387685,-0.004186279152346202,0.004186279152346202
5996,-26.72928309215062,48.32787247751506,3.0940842380037714,-0.004345277743633059,0.004345277743633059
5997,-26.780216574891305,48.330299723911146,3.0938586124269376,-0.004504306618890566,0.004504306618890566
5998,-26.831152083223195,48.33273879271884,3.0936248650105846,-0.004663371821559785,0.004663371821559785
5999,-26.882089378500883,48.335190088352896,3.093382993953047,-0.004822479296629967,0.004822479296629967
6000,-26.93302822207884,48.337654015228,3.0931329972493256,-0.00498163505269004,0.00498163505269004
6001,-26.983968375311647,48.34013097775889,3.092874872691132,-0.00514084502368046,0.00514084502368046
6002,-27.034909599553874,48.34262138036029,3.0926086178679792,-0.005300115166455996,0.005300115166455996
6003,-27.08585165616005,48.34512562744693,3.0923342301675065,-0.0054594513933195225,0.0054594513933195225
6004,-27.13679430648472,48.3476441234335,3.092051706774967,-0.005618859672505357,0.005618859672505357
6005,-27.187737311882458,48.350177272734754,3.0917610446744708,-0.005778345859153481,0.005778345859153481
6006,-27.238680433707803,48.352725479765425,3.0914622406504293,-0.005937915856354879,0.005937915856354879
6007,-27.289623433315302,48.35528914894021,3.0911552912861167,-0.006097575567630345,0.006097575567630345
6008,-27.34056607205955,48.357868684673846,3.090840192965013,-0.006257330835297104,0.006257330835297104
6009,-27.391508111295014,48.36046449138105,3.0905169418717175,-0.0064171875192027645,0.0064171875192027645
6010,-27.44244931237628,48.36307697347654,3.0901855339915385,-0.006577151470070951,0.006577151470070951
6011,-27.493389436657903,48.36570653537504,3.0898459651114942,-0.006737228500892319,0.006737228500892319
6012,-27.544328245494434,48.36835358149128,3.0894982308208006,-0.006897424435785251,0.006897424435785251
6013,-27.595265500240426,48.371018516239985,3.0891423265115567,-0.0070577450536879836,0.0070577450536879836
6014,-27.64620096225042,48.373701744035856,3.088778247378622,-0.007218196176258706,0.007218196176258706
6015,-27.697134392878965,48.37640366929363,3.0884059884201216,-0.007378783555632251,0.007378783555632251
6016,-27.748065553480618,48.37912469642804,3.0880255444388442,-0.007539512951678753,0.007539512951678753
6017,-27.798994205409937,48.38186522985382,3.08763691004263,-0.007700390094617515,0.007700390094617515
6018,-27.849920110021486,48.384625673985646,3.0872400796435215,-0.007861420770791574,0.007861420770791574
6019,-27.90084302866977,48.387406433238276,3.086835047459327,-0.008022610642607621,0.008022610642607621
6020,-27.95176272270934,48.39020791202642,3.086421807514796,-0.008183965443744985,0.008183965443744985
6021,-28.002678953494772,48.393030514764796,3.0860003536407534,-0.008345490864269103,0.008345490864269103
6022,-28.053591482380615,48.39587464586813,3.0855706794752953,-0.008507192584470987,0.008507192584470987
6023,-28.10450007072141,48.39874070975117,3.0851327784647244,-0.008669076251690895,0.008669076251690895
6024,-28.155404479871716,48.40162911082863,3.0846866438641474,-0.008831147516472055,0.008831147516472055
6025,-28.20630447118607,48.40454025351519,3.0842322687365287,-0.008993412057194809,0.008993412057194809
6026,-28.257199806019035,48.407474542225614,3.083769645954781,-0.009155875436469889,0.009155875436469889
6027,-28.30809024572515,48.41043238137461,3.083298768202432,-0.00931854330036682,0.00931854330036682
6028,-28.358975551659007,48.413414175376914,3.0828196279731115,-0.00948142122589842,0.00948142122589842
6029,-28.409855485175083,48.41642032864724,3.082332217572337,-0.009644514782927171,0.009644514782927171
6030,-28.460729807627963,48.41945124560029,3.081836529116816,-0.009807829570242694,0.009807829570242694
6031,-28.5115982803722,48.42250733065083,3.0813325545361256,-0.009971371085766565,0.009971371085766565
6032,-28.56246066476234,48.425588988213555,3.0808202855735,-0.010135144891703309,0.010135144891703309
6033,-28.613316722152934,48.42869662270318,3.0802997137849837,-0.010299156513349308,0.010299156513349308
6034,-28.66416621389854,48.43183063853445,3.079770830541647,-0.010463411420124724,0.010463411420124724
6035,-28.715008901353695,48.43499144012207,3.0792336270294998,-0.010627915135032301,0.010627915135032301
6036,-28.76584454587296,48.43817943188078,3.078688094250306,-0.010792673089575024,0.010792673089575024
6037,-28.81667290881091,48.44139501822529,3.078134223022298,-0.010957690773018454,0.010957690773018454
6038,-28.867493751522037,48.44463860357033,3.0775720039804164,-0.011122973601482481,0.011122973601482481
6039,-28.918306835360916,48.44791059233063,3.0770014275781077,-0.011288526987855964,0.011288526987855964
6040,-28.96911192168209,48.451211388920875,3.0764224840865593,-0.011454356372247948,0.011454356372247948
6041,-29.019908771840132,48.454541397755825,3.075835163596348,-0.01162046709700685,0.01162046709700685
6042,-29.070697147189566,48.45790102325018,3.075239456018111,-0.011786864569709265,0.011786864569709265
6043,-29.121476809084957,48.46129066981869,3.074635351083023,-0.011953554107854293,0.011953554107854293
6044,-29.17224751888085,48.464710741876054,3.074022838343846,-0.012120541071690041,0.012120541071690041
6045,-29.223009037931806,48.468161643837014,3.07340190717544,-0.012287830752303048,0.012287830752303048
6046,-29.273761127592365,48.47164378011627,3.0727725467755547,-0.01245542847247517,0.01245542847247517
6047,-29.324503549217113,48.47515755512855,3.072134746165118,-0.012623339505553478,0.012623339505553478
6048,-29.375236064160532,48.4787033732886,3.0714884941905263,-0.012791569077582067,0.012791569077582067
6049,-29.425958433777204,48.48228163901113,3.070833779523562,-0.012960122458604116,0.012960122458604116
6050,-29.476670419421673,48.485892756710825,3.0701705906609367,-0.013129004885646663,0.013129004885646663
6051,-29.5273717824485,48.48953713080247,3.0694989159274235,-0.013298221498684678,0.013298221498684678
6052,-29.578062284212223,48.49321516570073,3.068818743475469,-0.01346777754282825,0.01346777754282825
6053,-29.62874168606741,48.49692726582038,3.068130061286044,-0.0136376781173407,0.0136376781173407
6054,-29.6794097493686,48.50067383557611,3.067432857170011,-0.013807928405962847,0.013807928405962847
6055,-29.730066235470343,48.50445527938266,3.066727118768649,-0.013978533479819314,0.013978533479819314
6056,-29.78071090572719,48.50827200165473,3.0660128335546912,-0.014149498473726384,0.014149498473726384
6057,-29.83134352149372,48.51212440680707,3.065289988833122,-0.014320828419628376,0.014320828419628376
6058,-29.88196384412442,48.51601289925437,3.0645585717423156,-0.014492528399049756,0.014492528399049756
6059,-29.93257163497388,48.519937883411394,3.063818569255195,-0.014664603389937891,0.014664603389937891
6060,-29.983166655396634,48.523899763692825,3.063069968179846,-0.01483705844077536,0.01483705844077536
6061,-30.03374866674725,48.52789894451341,3.0623127551603178,-0.015009898489052317,0.015009898489052317
6062,-30.084317430380263,48.531935830287864,3.061546916678464,-0.01518312850142187,0.01518312850142187
6063,-30.13487270765023,48.536010825430914,3.0607724390543067,-0.015356753391557149,0.015356753391557149
6064,-30.185414259911703,48.54012433435727,3.0599893084472036,-0.015530778070200752,0.015530778070200752
6065,-30.235941848519232,48.544276761481676,3.059197510857011,-0.01570520739517633,0.01570520739517633
6066,-30.28645523482736,48.54846851121884,3.0583970321254275,-0.015880046213669768,0.015880046213669768
6067,-30.33695418019068,48.552699987983495,3.0575878579367175,-0.016055299344354113,0.016055299344354113
6068,-30.387438445963664,48.556971596190344,3.056769973818713,-0.016230971583706684,0.016230971583706684
6069,-30.437907793500905,48.56128374025414,3.0559433651448793,-0.01640706765750308,0.01640706765750308
6070,-30.488361984156946,48.56563682458957,3.0551080171345824,-0.01658359233986451,0.01658359233986451
6071,-30.538800779286333,48.57003125361137,3.0542639148540953,-0.016760550304574403,0.016760550304574403
6072,-30.589223940243635,48.57446743173428,3.0534110432191985,-0.016937946210672968,0.016937946210672968
6073,-30.639631228383376,48.57894576337299,3.0525493869950906,-0.017115784722275842,0.017115784722275842
6074,-30.69002240506013,48.583466652942256,3.051678930797988,-0.01729407042204218,0.01729407042204218
6075,-30.740397231628428,48.58803050485679,3.0507996590970063,-0.01747280788571356,0.01747280788571356
6076,-30.790755469442875,48.59263772353131,3.0499115562148114,-0.01765200165619659,0.01765200165619659
6077,-30.841096879857933,48.597288713380536,3.0490146063289587,-0.017831656241230624,0.017831656241230624
6078,-30.891421224228196,48.601983878819205,3.04810879347386,-0.01801177609102952,0.01801177609102952
6079,-30.941728263908207,48.606723624262024,3.0471941015417867,-0.018192365657758683,0.018192365657758683
6080,-30.992017760252526,48.61150835412372,3.0462705142842763,-0.018373429319782687,0.018373429319782687
6081,-31.042289474615693,48.616338472818995,3.0453380153131984,-0.018554971470461906,0.018554971470461906
6082,-31.092543168352254,48.62121438476261,3.0443965881027713,-0.018736996390912898,0.018736996390912898
6083,-31.14277860281678,48.62613649436929,3.0434462159920983,-0.018919508356356057,0.018919508356356057
6084,-31.1929955393638,48.63110520605371,3.042486882184236,-0.019102511666322163,0.019102511666322163
6085,-31.24319373934788,48.63612092423064,3.0415185697490523,-0.019286010463905642,0.019286010463905642
6086,-31.2933729641236,48.641184053314795,3.040541261625951,-0.01947000892098974,0.01947000892098974
6087,-31.34353297504542,48.64629499772087,3.039554940623594,-0.019654511171499037,0.019654511171499037
6088,-31.393673533467954,48.651454161863604,3.0385595894221646,-0.019839521276807225,0.019839521276807225
6089,-31.44379440074574,48.65666195015772,3.0375551905754863,-0.020025043265210405,0.020025043265210405
6090,-31.49389533823332,48.661918767017944,3.0365417265126964,-0.020211081109553955,0.020211081109553955
6091,-31.543976107285253,48.667225016858985,3.035519179539246,-0.02039763877562185,0.02039763877562185
6092,-31.594036469256093,48.6725811040956,3.034487531839569,-0.020584720106659096,0.020584720106659096
6093,-31.644076185500385,48.67798743314248,3.0334468054986896,-0.020770737555141996,0.020770737555141996
6094,-31.69409501941639,48.683444404584684,3.0323999217408835,-0.02084195929651914,0.02084195929651914
6095,-31.74409288234546,48.688952141779005,3.0313545785278975,-0.020722014713350948,0.020722014713350948
6096,-31.79406993082285,48.69451030861743,3.0303160453398985,-0.020583605776079424,0.020583605776079424
6097,-31.844026344447677,48.70011852577259,3.029284791373996,-0.02044469581155636,0.02044469581155636
6098,-31.893962302819222,48.70577641391718,3.028260833663297,-0.020305290261696005,0.020305290261696005
6099,-31.94387798553667,48.711483593723884,3.0272441890485,-0.02016539456507131,0.02016539456507131
6100,-31.993773572199242,48.71723968586534,3.026234874176449,-0.02002501422459901,0.02002501422459901
6101,-32.043649242406154,48.72304431101427,3.025232905502639,-0.01988415458161575,0.01988415458161575
6102,-32.09350517575661,48.728897089843294,3.0242382992915187,-0.019742821129199666,0.019742821129199666
6103,-32.143341551849836,48.734797643025104,3.0232510716160506,-0.019601019227903256,0.019601019227903256
6104,-32.193158550285034,48.74074559123238,3.0222712383604704,-0.019458754261919023,0.019458754261919023
6105,-32.242956350661416,48.746740555137805,3.021298815220456,-0.019316031585901,0.019316031585901
6106,-32.292735132578215,48.75278215541401,3.0203338177029657,-0.019172856590600203,0.019172856590600203
6107,-32.3424950756346,48.758870012733695,3.019376261127615,-0.01902923457562167,0.01902923457562167
6108,-32.3922363594298,48.76500374776954,3.0184261606286698,-0.018885170851498184,0.018885170851498184
6109,-32.44195916356304,48.771182981194194,3.017483531154302,-0.01874067074646566,0.01874067074646566
6110,-32.49166366763352,48.77740733368034,3.0165483874679158,-0.01859573951648704,0.01859573951648704
6111,-32.54135005124045,48.78367642590063,3.0156207441488223,-0.018450382461047857,0.018450382461047857
6112,-32.59101849398307,48.789989878527805,3.014700615594428,-0.01830460474627189,0.01830460474627189
6113,-32.64066917546056,48.79634731223446,3.0137880160197654,-0.018158411687569726,0.018158411687569726
6114,-32.69030227527214,48.802748347693296,3.012882959457934,-0.018011808430408813,0.018011808430408813
6115,-32.73991797301706,48.80919260557697,3.0119854597619726,-0.017864800211771927,0.017864800211771927
6116,-32.78951644829448,48.81567970655819,3.0110955306059455,-0.017717392129843343,0.017717392129843343
6117,-32.839097880703605,48.822209271309596,3.0102131854855387,-0.01756958939344167,0.01756958939344167
6118,-32.88866244984368,48.82878092050387,3.009338437718004,-0.017421397098343516,0.017421397098343516
6119,-32.93821033531391,48.83539427481367,3.0084713004442216,-0.01727282036600269,0.01727282036600269
6120,-32.98774171671351,48.842048954911704,3.007611786629483,-0.01712386425546922,0.01712386425546922
6121,-33.03725677364167,48.848744581470605,3.0067599090639785,-0.016974533863133176,0.016974533863133176
6122,-33.08675568569763,48.855480775163066,3.0059156803635165,-0.016824834213181587,0.016824834213181587
6123,-33.136238632480605,48.86225715666177,3.005079112971652,-0.016674770310757585,0.016674770310757585
6124,-33.18570579358978,48.86907334663935,3.0042502191588683,-0.016524347206043663,0.016524347206043663
6125,-33.235157348624426,48.87592896576852,3.0034290110247466,-0.016373569810643973,0.016373569810643973
6126,-33.28459347718368,48.88282363472192,3.002615500498756,-0.016222443135797734,0.016222443135797734
6127,-33.33401435886677,48.88975697417224,3.001809699340453,-0.016070972077928278,0.016070972077928278
6128,-33.38342017327292,48.896728604792145,3.0010116191411833,-0.015919161572214804,0.015919161572214804
6129,-33.432811100001345,48.903738147254316,3.000221271324796,-0.015767016478775084,0.015767016478775084
6130,-33.48218731865126,48.910785222231404,2.999438667148062,-0.015614541707731421,0.015614541707731421
6131,-33.531549008821884,48.917869450396125,2.998663817702729,-0.0154617420284309,0.0154617420284309
6132,-33.58089635011241,48.924990452421085,2.9978967339151907,-0.015308622355753986,0.015308622355753986
6133,-33.63022952212206,48.932147848979014,2.997137426547774,-0.015155187398478723,0.015155187398478723
6134,-33.67954870445004,48.93934126074255,2.996385906200525,-0.015001441990941502,0.015001441990941502
6135,-33.72885407669561,48.9465703083844,2.9956421833111393,-0.01484739083539738,0.01484739083539738
6136,-33.778145818457894,48.95383461257719,2.9949062681561673,-0.014693038708410279,0.014693038708410279
6137,-33.82742410933616,48.961133793993625,2.994178170851916,-0.014538390266439558,0.014538390266439558
6138,-33.8766891289296,48.968467473306355,2.9934579013556175,-0.014383450229420537,0.014383450229420537
6139,-33.92594105683744,48.975835271188075,2.9927454694660303,-0.014228223219622853,0.014228223219622853
6140,-33.97518007265887,48.98323680831144,2.992040884824673,-0.014072713897445167,0.014072713897445167
6141,-34.02440635599314,48.990671705349136,2.9913441569164307,-0.013916926850480214,0.013916926850480214
6142,-34.073620086439426,48.99813958297382,2.9906552950709293,-0.013760866673568269,0.013760866673568269
6143,-34.12282144359697,49.00564006185815,2.9899743084619366,-0.013604537967843115,0.013604537967843115
6144,-34.17201060706501,49.013172762674884,2.989301206111198,-0.013447945163326154,0.013447945163326154
6145,-34.22118775644267,49.02073730609657,2.9886359968869876,-0.01329109290868239,0.01329109290868239
6146,-34.2703530713292,49.028333312795944,2.9879786895042986,-0.013133985615296535,0.013133985615296535
6147,-34.31950673132384,49.035960403445685,2.9873292925287007,-0.012976627765899522,0.012976627765899522
6148,-34.36864891602577,49.043618198718455,2.9866878143750384,-0.01281902381305005,0.01281902381305005
6149,-34.41777980503423,49.05130631928694,2.986054263309178,-0.012661178158106868,0.012661178158106868
6150,-34.46689957794841,49.05902438582376,2.985428647447934,-0.012503095245284049,0.012503095245284049
6151,-34.516008414367526,49.06677201900164,2.9848109747607743,-0.01234477939617293,0.01234477939617293
6152,-34.565106493890795,49.074548839493225,2.9842012530708413,-0.012186235002383233,0.012186235002383233
6153,-34.614193996117436,49.082354467971214,2.983599490055502,-0.012027466351941983,0.012027466351941983
6154,-34.663271100646675,49.090188525108246,2.9830056932469824,-0.011868477799548385,0.011868477799548385
6155,-34.71233798707768,49.09805063157702,2.982419870033381,-0.011709273580797446,0.011709273580797446
6156,-34.761394835009675,49.10594040805018,2.9818420276598396,-0.01154985799175019,0.01154985799175019
6157,-34.81044182404188,49.11385747520043,2.9812721732291365,-0.011390235232405371,0.011390235232405371
6158,-34.859479133773526,49.12180145370042,2.98071031370254,-0.011230409552996753,0.011230409552996753
6159,-34.9085069438038,49.129771964222826,2.9801564559002465,-0.011070385124069687,0.011070385124069687
6160,-34.95752543373192,49.13776862744032,2.9796106065029626,-0.010910166120607807,0.010910166120607807
6161,-35.0065347831571,49.145791064025595,2.979072772052633,-0.010749756672078645,0.010749756672078645
6162,-35.05553517167855,49.15383889465128,2.9785429589524406,-0.010589160941856026,0.010589160941856026
6163,-35.10452677889549,49.16191173999008,2.978021173468081,-0.010428382996350861,0.010428382996350861
6164,-35.15350978440716,49.170009220714675,2.977507421729412,-0.010267426920905548,0.010267426920905548
6165,-35.20248436781271,49.1781309574977,2.977001709729827,-0.010106296795469292,0.010106296795469292
6166,-35.25145070871137,49.186276571011845,2.9765040433274748,-0.009944996644660871,0.009944996644660871
6167,-35.30040898670237,49.1944456819298,2.976014428246907,-0.009783530470473157,0.009783530470473157
6168,-35.34935938138491,49.20263791092421,2.9755328700788657,-0.009621902294511223,0.009621902294511223
6169,-35.39830207235822,49.210852878667765,2.9750593742811713,-0.009460116071514741,0.009460116071514741
6170,-35.44723723922149,49.219090205833126,2.974593946179978,-0.009298175761004255,0.009298175761004255
6171,-35.49616506157393,49.22734951309296,2.974136590969785,-0.009136085305836827,0.009136085305836827
6172,-35.54508571901477,49.23563042111996,2.9736873137148527,-0.008973848597202337,0.008973848597202337
6173,-35.59399939114322,49.24393255058678,2.973246119349699,-0.008811469546485567,0.008811469546485567
6174,-35.64290625755852,49.2522555221661,2.97281301267946,-0.0086489520192837,0.0086489520192837
6175,-35.69180649785983,49.2605989565306,2.9723879983813846,-0.008486299855476321,0.008486299855476321
6176,-35.74070029164636,49.26896247435292,2.9719710810044146,-0.008323516926530522,0.008323516926530522
6177,-35.78958781851735,49.277345696305765,2.971562264970795,-0.008160606996448466,0.008160606996448466
6178,-35.838469258072,49.28574824306179,2.9711615545765016,-0.007997573908444992,0.007997573908444992
6179,-35.88734478990955,49.29416973529369,2.9707689539918145,-0.007834421392699128,0.007834421392699128
6180,-35.936214593629174,49.302609793674115,2.9703844672623148,-0.007671153241429036,0.007671153241429036
6181,-35.985078848830085,49.311068038875725,2.9700080983084405,-0.007507773192099739,0.007507773192099739
6182,-36.033937735111536,49.31954409157122,2.969639850927303,-0.007344284953198739,0.007344284953198739
6183,-36.08279143207274,49.32803757243327,2.969279728793482,-0.007180692219695909,0.007180692219695909
6184,-36.131640119312834,49.3365481021345,2.9689277354580352,-0.0070169987296319816,0.0070169987296319816
6185,-36.1804839764311,49.345075301347656,2.9685838743505983,-0.006853208083261766,0.006853208083261766
6186,-36.229323183026715,49.35361879074537,2.9682481487801455,-0.006689323977717022,0.006689323977717022
6187,-36.278157918698916,49.362178191000325,2.967920561934324,-0.006525350030240343,0.006525350030240343
6188,-36.326988363046894,49.37075312278516,2.967601116880394,-0.006361289890129086,0.006361289890129086
6189,-36.37581469566987,49.37934320677258,2.9672898165661734,-0.006197147126988931,0.006197147126988931
6190,-36.42463709616705,49.38794806363526,2.9669866638210602,-0.006032925339137681,0.006032925339137681
6191,-36.47345574413766,49.396567314045846,2.9666916613552896,-0.005868628116863749,0.005868628116863749
6192,-36.5222708191809,49.40520057867704,2.966404811761475,-0.005704258986949357,0.005704258986949357
6193,-36.571082500896026,49.41384747820149,2.9661261175145373,-0.005539821533443687,0.005539821533443687
6194,-36.61989096888219,49.42250763329189,2.9658555809727747,-0.005375319230902829,0.005375319230902829
6195,-36.66869640273859,49.431180664620875,2.9655932043776825,-0.005210755661943565,0.005210755661943565
6196,-36.717498982064505,49.43986619286117,2.9653389898549944,-0.005046134250284071,0.005046134250284071
6197,-36.76629888645909,49.44856383868538,2.9650929394147703,-0.00488145856646752,0.00488145856646752
6198,-36.815096295521606,49.457273222766254,2.964855054952135,-0.0047167319960971,0.0047167319960971
6199,-36.86389138885122,49.4659939657764,2.9646253382478203,-0.004551958079588419,0.004551958079588419
6200,-36.91268434604718,49.474725688388524,2.964403740227868,-0.004389187640323893,0.004389187640323893
6201,-36.961475344190845,49.48346801593459,2.964188663203432,-0.004288860853025547,0.004288860853025547
6202,-37.010264483529085,49.4922207159298,2.963976763883298,-0.004260976820268331,0.004260976820268331
6203,-37.05905177520868,49.500983720770286,2.9637661461793376,-0.004237149377744241,0.004237149377744241
6204,-37.10783722538847,49.509756972082315,2.9635567095329343,-0.004213322814238905,0.004213322814238905
6205,-37.15662084022736,49.518540411492104,2.9633484539087704,-0.004189497152045232,0.004189497152045232
6206,-37.205402625884275,49.52733398062589,2.963141379270755,-0.004165672400239686,0.004165672400239686
6207,-37.254182588518084,49.53613762110993,2.9629354855835026,-0.004141848521178878,0.004141848521178878
6208,-37.30296073428769,49.54495127457042,2.9627307728113186,-0.004118025564842059,0.004118025564842059
6209,-37.351737069351984,49.55377488263363,2.96252724091802,-0.004094203500515895,0.004094203500515895
6210,-37.400511599869894,49.56260838692582,2.9623248898685937,-0.004070382311172226,0.004070382311172226
6211,-37.44928433200027,49.57145172907317,2.962123719627376,-0.004046562039347445,0.004046562039347445
6212,-37.498055271902025,49.58030485070195,2.961923730158594,-0.004022742646025673,0.004022742646025673
6213,-37.54682442573409,49.58916769343839,2.9617249214269523,-0.003998924149918722,0.003998924149918722
6214,-37.59559179965529,49.59804019890872,2.9615272933968617,-0.003975106542843005,0.003975106542843005
6215,-37.64435739982454,49.60692230873918,2.9613308460330425,-0.003951289819187818,0.003951289819187818
6216,-37.69312123240077,49.615813964556004,2.9611355793001057,-0.003927473987354451,0.003927473987354451
6217,-37.74188330354283,49.62471510798544,2.9609414931629603,-0.003903659025180613,0.003903659025180613
6218,-37.79064361940966,49.63362568065371,2.9607485875865134,-0.0038798449530119605,0.0038798449530119605
6219,-37.83940218616012,49.64254562418706,2.960556862535486,-0.003856031755953291,0.003856031755953291
6220,-37.88815900995313,49.65147488021174,2.9603663179755175,-0.0038322194096191606,0.0038322194096191606
6221,-37.93691409694756,49.66041339035394,2.9601769538715326,-0.0038084079648265383,0.0038084079648265383
6222,-37.985667453302355,49.669361096239946,2.95998877018878,-0.003784597355157322,0.003784597355157322
6223,-38.03441908517634,49.678317939495955,2.959801766892733,-0.0037607876352467105,0.0037607876352467105
6224,-38.08316899872844,49.68728386174825,2.9596159439491374,-0.0037369787366383495,0.0037369787366383495
6225,-38.13191720011755,49.69625880462302,2.9594313013238156,-0.0037131707216024813,0.0037131707216024813
6226,-38.18066369550258,49.70524270974655,2.9592478389827805,-0.0036893635170688753,0.0036893635170688753
6227,-38.22940849104239,49.714235518745014,2.9590655568921154,-0.0036655571899062013,0.0036655571899062013
6228,-38.278151592895924,49.7232371732447,2.958884455017659,-0.003641751679624738,0.003641751679624738
6229,-38.326893007222026,49.732247614871824,2.958704533326277,-0.0036179470016421455,0.0036179470016421455
6230,-38.37563274017963,49.741266785252634,2.9585257917847803,-0.003594143138963336,0.003594143138963336
6231,-38.42437079792761,49.750294626013336,2.958348230359541,-0.003570340122315036,0.003570340122315036
6232,-38.4731071866249,49.75933107878022,2.958171849017877,-0.0035465378787829303,0.0035465378787829303
6233,-38.52184191243033,49.76837608517946,2.9579966477270014,-0.0035227364811689717,0.0035227364811689717
6234,-38.57057498150283,49.77742958683735,2.957822626454235,-0.003498935848005915,0.003498935848005915
6235,-38.619306400001285,49.786491525380086,2.9576497851675745,-0.0034751360289171666,0.0034751360289171666
6236,-38.6680361740846,49.795561842433926,2.957478123834681,-0.0034513369831642607,0.0034513369831642607
6237,-38.71676430991167,49.8046404796251,2.9573076424240354,-0.003427538713509273,0.003427538713509273
6238,-38.76549081364137,49.81372737857983,2.957138340903658,-0.003403741230877689,0.003403741230877689
6239,-38.81421569143262,49.82282248092438,2.9569702192424563,-0.0033799444833873386,0.0033799444833873386
6240,-38.86293894944431,49.83192572828496,2.9568032774093793,-0.0033561485159933914,0.0033561485159933914
6241,-38.91166059383533,49.841037062287825,2.9566375153733797,-0.003332353278201118,0.003332353278201118
6242,-38.96038063076462,49.850156424559216,2.956472933104266,-0.0033085587803921915,0.0033085587803921915
6243,-39.00909906639098,49.85928375672535,2.956309530571557,-0.003284765018235792,0.003284765018235792
6244,-39.05781590687335,49.86841900041247,2.956147307745381,-0.003260971965629573,0.003260971965629573
6245,-39.10653115837065,49.87756209724682,2.9559862645963557,-0.0032371796229565966,0.0032371796229565966
6246,-39.155244827041734,49.88671298885461,2.955826401094517,-0.003213388007247989,0.003213388007247989
6247,-39.20395691904554,49.89587161686213,2.9556677172110555,-0.0031895970486662227,0.0031895970486662227
6248,-39.25266744054093,49.90503792289557,2.95551021291792,-0.0031658067800127837,0.0031658067800127837
6249,-39.3013763976868,49.914211848581154,2.95535388818561,-0.003142017220547948,0.003142017220547948
6250,-39.350083796642075,49.923393335545185,2.9551987429863704,-0.003118228273926263,0.003118228273926263
6251,-39.39878964356562,49.93258232541385,2.9550447772932307,-0.003094439998069339,0.003094439998069339
6252,-39.44749394461637,49.941778759813374,2.954891991077748,-0.0030706523875789317,0.0030706523875789317
6253,-39.49619670595316,49.950982580370045,2.9547403843132765,-0.0030468653683221915,0.0030468653683221915
6254,-39.544897933734916,49.96019372871005,2.9545899569734204,-0.0030230789972041663,0.0030230789972041663
6255,-39.59359763412053,49.96941214645965,2.954440709031519,-0.002999293220735826,0.002999293220735826
6256,-39.642295813268895,49.97863777524507,2.9542926404616128,-0.0029755080566669996,0.0029755080566669996
6257,-39.690992477338916,49.987870556692556,2.9541457512380775,-0.0029517234662644973,0.0029517234662644973
6258,-39.73968763248948,49.997110432428336,2.9540000413357643,-0.0029279394613713813,0.0029279394613713813
6259,-39.78838128487948,50.00635734407866,2.953855510729924,-0.002904156006264427,0.002904156006264427
6260,-39.83707344066781,50.01561123326974,2.953712159395914,-0.0028803731244559302,0.0028803731244559302
6261,-39.88576410601341,50.02487204162785,2.9535699873097556,-0.0028565907576568995,0.0028565907576568995
6262,-39.9344532870751,50.03413971077919,2.953428994448107,-0.00283280893025964,0.00283280893025964
6263,-39.98314099001179,50.043414182350006,2.9532891807873902,-0.0028090276191994443,0.0028090276191994443
6264,-40.03182722098241,50.05269539796654,2.9531505463046805,-0.002785246812764241,0.002785246812764241
6265,-40.080511986145844,50.06198329925504,2.9530130909779007,-0.0027614664799909907,0.0027614664799909907
6266,-40.12919529166097,50.07127782784172,2.952876814784985,-0.0027376866427614812,0.0027376866427614812
6267,-40.1778771436867,50.08057892535284,2.952741717704429,-0.002713907247853365,0.002713907247853365
6268,-40.22655754838192,50.08988653341461,2.952607799715252,-0.0026901283184293536,0.0026901283184293536
6269,-40.275236511905526,50.09920059365327,2.9524750607964934,-0.0026663498216140326,0.0026663498216140326
6270,-40.323914040416426,50.10852104769508,2.952343500928082,-0.002642571745343808,0.002642571745343808
6271,-40.37259014007351,50.11784783716626,2.95221312009022,-0.0026187940814419624,0.0026187940814419624
6272,-40.42126481703566,50.12718090369306,2.9520839182639196,-0.0025950167961118586,0.0025950167961118586
6273,-40.46993807746178,50.136520188901684,2.951955895430193,-0.002571239913725257,0.002571239913725257
6274,-40.51860992751075,50.1458656344184,2.9518290515704013,-0.002547463386382723,0.002547463386382723
6275,-40.56728037334148,50.15521718186944,2.9517033866670985,-0.0025236872041605185,0.0025236872041605185
6276,-40.615949421112866,50.164574772881025,2.9515789007027453,-0.00249991137106724,0.00249991137106724
6277,-40.66461707698379,50.17393834907941,2.951455593660471,-0.0024761358462650615,0.0024761358462650615
6278,-40.71328334711316,50.183307852090806,2.951333465523787,-0.002452360645251166,0.002452360645251166
6279,-40.761948237659865,50.19268322354148,2.951212516276843,-0.002428585716712258,0.002428585716712258
6280,-40.810611754782805,50.20206440505764,2.951092745904062,-0.0024048110907937113,0.0024048110907937113
6281,-40.859273904640915,50.211451338265576,2.950974154390922,-0.0023810366845691154,0.0023810366845691154
6282,-40.907934693393,50.22084396479144,2.9508567417228986,-0.002357262570652616,0.002357262570652616
6283,-40.956594127198,50.23024222626154,2.950740507885966,-0.002333488645926175,0.002333488645926175
6284,-41.00525221221482,50.23964606430206,2.9506254528668276,-0.0023097149734824245,0.0023097149734824245
6285,-41.05390895460234,50.249055420539285,2.9505115766525156,-0.002285941466362876,0.002285941466362876
6286,-41.102564360519466,50.25847023659943,2.9503988792313818,-0.0022621681475027324,0.0022621681475027324
6287,-41.15121843612508,50.26789045410871,2.9502873605910196,-0.002238395013761488,0.002238395013761488
6288,-41.1998711875781,50.277316014693405,2.95017702072027,-0.002214622006978121,0.002214622006978121
6289,-41.248522621037395,50.28674685997973,2.9500678596091245,-0.0021908491278493174,0.0021908491278493174
6290,-41.2971727426619,50.2961829315939,2.9499598772468056,-0.0021670763956460498,0.0021670763956460498
6291,-41.34582155861046,50.30562417116219,2.9498530736238786,-0.002143303725655092,0.002143303725655092
6292,-41.39446907504199,50.3150705203108,2.9497474487315074,-0.0021195311671049076,0.0021195311671049076
6293,-41.44311529811538,50.324521920666,2.949643002561356,-0.0020957586392478795,0.0020957586392478795
6294,-41.49176023398952,50.33397831385398,2.9495397351053576,-0.002071986200449145,0.002071986200449145
6295,-41.54040388882333,50.34343964150104,2.9494376463561345,-0.0020482137529664675,0.0020482137529664675
6296,-41.58904626877568,50.35290584523337,2.949336736307423,-0.0020244413379404743,0.0020244413379404743
6297,-41.63768738000548,50.362376866677224,2.949237004952666,-0.002000668914332188,0.002000668914332188
6298,-41.68632722867162,50.37185264745884,2.9491384522865265,-0.00197689646204157,0.00197689646204157
6299,-41.734965820933,50.38133312920444,2.9490410783041594,-0.0019531239695047959,0.0019531239695047959
6300,-41.78360316294856,50.39081825354028,2.9489448830010394,-0.0019293514232931598,0.0019293514232931598
6301,-41.83223926087707,50.400307962092576,2.9488498663735134,-0.001905578789575812,0.001905578789575812
6302,-41.88087412087752,50.40980219648757,2.9487560284183467,-0.001881806073171018,0.001881806073171018
6303,-41.92950774910879,50.41930089835151,2.9486633691330053,-0.0018580332287083381,0.0018580332287083381
6304,-41.978140151729754,50.42880400931062,2.9485718885155427,-0.0018342602654796113,0.0018342602654796113
6305,-42.02677133489935,50.43831147099116,2.9484815865648453,-0.001810487128263445,0.001810487128263445
6306,-42.07540130477643,50.44782322501933,2.9483924632802596,-0.0017867138411372181,0.0017867138411372181
6307,-42.1240300675199,50.45733921302138,2.9483045186612324,-0.0017629403634666174,0.0017629403634666174
6308,-42.17265762928865,50.46685937662356,2.9482177527087257,-0.001739166662107052,0.001739166662107052
6309,-42.221283996241596,50.47638365745209,2.9481321654239205,-0.0017153927486200412,0.0017153927486200412
6310,-42.26990917453766,50.48591199713322,2.9480477568083128,-0.0016916185859531755,0.0016916185859531755
6311,-42.318533170335655,50.495444337293186,2.9479645268646513,-0.0016678441477631636,0.0016678441477631636
6312,-42.36715598979452,50.50498061955821,2.947882475596054,-0.0016440694325264593,0.0016440694325264593
6313,-42.41577763907315,50.51452078555454,2.9478016030060483,-0.0016202944122310646,0.0016202944122310646
6314,-42.464398124330444,50.52406477690841,2.9477219090992466,-0.001596519058092274,0.001596519058092274
6315,-42.513017451725275,50.53361253524604,2.947643393880472,-0.001572743377183236,0.001572743377183236
6316,-42.56163562741658,50.543164002193706,2.947566057355387,-0.001548967315359653,0.001548967315359653
6317,-42.61025265756321,50.55271911937761,2.9474898995307055,-0.001525190871022135,0.001525190871022135
6318,-42.65886854832407,50.562277828423994,2.9474149204130407,-0.0015014140365366654,0.0015014140365366654
6319,-42.70748330585808,50.57184007095911,2.947341120010107,-0.0014776367616709599,0.0014776367616709599
6320,-42.75609693632415,50.581405788609196,2.947268498330556,-0.0014538590453165266,0.0014538590453165266
6321,-42.8047094458811,50.59097492300046,2.9471970553831444,-0.0014300808708470436,0.0014300808708470436
6322,-42.85332084068788,50.60054741575916,2.9471267911775527,-0.0014063022039555954,0.0014063022039555954
6323,-42.901931126903364,50.610123208511524,2.9470577057242684,-0.001382523032723693,0.001382523032723693
6324,-42.950540310686456,50.61970224288379,2.94698979903412,-0.0013587433416116636,0.0013587433416116636
6325,-42.99914839819604,50.629284460502205,2.9469230711190106,-0.001334963088952728,0.001334963088952728
6326,-43.04775539559104,50.63886980299299,2.9468575219915865,-0.0013111822725940343,0.0013111822725940343
6327,-43.096361309030314,50.64845821198237,2.9467931516641954,-0.001287400892814532,0.001287400892814532
6328,-43.1449661446728,50.658049629096645,2.946729960151228,-0.0012636188529698965,0.0012636188529698965
6329,-43.19356990867738,50.667643995961974,2.94666794746722,-0.0012398362297439056,0.0012398362297439056
6330,-43.24217260720292,50.67724125420464,2.9466071136268392,-0.001216052927115121,0.001216052927115121
6331,-43.29077424640832,50.68684134545086,2.9465474586465352,-0.0011922689550434447,0.0011922689550434447
6332,-43.339374832452485,50.69644421132686,2.9464889825425034,-0.0011684842996428607,0.0011684842996428607
6333,-43.387974371494316,50.70604979345891,2.946431685332065,-0.0011446989151128906,0.0011446989151128906
6334,-43.4365728696927,50.71565803347322,2.9463755670331624,-0.0011209128078885618,0.0011209128078885618
6335,-43.48517033320654,50.725268872996054,2.9463206276647576,-0.0010971259160676558,0.0010971259160676558
6336,-43.533766768194724,50.73488225365361,2.9462668672462278,-0.001073338270379238,0.001073338270379238
6337,-43.58236218081615,50.74449811707215,2.9462142857973825,-0.0010495498082460598,0.0010495498082460598
6338,-43.63095657722971,50.7541164048779,2.94616288333938,-0.0010257605232986274,0.0010257605232986274
6339,-43.67954996359433,50.763737058697096,2.9461126598935063,-0.001001970402177888,0.001001970402177888
6340,-43.72814234606885,50.773360020155984,2.946063615481909,-0.0009781794089655884,0.0009781794089655884
6341,-43.77673373081219,50.78298523088081,2.9460157501280473,-0.000954387511972758,0.000954387511972758
6342,-43.82532412398324,50.792612632497786,2.9459690638555993,-0.0009305947193581751,0.0009305947193581751
6343,-43.87391353174092,50.80224216663316,2.9459235566886894,-0.000906800990285837,0.000906800990285837
6344,-43.922501960244084,50.81187377491316,2.945879228652579,-0.0008830063049691181,0.0008830063049691181
6345,-43.971089415651655,50.82150739896404,2.9458360797733554,-0.0008592106349401685,0.0008592106349401685
6346,-44.01967590412252,50.83114298041201,2.945794110077533,-0.0008354139767258042,0.0008354139767258042
6347,-44.06826143181557,50.84078046088333,2.9457533195924435,-0.0008116162858973729,0.0008116162858973729
6348,-44.11684600488971,50.850419782004224,2.94571370834628,-0.0007878175571538206,0.0007878175571538206
6349,-44.16542962950386,50.86006088540094,2.9456752763676244,-0.0007640177651902413,0.0007640177651902413
6350,-44.21401231181687,50.869703712699724,2.9456380236864876,-0.0007402168626427778,0.0007402168626427778
6351,-44.262594057987634,50.879348205526775,2.9456019503330717,-0.0007164148741506487,0.0007164148741506487
6352,-44.311174874175066,50.88899430550836,2.945567056338293,-0.0006926117311016792,0.0006926117311016792
6353,-44.35975476653805,50.8986419542707,2.9455333417341536,-0.0006688074433173908,0.0006688074433173908
6354,-44.4083337412355,50.90829109344004,2.9455008065530754,-0.0006450019688074594,0.0006450019688074594
6355,-44.4569118044263,50.91794166464261,2.945469450828356,-0.0006211952991042163,0.0006211952991042163
6356,-44.50548896226934,50.92759360950466,2.9454392745942526,-0.0005973873887241103,0.0005973873887241103
6357,-44.554065220923505,50.9372468696524,2.94541027788535,-0.0005735782547020735,0.0005735782547020735
6358,-44.60264058654772,50.9469013867121,2.945382460737282,-0.0005497678224728958,0.0005497678224728958
6359,-44.6512150653009,50.95655710230997,2.945355823186422,-0.0005259561214184574,0.0005259561214184574
6360,-44.69978866334186,50.96621395807227,2.9453303652698115,-0.0005021430798767512,0.0005021430798767512
6361,-44.74836138682954,50.9758718956252,2.945306087025261,-0.00047832872314622864,0.00047832872314622864
6362,-44.79693324192284,50.985530856595034,2.9452829884911864,-0.00045451298620228706,0.00045451298620228706
6363,-44.84550423478065,50.995190782608,2.9452610697074344,-0.00043069586083040043,0.00043069586083040043
6364,-44.89407437156186,51.004851615290306,2.945240330713654,-0.0004068773478732551,0.0004068773478732551
6365,-44.94264365842537,51.01451329626823,2.945220771550762,-0.0003830573799118332,0.0003830573799118332
6366,-44.99121210153006,51.02417576716797,2.9452023922602653,-0.0003592359850316117,0.0003592359850316117
6367,-45.03977970703485,51.033838969615815,2.9451851928849546,-0.0003354130679005869,0.0003354130679005869
6368,-45.088346481098654,51.04350284523794,2.9451691734679475,-0.00031158869514836895,0.00031158869514836895
6369,-45.1369124298803,51.05316733566061,2.9451543340525337,-0.0002877627777396098,0.0002877627777396098
6370,-45.18547755953873,51.062832382510074,2.945140674684004,-0.00026393530830928964,0.00026393530830928964
6371,-45.23404187623282,51.07249792741254,2.9451281954075723,-0.00024010628187442755,0.00024010628187442755
6372,-45.282605386121475,51.08216391199427,2.945116896269428,-0.00021627564845206837,0.00021627564845206837
6373,-45.33116809536358,51.091830277881485,2.945106777316625,-0.00019244340753035125,0.00019244340753035125
6374,-45.37973001011805,51.10149696670043,2.945097838596858,-0.00016860951818062556,0.00016860951818062556
6375,-45.42829113654376,51.11116392007733,2.945090080158603,-0.00014477397418598931,0.00014477397418598931
6376,-45.47685148079961,51.120831079638435,2.945083502050992,-0.00012093673971775785,0.00012093673971775785
6377,-45.5254110490445,51.130498387009986,2.9450781043244443,-9.709778292119858e-05,9.709778292119858e-05
6378,-45.57396984743735,51.1401657838182,2.9450738870296433,-7.32571094230387e-05,7.32571094230387e-05
6379,-45.62252788213699,51.14983321168931,2.945070850217844,-4.9414674893657525e-05,4.9414674893657525e-05
6380,-45.671085159302365,51.15950061224958,2.945068993941632,-2.5570454223733527e-05,2.5570454223733527e-05
6381,-45.719641685092355,51.16916792712523,2.945068318254252,-1.7244303092590757e-06,1.7244303092590757e-06
6382,-45.76819746566585,51.17883509794249,2.9450688232092808,2.212340883840934e-05,2.212340883840934e-05
6383,-45.81675250718176,51.18850206632762,2.945070508861643,4.5973121308738406e-05,4.5973121308738406e-05
6384,-45.86530681579897,51.19816877390683,2.9450733752667513,6.982468440156613e-05,6.982468440156613e-05
6385,-45.91386039767637,51.207835162306374,2.945077422480592,9.367815962290892e-05,9.367815962290892e-05
6386,-45.96241325897286,51.21750117315248,2.9450826505603707,0.00011753355042964583,0.00011753355042964583
6387,-46.010965405847344,51.22716674807138,2.94508905956381,0.00014139088989650864,0.00014139088989650864
6388,-46.059516844458734,51.23683182868932,2.9450966495492072,0.00016525018379146204,0.00016525018379146204
6389,-46.10806758096588,51.246496356632534,2.9451054205758385,0.0001891114816147538,0.0001891114816147538
6390,-46.15661762152769,51.25616027352726,2.9451153727038766,0.00021297478571484794,0.00021297478571484794
6391,-46.20516697230307,51.26582352099974,2.9451265059942218,0.00023684013881569165,0.00023684013881569165
6392,-46.2537156394509,51.27548604067619,2.9451388205085154,0.00026070754377686115,0.00026070754377686115
6393,-46.302263629130096,51.28514777418286,2.9451523163089703,0.0002845770364850013,0.0002845770364850013
6394,-46.350810947499525,51.29480866314597,2.945166993458525,0.0003084486260311952,0.0003084486260311952
6395,-46.39935760071811,51.30446864919179,2.9451828520212104,0.0003323223630813707,0.0003323223630813707
6396,-46.447903594944734,51.31412767394653,2.9451998920615985,0.00035619823449683537,0.00035619823449683537
6397,-46.49644893633834,51.32378567903647,2.945218113645466,0.0003800763177110794,0.0003800763177110794
6398,-46.544993631057736,51.33344260608777,2.945237516838821,0.00040395656023001523,0.00040395656023001523
6399,-46.59353768526185,51.34309839672673,2.9452581017083936,0.00042783905933736836,0.00042783905933736836
6400,-46.64208110510959,51.35275299257955,2.9452798683223698,0.0004517237921993803,0.0004517237921993803
6401,-46.69062389675983,51.362406335272475,2.9453028167486295,0.00047561078484988214,0.00047561078484988214
6402,-46.739166066371496,51.372058366431766,2.9453269470568295,0.0004995000986570048,0.0004995000986570048
6403,-46.787707620103454,51.38170902768362,2.9453522593169827,0.0005233917021251704,0.0005233917021251704
6404,-46.836248564114626,51.39135826065431,2.945378753599566,0.0005472856611351721,0.0005472856611351721
6405,-46.88478890456388,51.40100600697005,2.9454064299764666,0.0005711819822541832,0.0005711819822541832
6406,-46.933328647610125,51.41065220825708,2.945435288519893,0.00059508068746483,0.00059508068746483
6407,-46.9818677994123,51.42029680614165,2.945465329302689,0.0006189817959133009,0.0006189817959133009
6408,-47.03040636612921,51.429939742249985,2.945496552398877,0.0006428853515756554,0.0006428853515756554
6409,-47.078944353919795,51.43958095820831,2.94552895788294,0.0006667913445087676,0.0006667913445087676
6410,-47.12748176894296,51.44922039564289,2.9455625458302293,0.0006906998352650569,0.0006906998352650569
6411,-47.17601861735757,51.45885799617993,2.945597316316823,0.0007146108080244884,0.0007146108080244884
6412,-47.22455490532255,51.468493701445695,2.9456332694195813,0.0007385243255685459,0.0007385243255685459
6413,-47.27309063899678,51.47812745306639,2.945670405216129,0.000762440371453181,0.000762440371453181
6414,-47.321625824539154,51.48775919266828,2.945708720774636,0.000786237334636551,0.000786237334636551
6415,-47.37016046813252,51.497388862186014,2.9457478943001982,0.0007971480765598812,0.0007971480765598812
6416,-47.418694578496286,51.507016436227396,2.9457870106793957,0.0007839565187928607,0.0007839565187928607
6417,-47.467228169093296,51.51664195049869,2.9458254081668356,0.0007681185815371205,0.0007681185815371205
6418,-47.51576125390655,51.52626544740775,2.945863021265986,0.0007522778545078362,0.0007522778545078362
6419,-47.56429384691915,51.53588696936247,2.945899849884826,0.0007364343967086804,0.0007364343967086804
6420,-47.612825962114165,51.54550655877073,2.9459358939335023,0.0007205882789307305,0.0007205882789307305
6421,-47.6613576134747,51.555124258040415,2.9459711533245816,0.0007047395704011183,0.0007047395704011183
6422,-47.70988881498379,51.56474010957937,2.946005627972121,0.0006888883043066922,0.0006888883043066922
6423,-47.75841958062454,51.574354155795504,2.946039317792442,0.0006730345812030554,0.0006730345812030554
6424,-47.80694992437999,51.583966439096685,2.9460722227044824,0.0006571784485153117,0.0006571784485153117
6425,-47.85547986023327,51.593577001890786,2.946104342628403,0.0006413199504459684,0.0006413199504459684
6426,-47.90400940216742,51.60318588658572,2.946135677487306,0.0006254592039239423,0.0006254592039239423
6427,-47.952538564165536,51.61279313558932,2.946166227206135,0.0006095962086935567,0.0006095962086935567
6428,-48.00106736021066,51.622398791309486,2.9461959917113516,0.0005937310686016808,0.0005937310686016808
6429,-48.049595804285865,51.63200289615409,2.9462249709323984,0.0005778638425503436,0.0005778638425503436
6430,-48.098123910374255,51.641605492531006,2.946253164800223,0.0005619945747288647,0.0005619945747288647
6431,-48.14665169245889,51.65120662284812,2.946280573247896,0.0005461233490528553,0.0005461233490528553
6432,-48.19517916452284,51.66080632951331,2.946307196210935,0.0005302502227374445,0.0005302502227374445
6433,-48.2437063405492,51.67040465493446,2.9463330336267424,0.0005143752570373489,0.0005143752570373489
6434,-48.292233234521014,51.680001641519425,2.9463580854347144,0.0004984985136131915,0.0004984985136131915
6435,-48.340759860421386,51.689597331676104,2.9463823515764975,0.0004826200639883878,0.0004826200639883878
6436,-48.389286232233424,51.69919176781237,2.9464058319956665,0.00046673995693532355,0.00046673995693532355
6437,-48.43781236394011,51.708784992336106,2.946428526638043,0.00045085827677264576,0.00045085827677264576
6438,-48.48633826952457,51.71837704765518,2.9464504354516685,0.0004349750712092585,0.0004349750712092585
6439,-48.53486396296988,51.727967976177474,2.9464715583863437,0.0004190904059473067,0.0004190904059473067
6440,-48.583389458259106,51.73755782031087,2.946491895394173,0.00040320435072661756,0.00040320435072661756
6441,-48.63191476937534,51.74714662246324,2.946511446429257,0.0003873169588275738,0.0003873169588275738
6442,-48.68043991030164,51.756734425042474,2.946530211447791,0.0003714283038977558,0.0003714283038977558
6443,-48.728964895021086,51.76632127045645,2.9465481904086124,0.00035553846148098957,0.00035553846148098957
6444,-48.77748973751674,51.77590720111301,2.9465653832715533,0.00033964743853331415,0.00033964743853331415
6445,-48.826014451771705,51.78549225942009,2.946581789999343,0.000323755387526571,0.000323755387526571
6446,-48.87453905176906,51.795076487785515,2.946597410556807,0.0003078622830530053,0.0003078622830530053
6447,-48.92306355149184,51.8046599286172,2.946612244910199,0.00029196825060435165,0.00029196825060435165
6448,-48.97158796492314,51.81424262432301,2.9466262930288667,0.0002760733320622744,0.0002760733320622744
6449,-49.02011230604604,51.82382461731081,2.9466395548832947,0.0002601775738426407,0.0002601775738426407
6450,-49.068636588843596,51.83340594998852,2.9466520304468915,0.0002442810900763526,0.0002442810900763526
6451,-49.117160827298896,51.84298666476395,2.9466637196945955,0.00022838387075148936,0.00022838387075148936
6452,-49.16568503539502,51.85256680404503,2.946674622603127,0.00021248604034168712,0.00021248604034168712
6453,-49.214209227115035,51.86214641023964,2.9466847391523308,0.00019658764290067063,0.00019658764290067063
6454,-49.26273341644202,51.871725525755636,2.946694069323606,0.00018068873964642218,0.00018068873964642218
6455,-49.31125761735905,51.881304193000894,2.946702613099881,0.00016478937346673083,0.00016478937346673083
6456,-49.359781843849255,51.890882454383345,2.9467103704672253,0.00014888967077690595,0.00014888967077690595
6457,-49.408306109895584,51.90046035231078,2.9467173414133594,0.00013298961424861215,0.00013298961424861215
6458,-49.4568304294812,51.910037929191134,2.9467235259275446,0.0001170893258320612,0.0001170893258320612
6459,-49.50535481658916,51.91961522743227,2.946728924001817,0.00010118883809399909,0.00010118883809399909
6460,-49.55387928520252,51.92919228944207,2.946733535630217,8.528824179028822e-05,8.528824179028822e-05
6461,-49.60240384930439,51.93876915762841,2.9467373608087657,6.93875685821593e-05,6.93875685821593e-05
6462,-49.65092852287782,51.948345874399166,2.9467403995353796,5.3486905769682974e-05,5.3486905769682974e-05
6463,-49.6994533199059,51.957922482162225,2.94674265181049,3.7586310019145076e-05,3.7586310019145076e-05
6464,-49.74797825437169,51.96749902332545,2.9467441176362112,2.1685835029749295e-05,2.1685835029749295e-05
6465,-49.79650334025828,51.977075540296745,2.946744797017046,5.785565958027541e-06,5.785565958027541e-06
6466,-49.84502859154877,51.98665207548397,2.946744689959478,-1.0114459924398608e-05,1.0114459924398608e-05
6467,-49.89355402222617,51.996228671295,2.946743796472024,-2.60141553684973e-05,2.60141553684973e-05
6468,-49.94207964627358,52.005805370137715,2.9467421165654057,-4.1913476247215624e-05,4.1913476247215624e-05
6469,-49.99060547767408,52.01538221442,2.9467396502524097,-5.781234086795948e-05,5.781234086795948e-05
6470,-50.03913153041075,52.02495924654972,2.946736397547787,-7.371070919417135e-05,7.371070919417135e-05
6471,-50.08765781846666,52.03453650893477,2.9467323584683522,-8.960849556833672e-05,8.960849556833672e-05
6472,-50.13618435582489,52.04411404398303,2.94672753303349,-0.00010550563941616997,0.00010550563941616997
6473,-50.18471115646851,52.05369189410236,2.9467219212642273,-0.00012140209269055682,0.00012140209269055682
6474,-50.233238234380586,52.06327010170064,2.9467155231836792,-0.00013729777667856379,0.00013729777667856379
6475,-50.28176560354425,52.072848709185756,2.946708338817001,-0.00015319264540426122,0.00015319264540426122
6476,-50.33029327794249,52.08242775896559,2.9467003681917174,-0.00016908660670399332,0.00016908660670399332
6477,-50.37882127155842,52.09200729344802,2.946691611337444,-0.00018497962600552947,0.00018497962600552947
6478,-50.4273495983751,52.10158735504092,2.946682068285763,-0.00020087161614077721,0.00020087161614077721
6479,-50.47587827237565,52.11116798615216,2.9466717390703034,-0.00021676253917415878,0.00021676253917415878
6480,-50.5244073075431,52.12074922918963,2.9466606237266193,-0.0002326523130807788,0.0002326523130807788
6481,-50.572936717860536,52.1303311265612,2.9466487222928026,-0.0002485408749667806,0.0002485408749667806
6482,-50.621466517311035,52.139913720674755,2.9466360348087153,-0.0002644281740080754,0.0002644281740080754
6483,-50.66999671987768,52.14949705393818,2.946622561316492,-0.00028031412685438766,0.00028031412685438766
6484,-50.71852733954353,52.15908116875932,2.9466083018600897,-0.00029619870101495053,0.00029619870101495053
6485,-50.767058390291716,52.16866610754611,2.946593256485714,-0.00031208179584479666,0.00031208179584479666
6486,-50.81558988610522,52.17825191270638,2.9465774252419275,-0.0003279633745052191,0.0003279633745052191
6487,-50.86412184096717,52.18783862664802,2.946560808178972,-0.00034384336375920785,0.00034384336375920785
6488,-50.91265426886064,52.19742629177892,2.946543405349423,-0.0003597217002944128,0.0003597217002944128
6489,-50.96118718376869,52.20701495050693,2.9465252168075797,-0.0003755983356077632,0.0003755983356077632
6490,-51.0097205996744,52.21660464523997,2.946506242610352,-0.0003914731704615906,0.0003914731704615906
6491,-51.058254530560845,52.22619541838588,2.946486482816669,-0.0004073461802750384,0.0004073461802750384
6492,-51.10678899041111,52.23578731235255,2.9464659374869893,-0.00042321728572635575,0.00042321728572635575
6493,-51.155323993208256,52.24538036954787,2.946444606684395,-0.000439086417869459,0.000439086417869459
6494,-51.20385955293537,52.25497463237971,2.946422490474015,-0.00045495352077669165,0.00045495352077669165
6495,-51.25239568357556,52.26457014325595,2.946399588922876,-0.0004708185316086021,0.0004708185316086021
6496,-51.30093239911182,52.27416694458447,2.946375902100274,-0.0004866813792834047,0.0004866813792834047
6497,-51.34946971352728,52.28376507877314,2.9463514300776086,-0.0005025420077623583,0.0005025420077623583
6498,-51.39800764080498,52.293364588229835,2.9463261729279773,-0.0005184003623992359,0.0005184003623992359
6499,-51.446546194928025,52.30296551536245,2.9463001307268195,-0.0005342563610475364,0.0005342563610475364
6500,-51.49508538987949,52.31256790257887,2.946273303552258,-0.0005501099353387684,0.0005501099353387684
6501,-51.54362523964244,52.32217179228693,2.946245691483475,-0.0005659610687181438,0.0005659610687181438
6502,-51.59216575819994,52.33177722689456,2.946217294602293,-0.0005818096290393844,0.0005818096290393844
6503,-51.640706959535095,52.3413842488096,2.946188112992751,-0.0005976556167813402,0.0005976556167813402
6504,-51.68924885763097,52.35099290043995,2.9461581467404563,-0.0006134989260024294,0.0006134989260024294
6505,-51.73779146647061,52.360603224193476,2.9461273959337824,-0.0006293395089173429,0.0006293395089173429
6506,-51.78633480003712,52.370215262478055,2.9460958606627408,-0.0006451773050595899,0.0006451773050595899
6507,-51.83487887231355,52.37982905770156,2.9460635410191367,-0.0006610122603701238,0.0006610122603701238
6508,-51.883423697283,52.38944465227191,2.946030437097711,-0.0006768442683567228,0.0006768442683567228
6509,-51.931969288928535,52.399062088596935,2.9459965489950117,-0.0006926733204575878,0.0006926733204575878
6510,-51.98051566123322,52.40868140908452,2.9459618768089015,-0.0007084993301737835,0.0007084993301737835
6511,-52.029062828180145,52.41830265614257,2.945926420640304,-0.0007243222183482968,0.0007243222183482968
6512,-52.07761080375238,52.42792587217894,2.9458901805918383,-0.0007401419536979075,0.0007401419536979075
6513,-52.126159601933,52.43755109960152,2.94585315676817,-0.000755958442907693,0.000755958442907693
6514,-52.174709236705105,52.44717838081819,2.945815349276153,-0.000771771648918511,0.000771771648918511
6515,-52.22325972205172,52.45680775823682,2.945776758224759,-0.0007875814813813162,0.0007875814813813162
6516,-52.271811071955945,52.466439274265284,2.9457373837251732,-0.0008033878992790728,0.0008033878992790728
6517,-52.32036330040085,52.47607297131145,2.9456972258900107,-0.0008191908440405443,0.0008191908440405443
6518,-52.368916421369505,52.48570889178323,2.9456562848346355,-0.0008349902212773299,0.0008349902212773299
6519,-52.41747044884501,52.495347078088486,2.9456145606766,-0.0008507859951294037,0.0008507859951294037
6520,-52.466025396810394,52.50498757263508,2.945572053534842,-0.0008665781037284367,0.0008665781037284367
6521,-52.514581279248794,52.51463041783093,2.9455287635310774,-0.0008823664548537795,0.0008823664548537795
6522,-52.563138110143235,52.52427565608387,2.9454851677854426,-0.0008788811034014724,0.0008788811034014724
6523,-52.61169591449943,52.533923283840025,2.945446305993665,-0.0006910770052876876,0.0006910770052876876
6524,-52.66025482276092,52.543572857894155,2.9454192759495776,-0.00040086880309816173,0.00040086880309816173
6525,-52.7088150239689,52.55322369070188,2.9454066394289353,-0.00010960422644129494,0.00010960422644129494
6526,-52.757376707793476,52.56287509209692,2.9454084223359622,0.00018161477664200854,0.00018161477664200854
6527,-52.8059400639047,52.57252637191299,2.9454246232749193,0.00047278547184854915,0.00047278547184854915
6528,-52.854505281972614,52.58217683998386,2.9454552407609653,0.0007639051852392816,0.0007639051852392816
6529,-52.9030725516673,52.591825806143206,2.945500273219185,0.0010549711426252946,0.0010549711426252946
6530,-52.9516420626588,52.60147258022477,2.9455597189840237,0.0013459806446940513,0.0013459806446940513
6531,-53.00021400461718,52.61111647206229,2.9456335763001493,0.0016369309479542938,0.0016369309479542938
6532,-53.048788567212476,52.6207567914895,2.9457218433217665,0.0019278193193530172,0.0019278193193530172
6533,-53.09736594011478,52.6303928483401,2.9458245181118663,0.0022186429774897227,0.0022186429774897227
6534,-53.14594631299416,52.640023952447834,2.945941598641412,0.00250939914681473,0.00250939914681473
6535,-53.194529875520594,52.64964941364642,2.9460730827898405,0.0028000850551595257,0.0028000850551595257
6536,-53.24311681736422,52.659268541769585,2.94621896834341,0.00309069784720373,0.00309069784720373
6537,-53.29170732819504,52.66888064665106,2.9463792529946637,0.0033812347145154337,0.0033812347145154337
6538,-53.34030159768313,52.67848503812457,2.9465539343421976,0.003671692775918741,0.003671692775918741
6539,-53.38889981549856,52.68808102602382,2.9467430098882046,0.003962069105865284,0.003962069105865284
6540,-53.43750217131138,52.69766792018259,2.9469464770389724,0.004252360823247353,0.004252360823247353
6541,-53.48610885479167,52.70724503043458,2.947164333103969,0.004542564944190896,0.004542564944190896
6542,-53.53472005560942,52.71681166661347,2.9473965752922755,0.004832678420260688,0.004832678420260688
6543,-53.583335963434806,52.72636713855306,2.947643200713535,0.005122698280913084,0.005122698280913084
6544,-53.63195676793775,52.73591075608702,2.9479042063764602,0.005412621390856471,0.005412621390856471
6545,-53.680582658788396,52.745441829049106,2.9481795891858273,0.005702444629792371,0.005702444629792371
6546,-53.72921382565676,52.75495966727304,2.9484693459424864,0.005992164832910137,0.005992164832910137
6547,-53.77785045821291,52.76446358059255,2.9487734733412196,0.006281778761630347,0.006281778761630347
6548,-53.8264927461269,52.773952878841335,2.9490919679682377,0.006571283116841562,0.006571283116841562
6549,-53.87514087906882,52.783426871853166,2.949424826300394,0.0068606745931784055,0.0068606745931784055
6550,-53.923795046708705,52.79288486946175,2.949772044703412,0.007149949783262015,0.007149949783262015
6551,-53.97245543871659,52.802326181500796,2.9501336194286374,0.007439105212383996,0.007439105212383996
6552,-54.021122244762566,52.81175011780405,2.9505095466118054,0.007728137383455642,0.007728137383455642
6553,-54.06979565451671,52.821155988205255,2.950899822271443,0.008017042715703328,0.008017042715703328
6554,-54.118475857648995,52.830543102538094,2.9513044423054837,0.008305817532208312,0.008305817532208312
6555,-54.16716304382954,52.83991077063632,2.951723402489429,0.008594458133321332,0.008594458133321332
6556,-54.21585740272839,52.84925830233366,2.9521566984744347,0.008882960718330581,0.008882960718330581
6557,-54.264559124015605,52.858585007463816,2.9526043257836347,0.009171321391498205,0.009171321391498205
6558,-54.31326839736124,52.867890195860554,2.9530662798108556,0.009459536250560447,0.009459536250560447
6559,-54.36198541243537,52.87717317735757,2.9535425558173434,0.00974760121667693,0.00974760121667693
6560,-54.41071035890801,52.88643326178861,2.954033148928851,0.010035512217429987,0.010035512217429987
6561,-54.459443426449255,52.89566975898739,2.954538054133411,0.010323265029960473,0.010323265029960473
6562,-54.50818480472914,52.90488197878763,2.9550572662776164,0.010610855376075248,0.010610855376075248
6563,-54.55693468341778,52.91406923102307,2.955590780064256,0.010898278880401796,0.010898278880401796
6564,-54.605693252185155,52.92323082552743,2.956138590049407,0.011185531088742132,0.011185531088742132
6565,-54.654460700701335,52.93236607213442,2.956700690638378,0.011472607401890177,0.011472607401890177
6566,-54.703237218636396,52.9414742806778,2.957277076083328,0.011759503207945861,0.011759503207945861
6567,-54.752022995660404,52.95055476099129,2.957867740480406,0.012046213729432306,0.012046213729432306
6568,-54.80081822144339,52.959606822908576,2.958472677764588,0.012332734081528155,0.012332734081528155
6569,-54.849623085655445,52.96862977626343,2.959091881707574,0.012619059336133203,0.012619059336133203
6570,-54.8984377779666,52.97762293088956,2.9597253459144923,0.012905184408211971,0.012905184408211971
6571,-54.94726248804692,52.9865855966207,2.9603730638196293,0.013191104128754962,0.013191104128754962
6572,-54.99609740556645,52.99551708329055,2.9610350286822693,0.013476813174931475,0.013476813174931475
6573,-55.04494272019533,53.0044167007329,2.9617112335841904,0.013762306205492679,0.013762306205492679
6574,-55.09379862160348,53.0132837587814,2.962401671425239,0.014047577646297434,0.014047577646297434
6575,-55.14266529946103,53.02211756726981,2.9631063349186695,0.014332621894459819,0.014332621894459819
6576,-55.19154294343803,53.03091743603186,2.9638252165884236,0.014617433190612948,0.014617433190612948
6577,-55.24043174320455,53.039682674901265,2.9645583087640808,0.014902005652110799,0.014902005652110799
6578,-55.28933188843063,53.048412593711774,2.9653056035774537,0.015186333304289385,0.015186333304289385
6579,-55.33824356878634,53.057106502297096,2.966067092958038,0.015470410002435464,0.015470410002435464
6580,-55.387166973941724,53.065763710490955,2.966842768628262,0.01575422950006818,0.01575422950006818
6581,-55.436102293566854,53.07438352812709,2.967632622100016,0.016037785431447533,0.016037785431447533
6582,-55.48504971733181,53.08296526503923,2.968436644669759,0.016321071270433335,0.016321071270433335
6583,-55.534009434906594,53.09150823106108,2.9692548274139017,0.01660408038167113,0.01660408038167113
6584,-55.582981635961275,53.10001173602637,2.9700871611845945,0.01688680598475726,0.01688680598475726
6585,-55.63196651016591,53.10847508976882,2.97093363660442,0.01716924114483821,0.01716924114483821
6586,-55.68096424719059,53.116897602122194,2.971794244062909,0.017451378854455312,0.017451378854455312
6587,-55.72997503670534,53.12527858292018,2.972668973710845,0.017733211861567538,0.017733211861567538
6588,-55.77899906838023,53.13361734199653,2.9735578154552376,0.01801473286780539,0.01801473286780539
6589,-55.828036531885346,53.141913189184976,2.9744607589557646,0.01829593438812627,0.01829593438812627
6590,-55.87708761689068,53.15016543431919,2.9753777936178554,0.018576808755166044,0.018576808755166044
6591,-55.92615251306633,53.158373387232956,2.97630890858902,0.01885734824482532,0.01885734824482532
6592,-55.975231410082394,53.16653635775999,2.9772540927541256,0.019137544907272094,0.019137544907272094
6593,-56.02432449760884,53.17465365573399,2.978213334728844,0.01941739066168037,0.01941739066168037
6594,-56.073431965315784,53.18272459098872,2.979186622855755,0.019696877307770738,0.019696877307770738
6595,-56.122554002873244,53.190748473357864,2.9801739451981697,0.01997599642149767,0.01997599642149767
6596,-56.17169079995132,53.19872461267519,2.981175289535361,0.020254739515593975,0.020254739515593975
6597,-56.22084254622005,53.2066523187744,2.9821906433573075,0.02053309785868167,0.02053309785868167
6598,-56.270009431349486,53.21453090148923,2.98321999385872,0.020811062626766887,0.020811062626766887
6599,-56.319191645009695,53.2223596706534,2.984263327933984,0.021088624788194815,0.021088624788194815
6600,-56.3683893768707,53.230137936100625,2.985320632171196,0.0213657751813972,0.0213657751813972
6601,-56.41760281660263,53.237865007664674,2.986391892847691,0.021642504496964206,0.021642504496964206
6602,-56.46683215387552,53.24554019517923,2.9874770959231527,0.02191880319791984,0.02191880319791984
6603,-56.51607757835937,53.25316280847804,2.988576227034334,0.022194661663719528,0.022194661663719528
6604,-56.56533927972429,53.26073215739481,2.989689271489609,0.02247007003928435,0.02247007003928435
6605,-56.61461744764031,53.2682475517633,2.990816214263198,0.022745018372443825,0.022745018372443825
6606,-56.66391227177749,53.275708301417204,2.991957039989198,0.023019496468497713,0.023019496468497713
6607,-56.71322394180592,53.283113716190265,2.9931117329553425,0.02329349402472999,0.02329349402472999
6608,-56.76255264739563,53.29046310591621,2.9942802770980124,0.023567000545827495,0.023567000545827495
6609,-56.81189857821667,53.297755780428766,2.9954626559958744,0.023840005373465686,0.023840005373465686
6610,-56.8612619239391,53.30499104956164,2.9966588528635727,0.024112497658740156,0.024112497658740156
6611,-56.91064287423302,53.31216822314859,2.997868850546074,0.02438446641603245,0.02438446641603245
6612,-56.96004161876847,53.31928661102332,2.9990926315128323,0.024655900462065523,0.024655900462065523
6613,-57.00945834721545,53.32634552301956,3.0003301778513616,0.024926788453147625,0.024926788453147625
6614,-57.058893249244065,53.33334426897104,3.001581471261237,0.025197118865526114,0.025197118865526114
6615,-57.10834651452436,53.34028215871149,3.002846493048213,0.025466880019650924,0.025466880019650924
6616,-57.15781833272641,53.34715850207463,3.0041252241179164,0.025736060039651294,0.025736060039651294
6617,-57.20730889352024,53.353972608894175,3.0054176449691843,0.026004646879658276,0.026004646879658276
6618,-57.256818386575944,53.360723789003885,3.006723735688938,0.026272628359701955,0.026272628359701955
6619,-57.30634700156356,53.367411352237454,3.0080434759453807,0.026539992063101144,0.026539992063101144
6620,-57.35589492815314,53.37403460842861,3.009376844981104,0.02680672543603909,0.02680672543603909
6621,-57.405462356014795,53.380592867411096,3.0107238216076846,0.02707281574837376,0.02707281574837376
6622,-57.4550494748185,53.387085439018655,3.0120843842001443,0.02733825012788032,0.02733825012788032
6623,-57.50465647423434,53.39351163308496,3.013458510689094,0.02760301543436425,0.02760301543436425
6624,-57.554283543932385,53.39987075944377,3.0148461785544676,0.027867098449957422,0.027867098449957422
6625,-57.60393087358269,53.40616212792882,3.0162473648210946,0.02813048576309483,0.02813048576309483
6626,-57.65359865285531,53.412385048373814,3.0176620460504275,0.028393163732141957,0.028393163732141957
6627,-57.70328707142031,53.41853883061251,3.019090198335362,0.028655118646163394,0.028655118646163394
6628,-57.75299631894772,53.4246227844786,3.0205317972937937,0.02891633651500223,0.02891633651500223
6629,-57.80272658510763,53.43063621980582,3.0219853123107177,0.02911670975731571,0.02911670975731571
6630,-57.85247802424569,53.436578594140805,3.023441364293692,0.02900320577327436,0.02900320577327436
6631,-57.902250606459084,53.4424501354863,3.0248895440035604,0.028787937695784527,0.028787937695784527
6632,-57.95204424196776,53.44825132222779,3.026327302448425,0.028572780046760372,0.028572780046760372
6633,-58.00185884095997,53.453982632883935,3.0277546431909523,0.028357793105690247,0.028357793105690247
6634,-58.051694313623926,53.459644545973354,3.0291715713534413,0.02814298282801858,0.02814298282801858
6635,-58.10155057014783,53.46523754001465,3.030578092255147,0.02792835498424439,0.02792835498424439
6636,-58.151427520719906,53.4707620935265,3.0319742114095334,0.027713915313934936,0.027713915313934936
6637,-58.20132507552833,53.47621868502748,3.033359934518634,0.02749966925751672,0.02749966925751672
6638,-58.25124314476135,53.48160779303624,3.034735267467418,0.027285622225788744,0.027285622225788744
6639,-58.30118163860714,53.486929896071395,3.036100216320683,0.027071779432105703,0.027071779432105703
6640,-58.351140467253956,53.49218547265159,3.0374547873180733,0.026858145986745317,0.026858145986745317
6641,-58.40111954089,53.497375001295424,3.038798986868884,0.02664472679509043,0.02664472679509043
6642,-58.45111876970342,53.502498960521535,3.040132821547682,0.02643152669294407,0.02643152669294407
6643,-58.501138063882465,53.50755782884856,3.041456298090908,0.026218550351614772,0.026218550351614772
6644,-58.55117733361535,53.51255208479511,3.0427694233911176,0.026005802279838834,0.026005802279838834
6645,-58.60123648909029,53.517482206879826,3.0440722044931934,0.02579328690152297,0.02579328690152297
6646,-58.65131544049546,53.522348673621316,3.045364648590014,0.025581008457471407,0.025581008457471407
6647,-58.70141409801911,53.52715196353822,3.0466467630179936,0.025368971099756877,0.025368971099756877
6648,-58.75153237184943,53.53189255514916,3.047918555253121,0.02515717881817872,0.02515717881817872
6649,-58.80167017217462,53.53657092697276,3.049180032906238,0.024945635484938018,0.024945635484938018
6650,-58.85182740918294,53.54118755752764,3.0504312037192527,0.024734344848248425,0.024734344848248425
6651,-58.902003993062515,53.54574292533244,3.0516720755610676,0.024523310528325407,0.024523310528325407
6652,-58.952199834001604,53.55023750890578,3.052902656423457,0.024312536020896704,0.024312536020896704
6653,-59.00241484218842,53.55467178676628,3.0541229544167914,0.02410202468846079,0.02410202468846079
6654,-59.05264892781115,53.559046237432554,3.0553329777657883,0.023891779771496445,0.023891779771496445
6655,-59.10290200105801,53.56336133942327,3.0565327348064764,0.02368180442646198,0.02368180442646198
6656,-59.15317397211722,53.56761757125703,3.0577222339822545,0.02347210165301802,0.02347210165301802
6657,-59.20346475117701,53.57181541145245,3.0589014838386896,0.02326267431805683,0.02326267431805683
6658,-59.253774248425536,53.57595533852816,3.0600704930206146,0.023053525223911145,0.023053525223911145
6659,-59.304102374051034,53.5800378310028,3.0612292702689308,0.022844657029797443,0.022844657029797443
6660,-59.35444903824173,53.584063367394975,3.062377824415903,0.022636072271563227,0.022636072271563227
6661,-59.40481415118582,53.58803242622332,3.0635161643815096,0.022427773385082887,0.022427773385082887
6662,-59.4551976230715,53.59194548600649,3.0646442991709404,0.022219762729389178,0.022219762729389178
6663,-59.50559936408698,53.59580302526306,3.0657622378696883,0.022012042469453708,0.022012042469453708
6664,-59.55601928442048,53.599605522511695,3.0668699896404443,0.021804614765964986,0.021804614765964986
6665,-59.60645729426021,53.603353456270995,3.06796756371991,0.02159748158338164,0.02159748158338164
6666,-59.65691330379437,53.6070473050596,3.069054969414673,0.021390644845981407,0.021390644845981407
6667,-59.70738722321119,53.61068754739615,3.0701322160988487,0.02118410635294363,0.02118410635294363
6668,-59.75787896269884,53.61427466179923,3.0711993132093918,0.020977867771901155,0.020977867771901155
6669,-59.80838843244558,53.617809126787506,3.072256270243621,0.020771930734515512,0.020771930734515512
6670,-59.85891554263962,53.62129142087959,3.073303096755956,0.02056629671041381,0.02056629671041381
6671,-59.90946020346911,53.6247220225941,3.0743398023539847,0.020360967108316936,0.020360967108316936
6672,-59.960022325122296,53.62810141044968,3.075366396696254,0.020155943243740728,0.020155943243740728
6673,-60.01060181778737,53.63143006296493,3.076382889488225,0.01995122630027347,0.01995122630027347
6674,-60.06119859165254,53.63470845865849,3.077389290479131,0.0197468174046915,0.0197468174046915
6675,-60.11181255690607,53.63793707604899,3.0783856094598634,0.019542717593869125,0.019542717593869125
6676,-60.16244362373609,53.641116393655054,3.0793718562591614,0.01933892778171124,0.01933892778171124
6677,-60.21309170233086,53.64424688999531,3.0803480407406165,0.019135448825638095,0.019135448825638095
6678,-60.26375670287859,53.64732904358838,3.081314172800139,0.018932281479377203,0.018932281479377203
6679,-60.31443853556745,53.65036333295288,3.0822702623622744,0.018729426395782022,0.018729426395782022
6680,-60.36513711058574,53.65335023660747,3.0832163193786597,0.018526884209586914,0.018526884209586914
6681,-60.41585233812155,53.65629023307073,3.0841523538239226,0.018324655354736073,0.018324655354736073
6682,-60.46658412836313,53.65918380086131,3.0850783756927993,0.018122740296408747,0.018122740296408747
6683,-60.517332391498734,53.66203141849785,3.0859943949991404,0.017921139374036832,0.017921139374036832
6684,-60.56809703771654,53.66483356449895,3.0869004217713925,0.017719852820765304,0.017719852820765304
6685,-60.61887797720473,53.66759071738325,3.0877964660504307,0.017518880837580058,0.017518880837580058
6686,-60.66967512015155,53.67030335566937,3.088682537887396,0.017318223520253955,0.017318223520253955
6687,-60.72048837674521,53.67297195787593,3.0895586473403953,0.017117880888763044,0.017117880888763044
6688,-60.7713176571739,53.67559700252158,3.090424804472665,0.01691785291631001,0.01691785291631001
6689,-60.82216287162588,53.678178968124925,3.091281019349973,0.016718139471528996,0.016718139471528996
6690,-60.87302393028927,53.68071833320458,3.0921273020369866,0.016518740336399676,0.016518740336399676
6691,-60.923900743352334,53.683215576279224,3.09296366259693,0.016319655318738222,0.016319655318738222
6692,-60.974793221003274,53.68567117586741,3.0937901110875075,0.01612088399387557,0.01612088399387557
6693,-61.0257012734303,53.688085610487825,3.0946066575586992,0.015922426037433067,0.015922426037433067
6694,-61.07662481082161,53.69045935865906,3.0954133120517624,0.015724280941022434,0.015724280941022434
6695,-61.127563743365435,53.692792898899754,3.0962100845952736,0.015526448181046554,0.015526448181046554
6696,-61.17851798124997,53.69508670972853,3.0969969852040027,0.015328927162182652,0.015328927162182652
6697,-61.22948743466341,53.69734126966401,3.097774023876192,0.015131717212061134,0.015131717212061134
6698,-61.280472013794,53.69955705722484,3.098541210591999,0.014934817633315245,0.014934817633315245
6699,-61.33147162882996,53.70173455092961,3.099298555310548,0.014738227597745315,0.014738227597745315
6700,-61.38248618995942,53.70387422929697,3.1000460679680337,0.014541946294242396,0.014541946294242396
6701,-61.43351560737066,53.70597657084556,3.100783758476593,0.01434597281205422,0.01434597281205422
6702,-61.484559791251854,53.70804205409398,3.1015116367213245,0.014150306185561127,0.014150306185561127
6703,-61.53561865179122,53.710071157560854,3.1022297125581337,0.013954945382882633,0.013954945382882633
6704,-61.58669209917699,53.71206435976483,3.102937995812674,0.013759889360918681,0.013759889360918681
6705,-61.63778004359734,53.71402213922451,3.1036364962778067,0.013565136953286228,0.013565136953286228
6706,-61.688882395240505,53.71594497445855,3.104325223712126,0.013370687024756666,0.013370687024756666
6707,-61.73999906429466,53.71783334398554,3.105004187837773,0.01317653828990739,0.01317653828990739
6708,-61.791129960948055,53.71968772632413,3.1056733983384412,0.012982689502769066,0.012982689502769066
6709,-61.84227499538891,53.72150859999295,3.1063328648587185,0.012789139320200624,0.012789139320200624
6710,-61.89343407780538,53.723296443510606,3.106982597000861,0.012595886338910785,0.012595886338910785
6711,-61.944607118385704,53.725051735395745,3.107622604324022,0.012402929155258318,0.012402929155258318
6712,-61.995794027318084,53.726774954166984,3.108252896342825,0.012210266280491308,0.012210266280491308
6713,-62.04699471479072,53.72846657834293,3.1088734825245363,0.012017896171603653,0.012017896171603653
6714,-62.09820909099184,53.73012708644224,3.109484372288479,0.011825817288766213,0.011825817288766213
6715,-62.14943706610964,53.73175695698352,3.110085575004533,0.011634028003053083,0.011634028003053083
6716,-62.20067855033235,53.73335666848539,3.110677099990704,0.01144252665288132,0.01144252665288132
6717,-62.251933453848146,53.734926699466506,3.111258956512469,0.011251311557872092,0.011251311557872092
6718,-62.30320168684528,53.73646752844548,3.1118311537812913,0.011060380973178678,0.011060380973178678
6719,-62.35448315951196,53.73797963394093,3.112393700952593,0.01086973311474901,0.01086973311474901
6720,-62.40577778203634,53.73946349447148,3.1129466071243495,0.010679366158952408,0.010679366158952408
6721,-62.457085464606656,53.740919588555776,3.113489881336589,0.010489278279085098,0.010489278279085098
6722,-62.50840611741113,53.74234839471242,3.114023532569527,0.010299467556101597,0.010299467556101597
6723,-62.55973965063795,53.74375039146004,3.1145475697414593,0.010109932059440954,0.010109932059440954
6724,-62.61108597447535,53.74512605731728,3.1150620017087123,0.009920669846802697,0.009920669846802697
6725,-62.66244499911153,53.74647587080276,3.115566837264252,0.009731678912818544,0.009731678912818544
6726,-62.7138166347347,53.7478003104351,3.116062085135837,0.00954295722340137,0.00954295722340137
6727,-62.76520079153305,53.74909985473292,3.116547753984646,0.009354502700295683,0.009354502700295683
6728,-62.81659737969487,53.750374982214865,3.1170238524050817,0.00916631328323593,0.00916631328323593
6729,-62.86800630940825,53.75162617139954,3.1174903889231493,0.008978386812653305,0.008978386812653305
6730,-62.919427490861466,53.7528539008056,3.1179473719952195,0.008790721162778478,0.008790721162778478
6731,-62.97086083424269,53.75405864895163,3.118394810006901,0.008603314113232731,0.008603314113232731
6732,-63.02230624974019,53.75524089435629,3.1188327112722276,0.00841616349041916,0.00841616349041916
6733,-63.07376364754213,53.756401115538196,3.11926108403311,0.00822926703691665,0.00822926703691665
6734,-63.125232937836714,53.75753979101595,3.119679936456657,0.00804262245993883,0.00804262245993883
6735,-63.17671403081218,53.758657399308234,3.120089276636316,0.007856227531740813,0.007856227531740813
6736,-63.22820683665674,53.759754418933625,3.1204891322464063,0.007670843086268684,0.007670843086268684
6737,-63.27971126499547,53.76083132637343,3.120881488251885,0.007561687007058806,0.007561687007058806
6738,-63.331227169374024,53.76188839521115,3.1212719026571354,0.007592196007853516,0.007592196007853516
6739,-63.38275430037141,53.762925526493305,3.1216643595412323,0.007637766462711813,0.007637766462711813
6740,-63.434292397526356,53.76394258132219,3.122059248629421,0.007683441624466789,0.007683441624466789
6741,-63.4858412003777,53.76493942080017,3.122456574367356,0.007729223401209156,0.007729223401209156
6742,-63.537400448464176,53.76591590602957,3.122856341267778,0.007775113671027727,0.007775113671027727
6743,-63.58896988132452,53.766871898112704,3.12325855390886,0.007821114279712577,0.007821114279712577
6744,-63.640549238497556,53.76780725815196,3.1236632169358285,0.007867227170460978,0.007867227170460978
6745,-63.692138259522025,53.76872184724965,3.124070335060987,0.007913454192164673,0.007913454192164673
6746,-63.743736683936696,53.76961552650811,3.124479913062455,0.00795979724161641,0.00795979724161641
6747,-63.79534425128034,53.770488157029696,3.1248919557856922,0.008006258229447658,0.008006258229447658
6748,-63.84696070109172,53.77133959991673,3.1253064681430542,0.008052839037935295,0.008052839037935295
6749,-63.898585772909584,53.77216971627155,3.125723455113624,0.008099541574173608,0.008099541574173608
6750,-63.9502192062727,53.772978367196494,3.1261429217437358,0.008146367743812862,0.008146367743812862
6751,-64.00186074071985,53.7737654137939,3.1265648731469415,0.008193319455894785,0.008193319455894785
6752,-64.05351011578979,53.774530717166115,3.1269893145038545,0.008240398613436154,0.008240398613436154
6753,-64.1051670710213,53.7752741384155,3.127416251063238,0.008287607171196795,0.008287607171196795
6754,-64.15683134595314,53.775995538644345,3.1278456881411594,0.00833494700326136,0.00833494700326136
6755,-64.20850268012407,53.77669477895501,3.1282776311209157,0.00838242006530612,0.00838242006530612
6756,-64.26018081307285,53.77737172044983,3.128712085453795,0.008430028264987417,0.008430028264987417
6757,-64.31186548433831,53.77802622423117,3.129149056659593,0.008477773582234161,0.008477773582234161
6758,-64.36355643345912,53.77865815140133,3.1295885503260266,0.008525657906315178,0.008525657906315178
6759,-64.4152533999741,53.77926736306267,3.1300305721085997,0.008573683216626599,0.008573683216626599
6760,-64.46695612342198,53.779853720317526,3.130475127731769,0.008621851452047417,0.008621851452047417
6761,-64.51866434334157,53.78041708426823,3.1309222229882048,0.008670164568512852,0.008670164568512852
6762,-64.57037779927161,53.78095731601713,3.1313718637394925,0.008718624536784333,0.008718624536784333
6763,-64.62209623075087,53.78147427666656,3.131824055916168,0.008767233319512763,0.008767233319512763
6764,-64.67381937731813,53.781967827318844,3.1322788055174513,0.00881599288250687,0.00881599288250687
6765,-64.72554697851213,53.78243782907634,3.1327361186120397,0.008864905224527615,0.008864905224527615
6766,-64.77727877387166,53.78288414304138,3.133196001337733,0.008913972302553681,0.008913972302553681
6767,-64.82901450293554,53.783306630316325,3.133658459902542,0.008963196164174715,0.008963196164174715
6768,-64.8807539052424,53.783705152003456,3.134123500583528,0.009012578727289715,0.009012578727289715
6769,-64.93249672033109,53.78407956920517,3.134591129727525,0.009062122073713482,0.009062122073713482
6770,-64.98424268774036,53.78442974302377,3.135061353752264,0.009111828171039777,0.009111828171039777
6771,-65.03599154700899,53.78475553456161,3.1355341791448654,0.009161699049368604,0.009161699049368604
6772,-65.08774303767575,53.78505680492104,3.1360096124638104,0.009211736759028054,0.009211736759028054
6773,-65.13949689927938,53.785333415204356,3.1364876603372873,0.00926194327308613,0.00926194327308613
6774,-65.19125287135869,53.78558522651396,3.136968329464966,0.009312320717399814,0.009312320717399814
6775,-65.24301069345239,53.78581209995213,3.13745162661786,0.009362871066828616,0.009362871066828616
6776,-65.29477010509927,53.786013896621235,3.137937558637441,0.00941359642032582,0.00941359642032582
6777,-65.34653084583815,53.78619047762359,3.1384261324369382,0.009464498810390555,0.009464498810390555
6778,-65.3982926552077,53.78634170406158,3.1389173550016314,0.00951558035492751,0.00951558035492751
6779,-65.45005527274672,53.786467437037494,3.1394112333885884,0.009566843084151351,0.009566843084151351
6780,-65.50181843799403,53.78656753765371,3.1399077747268125,0.009618289129536838,0.009618289129536838
6781,-65.55358189048833,53.78664186701254,3.1404069862181614,0.009669920564978528,0.009669920564978528
6782,-65.6053453697684,53.78669028621632,3.1409088751364114,0.009721739494052275,0.009721739494052275
6783,-65.65710861537302,53.7867126563674,3.1414134488284478,0.009773748045147622,0.009773748045147622
6784,-65.70887136684095,53.78670883856812,-3.1412645924652183,0.009825948334429816,0.009825948334429816
6785,-65.76063336371098,53.78667869392082,-3.1407546268919995,0.009878342503123702,0.009878342503123702
6786,-65.81239434552185,53.78662208352784,-3.140241954064369,0.009930932691129254,0.009930932691129254
6787,-65.86415405181235,53.7865388684915,-3.1397265663417464,0.00998372103989832,0.00998372103989832
6788,-65.91591222212121,53.78642890991414,-3.139208456009761,0.010036709711022107,0.010036709711022107
6789,-65.9676685959872,53.78629206889814,-3.1386876152789,0.010089900907783897,0.010089900907783897
6790,-66.01942291294911,53.7861282065458,-3.138164036285273,0.010143296771749409,0.010143296771749409
6791,-66.07117491254569,53.785937183959454,-3.1376377110906963,0.010196899512919133,0.010196899512919133
6792,-66.12292433431571,53.78571886224145,-3.1371086316815973,0.010250711325087253,0.010250711325087253
6793,-66.17467091779795,53.785473102494144,-3.1365767899687413,0.010304734439003468,0.010304734439003468
6794,-66.22641440253115,53.78519976581985,-3.136042177787374,0.010358971053301093,0.010358971053301093
6795,-66.2781545280541,53.784898713320906,-3.135504786897283,0.010413423406911588,0.010413423406911588
6796,-66.3298910339056,53.78456980609968,-3.1349646089811984,0.010468093770952971,0.010468093770952971
6797,-66.38162365962431,53.78421290525848,-3.134421635645899,0.010522984352428382,0.010522984352428382
6798,-66.43335214474908,53.78382787189967,-3.133875858421228,0.01057809747171294,0.01057809747171294
6799,-66.48507622881864,53.783414567125554,-3.133327268759717,0.010633435361344468,0.010633435361344468
6800,-66.53679565137178,53.78297285203849,-3.132775858037199,0.010689000329608648,0.010689000329608648
6801,-66.58851015194726,53.78250258774083,-3.1322216175509805,0.010744794691211772,0.010744794691211772
6802,-66.64021947008385,53.78200363533489,-3.1316645385207784,0.010800820729996184,0.010800820729996184
6803,-66.6919233453203,53.78147585592303,-3.1311046120878627,0.010857080805860576,0.010857080805860576
6804,-66.74362151719538,53.780919110607556,-3.130541829315085,0.010913577213522553,0.010913577213522553
6805,-66.79531372524787,53.78033326049085,-3.1299761811862217,0.01097031235076809,0.01097031235076809
6806,-66.84699970901657,53.77971816667522,-3.1294076586056256,0.011027288538200817,0.011027288538200817
6807,-66.89867920804016,53.77907369026302,-3.128836252398074,0.011084508192233921,0.011084508192233921
6808,-66.95035196185745,53.77839969235655,-3.128261953308854,0.011141973643026612,0.011141973643026612
6809,-67.00201771000722,53.7776960340582,-3.1276847520029083,0.011199687353089703,0.011199687353089703
6810,-67.05367619202822,53.77696257647029,-3.1271046390639787,0.011257651699060798,0.011257651699060798
6811,-67.1053271474592,53.77619918069516,-3.1265216049953,0.011315869129992278,0.011315869129992278
6812,-67.15697031583896,53.77540570783513,-3.1259356402189664,0.01137434206069,0.01137434206069
6813,-67.20860543670625,53.774582018992554,-3.125346735075447,0.01143307297281868,0.01143307297281868
6814,-67.26023224959982,53.77372797526977,-3.124754879822906,0.011492064321548383,0.011492064321548383
6815,-67.31185049405849,53.77284343776912,-3.124160064637377,0.011551318595937929,0.011551318595937929
6816,-67.363459909621,53.771928267592926,-3.1235622796123983,0.011610838279807623,0.011610838279807623
6817,-67.41506023582608,53.770982325843555,-3.1229615147581353,0.011670625910761638,0.011670625910761638
6818,-67.46665121221253,53.77000547362332,-3.122357760001258,0.011730683992206151,0.011730683992206151
6819,-67.51823257831909,53.768997572034564,-3.1217510051852604,0.011791015064360097,0.011791015064360097
6820,-67.56980407368455,53.767958482179644,-3.1211412400688556,0.01185162170806881,0.01185162170806881
6821,-67.62136543784767,53.76688806516088,-3.120528454326203,0.011912506470135411,0.011912506470135411
6822,-67.67291641034721,53.7657861820806,-3.1199126375470994,0.011973671939652963,0.011973671939652963
6823,-67.72445673072197,53.764652694041175,-3.1192937792353845,0.012035120741019742,0.012035120741019742
6824,-67.77598613851065,53.7634874621449,-3.118671868809838,0.012096855444625803,0.012096855444625803
6825,-67.8275043732521,53.76229034749417,-3.118046895602645,0.012158878750554936,0.012158878750554936
6826,-67.87901117448504,53.76106121119128,-3.1174188488592613,0.012221193250997069,0.012221193250997069
6827,-67.93050628174824,53.759799914338586,-3.11678771773896,0.01228380164137357,0.01228380164137357
6828,-67.98198943458044,53.758506318038414,-3.1161534913133537,0.012346706588048413,0.012346706588048413
6829,-68.03346037252042,53.75718028339312,-3.115516158566202,0.012409910811208959,0.012409910811208959
6830,-68.08491883510696,53.75582167150502,-3.1148757083933347,0.012473416997190892,0.012473416997190892
6831,-68.13636456187884,53.75443034347647,-3.114232129602022,0.012537227908427625,0.012537227908427625
6832,-68.1877972923748,53.753006160409804,-3.1135854109104244,0.012601346270162449,0.012601346270162449
6833,-68.23921676613361,53.75154898340737,-3.1129355409474524,0.01266577486830053,0.01266577486830053
6834,-68.29062272269405,53.750058673571495,-3.112282508251696,0.01273051648783388,0.01273051648783388
6835,-68.3420149015949,53.748535092004495,-3.1116263012724352,0.012795573893724313,0.012795573893724313
6836,-68.39339304237487,53.74697809980876,-3.1109669083677174,0.012860949964409375,0.012860949964409375
6837,-68.44475688457277,53.74538755808659,-3.1103043178038883,0.012926647501808953,0.012926647501808953
6838,-68.49610616772735,53.74376332794033,-3.1096385177566646,0.012992669361780713,0.012992669361780713
6839,-68.54744063137738,53.74210527047232,-3.1089694963093812,0.013059018433637095,0.013059018433637095
6840,-68.59876001506163,53.74041324678491,-3.1082972414526733,0.013125697605161267,0.013125697605161267
6841,-68.65006405831886,53.73868711798043,-3.1076217410840874,0.013192709800579093,0.013192709800579093
6842,-68.70135250068783,53.7369267451612,-3.1069429830085915,0.013260057907635195,0.013260057907635195
6843,-68.75262508170734,53.735131989429604,-3.1062609549365807,0.013327744948616172,0.013327744948616172
6844,-68.80388154091612,53.733302711887944,-3.105575644483682,0.013395773839175984,0.013395773839175984
6845,-68.85512161785297,53.73143877363856,-3.1048870391718126,0.013464147581047926,0.013464147581047926
