index,x,y
0,-68.91459914210506,53.76684274137868
1,-68.97255914210506,53.70888274137867
2,-69.03051914210505,53.70888274137867
3,-69.08847914210506,53.70888274137867
4,-69.14643914210505,53.70888274137867
5,-69.20439914210506,53.70888274137867
6,-69.26235914210505,53.70888274137867
7,-69.32031914210505,53.70888274137867
8,-69.37827914210506,53.70888274137867
9,-69.43623914210505,53.70888274137867
10,-69.49419914210506,53.70888274137867
11,-69.55215914210505,53.70888274137867
12,-69.61011914210505,53.70888274137867
13,-69.66807914210506,53.70888274137867
14,-69.72603914210505,53.70888274137867
15,-69.78399914210506,53.70888274137867
16,-69.84195914210505,53.70888274137867
17,-69.89991914210506,53.70888274137867
18,-69.95787914210506,53.70888274137867
19,-70.01583914210505,53.70888274137867
20,-70.07379914210506,53.70888274137867
21,-70.13175914210505,53.70888274137867
22,-70.18971914210505,53.70888274137867
23,-70.24767914210506,53.70888274137867
24,-70.30563914210505,53.70888274137867
25,-70.36359914210506,53.70888274137867
26,-70.42155914210505,53.65092274137868
27,-70.47951914210506,53.65092274137868
28,-70.53747914210506,53.65092274137868
29,-70.59543914210505,53.65092274137868
30,-70.65339914210506,53.65092274137868
31,-70.71135914210505,53.65092274137868
32,-70.76931914210505,53.65092274137868
33,-70.82727914210506,53.65092274137868
34,-70.88523914210505,53.65092274137868
35,-70.94319914210506,53.592962741378685
36,-71.00115914210505,53.592962741378685
37,-71.05911914210506,53.592962741378685
38,-71.11707914210506,53.592962741378685
39,-71.17503914210505,53.592962741378685
40,-71.23299914210506,53.592962741378685
41,-71.29095914210505,53.592962741378685
42,-71.34891914210506,53.592962741378685
43,-71.40687914210505,53.592962741378685
44,-71.46483914210505,53.535002741378676
45,-71.52279914210506,53.535002741378676
46,-71.58075914210505,53.535002741378676
47,-71.63871914210506,53.535002741378676
48,-71.69667914210505,53.535002741378676
49,-71.75463914210505,53.535002741378676
50,-71.81259914210506,53.535002741378676
51,-71.87055914210505,53.535002741378676
52,-71.92851914210506,53.535002741378676
53,-71.98647914210505,53.535002741378676
54,-72.04443914210505,53.535002741378676
55,-72.10239914210506,53.47704274137868
56,-72.16035914210505,53.47704274137868
57,-72.21831914210506,53.47704274137868
58,-72.27627914210505,53.47704274137868
59,-72.33423914210505,53.47704274137868
60,-72.39219914210506,53.47704274137868
61,-72.45015914210505,53.47704274137868
62,-72.50811914210506,53.47704274137868
63,-72.56607914210505,53.47704274137868
64,-72.62403914210506,53.41908274137867
65,-72.68199914210506,53.41908274137867
66,-72.73995914210505,53.41908274137867
67,-72.79791914210506,53.41908274137867
68,-72.85587914210505,53.41908274137867
69,-72.91383914210505,53.41908274137867
70,-72.97179914210506,53.41908274137867
71,-73.02975914210505,53.36112274137868
72,-73.08771914210506,53.36112274137868
73,-73.14567914210505,53.36112274137868
74,-73.20363914210506,53.36112274137868
75,-73.26159914210506,53.36112274137868
76,-73.31955914210505,53.36112274137868
77,-73.37751914210506,53.36112274137868
78,-73.43547914210505,53.303162741378685
79,-73.49343914210506,53.303162741378685
80,-73.55139914210505,53.303162741378685
81,-73.60935914210505,53.303162741378685
82,-73.66731914210506,53.303162741378685
83,-73.72527914210505,53.303162741378685
84,-73.78323914210506,53.303162741378685
85,-73.84119914210505,53.303162741378685
86,-73.89915914210505,53.24520274137868
87,-73.95711914210506,53.24520274137868
88,-74.01507914210505,53.24520274137868
89,-74.07303914210506,53.24520274137868
90,-74.13099914210505,53.24520274137868
91,-74.18895914210505,53.24520274137868
92,-74.24691914210506,53.24520274137868
93,-74.30487914210505,53.18724274137868
94,-74.36283914210506,53.18724274137868
95,-74.42079914210505,53.18724274137868
96,-74.47875914210505,53.18724274137868
97,-74.53671914210506,53.18724274137868
98,-74.59467914210505,53.18724274137868
99,-74.65263914210506,53.18724274137868
100,-74.71059914210505,53.18724274137868
101,-74.76855914210506,53.129282741378674
102,-74.82651914210506,53.129282741378674
103,-74.88447914210505,53.129282741378674
104,-74.94243914210506,53.129282741378674
105,-75.00039914210505,53.129282741378674
106,-75.05835914210505,53.129282741378674
107,-75.11631914210506,53.07132274137868
108,-75.17427914210505,53.07132274137868
109,-75.23223914210506,53.07132274137868
110,-75.29019914210505,53.07132274137868
111,-75.34815914210506,53.013362741378685
112,-75.40611914210506,53.013362741378685
113,-75.46407914210505,53.013362741378685
114,-75.52203914210506,53.013362741378685
115,-75.57999914210505,52.95540274137868
116,-75.63795914210505,52.95540274137868
117,-75.69591914210505,52.89744274137868
118,-75.75387914210505,52.839482741378674
119,-75.75387914210505,52.78152274137868
120,-75.75387914210505,52.72356274137867
121,-75.81183914210506,52.66560274137868
122,-75.81183914210506,52.60764274137868
123,-75.81183914210506,52.549682741378675
124,-75.81183914210506,52.49172274137868
125,-75.86979914210505,52.43376274137867
126,-75.86979914210505,52.37580274137868
127,-75.86979914210505,52.31784274137868
128,-75.92775914210506,52.259882741378675
129,-75.86979914210505,52.20192274137868
130,-75.86979914210505,52.14396274137867
131,-75.86979914210505,52.08600274137868
132,-75.86979914210505,52.028042741378684
133,-75.86979914210505,51.970082741378675
134,-75.81183914210506,51.91212274137868
135,-75.81183914210506,51.85416274137867
136,-75.81183914210506,51.79620274137868
137,-75.81183914210506,51.738242741378684
138,-75.75387914210505,51.680282741378676
139,-75.75387914210505,51.62232274137868
140,-75.75387914210505,51.56436274137867
141,-75.75387914210505,51.50640274137868
142,-75.69591914210505,51.448442741378685
143,-75.69591914210505,51.390482741378676
144,-75.69591914210505,51.33252274137868
145,-75.63795914210505,51.27456274137867
146,-75.63795914210505,51.21660274137868
147,-75.63795914210505,51.158642741378685
148,-75.57999914210505,51.10068274137868
149,-75.52203914210506,51.04272274137868
150,-75.46407914210505,50.984762741378674
151,-75.40611914210506,50.92680274137868
152,-75.34815914210506,50.868842741378685
153,-75.29019914210505,50.81088274137868
154,-75.23223914210506,50.75292274137868
155,-75.23223914210506,50.694962741378674
156,-75.17427914210505,50.63700274137868
157,-75.11631914210506,50.579042741378686
158,-75.05835914210505,50.52108274137868
159,-75.00039914210505,50.46312274137868
160,-74.94243914210506,50.405162741378675
161,-74.88447914210505,50.34720274137868
162,-74.82651914210506,50.28924274137867
163,-74.76855914210506,50.23128274137868
164,-74.71059914210505,50.17332274137868
165,-74.65263914210506,50.115362741378675
166,-74.59467914210505,50.05740274137868
167,-74.53671914210506,49.99944274137867
168,-74.47875914210505,49.94148274137868
169,-74.42079914210505,49.883522741378684
170,-74.36283914210506,49.825562741378675
171,-74.30487914210505,49.76760274137868
172,-74.24691914210506,49.70964274137867
173,-74.18895914210505,49.65168274137868
174,-74.13099914210505,49.593722741378684
175,-74.07303914210506,49.535762741378676
176,-74.01507914210505,49.47780274137868
177,-73.95711914210506,49.41984274137867
178,-73.89915914210505,49.36188274137868
179,-73.84119914210505,49.303922741378685
180,-73.78323914210506,49.245962741378676
181,-73.72527914210505,49.18800274137868
182,-73.66731914210506,49.130042741378674
183,-73.60935914210505,49.07208274137868
184,-73.55139914210505,49.014122741378685
185,-73.49343914210506,48.95616274137868
186,-73.43547914210505,48.89820274137868
187,-73.37751914210506,48.840242741378674
188,-73.31955914210505,48.78228274137868
189,-73.26159914210506,48.724322741378685
190,-73.20363914210506,48.66636274137868
191,-73.14567914210505,48.60840274137868
192,-73.08771914210506,48.550442741378674
193,-73.02975914210505,48.49248274137868
194,-72.97179914210506,48.434522741378686
195,-72.91383914210505,48.37656274137868
196,-72.85587914210505,48.31860274137868
197,-72.79791914210506,48.260642741378675
198,-72.73995914210505,48.20268274137868
199,-72.68199914210506,48.14472274137867
200,-72.62403914210506,48.08676274137868
201,-72.56607914210505,48.02880274137868
202,-72.50811914210506,47.970842741378675
203,-72.45015914210505,47.91288274137868
204,-72.39219914210506,47.85492274137867
205,-72.33423914210505,47.85492274137867
206,-72.27627914210505,47.79696274137868
207,-72.21831914210506,47.739002741378684
208,-72.16035914210505,47.681042741378675
209,-72.10239914210506,47.62308274137868
210,-72.04443914210505,47.56512274137867
211,-71.98647914210505,47.50716274137868
212,-71.98647914210505,47.449202741378684
213,-71.92851914210506,47.391242741378676
214,-71.87055914210505,47.33328274137868
215,-71.81259914210506,47.27532274137867
216,-71.75463914210505,47.21736274137868
217,-71.69667914210505,47.159402741378685
218,-71.63871914210506,47.101442741378676
219,-71.58075914210505,47.04348274137868
220,-71.52279914210506,46.985522741378674
221,-71.46483914210505,46.92756274137868
222,-71.40687914210505,46.869602741378685
223,-71.34891914210506,46.81164274137868
224,-71.29095914210505,46.75368274137868
225,-71.23299914210506,46.695722741378674
226,-71.17503914210505,46.63776274137868
227,-71.11707914210506,46.579802741378685
228,-71.05911914210506,46.52184274137868
229,-71.00115914210505,46.46388274137868
230,-70.94319914210506,46.405922741378674
231,-70.88523914210505,46.34796274137868
232,-70.82727914210506,46.290002741378686
233,-70.76931914210505,46.23204274137868
234,-70.71135914210505,46.17408274137868
235,-70.65339914210506,46.116122741378675
236,-70.59543914210505,46.05816274137868
237,-70.53747914210506,46.00020274137867
238,-70.47951914210506,45.94224274137868
239,-70.42155914210505,45.884282741378684
240,-70.36359914210506,45.826322741378675
241,-70.30563914210505,45.76836274137868
242,-70.24767914210506,45.71040274137867
243,-70.18971914210505,45.65244274137868
244,-70.13175914210505,45.594482741378684
245,-70.07379914210506,45.536522741378676
246,-70.01583914210505,45.47856274137868
247,-69.95787914210506,45.42060274137867
248,-69.89991914210506,45.36264274137868
249,-69.84195914210505,45.304682741378684
250,-69.78399914210506,45.246722741378676
251,-69.72603914210505,45.18876274137868
252,-69.66807914210506,45.13080274137867
253,-69.61011914210505,45.07284274137868
254,-69.55215914210505,45.014882741378685
255,-69.49419914210506,44.956922741378676
256,-69.43623914210505,44.89896274137868
257,-69.37827914210506,44.841002741378674
258,-69.32031914210505,44.78304274137868
259,-69.26235914210505,44.725082741378685
260,-69.20439914210506,44.66712274137868
261,-69.14643914210505,44.60916274137868
262,-69.08847914210506,44.551202741378674
263,-69.03051914210505,44.49324274137868
264,-68.97255914210506,44.435282741378686
265,-68.91459914210506,44.37732274137868
266,-68.85663914210505,44.31936274137868
267,-68.79867914210506,44.261402741378674
268,-68.74071914210505,44.20344274137868
269,-68.74071914210505,44.145482741378686
270,-68.68275914210506,44.08752274137868
271,-68.62479914210505,44.02956274137868
272,-68.56683914210505,43.971602741378675
273,-68.50887914210506,43.91364274137868
274,-68.45091914210505,43.85568274137867
275,-68.39295914210506,43.79772274137868
276,-68.33499914210506,43.739762741378684
277,-68.27703914210505,43.681802741378675
278,-68.21907914210506,43.62384274137868
279,-68.16111914210505,43.56588274137867
280,-68.10315914210506,43.50792274137868
281,-68.04519914210505,43.449962741378684
282,-67.98723914210505,43.392002741378676
283,-67.92927914210506,43.33404274137868
284,-67.87131914210505,43.27608274137867
285,-67.81335914210506,43.21812274137868
286,-67.75539914210506,43.160162741378684
287,-67.69743914210505,43.102202741378676
288,-67.63947914210506,43.04424274137868
289,-67.58151914210505,42.98628274137867
290,-67.52355914210506,42.92832274137868
291,-67.46559914210505,42.870362741378685
292,-67.40763914210505,42.812402741378676
293,-67.34967914210506,42.75444274137868
294,-67.29171914210505,42.696482741378674
295,-67.23375914210506,42.63852274137868
296,-67.17579914210506,42.580562741378685
297,-67.11783914210505,42.52260274137868
298,-67.05987914210505,42.46464274137868
299,-67.00191914210505,42.406682741378674
300,-66.94395914210506,42.34872274137868
301,-66.88599914210505,42.290762741378686
302,-66.82803914210506,42.23280274137868
303,-66.77007914210506,42.17484274137868
304,-66.71211914210505,42.116882741378674
305,-66.71211914210505,42.05892274137868
306,-66.65415914210506,42.000962741378686
307,-66.59619914210505,41.94300274137868
308,-66.53823914210506,41.88504274137868
309,-66.48027914210505,41.827082741378675
310,-66.42231914210505,41.76912274137868
311,-66.36435914210506,41.71116274137867
312,-66.30639914210505,41.65320274137868
313,-66.24843914210506,41.595242741378684
314,-66.19047914210506,41.537282741378675
315,-66.13251914210505,41.47932274137868
316,-66.07455914210506,41.42136274137867
317,-66.01659914210505,41.36340274137868
318,-65.95863914210506,41.305442741378684
319,-65.90067914210505,41.247482741378676
320,-65.84271914210505,41.18952274137868
321,-65.78475914210506,41.13156274137867
322,-65.72679914210505,41.07360274137868
323,-65.66883914210506,41.015642741378684
324,-65.61087914210506,40.957682741378676
325,-65.55291914210505,40.89972274137868
326,-65.49495914210506,40.84176274137867
327,-65.43699914210505,40.78380274137868
328,-65.37903914210506,40.725842741378685
329,-65.32107914210505,40.667882741378676
330,-65.26311914210505,40.60992274137868
331,-65.20515914210506,40.551962741378674
332,-65.14719914210505,40.49400274137868
333,-65.08923914210506,40.436042741378685
334,-65.03127914210506,40.37808274137868
335,-64.97331914210505,40.32012274137868
336,-64.91535914210505,40.262162741378674
337,-64.85739914210505,40.20420274137868
338,-64.79943914210506,40.146242741378686
339,-64.79943914210506,40.08828274137868
340,-64.74147914210505,40.03032274137868
341,-64.68351914210506,39.972362741378674
342,-64.62555914210506,39.91440274137868
343,-64.56759914210505,39.856442741378686
344,-64.50963914210506,39.79848274137868
345,-64.45167914210505,39.74052274137868
346,-64.39371914210506,39.682562741378675
347,-64.33575914210505,39.62460274137868
348,-64.27779914210505,39.566642741378686
349,-64.21983914210506,39.50868274137868
350,-64.16187914210505,39.450722741378684
351,-64.10391914210506,39.392762741378675
352,-64.04595914210506,39.33480274137868
353,-63.98799914210505,39.27684274137867
354,-63.93003914210506,39.21888274137868
355,-63.87207914210505,39.160922741378684
356,-63.814119142105056,39.102962741378676
357,-63.756159142105055,39.04500274137868
358,-63.756159142105055,38.98704274137867
359,-63.698199142105054,38.92908274137868
360,-63.64023914210506,38.871122741378684
361,-63.58227914210505,38.813162741378676
362,-63.52431914210506,38.75520274137868
363,-63.466359142105055,38.69724274137867
364,-63.408399142105054,38.63928274137868
365,-63.35043914210506,38.581322741378685
366,-63.29247914210505,38.523362741378676
367,-63.23451914210506,38.46540274137868
368,-63.23451914210506,38.407442741378674
369,-63.176559142105056,38.34948274137868
370,-63.118599142105055,38.291522741378685
371,-63.06063914210505,38.23356274137868
372,-63.00267914210505,38.17560274137868
373,-62.94471914210506,38.117642741378674
374,-62.886759142105056,38.05968274137868
375,-62.886759142105056,38.001722741378686
376,-62.828799142105055,37.94376274137868
377,-62.770839142105054,37.88580274137868
378,-62.71287914210505,37.827842741378674
379,-62.65491914210506,37.76988274137868
380,-62.59695914210506,37.711922741378686
381,-62.59695914210506,37.65396274137868
382,-62.538999142105055,37.59600274137868
383,-62.481039142105054,37.538042741378675
384,-62.42307914210505,37.48008274137868
385,-62.36511914210506,37.422122741378686
386,-62.30715914210505,37.36416274137868
387,-62.30715914210505,37.306202741378684
388,-62.249199142105056,37.248242741378675
389,-62.191239142105054,37.19028274137868
390,-62.13327914210505,37.13232274137867
391,-62.13327914210505,37.07436274137868
392,-62.07531914210506,37.016402741378684
393,-62.01735914210505,36.958442741378676
394,-61.959399142105056,36.90048274137868
395,-61.959399142105056,36.84252274137867
396,-61.901439142105055,36.78456274137868
397,-61.84347914210505,36.726602741378684
398,-61.84347914210505,36.668642741378676
399,-61.78551914210506,36.61068274137868
400,-61.72755914210505,36.55272274137867
401,-61.669599142105056,36.49476274137868
402,-61.669599142105056,36.436802741378685
403,-61.611639142105055,36.378842741378676
404,-61.553679142105054,36.32088274137868
405,-61.553679142105054,36.262922741378674
406,-61.49571914210506,36.20496274137868
407,-61.43775914210505,36.147002741378685
408,-61.43775914210505,36.08904274137868
409,-61.37979914210506,36.03108274137868
410,-61.321839142105055,35.973122741378674
411,-61.321839142105055,35.91516274137868
412,-61.263879142105054,35.857202741378686
413,-61.20591914210506,35.79924274137868
414,-61.20591914210506,35.74128274137868
415,-61.14795914210505,35.683322741378674
416,-61.14795914210505,35.62536274137868
417,-61.08999914210506,35.567402741378686
418,-61.032039142105056,35.50944274137868
419,-61.032039142105056,35.45148274137868
420,-60.974079142105055,35.393522741378675
421,-60.91611914210505,35.33556274137868
422,-60.91611914210505,35.277602741378686
423,-60.85815914210505,35.21964274137868
424,-60.80019914210506,35.161682741378684
425,-60.80019914210506,35.103722741378675
426,-60.742239142105056,35.04576274137868
427,-60.684279142105055,34.98780274137867
428,-60.684279142105055,34.92984274137868
429,-60.626319142105054,34.871882741378684
430,-60.56835914210505,34.813922741378676
431,-60.51039914210506,34.75596274137868
432,-60.51039914210506,34.69800274137867
433,-60.45243914210506,34.64004274137868
434,-60.394479142105055,34.582082741378684
435,-60.394479142105055,34.524122741378676
436,-60.336519142105054,34.46616274137868
437,-60.27855914210505,34.40820274137867
438,-60.27855914210505,34.35024274137868
439,-60.22059914210506,34.292282741378685
440,-60.16263914210505,34.234322741378676
441,-60.16263914210505,34.17636274137868
442,-60.104679142105056,34.118402741378674
443,-60.046719142105054,34.06044274137868
444,-59.98875914210505,34.002482741378685
445,-59.98875914210505,33.94452274137868
446,-59.93079914210506,33.88656274137868
447,-59.87283914210505,33.828602741378674
448,-59.87283914210505,33.77064274137868
449,-59.814879142105056,33.712682741378686
450,-59.756919142105055,33.65472274137868
451,-59.756919142105055,33.59676274137868
452,-59.69895914210505,33.538802741378674
453,-59.64099914210506,33.48084274137868
454,-59.64099914210506,33.422882741378686
455,-59.58303914210505,33.36492274137868
456,-59.52507914210506,33.30696274137868
457,-59.52507914210506,33.249002741378675
458,-59.467119142105055,33.19104274137868
459,-59.467119142105055,33.133082741378686
460,-59.409159142105054,33.07512274137868
461,-59.35119914210506,33.017162741378684
462,-59.35119914210506,32.959202741378675
463,-59.29323914210505,32.90124274137868
464,-59.23527914210506,32.84328274137867
465,-59.23527914210506,32.78532274137868
466,-59.177319142105056,32.727362741378684
467,-59.177319142105056,32.669402741378676
468,-59.119359142105054,32.61144274137868
469,-59.119359142105054,32.55348274137867
470,-59.06139914210506,32.49552274137868
471,-59.06139914210506,32.437562741378684
472,-59.00343914210505,32.379602741378676
473,-59.00343914210505,32.32164274137868
474,-58.94547914210506,32.26368274137867
475,-58.94547914210506,32.20572274137868
476,-58.887519142105056,32.147762741378685
477,-58.887519142105056,32.089802741378676
478,-58.829559142105055,32.03184274137868
479,-58.829559142105055,31.973882741378674
480,-58.77159914210506,31.91592274137868
481,-58.77159914210506,31.857962741378685
482,-58.71363914210505,31.800002741378677
483,-58.71363914210505,31.742042741378683
484,-58.65567914210506,31.684082741378674
485,-58.65567914210506,31.62612274137868
486,-58.597719142105056,31.568162741378686
487,-58.597719142105056,31.510202741378677
488,-58.539759142105055,31.452242741378683
489,-58.539759142105055,31.394282741378674
490,-58.481799142105054,31.33632274137868
491,-58.481799142105054,31.278362741378686
492,-58.42383914210505,31.220402741378678
493,-58.42383914210505,31.162442741378683
494,-58.36587914210506,31.104482741378675
495,-58.36587914210506,31.04652274137868
496,-58.30791914210506,30.988562741378686
497,-58.30791914210506,30.930602741378678
498,-58.249959142105055,30.872642741378684
499,-58.249959142105055,30.814682741378675
500,-58.249959142105055,30.75672274137868
501,-58.191999142105054,30.698762741378673
502,-58.191999142105054,30.64080274137868
503,-58.13403914210505,30.582842741378684
504,-58.13403914210505,30.524882741378676
505,-58.07607914210506,30.46692274137868
506,-58.07607914210506,30.408962741378673
507,-58.01811914210505,30.35100274137868
508,-58.01811914210505,30.293042741378684
509,-57.960159142105056,30.235082741378676
510,-57.960159142105056,30.177122741378682
511,-57.902199142105054,30.119162741378673
512,-57.902199142105054,30.06120274137868
513,-57.902199142105054,30.003242741378685
514,-57.84423914210505,29.945282741378676
515,-57.84423914210505,29.887322741378682
516,-57.78627914210506,29.829362741378674
517,-57.78627914210506,29.77140274137868
518,-57.72831914210505,29.713442741378685
519,-57.72831914210505,29.655482741378677
520,-57.670359142105056,29.597522741378683
521,-57.670359142105056,29.539562741378674
522,-57.612399142105055,29.48160274137868
523,-57.612399142105055,29.423642741378686
524,-57.612399142105055,29.365682741378677
525,-57.55443914210505,29.307722741378683
526,-57.55443914210505,29.249762741378674
527,-57.49647914210506,29.19180274137868
528,-57.49647914210506,29.133842741378686
529,-57.43851914210505,29.075882741378678
530,-57.43851914210505,29.017922741378683
531,-57.38055914210506,28.959962741378675
532,-57.38055914210506,28.90200274137868
533,-57.322599142105055,28.844042741378686
534,-57.322599142105055,28.786082741378678
535,-57.322599142105055,28.728122741378684
536,-57.264639142105054,28.670162741378675
537,-57.264639142105054,28.61220274137868
538,-57.20667914210506,28.554242741378687
539,-57.20667914210506,28.49628274137868
540,-57.14871914210505,28.438322741378684
541,-57.14871914210505,28.380362741378676
542,-57.09075914210506,28.32240274137868
543,-57.09075914210506,28.264442741378673
544,-57.032799142105056,28.20648274137868
545,-57.032799142105056,28.148522741378684
546,-57.032799142105056,28.090562741378676
547,-56.974839142105054,28.032602741378682
548,-56.974839142105054,27.974642741378673
549,-56.91687914210506,27.91668274137868
550,-56.91687914210506,27.858722741378685
551,-56.85891914210505,27.800762741378676
552,-56.85891914210505,27.742802741378682
553,-56.80095914210506,27.68484274137868
554,-56.80095914210506,27.62688274137868
555,-56.742999142105056,27.568922741378678
556,-56.742999142105056,27.510962741378677
557,-56.685039142105055,27.453002741378683
558,-56.685039142105055,27.39504274137868
559,-56.685039142105055,27.33708274137868
560,-56.62707914210506,27.27912274137868
561,-56.62707914210506,27.221162741378677
562,-56.56911914210505,27.163202741378683
563,-56.56911914210505,27.10524274137868
564,-56.51115914210506,27.04728274137868
565,-56.51115914210506,26.98932274137868
566,-56.453199142105056,26.931362741378678
567,-56.453199142105056,26.873402741378676
568,-56.395239142105055,26.815442741378682
569,-56.395239142105055,26.75748274137868
570,-56.395239142105055,26.69952274137868
571,-56.337279142105054,26.641562741378678
572,-56.337279142105054,26.583602741378677
573,-56.27931914210505,26.525642741378682
574,-56.27931914210505,26.46768274137868
575,-56.22135914210506,26.40972274137868
576,-56.22135914210506,26.35176274137868
577,-56.16339914210506,26.293802741378677
578,-56.16339914210506,26.235842741378683
579,-56.105439142105055,26.17788274137868
580,-56.105439142105055,26.11992274137868
581,-56.047479142105054,26.06196274137868
582,-56.047479142105054,26.004002741378677
583,-56.047479142105054,25.946042741378683
584,-55.98951914210505,25.888082741378682
585,-55.98951914210505,25.83012274137868
586,-55.93155914210506,25.77216274137868
587,-55.93155914210506,25.714202741378678
588,-55.87359914210505,25.656242741378676
589,-55.87359914210505,25.598282741378682
590,-55.815639142105056,25.54032274137868
591,-55.815639142105056,25.48236274137868
592,-55.757679142105054,25.424402741378678
593,-55.757679142105054,25.366442741378677
594,-55.69971914210505,25.308482741378683
595,-55.69971914210505,25.25052274137868
596,-55.69971914210505,25.19256274137868
597,-55.64175914210506,25.13460274137868
598,-55.64175914210506,25.076642741378677
599,-55.58379914210505,25.018682741378683
600,-55.58379914210505,24.96072274137868
601,-55.525839142105056,24.90276274137868
602,-55.525839142105056,24.84480274137868
603,-55.467879142105055,24.786842741378678
604,-55.467879142105055,24.728882741378683
605,-55.40991914210505,24.670922741378682
606,-55.40991914210505,24.61296274137868
607,-55.40991914210505,24.55500274137868
608,-55.35195914210506,24.497042741378678
609,-55.35195914210506,24.439082741378677
610,-55.29399914210505,24.381122741378682
611,-55.29399914210505,24.32316274137868
612,-55.23603914210506,24.26520274137868
613,-55.23603914210506,24.20724274137868
614,-55.178079142105055,24.149282741378677
615,-55.178079142105055,24.091322741378683
616,-55.120119142105054,24.03336274137868
617,-55.120119142105054,23.97540274137868
618,-55.06215914210506,23.91744274137868
619,-55.06215914210506,23.859482741378677
620,-55.06215914210506,23.801522741378683
621,-55.00419914210505,23.743562741378682
622,-55.00419914210505,23.68560274137868
623,-54.94623914210506,23.62764274137868
624,-54.94623914210506,23.569682741378678
625,-54.888279142105056,23.511722741378676
626,-54.888279142105056,23.453762741378682
627,-54.830319142105054,23.39580274137868
628,-54.830319142105054,23.33784274137868
629,-54.77235914210506,23.279882741378678
630,-54.77235914210506,23.221922741378677
631,-54.77235914210506,23.163962741378683
632,-54.71439914210505,23.10600274137868
633,-54.71439914210505,23.04804274137868
634,-54.65643914210506,22.99008274137868
635,-54.65643914210506,22.932122741378677
636,-54.598479142105056,22.874162741378683
637,-54.598479142105056,22.81620274137868
638,-54.540519142105055,22.75824274137868
639,-54.540519142105055,22.70028274137868
640,-54.48255914210506,22.642322741378678
641,-54.48255914210506,22.584362741378683
642,-54.42459914210505,22.526402741378682
643,-54.42459914210505,22.46844274137868
644,-54.42459914210505,22.41048274137868
645,-54.36663914210506,22.352522741378678
646,-54.36663914210506,22.294562741378677
647,-54.308679142105056,22.236602741378682
648,-54.308679142105056,22.17864274137868
649,-54.250719142105055,22.12068274137868
650,-54.250719142105055,22.06272274137868
651,-54.192759142105054,22.004762741378677
652,-54.192759142105054,21.946802741378683
653,-54.13479914210505,21.88884274137868
654,-54.13479914210505,21.83088274137868
655,-54.07683914210506,21.77292274137868
656,-54.07683914210506,21.714962741378677
657,-54.01887914210506,21.657002741378683
658,-54.01887914210506,21.599042741378682
659,-54.01887914210506,21.54108274137868
660,-53.960919142105055,21.48312274137868
661,-53.960919142105055,21.425162741378678
662,-53.902959142105054,21.367202741378676
663,-53.902959142105054,21.309242741378682
664,-53.84499914210505,21.25128274137868
665,-53.84499914210505,21.19332274137868
666,-53.78703914210506,21.135362741378678
667,-53.78703914210506,21.077402741378677
668,-53.72907914210505,21.019442741378683
669,-53.72907914210505,20.96148274137868
670,-53.671119142105056,20.90352274137868
671,-53.671119142105056,20.84556274137868
672,-53.671119142105056,20.787602741378677
673,-53.613159142105054,20.729642741378683
674,-53.613159142105054,20.67168274137868
675,-53.55519914210505,20.61372274137868
676,-53.55519914210505,20.55576274137868
677,-53.49723914210506,20.497802741378678
678,-53.49723914210506,20.439842741378683
679,-53.43927914210505,20.381882741378682
680,-53.43927914210505,20.32392274137868
681,-53.381319142105056,20.26596274137868
682,-53.381319142105056,20.208002741378678
683,-53.323359142105055,20.150042741378677
684,-53.323359142105055,20.092082741378682
685,-53.26539914210505,20.03412274137868
686,-53.26539914210505,19.97616274137868
687,-53.20743914210506,19.91820274137868
688,-53.20743914210506,19.860242741378677
689,-53.14947914210505,19.802282741378683
690,-53.14947914210505,19.74432274137868
691,-53.09151914210506,19.68636274137868
692,-53.09151914210506,19.62840274137868
693,-53.033559142105055,19.570442741378677
694,-53.033559142105055,19.512482741378683
695,-52.975599142105054,19.454522741378682
696,-52.975599142105054,19.39656274137868
697,-52.975599142105054,19.33860274137868
698,-52.91763914210506,19.280642741378678
699,-52.91763914210506,19.222682741378684
700,-52.85967914210505,19.164722741378682
701,-52.85967914210505,19.10676274137868
702,-52.80171914210506,19.04880274137868
703,-52.80171914210506,18.99084274137868
704,-52.743759142105056,18.932882741378677
705,-52.743759142105056,18.874922741378683
706,-52.685799142105054,18.81696274137868
707,-52.685799142105054,18.75900274137868
708,-52.62783914210505,18.70104274137868
709,-52.62783914210505,18.643082741378677
710,-52.56987914210506,18.585122741378683
711,-52.56987914210506,18.52716274137868
712,-52.51191914210506,18.46920274137868
713,-52.51191914210506,18.41124274137868
714,-52.453959142105056,18.353282741378678
715,-52.453959142105056,18.295322741378683
716,-52.395999142105055,18.237362741378682
717,-52.395999142105055,18.17940274137868
718,-52.33803914210505,18.12144274137868
719,-52.33803914210505,18.063482741378678
720,-52.28007914210505,18.005522741378677
721,-52.28007914210505,17.947562741378682
722,-52.22211914210506,17.88960274137868
723,-52.22211914210506,17.83164274137868
724,-52.164159142105056,17.77368274137868
725,-52.164159142105056,17.715722741378677
726,-52.106199142105055,17.657762741378683
727,-52.106199142105055,17.59980274137868
728,-52.048239142105054,17.54184274137868
729,-52.048239142105054,17.48388274137868
730,-51.99027914210505,17.425922741378677
731,-51.99027914210505,17.367962741378683
732,-51.93231914210506,17.310002741378682
733,-51.93231914210506,17.25204274137868
734,-51.87435914210506,17.19408274137868
735,-51.87435914210506,17.136122741378678
736,-51.816399142105055,17.078162741378684
737,-51.758439142105054,17.020202741378682
738,-51.758439142105054,16.96224274137868
739,-51.70047914210505,16.90428274137868
740,-51.70047914210505,16.84632274137868
741,-51.64251914210506,16.788362741378677
742,-51.64251914210506,16.730402741378683
743,-51.58455914210506,16.67244274137868
744,-51.58455914210506,16.61448274137868
745,-51.526599142105056,16.55652274137868
746,-51.526599142105056,16.498562741378677
747,-51.468639142105054,16.440602741378683
748,-51.468639142105054,16.38264274137868
749,-51.41067914210505,16.32468274137868
750,-51.41067914210505,16.26672274137868
751,-51.35271914210506,16.208762741378678
752,-51.35271914210506,16.150802741378683
753,-51.29475914210506,16.092842741378682
754,-51.29475914210506,16.03488274137868
755,-51.236799142105056,15.97692274137868
756,-51.236799142105056,15.918962741378678
757,-51.178839142105055,15.861002741378677
758,-51.178839142105055,15.803042741378682
759,-51.12087914210505,15.745082741378681
760,-51.12087914210505,15.68712274137868
761,-51.06291914210505,15.629162741378678
762,-51.00495914210506,15.571202741378677
763,-51.00495914210506,15.513242741378683
764,-50.94699914210506,15.455282741378682
765,-50.94699914210506,15.39732274137868
766,-50.889039142105055,15.339362741378679
767,-50.889039142105055,15.281402741378677
768,-50.831079142105054,15.223442741378683
769,-50.831079142105054,15.165482741378682
770,-50.77311914210505,15.10752274137868
771,-50.77311914210505,15.04956274137868
772,-50.71515914210506,14.991602741378678
773,-50.71515914210506,14.933642741378684
774,-50.65719914210506,14.875682741378682
775,-50.65719914210506,14.817722741378681
776,-50.599239142105056,14.75976274137868
777,-50.541279142105054,14.701802741378678
778,-50.541279142105054,14.643842741378677
779,-50.48331914210505,14.585882741378683
780,-50.48331914210505,14.527922741378681
781,-50.42535914210506,14.46996274137868
782,-50.42535914210506,14.412002741378679
783,-50.36739914210506,14.354042741378677
784,-50.36739914210506,14.296082741378683
785,-50.309439142105056,14.238122741378682
786,-50.309439142105056,14.18016274137868
787,-50.251479142105055,14.122202741378679
788,-50.251479142105055,14.064242741378678
789,-50.19351914210505,14.006282741378683
790,-50.13555914210505,13.948322741378682
791,-50.13555914210505,13.89036274137868
792,-50.07759914210506,13.83240274137868
793,-50.07759914210506,13.774442741378678
794,-50.019639142105056,13.716482741378684
795,-50.019639142105056,13.658522741378682
796,-49.961679142105055,13.600562741378681
797,-49.961679142105055,13.54260274137868
798,-49.903719142105054,13.484642741378678
799,-49.903719142105054,13.426682741378677
800,-49.84575914210505,13.368722741378683
801,-49.84575914210505,13.310762741378682
802,-49.78779914210506,13.25280274137868
803,-49.72983914210506,13.194842741378679
804,-49.72983914210506,13.136882741378678
805,-49.671879142105055,13.078922741378683
806,-49.671879142105055,13.020962741378682
807,-49.613919142105054,12.96300274137868
808,-49.613919142105054,12.90504274137868
809,-49.55595914210505,12.847082741378678
810,-49.55595914210505,12.789122741378684
811,-49.49799914210506,12.731162741378682
812,-49.49799914210506,12.673202741378681
813,-49.44003914210506,12.61524274137868
814,-49.382079142105056,12.557282741378678
815,-49.382079142105056,12.499322741378677
816,-49.324119142105054,12.441362741378683
817,-49.324119142105054,12.383402741378681
818,-49.26615914210505,12.32544274137868
819,-49.26615914210505,12.267482741378679
820,-49.20819914210506,12.209522741378677
821,-49.20819914210506,12.151562741378683
822,-49.15023914210506,12.093602741378682
823,-49.092279142105056,12.03564274137868
824,-49.092279142105056,11.977682741378679
825,-49.034319142105055,11.919722741378678
826,-49.034319142105055,11.861762741378683
827,-48.97635914210505,11.803802741378682
828,-48.97635914210505,11.74584274137868
829,-48.91839914210505,11.68788274137868
830,-48.86043914210506,11.629922741378678
831,-48.86043914210506,11.571962741378684
832,-48.80247914210506,11.514002741378683
833,-48.80247914210506,11.456042741378681
834,-48.744519142105055,11.39808274137868
835,-48.744519142105055,11.340122741378678
836,-48.686559142105054,11.282162741378677
837,-48.686559142105054,11.224202741378683
838,-48.62859914210505,11.166242741378682
839,-48.57063914210506,11.10828274137868
840,-48.57063914210506,11.050322741378679
841,-48.51267914210506,10.992362741378678
842,-48.51267914210506,10.934402741378683
843,-48.454719142105056,10.876442741378682
844,-48.396759142105054,10.81848274137868
845,-48.396759142105054,10.76052274137868
846,-48.33879914210505,10.702562741378678
847,-48.33879914210505,10.644602741378684
848,-48.28083914210506,10.586642741378682
849,-48.22287914210506,10.528682741378681
850,-48.22287914210506,10.47072274137868
851,-48.164919142105056,10.412762741378678
852,-48.164919142105056,10.354802741378677
853,-48.106959142105055,10.296842741378683
854,-48.04899914210505,10.238882741378681
855,-48.04899914210505,10.18092274137868
856,-47.99103914210505,10.122962741378679
857,-47.93307914210506,10.065002741378677
858,-47.93307914210506,10.007042741378683
859,-47.875119142105056,9.949082741378682
860,-47.817159142105055,9.89112274137868
861,-47.817159142105055,9.833162741378679
862,-47.759199142105054,9.775202741378678
863,-47.70123914210505,9.717242741378683
864,-47.70123914210505,9.659282741378682
865,-47.64327914210506,9.60132274137868
866,-47.58531914210506,9.54336274137868
867,-47.58531914210506,9.485402741378678
868,-47.527359142105055,9.427442741378684
869,-47.469399142105054,9.369482741378683
870,-47.469399142105054,9.311522741378681
871,-47.41143914210505,9.25356274137868
872,-47.35347914210506,9.195602741378679
873,-47.35347914210506,9.137642741378677
874,-47.29551914210506,9.079682741378683
875,-47.237559142105056,9.021722741378682
876,-47.179599142105054,8.96376274137868
877,-47.179599142105054,8.905802741378679
878,-47.12163914210505,8.847842741378678
879,-47.06367914210506,8.789882741378683
880,-47.06367914210506,8.731922741378682
881,-47.00571914210506,8.67396274137868
882,-46.947759142105056,8.61600274137868
883,-46.889799142105055,8.558042741378678
884,-46.889799142105055,8.500082741378684
885,-46.83183914210505,8.442122741378682
886,-46.77387914210505,8.384162741378681
887,-46.77387914210505,8.32620274137868
888,-46.71591914210506,8.268242741378678
889,-46.65795914210506,8.210282741378677
890,-46.599999142105055,8.152322741378683
891,-46.599999142105055,8.094362741378681
892,-46.542039142105054,8.03640274137868
893,-46.48407914210505,7.978442741378679
894,-46.48407914210505,7.920482741378677
895,-46.42611914210506,7.862522741378683
896,-46.36815914210506,7.804562741378682
897,-46.310199142105056,7.74660274137868
898,-46.310199142105056,7.688642741378679
899,-46.252239142105054,7.630682741378678
900,-46.19427914210505,7.5727227413786835
901,-46.19427914210505,7.514762741378682
902,-46.13631914210506,7.456802741378681
903,-46.07835914210506,7.3988427413786795
904,-46.020399142105056,7.340882741378678
905,-46.020399142105056,7.282922741378684
906,-45.962439142105055,7.2249627413786826
907,-45.90447914210505,7.167002741378681
908,-45.90447914210505,7.10904274137868
909,-45.84651914210506,7.0510827413786785
910,-45.78855914210506,6.993122741378677
911,-45.730599142105056,6.935162741378683
912,-45.730599142105056,6.877202741378682
913,-45.672639142105055,6.81924274137868
914,-45.614679142105054,6.761282741378679
915,-45.614679142105054,6.703322741378678
916,-45.55671914210505,6.645362741378683
917,-45.49875914210506,6.587402741378682
918,-45.44079914210506,6.529442741378681
919,-45.44079914210506,6.471482741378679
920,-45.382839142105055,6.413522741378678
921,-45.324879142105054,6.355562741378684
922,-45.324879142105054,6.297602741378682
923,-45.26691914210505,6.239642741378681
924,-45.20895914210506,6.18168274137868
925,-45.15099914210506,6.123722741378678
926,-45.15099914210506,6.065762741378684
927,-45.093039142105056,6.007802741378683
928,-45.035079142105054,5.949842741378681
929,-45.035079142105054,5.89188274137868
930,-44.97711914210505,5.833922741378679
931,-44.91915914210506,5.775962741378677
932,-44.86119914210506,5.718002741378683
933,-44.86119914210506,5.660042741378682
934,-44.803239142105056,5.6020827413786805
935,-44.745279142105055,5.544122741378679
936,-44.745279142105055,5.486162741378678
937,-44.68731914210505,5.4282027413786835
938,-44.62935914210505,5.370242741378682
939,-44.57139914210506,5.312282741378681
940,-44.57139914210506,5.2543227413786795
941,-44.51343914210506,5.196362741378678
942,-44.455479142105055,5.138402741378684
943,-44.455479142105055,5.080442741378683
944,-44.397519142105054,5.022482741378681
945,-44.33955914210505,4.96452274137868
946,-44.28159914210506,4.9065627413786785
947,-44.28159914210506,4.848602741378677
948,-44.22363914210506,4.790642741378683
949,-44.165679142105056,4.732682741378682
950,-44.165679142105056,4.67472274137868
951,-44.107719142105054,4.616762741378679
952,-44.04975914210505,4.558802741378678
953,-43.99179914210506,4.500842741378683
954,-43.99179914210506,4.442882741378682
955,-43.93383914210506,4.384922741378681
956,-43.875879142105056,4.326962741378679
957,-43.875879142105056,4.269002741378678
958,-43.817919142105055,4.211042741378684
959,-43.75995914210505,4.153082741378682
960,-43.70199914210506,4.095122741378681
961,-43.70199914210506,4.03716274137868
962,-43.64403914210506,3.9792027413786784
963,-43.586079142105056,3.921242741378684
964,-43.586079142105056,3.8632827413786828
965,-43.528119142105055,3.8053227413786814
966,-43.470159142105054,3.74736274137868
967,-43.41219914210505,3.6894027413786787
968,-43.41219914210505,3.6314427413786774
969,-43.35423914210506,3.573482741378683
970,-43.29627914210506,3.515522741378682
971,-43.29627914210506,3.4575627413786805
972,-43.238319142105055,3.399602741378679
973,-43.180359142105054,3.341642741378678
974,-43.12239914210505,3.2836827413786835
975,-43.12239914210505,3.225722741378682
976,-43.06443914210506,3.167762741378681
977,-43.00647914210506,3.1098027413786795
978,-43.00647914210506,3.051842741378678
979,-42.948519142105056,2.993882741378684
980,-42.890559142105054,2.9359227413786826
981,-42.83259914210505,2.8779627413786812
982,-42.83259914210505,2.82000274137868
983,-42.77463914210506,2.7620427413786786
984,-42.71667914210506,2.704082741378677
985,-42.71667914210506,2.646122741378683
986,-42.658719142105056,2.5881627413786816
987,-42.600759142105055,2.5302027413786803
988,-42.54279914210505,2.472242741378679
989,-42.54279914210505,2.4142827413786776
990,-42.48483914210505,2.3563227413786834
991,-42.42687914210506,2.298362741378682
992,-42.42687914210506,2.2404027413786807
993,-42.36891914210506,2.1824427413786793
994,-42.310959142105055,2.124482741378678
995,-42.252999142105054,2.0665227413786837
996,-42.252999142105054,2.0085627413786824
997,-42.19503914210505,1.950602741378681
998,-42.13707914210506,1.8926427413786797
999,-42.13707914210506,1.8346827413786784
1000,-42.07911914210506,1.7767227413786841
1001,-42.021159142105056,1.7187627413786828
1002,-41.963199142105054,1.6608027413786814
1003,-41.963199142105054,1.60284274137868
1004,-41.90523914210505,1.5448827413786788
1005,-41.84727914210506,1.4869227413786774
1006,-41.84727914210506,1.4289627413786832
1007,-41.78931914210506,1.3710027413786818
1008,-41.731359142105056,1.3130427413786805
1009,-41.731359142105056,1.2550827413786791
1010,-41.673399142105055,1.1971227413786778
1011,-41.61543914210505,1.1391627413786836
1012,-41.55747914210506,1.0812027413786822
1013,-41.55747914210506,1.0232427413786809
1014,-41.49951914210506,0.9652827413786795
1015,-41.441559142105056,0.9073227413786782
1016,-41.441559142105056,0.849362741378684
1017,-41.383599142105055,0.7914027413786826
1018,-41.325639142105054,0.7334427413786813
1019,-41.26767914210505,0.6754827413786799
1020,-41.26767914210505,0.6175227413786786
1021,-41.20971914210506,0.5595627413786843
1022,-41.15175914210506,0.501602741378683
1023,-41.15175914210506,0.44364274137868165
1024,-41.093799142105055,0.3856827413786803
1025,-41.035839142105054,0.32772274137867896
1026,-41.035839142105054,0.2697627413786776
1027,-40.97787914210505,0.21180274137868338
1028,-40.91991914210506,0.15384274137868204
1029,-40.86195914210506,0.09588274137868069
1030,-40.86195914210506,0.03792274137867935
1031,-40.803999142105056,-0.020037258621321996
1032,-40.746039142105055,-0.07799725862131623
1033,-40.746039142105055,-0.13595725862131758
1034,-40.68807914210505,-0.19391725862131892
1035,-40.63011914210506,-0.25187725862132027
1036,-40.57215914210506,-0.3098372586213216
1037,-40.57215914210506,-0.36779725862131585
1038,-40.514199142105056,-0.4257572586213172
1039,-40.456239142105055,-0.48371725862131854
1040,-40.456239142105055,-0.5416772586213199
1041,-40.39827914210505,-0.5996372586213212
1042,-40.34031914210506,-0.6575972586213226
1043,-40.34031914210506,-0.7155572586213168
1044,-40.28235914210506,-0.7735172586213181
1045,-40.22439914210506,-0.8314772586213195
1046,-40.166439142105055,-0.8894372586213208
1047,-40.166439142105055,-0.9473972586213222
1048,-40.108479142105054,-1.0053572586213164
1049,-40.05051914210505,-1.0633172586213178
1050,-40.05051914210505,-1.121277258621319
1051,-39.99255914210506,-1.1792372586213204
1052,-39.93459914210506,-1.2371972586213218
1053,-39.93459914210506,-1.295157258621316
1054,-39.876639142105056,-1.3531172586213174
1055,-39.818679142105054,-1.4110772586213187
1056,-39.76071914210505,-1.46903725862132
1057,-39.76071914210505,-1.5269972586213214
1058,-39.70275914210506,-1.5849572586213156
1059,-39.64479914210506,-1.642917258621317
1060,-39.64479914210506,-1.7008772586213183
1061,-39.586839142105056,-1.7588372586213197
1062,-39.528879142105055,-1.816797258621321
1063,-39.47091914210505,-1.8747572586213224
1064,-39.47091914210505,-1.9327172586213166
1065,-39.41295914210506,-1.990677258621318
1066,-39.35499914210506,-2.0486372586213193
1067,-39.35499914210506,-2.1065972586213206
1068,-39.297039142105056,-2.164557258621322
1069,-39.239079142105055,-2.222517258621316
1070,-39.181119142105054,-2.2804772586213176
1071,-39.181119142105054,-2.338437258621319
1072,-39.12315914210505,-2.3963972586213202
1073,-39.06519914210506,-2.4543572586213216
1074,-39.00723914210506,-2.512317258621316
1075,-39.00723914210506,-2.570277258621317
1076,-38.949279142105055,-2.6282372586213185
1077,-38.891319142105054,-2.68619725862132
1078,-38.83335914210505,-2.744157258621321
1079,-38.83335914210505,-2.8021172586213225
1080,-38.77539914210506,-2.860077258621317
1081,-38.71743914210506,-2.918037258621318
1082,-38.659479142105056,-2.9759972586213195
1083,-38.659479142105056,-3.033957258621321
1084,-38.601519142105055,-3.091917258621322
1085,-38.54355914210505,-3.1498772586213164
1086,-38.48559914210506,-3.2078372586213177
1087,-38.48559914210506,-3.265797258621319
1088,-38.42763914210506,-3.3237572586213204
1089,-38.369679142105056,-3.3817172586213218
1090,-38.369679142105056,-3.439677258621316
1091,-38.311719142105055,-3.4976372586213174
1092,-38.253759142105054,-3.5555972586213187
1093,-38.19579914210506,-3.61355725862132
1094,-38.19579914210506,-3.6715172586213214
1095,-38.13783914210506,-3.7294772586213156
1096,-38.07987914210506,-3.787437258621317
1097,-38.021919142105055,-3.8453972586213183
1098,-38.021919142105055,-3.9033572586213197
1099,-37.963959142105054,-3.961317258621321
1100,-37.90599914210505,-4.019277258621322
1101,-37.84803914210506,-4.077237258621317
1102,-37.84803914210506,-4.135197258621318
1103,-37.79007914210506,-4.193157258621319
1104,-37.732119142105056,-4.251117258621321
1105,-37.674159142105054,-4.309077258621318
1106,-37.674159142105054,-4.36703725862132
1107,-37.61619914210505,-4.4249972586213175
1108,-37.55823914210506,-4.482957258621319
1109,-37.55823914210506,-4.54091725862132
1110,-37.50027914210506,-4.598877258621318
1111,-37.442319142105056,-4.656837258621319
1112,-37.384359142105055,-4.714797258621321
1113,-37.384359142105055,-4.7727572586213185
1114,-37.32639914210505,-4.83071725862132
1115,-37.26843914210506,-4.888677258621318
1116,-37.26843914210506,-4.946637258621319
1117,-37.21047914210506,-5.00459725862132
1118,-37.15251914210506,-5.062557258621318
1119,-37.15251914210506,-5.1205172586213195
1120,-37.094559142105055,-5.178477258621317
1121,-37.036599142105054,-5.236437258621319
1122,-37.036599142105054,-5.29439725862132
1123,-36.97863914210505,-5.352357258621318
1124,-36.92067914210506,-5.410317258621319
1125,-36.92067914210506,-5.46827725862132
1126,-36.86271914210506,-5.526237258621318
1127,-36.86271914210506,-5.5841972586213195
1128,-36.804759142105056,-5.642157258621317
1129,-36.746799142105054,-5.700117258621319
1130,-36.746799142105054,-5.75807725862132
1131,-36.68883914210505,-5.816037258621318
1132,-36.63087914210506,-5.873997258621319
1133,-36.63087914210506,-5.9319572586213205
1134,-36.57291914210506,-5.989917258621318
1135,-36.57291914210506,-6.04787725862132
1136,-36.514959142105056,-6.105837258621317
1137,-36.456999142105055,-6.163797258621319
1138,-36.456999142105055,-6.22175725862132
1139,-36.39903914210505,-6.279717258621318
1140,-36.39903914210505,-6.337677258621319
1141,-36.34107914210506,-6.395637258621321
1142,-36.28311914210506,-6.453597258621318
1143,-36.28311914210506,-6.51155725862132
1144,-36.225159142105056,-6.5695172586213175
1145,-36.225159142105056,-6.627477258621319
1146,-36.225159142105056,-6.68543725862132
1147,-36.167199142105055,-6.743397258621318
1148,-36.167199142105055,-6.801357258621319
1149,-36.109239142105054,-6.859317258621317
1150,-36.109239142105054,-6.9172772586213185
1151,-36.05127914210506,-6.97523725862132
1152,-36.05127914210506,-7.033197258621318
1153,-35.99331914210506,-7.091157258621319
1154,-35.99331914210506,-7.14911725862132
1155,-35.93535914210506,-7.207077258621318
1156,-35.93535914210506,-7.265037258621319
1157,-35.877399142105055,-7.322997258621317
1158,-35.877399142105055,-7.380957258621319
1159,-35.819439142105054,-7.43891725862132
1160,-35.819439142105054,-7.496877258621318
1161,-35.76147914210505,-7.554837258621319
1162,-35.76147914210505,-7.61279725862132
1163,-35.70351914210506,-7.670757258621318
1164,-35.64555914210506,-7.7287172586213195
1165,-35.64555914210506,-7.786677258621317
1166,-35.587599142105056,-7.844637258621319
1167,-35.587599142105056,-7.90259725862132
1168,-35.529639142105054,-7.960557258621318
1169,-35.47167914210505,-8.01851725862132
1170,-35.47167914210505,-8.07647725862132
1171,-35.41371914210506,-8.134437258621318
1172,-35.41371914210506,-8.19239725862132
1173,-35.35575914210506,-8.250357258621317
1174,-35.35575914210506,-8.308317258621319
1175,-35.297799142105056,-8.36627725862132
1176,-35.239839142105055,-8.424237258621318
1177,-35.239839142105055,-8.48219725862132
1178,-35.18187914210505,-8.540157258621317
1179,-35.12391914210506,-8.598117258621318
1180,-35.06595914210506,-8.65607725862132
1181,-35.00799914210506,-8.714037258621318
1182,-34.950039142105055,-8.771997258621319
1183,-34.892079142105054,-8.82995725862132
1184,-34.83411914210505,-8.82995725862132
1185,-34.77615914210506,-8.887917258621318
1186,-34.71819914210506,-8.887917258621318
1187,-34.660239142105056,-8.887917258621318
1188,-34.602279142105054,-8.887917258621318
1189,-34.54431914210505,-8.94587725862132
1190,-34.48635914210506,-8.94587725862132
1191,-34.42839914210506,-8.94587725862132
1192,-34.370439142105056,-8.94587725862132
1193,-34.312479142105055,-9.003837258621317
1194,-34.25451914210505,-9.003837258621317
1195,-34.19655914210506,-9.003837258621317
1196,-34.13859914210506,-9.003837258621317
1197,-34.080639142105056,-9.061797258621318
1198,-34.022679142105055,-9.061797258621318
1199,-33.964719142105054,-9.061797258621318
1200,-33.90675914210506,-9.061797258621318
1201,-33.84879914210506,-9.003837258621317
1202,-33.79083914210506,-9.003837258621317
1203,-33.732879142105055,-9.003837258621317
1204,-33.674919142105054,-9.003837258621317
1205,-33.61695914210505,-9.003837258621317
1206,-33.55899914210506,-9.003837258621317
1207,-33.50103914210506,-9.003837258621317
1208,-33.443079142105056,-9.003837258621317
1209,-33.385119142105054,-8.94587725862132
1210,-33.32715914210505,-8.94587725862132
1211,-33.26919914210506,-8.94587725862132
1212,-33.21123914210506,-8.94587725862132
1213,-33.153279142105056,-8.94587725862132
1214,-33.095319142105055,-8.94587725862132
1215,-33.03735914210505,-8.94587725862132
1216,-32.97939914210506,-8.887917258621318
1217,-32.92143914210506,-8.887917258621318
1218,-32.86347914210506,-8.887917258621318
1219,-32.805519142105055,-8.887917258621318
1220,-32.747559142105054,-8.82995725862132
1221,-32.68959914210506,-8.82995725862132
1222,-32.63163914210506,-8.82995725862132
1223,-32.57367914210506,-8.771997258621319
1224,-32.515719142105056,-8.771997258621319
1225,-32.457759142105054,-8.771997258621319
1226,-32.39979914210505,-8.771997258621319
1227,-32.34183914210506,-8.714037258621318
1228,-32.28387914210506,-8.714037258621318
1229,-32.225919142105056,-8.714037258621318
1230,-32.167959142105055,-8.65607725862132
1231,-32.10999914210505,-8.65607725862132
1232,-32.05203914210506,-8.65607725862132
1233,-31.994079142105058,-8.65607725862132
1234,-31.936119142105056,-8.598117258621318
1235,-31.878159142105055,-8.598117258621318
1236,-31.820199142105054,-8.598117258621318
1237,-31.76223914210506,-8.598117258621318
1238,-31.704279142105058,-8.540157258621317
1239,-31.646319142105057,-8.540157258621317
1240,-31.588359142105055,-8.540157258621317
1241,-31.530399142105054,-8.48219725862132
1242,-31.472439142105053,-8.48219725862132
1243,-31.41447914210506,-8.48219725862132
1244,-31.356519142105057,-8.48219725862132
1245,-31.298559142105056,-8.424237258621318
1246,-31.240599142105054,-8.424237258621318
1247,-31.182639142105053,-8.424237258621318
1248,-31.12467914210506,-8.424237258621318
1249,-31.066719142105057,-8.36627725862132
1250,-31.008759142105056,-8.36627725862132
1251,-30.950799142105055,-8.36627725862132
1252,-30.892839142105053,-8.36627725862132
1253,-30.83487914210506,-8.308317258621319
1254,-30.776919142105058,-8.308317258621319
1255,-30.718959142105057,-8.308317258621319
1256,-30.660999142105055,-8.250357258621317
1257,-30.603039142105054,-8.250357258621317
1258,-30.54507914210506,-8.250357258621317
1259,-30.48711914210506,-8.250357258621317
1260,-30.429159142105057,-8.19239725862132
1261,-30.371199142105056,-8.19239725862132
1262,-30.313239142105054,-8.19239725862132
1263,-30.255279142105053,-8.19239725862132
1264,-30.19731914210506,-8.134437258621318
1265,-30.139359142105057,-8.134437258621318
1266,-30.081399142105056,-8.134437258621318
1267,-30.023439142105055,-8.07647725862132
1268,-29.965479142105053,-8.07647725862132
1269,-29.90751914210506,-8.07647725862132
1270,-29.849559142105058,-8.07647725862132
1271,-29.791599142105056,-8.01851725862132
1272,-29.733639142105055,-8.01851725862132
1273,-29.675679142105054,-8.01851725862132
1274,-29.61771914210506,-8.01851725862132
1275,-29.559759142105058,-7.960557258621318
1276,-29.501799142105057,-7.960557258621318
1277,-29.443839142105055,-7.960557258621318
1278,-29.385879142105054,-7.960557258621318
1279,-29.327919142105053,-7.90259725862132
1280,-29.26995914210506,-7.90259725862132
1281,-29.211999142105057,-7.90259725862132
1282,-29.154039142105056,-7.844637258621319
1283,-29.096079142105054,-7.844637258621319
1284,-29.038119142105053,-7.844637258621319
1285,-28.98015914210506,-7.844637258621319
1286,-28.922199142105057,-7.786677258621317
1287,-28.864239142105056,-7.786677258621317
1288,-28.806279142105055,-7.786677258621317
1289,-28.748319142105053,-7.786677258621317
1290,-28.69035914210506,-7.7287172586213195
1291,-28.632399142105058,-7.7287172586213195
1292,-28.574439142105057,-7.7287172586213195
1293,-28.516479142105055,-7.670757258621318
1294,-28.458519142105054,-7.670757258621318
1295,-28.40055914210506,-7.670757258621318
1296,-28.34259914210506,-7.670757258621318
1297,-28.284639142105057,-7.61279725862132
1298,-28.226679142105056,-7.61279725862132
1299,-28.168719142105054,-7.61279725862132
1300,-28.110759142105053,-7.61279725862132
1301,-28.05279914210506,-7.554837258621319
1302,-27.994839142105057,-7.554837258621319
1303,-27.936879142105056,-7.554837258621319
1304,-27.878919142105055,-7.554837258621319
1305,-27.820959142105053,-7.496877258621318
1306,-27.76299914210506,-7.496877258621318
1307,-27.705039142105058,-7.496877258621318
1308,-27.647079142105056,-7.43891725862132
1309,-27.589119142105055,-7.43891725862132
1310,-27.531159142105054,-7.43891725862132
1311,-27.47319914210506,-7.43891725862132
1312,-27.415239142105058,-7.380957258621319
1313,-27.357279142105057,-7.380957258621319
1314,-27.299319142105055,-7.380957258621319
1315,-27.241359142105054,-7.380957258621319
1316,-27.18339914210506,-7.322997258621317
1317,-27.12543914210506,-7.322997258621317
1318,-27.067479142105057,-7.322997258621317
1319,-27.009519142105056,-7.322997258621317
1320,-26.951559142105054,-7.265037258621319
1321,-26.893599142105053,-7.265037258621319
1322,-26.83563914210506,-7.265037258621319
1323,-26.777679142105058,-7.207077258621318
1324,-26.719719142105056,-7.207077258621318
1325,-26.661759142105055,-7.207077258621318
1326,-26.603799142105053,-7.207077258621318
1327,-26.54583914210506,-7.14911725862132
1328,-26.487879142105058,-7.14911725862132
1329,-26.429919142105057,-7.14911725862132
1330,-26.371959142105055,-7.14911725862132
1331,-26.313999142105054,-7.091157258621319
1332,-26.25603914210506,-7.091157258621319
1333,-26.19807914210506,-7.091157258621319
1334,-26.140119142105057,-7.033197258621318
1335,-26.082159142105056,-7.033197258621318
1336,-26.024199142105054,-7.033197258621318
1337,-25.966239142105053,-7.033197258621318
1338,-25.90827914210506,-6.97523725862132
1339,-25.850319142105057,-6.97523725862132
1340,-25.792359142105056,-6.97523725862132
1341,-25.734399142105055,-6.97523725862132
1342,-25.676439142105053,-6.9172772586213185
1343,-25.61847914210506,-6.9172772586213185
1344,-25.560519142105058,-6.9172772586213185
1345,-25.502559142105056,-6.9172772586213185
1346,-25.444599142105055,-6.859317258621317
1347,-25.386639142105054,-6.859317258621317
1348,-25.32867914210506,-6.859317258621317
1349,-25.270719142105058,-6.801357258621319
1350,-25.212759142105057,-6.801357258621319
1351,-25.154799142105055,-6.801357258621319
1352,-25.096839142105054,-6.801357258621319
1353,-25.03887914210506,-6.743397258621318
1354,-24.98091914210506,-6.743397258621318
1355,-24.922959142105057,-6.743397258621318
1356,-24.864999142105056,-6.743397258621318
1357,-24.807039142105054,-6.68543725862132
1358,-24.749079142105053,-6.68543725862132
1359,-24.69111914210506,-6.68543725862132
1360,-24.633159142105058,-6.627477258621319
1361,-24.575199142105056,-6.627477258621319
1362,-24.517239142105055,-6.627477258621319
1363,-24.459279142105053,-6.627477258621319
1364,-24.40131914210506,-6.5695172586213175
1365,-24.343359142105058,-6.5695172586213175
1366,-24.285399142105057,-6.5695172586213175
1367,-24.227439142105055,-6.5695172586213175
1368,-24.169479142105054,-6.51155725862132
1369,-24.11151914210506,-6.51155725862132
1370,-24.05355914210506,-6.51155725862132
1371,-23.995599142105057,-6.51155725862132
1372,-23.937639142105056,-6.453597258621318
1373,-23.879679142105054,-6.453597258621318
1374,-23.821719142105053,-6.453597258621318
1375,-23.76375914210506,-6.395637258621321
1376,-23.705799142105057,-6.395637258621321
1377,-23.647839142105056,-6.395637258621321
1378,-23.589879142105055,-6.395637258621321
1379,-23.531919142105053,-6.337677258621319
1380,-23.47395914210506,-6.337677258621319
1381,-23.415999142105058,-6.337677258621319
1382,-23.358039142105056,-6.337677258621319
1383,-23.300079142105055,-6.279717258621318
1384,-23.242119142105054,-6.279717258621318
1385,-23.18415914210506,-6.279717258621318
1386,-23.126199142105058,-6.22175725862132
1387,-23.068239142105057,-6.22175725862132
1388,-23.010279142105055,-6.22175725862132
1389,-22.952319142105054,-6.22175725862132
1390,-22.89435914210506,-6.163797258621319
1391,-22.83639914210506,-6.163797258621319
1392,-22.778439142105057,-6.163797258621319
1393,-22.720479142105056,-6.163797258621319
1394,-22.662519142105054,-6.105837258621317
1395,-22.604559142105053,-6.105837258621317
1396,-22.54659914210506,-6.105837258621317
1397,-22.488639142105058,-6.105837258621317
1398,-22.430679142105056,-6.04787725862132
1399,-22.372719142105055,-6.04787725862132
1400,-22.314759142105054,-6.04787725862132
1401,-22.25679914210506,-5.989917258621318
1402,-22.198839142105058,-5.989917258621318
1403,-22.140879142105057,-5.989917258621318
1404,-22.082919142105055,-5.989917258621318
1405,-22.024959142105054,-5.9319572586213205
1406,-21.96699914210506,-5.9319572586213205
1407,-21.90903914210506,-5.9319572586213205
1408,-21.851079142105057,-5.9319572586213205
1409,-21.793119142105056,-5.873997258621319
1410,-21.735159142105054,-5.873997258621319
1411,-21.67719914210506,-5.873997258621319
1412,-21.61923914210506,-5.816037258621318
1413,-21.561279142105057,-5.816037258621318
1414,-21.503319142105056,-5.816037258621318
1415,-21.445359142105055,-5.816037258621318
1416,-21.387399142105053,-5.75807725862132
1417,-21.32943914210506,-5.75807725862132
1418,-21.271479142105058,-5.75807725862132
1419,-21.213519142105056,-5.75807725862132
1420,-21.155559142105055,-5.700117258621319
1421,-21.097599142105054,-5.700117258621319
1422,-21.03963914210506,-5.700117258621319
1423,-20.981679142105058,-5.700117258621319
1424,-20.923719142105057,-5.642157258621317
1425,-20.865759142105055,-5.642157258621317
1426,-20.807799142105054,-5.642157258621317
1427,-20.74983914210506,-5.5841972586213195
1428,-20.69187914210505,-5.5841972586213195
1429,-20.633919142105057,-5.5841972586213195
1430,-20.575959142105063,-5.5841972586213195
1431,-20.517999142105054,-5.526237258621318
1432,-20.46003914210506,-5.526237258621318
1433,-20.402079142105052,-5.526237258621318
1434,-20.344119142105058,-5.526237258621318
1435,-20.286159142105063,-5.46827725862132
1436,-20.228199142105055,-5.46827725862132
1437,-20.17023914210506,-5.46827725862132
1438,-20.112279142105052,-5.46827725862132
1439,-20.054319142105058,-5.410317258621319
1440,-19.99635914210505,-5.410317258621319
1441,-19.938399142105055,-5.410317258621319
1442,-19.88043914210506,-5.352357258621318
1443,-19.822479142105053,-5.352357258621318
1444,-19.76451914210506,-5.352357258621318
1445,-19.70655914210505,-5.352357258621318
1446,-19.648599142105056,-5.29439725862132
1447,-19.59063914210506,-5.29439725862132
1448,-19.532679142105053,-5.29439725862132
1449,-19.47471914210506,-5.29439725862132
1450,-19.41675914210505,-5.236437258621319
1451,-19.358799142105056,-5.236437258621319
1452,-19.300839142105062,-5.236437258621319
1453,-19.242879142105053,-5.178477258621317
1454,-19.18491914210506,-5.178477258621317
1455,-19.12695914210505,-5.178477258621317
1456,-19.068999142105056,-5.178477258621317
1457,-19.011039142105062,-5.1205172586213195
1458,-18.953079142105054,-5.1205172586213195
1459,-18.89511914210506,-5.1205172586213195
1460,-18.83715914210505,-5.1205172586213195
1461,-18.779199142105057,-5.062557258621318
1462,-18.721239142105063,-5.062557258621318
1463,-18.663279142105054,-5.062557258621318
1464,-18.60531914210506,-5.062557258621318
1465,-18.54735914210505,-5.00459725862132
1466,-18.489399142105057,-5.00459725862132
1467,-18.431439142105063,-5.00459725862132
1468,-18.373479142105055,-4.946637258621319
1469,-18.31551914210506,-4.946637258621319
1470,-18.257559142105052,-4.946637258621319
1471,-18.199599142105058,-4.946637258621319
1472,-18.141639142105063,-4.888677258621318
1473,-18.083679142105055,-4.888677258621318
1474,-18.02571914210506,-4.888677258621318
1475,-17.967759142105052,-4.888677258621318
1476,-17.909799142105058,-4.83071725862132
1477,-17.851839142105064,-4.83071725862132
1478,-17.793879142105055,-4.83071725862132
1479,-17.73591914210506,-4.7727572586213185
1480,-17.677959142105053,-4.7727572586213185
1481,-17.61999914210506,-4.7727572586213185
1482,-17.56203914210505,-4.7727572586213185
1483,-17.504079142105056,-4.714797258621321
1484,-17.44611914210506,-4.714797258621321
1485,-17.388159142105053,-4.714797258621321
1486,-17.33019914210506,-4.714797258621321
1487,-17.27223914210505,-4.656837258621319
1488,-17.214279142105056,-4.656837258621319
1489,-17.156319142105062,-4.656837258621319
1490,-17.098359142105053,-4.656837258621319
1491,-17.04039914210506,-4.598877258621318
1492,-16.98243914210505,-4.598877258621318
1493,-16.924479142105056,-4.598877258621318
1494,-16.866519142105062,-4.54091725862132
1495,-16.808559142105054,-4.54091725862132
1496,-16.75059914210506,-4.54091725862132
1497,-16.69263914210505,-4.54091725862132
1498,-16.634679142105057,-4.482957258621319
1499,-16.576719142105063,-4.482957258621319
1500,-16.518759142105054,-4.482957258621319
1501,-16.46079914210506,-4.482957258621319
1502,-16.40283914210505,-4.4249972586213175
1503,-16.344879142105057,-4.4249972586213175
1504,-16.286919142105063,-4.4249972586213175
1505,-16.228959142105055,-4.36703725862132
1506,-16.17099914210506,-4.36703725862132
1507,-16.113039142105052,-4.36703725862132
1508,-16.055079142105058,-4.36703725862132
1509,-15.997119142105063,-4.309077258621318
1510,-15.939159142105055,-4.309077258621318
1511,-15.88119914210506,-4.309077258621318
1512,-15.823239142105052,-4.309077258621318
1513,-15.765279142105058,-4.251117258621321
1514,-15.707319142105064,-4.251117258621321
1515,-15.649359142105055,-4.251117258621321
1516,-15.591399142105061,-4.251117258621321
1517,-15.533439142105053,-4.193157258621319
1518,-15.475479142105058,-4.193157258621319
1519,-15.41751914210505,-4.193157258621319
1520,-15.359559142105056,-4.135197258621318
1521,-15.301599142105061,-4.135197258621318
1522,-15.243639142105053,-4.135197258621318
1523,-15.185679142105059,-4.135197258621318
1524,-15.12771914210505,-4.077237258621317
1525,-15.069759142105056,-4.077237258621317
1526,-15.011799142105062,-4.077237258621317
1527,-14.953839142105053,-4.077237258621317
1528,-14.89587914210506,-4.019277258621322
1529,-14.83791914210505,-4.019277258621322
1530,-14.779959142105056,-4.019277258621322
1531,-14.721999142105062,-3.961317258621321
1532,-14.664039142105054,-3.961317258621321
1533,-14.60607914210506,-3.961317258621321
1534,-14.548119142105051,-3.961317258621321
1535,-14.490159142105057,-3.9033572586213197
1536,-14.432199142105063,-3.9033572586213197
1537,-14.374239142105054,-3.9033572586213197
1538,-14.31627914210506,-3.9033572586213197
1539,-14.258319142105051,-3.8453972586213183
1540,-14.200359142105057,-3.8453972586213183
1541,-14.142399142105063,-3.8453972586213183
1542,-14.084439142105055,-3.8453972586213183
1543,-14.02647914210506,-3.787437258621317
1544,-13.968519142105052,-3.787437258621317
1545,-13.910559142105058,-3.787437258621317
1546,-13.852599142105063,-3.7294772586213156
1547,-13.794639142105055,-3.7294772586213156
1548,-13.73667914210506,-3.7294772586213156
1549,-13.678719142105052,-3.7294772586213156
1550,-13.620759142105058,-3.6715172586213214
1551,-13.562799142105064,-3.6715172586213214
1552,-13.504839142105055,-3.6715172586213214
1553,-13.446879142105061,-3.6715172586213214
1554,-13.388919142105053,-3.61355725862132
1555,-13.330959142105058,-3.61355725862132
1556,-13.27299914210505,-3.61355725862132
1557,-13.215039142105056,-3.61355725862132
1558,-13.157079142105061,-3.5555972586213187
1559,-13.099119142105053,-3.5555972586213187
1560,-13.041159142105059,-3.5555972586213187
1561,-12.98319914210505,-3.4976372586213174
1562,-12.925239142105056,-3.4976372586213174
1563,-12.867279142105062,-3.4976372586213174
1564,-12.809319142105053,-3.4976372586213174
1565,-12.75135914210506,-3.439677258621316
1566,-12.69339914210505,-3.439677258621316
1567,-12.635439142105056,-3.439677258621316
1568,-12.577479142105062,-3.439677258621316
1569,-12.519519142105054,-3.3817172586213218
1570,-12.46155914210506,-3.3817172586213218
1571,-12.403599142105051,-3.3817172586213218
1572,-12.345639142105057,-3.3237572586213204
1573,-12.287679142105063,-3.3237572586213204
1574,-12.229719142105054,-3.3237572586213204
1575,-12.17175914210506,-3.3237572586213204
1576,-12.113799142105051,-3.265797258621319
1577,-12.055839142105057,-3.265797258621319
1578,-11.997879142105063,-3.265797258621319
1579,-11.939919142105055,-3.265797258621319
1580,-11.88195914210506,-3.2078372586213177
1581,-11.823999142105052,-3.2078372586213177
1582,-11.766039142105058,-3.2078372586213177
1583,-11.708079142105063,-3.2078372586213177
1584,-11.650119142105055,-3.1498772586213164
1585,-11.59215914210506,-3.1498772586213164
1586,-11.534199142105052,-3.1498772586213164
1587,-11.476239142105058,-3.091917258621322
1588,-11.418279142105064,-3.091917258621322
1589,-11.360319142105055,-3.091917258621322
1590,-11.302359142105061,-3.091917258621322
1591,-11.244399142105053,-3.033957258621321
1592,-11.186439142105058,-3.033957258621321
1593,-11.12847914210505,-3.033957258621321
1594,-11.070519142105056,-3.033957258621321
1595,-11.012559142105061,-2.9759972586213195
1596,-10.954599142105053,-2.9759972586213195
1597,-10.896639142105059,-2.9759972586213195
1598,-10.83867914210505,-2.918037258621318
1599,-10.780719142105056,-2.918037258621318
1600,-10.722759142105062,-2.918037258621318
1601,-10.664799142105053,-2.918037258621318
1602,-10.60683914210506,-2.860077258621317
1603,-10.54887914210505,-2.860077258621317
1604,-10.490919142105056,-2.860077258621317
1605,-10.432959142105062,-2.860077258621317
1606,-10.374999142105054,-2.8021172586213225
1607,-10.31703914210506,-2.8021172586213225
1608,-10.259079142105051,-2.8021172586213225
1609,-10.201119142105057,-2.8021172586213225
1610,-10.143159142105063,-2.744157258621321
1611,-10.085199142105054,-2.744157258621321
1612,-10.02723914210506,-2.744157258621321
1613,-9.969279142105052,-2.68619725862132
1614,-9.911319142105057,-2.68619725862132
1615,-9.853359142105063,-2.68619725862132
1616,-9.795399142105055,-2.68619725862132
1617,-9.73743914210506,-2.6282372586213185
1618,-9.679479142105052,-2.6282372586213185
1619,-9.621519142105058,-2.6282372586213185
1620,-9.563559142105063,-2.6282372586213185
1621,-9.505599142105055,-2.570277258621317
1622,-9.44763914210506,-2.570277258621317
1623,-9.389679142105052,-2.570277258621317
1624,-9.331719142105058,-2.512317258621316
1625,-9.273759142105064,-2.512317258621316
1626,-9.215799142105055,-2.512317258621316
1627,-9.157839142105061,-2.512317258621316
1628,-9.099879142105053,-2.4543572586213216
1629,-9.041919142105058,-2.4543572586213216
1630,-8.98395914210505,-2.4543572586213216
1631,-8.925999142105056,-2.4543572586213216
1632,-8.868039142105062,-2.3963972586213202
1633,-8.810079142105053,-2.3963972586213202
1634,-8.752119142105059,-2.3963972586213202
1635,-8.69415914210505,-2.3963972586213202
1636,-8.636199142105056,-2.338437258621319
1637,-8.578239142105062,-2.338437258621319
1638,-8.520279142105053,-2.338437258621319
1639,-8.46231914210506,-2.2804772586213176
1640,-8.40435914210505,-2.2804772586213176
1641,-8.346399142105057,-2.2804772586213176
1642,-8.288439142105062,-2.2804772586213176
1643,-8.230479142105054,-2.222517258621316
1644,-8.17251914210506,-2.222517258621316
1645,-8.114559142105051,-2.222517258621316
1646,-8.056599142105057,-2.222517258621316
1647,-7.998639142105063,-2.164557258621322
1648,-7.940679142105054,-2.164557258621322
1649,-7.88271914210506,-2.164557258621322
1650,-7.8247591421050515,-2.1065972586213206
1651,-7.766799142105057,-2.1065972586213206
1652,-7.708839142105063,-2.1065972586213206
1653,-7.650879142105055,-2.1065972586213206
1654,-7.59291914210506,-2.0486372586213193
1655,-7.534959142105052,-2.0486372586213193
1656,-7.476999142105058,-2.0486372586213193
1657,-7.419039142105063,-2.0486372586213193
1658,-7.361079142105055,-1.990677258621318
1659,-7.303119142105061,-1.990677258621318
1660,-7.245159142105052,-1.990677258621318
1661,-7.187199142105058,-1.990677258621318
1662,-7.129239142105064,-1.9327172586213166
1663,-7.071279142105055,-1.9327172586213166
1664,-7.013319142105061,-1.9327172586213166
1665,-6.955359142105053,-1.8747572586213224
1666,-6.8973991421050584,-1.8747572586213224
1667,-6.839439142105064,-1.8747572586213224
1668,-6.781479142105056,-1.8747572586213224
1669,-6.7235191421050615,-1.816797258621321
1670,-6.665559142105053,-1.816797258621321
1671,-6.607599142105059,-1.816797258621321
1672,-6.54963914210505,-1.816797258621321
1673,-6.491679142105056,-1.7588372586213197
1674,-6.433719142105062,-1.7588372586213197
1675,-6.3757591421050535,-1.7588372586213197
1676,-6.317799142105059,-1.7588372586213197
1677,-6.259839142105051,-1.7008772586213183
1678,-6.2018791421050565,-1.7008772586213183
1679,-6.143919142105062,-1.7008772586213183
1680,-6.085959142105054,-1.642917258621317
1681,-6.02799914210506,-1.642917258621317
1682,-5.970039142105051,-1.642917258621317
1683,-5.912079142105057,-1.642917258621317
1684,-5.854119142105063,-1.5849572586213156
1685,-5.796159142105054,-1.5849572586213156
1686,-5.73819914210506,-1.5849572586213156
1687,-5.6802391421050515,-1.5849572586213156
1688,-5.622279142105057,-1.5269972586213214
1689,-5.564319142105063,-1.5269972586213214
1690,-5.506359142105055,-1.5269972586213214
1691,-5.44839914210506,-1.46903725862132
1692,-5.390439142105052,-1.46903725862132
1693,-5.332479142105058,-1.46903725862132
1694,-5.2745191421050635,-1.46903725862132
1695,-5.216559142105055,-1.4110772586213187
1696,-5.158599142105061,-1.4110772586213187
1697,-5.100639142105052,-1.4110772586213187
1698,-5.042679142105058,-1.4110772586213187
1699,-4.984719142105064,-1.3531172586213174
1700,-4.926759142105055,-1.3531172586213174
1701,-4.868799142105061,-1.3531172586213174
1702,-4.810839142105053,-1.3531172586213174
1703,-4.7528791421050585,-1.295157258621316
1704,-4.694919142105064,-1.295157258621316
1705,-4.636959142105056,-1.295157258621316
1706,-4.5789991421050615,-1.2371972586213218
1707,-4.521039142105053,-1.2371972586213218
1708,-4.463079142105059,-1.2371972586213218
1709,-4.40511914210505,-1.2371972586213218
1710,-4.347159142105056,-1.1792372586213204
1711,-4.289199142105062,-1.1792372586213204
1712,-4.2312391421050535,-1.1792372586213204
1713,-4.173279142105059,-1.1792372586213204
1714,-4.115319142105051,-1.121277258621319
1715,-4.0573591421050565,-1.121277258621319
1716,-3.9993991421050623,-1.121277258621319
1717,-3.941439142105054,-1.0633172586213178
1718,-3.8834791421050596,-1.0633172586213178
1719,-3.825519142105051,-1.0633172586213178
1720,-3.767559142105057,-1.0633172586213178
1721,-3.7095991421050627,-1.0053572586213164
1722,-3.6516391421050542,-1.0053572586213164
1723,-3.59367914210506,-1.0053572586213164
1724,-3.5357191421050516,-1.0053572586213164
1725,-3.4777591421050573,-0.9473972586213222
1726,-3.419799142105063,-0.9473972586213222
1727,-3.3618391421050546,-0.9473972586213222
1728,-3.3038791421050604,-0.9473972586213222
1729,-3.245919142105052,-0.8894372586213208
1730,-3.1879591421050577,-0.8894372586213208
1731,-3.1299991421050635,-0.8894372586213208
1732,-3.072039142105055,-0.8314772586213195
1733,-3.014079142105061,-0.8314772586213195
1734,-2.9561191421050523,-0.8314772586213195
1735,-2.898159142105058,-0.8314772586213195
1736,-2.840199142105064,-0.7735172586213181
1737,-2.7822391421050554,-0.7735172586213181
1738,-2.724279142105061,-0.7735172586213181
1739,-2.6663191421050527,-0.7735172586213181
1740,-2.6083591421050585,-0.7155572586213168
1741,-2.5503991421050642,-0.7155572586213168
1742,-2.492439142105056,-0.7155572586213168
1743,-2.4344791421050616,-0.6575972586213226
1744,-2.376519142105053,-0.6575972586213226
1745,-2.318559142105059,-0.6575972586213226
1746,-2.2605991421050504,-0.6575972586213226
1747,-2.202639142105056,-0.5996372586213212
1748,-2.144679142105062,-0.5996372586213212
1749,-2.0867191421050535,-0.5996372586213212
1750,-2.0287591421050593,-0.5996372586213212
1751,-1.9707991421050508,-0.5416772586213199
1752,-1.9128391421050566,-0.5416772586213199
1753,-1.8548791421050623,-0.5416772586213199
1754,-1.7969191421050539,-0.5416772586213199
1755,-1.7389591421050596,-0.48371725862131854
1756,-1.6809991421050512,-0.48371725862131854
1757,-1.623039142105057,-0.48371725862131854
1758,-1.5650791421050627,-0.4257572586213172
1759,-1.5071191421050543,-0.4257572586213172
1760,-1.44915914210506,-0.4257572586213172
1761,-1.3911991421050516,-0.4257572586213172
1762,-1.3332391421050573,-0.36779725862131585
1763,-1.275279142105063,-0.36779725862131585
1764,-1.2173191421050547,-0.36779725862131585
1765,-1.1593591421050604,-0.36779725862131585
1766,-1.101399142105052,-0.3098372586213216
1767,-1.0434391421050577,-0.3098372586213216
1768,-0.9854791421050635,-0.3098372586213216
1769,-0.927519142105055,-0.25187725862132027
1770,-0.8695591421050608,-0.25187725862132027
1771,-0.8115991421050524,-0.25187725862132027
1772,-0.7536391421050581,-0.25187725862132027
1773,-0.6956791421050639,-0.19391725862131892
1774,-0.6377191421050554,-0.19391725862131892
1775,-0.5797591421050612,-0.19391725862131892
1776,-0.5217991421050527,-0.19391725862131892
1777,-0.4638391421050585,-0.13595725862131758
1778,-0.40587914210506426,-0.13595725862131758
1779,-0.3479191421050558,-0.13595725862131758
1780,-0.2899591421050616,-0.13595725862131758
1781,-0.23199914210505312,-0.07799725862131623
1782,-0.17403914210505889,-0.07799725862131623
1783,-0.11607914210505044,-0.07799725862131623
1784,-0.0581191421050562,-0.020037258621321996
1785,-0.00015914210506196014,-0.020037258621321996
1786,0.05780085789494649,-0.020037258621321996
1787,0.11576085789494073,-0.020037258621321996
1788,0.17372085789494918,0.03792274137867935
1789,0.23168085789494341,0.03792274137867935
1790,0.28964085789493765,0.03792274137867935
1791,0.3476008578949461,0.03792274137867935
1792,0.40556085789494034,0.09588274137868069
1793,0.4635208578949488,0.09588274137868069
1794,0.521480857894943,0.09588274137868069
1795,0.5794408578949373,0.15384274137868204
1796,0.6374008578949457,0.15384274137868204
1797,0.69536085789494,0.15384274137868204
1798,0.7533208578949484,0.15384274137868204
1799,0.8112808578949426,0.21180274137868338
1800,0.8692408578949369,0.21180274137868338
1801,0.9272008578949453,0.21180274137868338
1802,0.9851608578949396,0.21180274137868338
1803,1.043120857894948,0.2697627413786776
1804,1.1010808578949423,0.2697627413786776
1805,1.1590408578949365,0.2697627413786776
1806,1.217000857894945,0.2697627413786776
1807,1.2749608578949392,0.32772274137867896
1808,1.3329208578949476,0.32772274137867896
1809,1.3908808578949419,0.32772274137867896
1810,1.448840857894936,0.3856827413786803
1811,1.5068008578949446,0.3856827413786803
1812,1.5647608578949388,0.3856827413786803
1813,1.6227208578949472,0.3856827413786803
1814,1.6806808578949415,0.44364274137868165
1815,1.7386408578949357,0.44364274137868165
1816,1.7966008578949442,0.44364274137868165
1817,1.8545608578949384,0.44364274137868165
1818,1.9125208578949469,0.501602741378683
1819,1.970480857894941,0.501602741378683
1820,2.0284408578949495,0.501602741378683
1821,2.086400857894944,0.501602741378683
1822,2.144360857894938,0.5595627413786843
1823,2.2023208578949465,0.5595627413786843
1824,2.2602808578949407,0.5595627413786843
1825,2.318240857894949,0.6175227413786786
1826,2.3762008578949434,0.6175227413786786
1827,2.4341608578949376,0.6175227413786786
1828,2.492120857894946,0.6175227413786786
1829,2.5500808578949403,0.6754827413786799
1830,2.6080408578949488,0.6754827413786799
1831,2.666000857894943,0.6754827413786799
1832,2.7239608578949372,0.6754827413786799
1833,2.7819208578949457,0.7334427413786813
1834,2.83988085789494,0.7334427413786813
1835,2.8978408578949484,0.7334427413786813
1836,2.9558008578949426,0.7914027413786826
1837,3.013760857894937,0.7914027413786826
1838,3.0717208578949453,0.7914027413786826
1839,3.1296808578949395,0.7914027413786826
1840,3.187640857894948,0.849362741378684
1841,3.2456008578949422,0.849362741378684
1842,3.3035608578949365,0.849362741378684
1843,3.361520857894945,0.849362741378684
1844,3.419480857894939,0.9073227413786782
1845,3.4774408578949476,0.9073227413786782
1846,3.535400857894942,0.9073227413786782
1847,3.593360857894936,0.9073227413786782
1848,3.6513208578949445,0.9652827413786795
1849,3.7092808578949388,0.9652827413786795
1850,3.7672408578949472,0.9652827413786795
1851,3.8252008578949415,1.0232427413786809
1852,3.8831608578949357,1.0232427413786809
1853,3.941120857894944,1.0232427413786809
1854,3.9990808578949384,1.0232427413786809
1855,4.057040857894947,1.0812027413786822
1856,4.115000857894941,1.0812027413786822
1857,4.172960857894935,1.0812027413786822
1858,4.230920857894944,1.0812027413786822
1859,4.288880857894938,1.1391627413786836
1860,4.3468408578949465,1.1391627413786836
1861,4.404800857894941,1.1391627413786836
1862,4.462760857894949,1.1971227413786778
1863,4.520720857894943,1.1971227413786778
1864,4.578680857894938,1.1971227413786778
1865,4.636640857894946,1.1971227413786778
1866,4.69460085789494,1.2550827413786791
1867,4.752560857894949,1.2550827413786791
1868,4.810520857894943,1.2550827413786791
1869,4.868480857894937,1.2550827413786791
1870,4.926440857894946,1.3130427413786805
1871,4.98440085789494,1.3130427413786805
1872,5.042360857894948,1.3130427413786805
1873,5.100320857894943,1.3130427413786805
1874,5.158280857894937,1.3710027413786818
1875,5.216240857894945,1.3710027413786818
1876,5.2742008578949395,1.3710027413786818
1877,5.332160857894948,1.4289627413786832
1878,5.390120857894942,1.4289627413786832
1879,5.4480808578949365,1.4289627413786832
1880,5.506040857894945,1.4289627413786832
1881,5.564000857894939,1.4869227413786774
1882,5.621960857894948,1.4869227413786774
1883,5.679920857894942,1.4869227413786774
1884,5.737880857894936,1.4869227413786774
1885,5.7958408578949445,1.5448827413786788
1886,5.853800857894939,1.5448827413786788
1887,5.911760857894947,1.5448827413786788
1888,5.9697208578949414,1.60284274137868
1889,6.027680857894936,1.60284274137868
1890,6.085640857894944,1.60284274137868
1891,6.143600857894938,1.60284274137868
1892,6.201560857894947,1.6608027413786814
1893,6.259520857894941,1.6608027413786814
1894,6.317480857894935,1.6608027413786814
1895,6.375440857894944,1.6608027413786814
1896,6.433400857894938,1.7187627413786828
1897,6.491360857894946,1.7187627413786828
1898,6.549320857894941,1.7187627413786828
1899,6.607280857894949,1.7187627413786828
1900,6.665240857894943,1.7767227413786841
1901,6.723200857894938,1.7767227413786841
1902,6.781160857894946,1.7767227413786841
1903,6.83912085789494,1.8346827413786784
1904,6.897080857894949,1.8346827413786784
1905,6.955040857894943,1.8346827413786784
1906,7.013000857894937,1.8346827413786784
1907,7.070960857894946,1.8926427413786797
1908,7.12892085789494,1.8926427413786797
1909,7.186880857894948,1.8926427413786797
1910,7.244840857894943,1.8926427413786797
1911,7.302800857894937,1.950602741378681
1912,7.360760857894945,1.950602741378681
1913,7.4187208578949395,1.950602741378681
1914,7.476680857894948,2.0085627413786824
1915,7.534640857894942,2.0085627413786824
1916,7.592600857894936,2.0085627413786824
1917,7.650560857894945,2.0085627413786824
1918,7.708520857894939,2.0665227413786837
1919,7.766480857894948,2.0665227413786837
1920,7.824440857894942,2.0665227413786837
1921,7.882400857894936,2.0665227413786837
1922,7.9403608578949445,2.124482741378678
1923,7.998320857894939,2.124482741378678
1924,8.056280857894947,2.124482741378678
1925,8.114240857894941,2.124482741378678
1926,8.172200857894936,2.1824427413786793
1927,8.230160857894944,2.1824427413786793
1928,8.288120857894938,2.1824427413786793
1929,8.346080857894947,2.2404027413786807
1930,8.404040857894941,2.2404027413786807
1931,8.462000857894935,2.2404027413786807
1932,8.519960857894944,2.2404027413786807
1933,8.577920857894938,2.298362741378682
1934,8.635880857894946,2.298362741378682
1935,8.69384085789494,2.298362741378682
1936,8.751800857894949,2.298362741378682
1937,8.809760857894943,2.3563227413786834
1938,8.867720857894938,2.3563227413786834
1939,8.925680857894946,2.3563227413786834
1940,8.98364085789494,2.4142827413786776
1941,9.041600857894949,2.4142827413786776
1942,9.099560857894943,2.4142827413786776
1943,9.157520857894937,2.4142827413786776
1944,9.215480857894946,2.472242741378679
1945,9.27344085789494,2.472242741378679
1946,9.331400857894948,2.472242741378679
1947,9.389360857894943,2.472242741378679
1948,9.447320857894937,2.5302027413786803
1949,9.505280857894945,2.5302027413786803
1950,9.56324085789494,2.5302027413786803
1951,9.621200857894948,2.5881627413786816
1952,9.679160857894942,2.5881627413786816
1953,9.737120857894936,2.5881627413786816
1954,9.795080857894945,2.5881627413786816
1955,9.853040857894939,2.646122741378683
1956,9.911000857894948,2.646122741378683
1957,9.968960857894942,2.646122741378683
1958,10.026920857894936,2.646122741378683
1959,10.084880857894944,2.704082741378677
1960,10.142840857894939,2.704082741378677
1961,10.200800857894947,2.704082741378677
1962,10.258760857894941,2.704082741378677
1963,10.316720857894936,2.7620427413786786
1964,10.374680857894944,2.7620427413786786
1965,10.432640857894938,2.7620427413786786
1966,10.490600857894947,2.82000274137868
1967,10.548560857894941,2.82000274137868
1968,10.606520857894935,2.82000274137868
1969,10.664480857894944,2.82000274137868
1970,10.722440857894938,2.8779627413786812
1971,10.780400857894946,2.8779627413786812
1972,10.83836085789494,2.8779627413786812
1973,10.896320857894949,2.8779627413786812
1974,10.954280857894943,2.9359227413786826
1975,11.012240857894938,2.9359227413786826
1976,11.070200857894946,2.9359227413786826
1977,11.12816085789494,2.993882741378684
1978,11.186120857894949,2.993882741378684
1979,11.244080857894943,2.993882741378684
1980,11.302040857894937,2.993882741378684
1981,11.360000857894946,3.051842741378678
1982,11.41796085789494,3.051842741378678
1983,11.475920857894948,3.051842741378678
1984,11.533880857894943,3.051842741378678
1985,11.591840857894937,3.1098027413786795
1986,11.649800857894945,3.1098027413786795
1987,11.70776085789494,3.1098027413786795
1988,11.765720857894948,3.1098027413786795
1989,11.823680857894942,3.167762741378681
1990,11.881640857894936,3.167762741378681
1991,11.939600857894945,3.167762741378681
1992,11.997560857894939,3.167762741378681
1993,12.055520857894948,3.225722741378682
1994,12.113480857894942,3.225722741378682
1995,12.171440857894936,3.225722741378682
1996,12.229400857894944,3.2836827413786835
1997,12.287360857894939,3.2836827413786835
1998,12.345320857894947,3.2836827413786835
1999,12.403280857894941,3.2836827413786835
2000,12.461240857894936,3.341642741378678
2001,12.519200857894944,3.341642741378678
2002,12.577160857894938,3.341642741378678
2003,12.635120857894947,3.341642741378678
2004,12.693080857894941,3.399602741378679
2005,12.751040857894935,3.399602741378679
2006,12.809000857894944,3.399602741378679
2007,12.866960857894938,3.399602741378679
2008,12.924920857894946,3.4575627413786805
2009,12.98288085789494,3.4575627413786805
2010,13.040840857894949,3.4575627413786805
2011,13.098800857894943,3.515522741378682
2012,13.156760857894938,3.515522741378682
2013,13.214720857894946,3.515522741378682
2014,13.27268085789494,3.515522741378682
2015,13.330640857894949,3.573482741378683
2016,13.388600857894943,3.573482741378683
2017,13.446560857894937,3.573482741378683
2018,13.504520857894946,3.573482741378683
2019,13.56248085789494,3.6314427413786774
2020,13.620440857894948,3.6314427413786774
2021,13.678400857894943,3.6314427413786774
2022,13.736360857894937,3.6314427413786774
2023,13.794320857894945,3.6894027413786787
2024,13.85228085789494,3.6894027413786787
2025,13.910240857894948,3.6894027413786787
2026,13.968200857894942,3.74736274137868
2027,14.026160857894936,3.74736274137868
2028,14.084120857894945,3.74736274137868
2029,14.142080857894939,3.74736274137868
2030,14.200040857894948,3.8053227413786814
2031,14.258000857894942,3.8053227413786814
2032,14.315960857894936,3.8053227413786814
2033,14.373920857894944,3.8053227413786814
2034,14.431880857894939,3.8632827413786828
2035,14.489840857894947,3.8632827413786828
2036,14.547800857894941,3.8632827413786828
2037,14.605760857894936,3.8632827413786828
2038,14.663720857894944,3.921242741378684
2039,14.721680857894938,3.921242741378684
2040,14.779640857894947,3.921242741378684
2041,14.837600857894941,3.9792027413786784
2042,14.895560857894935,3.9792027413786784
2043,14.953520857894944,3.9792027413786784
2044,15.011480857894938,3.9792027413786784
2045,15.069440857894946,4.03716274137868
2046,15.12740085789494,4.03716274137868
2047,15.185360857894949,4.03716274137868
2048,15.243320857894943,4.095122741378681
2049,15.301280857894938,4.095122741378681
2050,15.359240857894946,4.095122741378681
2051,15.41720085789494,4.153082741378682
2052,15.475160857894949,4.153082741378682
2053,15.533120857894943,4.153082741378682
2054,15.591080857894937,4.153082741378682
2055,15.649040857894946,4.211042741378684
2056,15.70700085789494,4.211042741378684
2057,15.764960857894948,4.211042741378684
2058,15.822920857894943,4.269002741378678
2059,15.880880857894937,4.269002741378678
2060,15.938840857894945,4.326962741378679
2061,15.99680085789494,4.326962741378679
2062,16.054760857894948,4.326962741378679
2063,16.112720857894942,4.384922741378681
2064,16.170680857894936,4.384922741378681
2065,16.228640857894945,4.384922741378681
2066,16.28660085789494,4.442882741378682
2067,16.344560857894948,4.442882741378682
2068,16.40252085789494,4.500842741378683
2069,16.460480857894936,4.500842741378683
2070,16.518440857894944,4.500842741378683
2071,16.57640085789494,4.558802741378678
2072,16.634360857894947,4.558802741378678
2073,16.69232085789494,4.616762741378679
2074,16.750280857894936,4.616762741378679
2075,16.808240857894944,4.67472274137868
2076,16.86620085789494,4.67472274137868
2077,16.924160857894947,4.732682741378682
2078,16.98212085789494,4.732682741378682
2079,17.040080857894935,4.732682741378682
2080,17.098040857894944,4.790642741378683
2081,17.156000857894938,4.790642741378683
2082,17.213960857894946,4.848602741378677
2083,17.27192085789494,4.848602741378677
2084,17.329880857894935,4.9065627413786785
2085,17.387840857894943,4.9065627413786785
2086,17.445800857894938,4.96452274137868
2087,17.503760857894946,4.96452274137868
2088,17.56172085789494,5.022482741378681
2089,17.61968085789495,5.022482741378681
2090,17.677640857894943,5.080442741378683
2091,17.735600857894937,5.080442741378683
2092,17.793560857894946,5.138402741378684
2093,17.85152085789494,5.138402741378684
2094,17.90948085789495,5.196362741378678
2095,17.967440857894942,5.196362741378678
2096,18.025400857894937,5.2543227413786795
2097,18.083360857894945,5.2543227413786795
2098,18.14132085789494,5.312282741378681
2099,18.199280857894948,5.312282741378681
2100,18.257240857894942,5.370242741378682
2101,18.315200857894936,5.370242741378682
2102,18.373160857894945,5.4282027413786835
2103,18.43112085789494,5.4282027413786835
2104,18.489080857894947,5.486162741378678
2105,18.54704085789494,5.486162741378678
2106,18.605000857894936,5.544122741378679
2107,18.662960857894944,5.544122741378679
2108,18.72092085789494,5.6020827413786805
2109,18.778880857894947,5.6020827413786805
2110,18.83684085789494,5.660042741378682
2111,18.894800857894936,5.660042741378682
2112,18.952760857894944,5.718002741378683
2113,19.01072085789494,5.775962741378677
2114,19.068680857894947,5.775962741378677
2115,19.12664085789494,5.833922741378679
2116,19.184600857894935,5.833922741378679
2117,19.242560857894944,5.89188274137868
2118,19.300520857894938,5.89188274137868
2119,19.358480857894946,5.949842741378681
2120,19.41644085789494,5.949842741378681
2121,19.474400857894935,6.007802741378683
2122,19.532360857894943,6.065762741378684
2123,19.590320857894937,6.065762741378684
2124,19.648280857894946,6.123722741378678
2125,19.70624085789494,6.123722741378678
2126,19.76420085789495,6.18168274137868
2127,19.822160857894943,6.18168274137868
2128,19.880120857894937,6.239642741378681
2129,19.938080857894946,6.297602741378682
2130,19.99604085789494,6.297602741378682
2131,20.05400085789495,6.355562741378684
2132,20.111960857894942,6.355562741378684
2133,20.169920857894937,6.413522741378678
2134,20.227880857894945,6.413522741378678
2135,20.28584085789494,6.471482741378679
2136,20.343800857894948,6.529442741378681
2137,20.401760857894942,6.529442741378681
2138,20.459720857894936,6.587402741378682
2139,20.517680857894945,6.587402741378682
2140,20.57564085789494,6.645362741378683
2141,20.633600857894947,6.703322741378678
2142,20.69156085789494,6.703322741378678
2143,20.749520857894936,6.761282741378679
2144,20.807480857894944,6.761282741378679
2145,20.86544085789494,6.81924274137868
2146,20.923400857894947,6.877202741378682
2147,20.98136085789494,6.877202741378682
2148,21.039320857894936,6.935162741378683
2149,21.097280857894944,6.993122741378677
2150,21.15524085789494,6.993122741378677
2151,21.213200857894947,7.0510827413786785
2152,21.27116085789494,7.0510827413786785
2153,21.329120857894935,7.10904274137868
2154,21.387080857894944,7.167002741378681
2155,21.445040857894938,7.167002741378681
2156,21.503000857894946,7.2249627413786826
2157,21.56096085789494,7.282922741378684
2158,21.618920857894935,7.282922741378684
2159,21.676880857894943,7.340882741378678
2160,21.734840857894937,7.3988427413786795
2161,21.792800857894946,7.3988427413786795
2162,21.85076085789494,7.456802741378681
2163,21.90872085789495,7.514762741378682
2164,21.966680857894943,7.514762741378682
2165,22.024640857894937,7.5727227413786835
2166,22.082600857894946,7.630682741378678
2167,22.14056085789494,7.688642741378679
2168,22.198520857894948,7.688642741378679
2169,22.256480857894942,7.74660274137868
2170,22.314440857894937,7.804562741378682
2171,22.372400857894945,7.862522741378683
2172,22.43036085789494,7.862522741378683
2173,22.488320857894948,7.920482741378677
2174,22.546280857894942,7.978442741378679
2175,22.604240857894936,8.03640274137868
2176,22.662200857894945,8.03640274137868
2177,22.72016085789494,8.094362741378681
2178,22.778120857894947,8.152322741378683
2179,22.83608085789494,8.210282741378677
2180,22.894040857894936,8.268242741378678
2181,22.952000857894944,8.32620274137868
2182,23.00996085789494,8.384162741378681
2183,23.067920857894947,8.442122741378682
2184,23.12588085789494,8.500082741378684
2185,23.183840857894936,8.558042741378678
2186,23.241800857894944,8.61600274137868
2187,23.29976085789494,8.67396274137868
2188,23.357720857894947,8.731922741378682
2189,23.41568085789494,8.789882741378683
2190,23.41568085789494,8.847842741378678
2191,23.473640857894935,8.905802741378679
2192,23.531600857894944,8.96376274137868
2193,23.531600857894944,9.021722741378682
2194,23.531600857894944,9.079682741378683
2195,23.589560857894938,9.137642741378677
2196,23.589560857894938,9.195602741378679
2197,23.589560857894938,9.25356274137868
2198,23.589560857894938,9.311522741378681
2199,23.589560857894938,9.369482741378683
2200,23.647520857894946,9.427442741378684
2201,23.647520857894946,9.485402741378678
2202,23.647520857894946,9.54336274137868
2203,23.647520857894946,9.60132274137868
2204,23.70548085789494,9.659282741378682
2205,23.70548085789494,9.717242741378683
2206,23.70548085789494,9.775202741378678
2207,23.70548085789494,9.833162741378679
2208,23.70548085789494,9.89112274137868
2209,23.70548085789494,9.949082741378682
2210,23.763440857894935,10.007042741378683
2211,23.763440857894935,10.065002741378677
2212,23.70548085789494,10.122962741378679
2213,23.70548085789494,10.18092274137868
2214,23.70548085789494,10.238882741378681
2215,23.70548085789494,10.296842741378683
2216,23.70548085789494,10.354802741378677
2217,23.70548085789494,10.412762741378678
2218,23.70548085789494,10.47072274137868
2219,23.647520857894946,10.528682741378681
2220,23.647520857894946,10.586642741378682
2221,23.647520857894946,10.644602741378684
2222,23.647520857894946,10.702562741378678
2223,23.647520857894946,10.76052274137868
2224,23.647520857894946,10.81848274137868
2225,23.647520857894946,10.876442741378682
2226,23.647520857894946,10.934402741378683
2227,23.589560857894938,10.992362741378678
2228,23.589560857894938,11.050322741378679
2229,23.589560857894938,11.10828274137868
2230,23.531600857894944,11.166242741378682
2231,23.531600857894944,11.224202741378683
2232,23.531600857894944,11.282162741378677
2233,23.531600857894944,11.340122741378678
2234,23.473640857894935,11.39808274137868
2235,23.473640857894935,11.456042741378681
2236,23.473640857894935,11.514002741378683
2237,23.41568085789494,11.571962741378684
2238,23.41568085789494,11.629922741378678
2239,23.41568085789494,11.68788274137868
2240,23.357720857894947,11.74584274137868
2241,23.357720857894947,11.803802741378682
2242,23.357720857894947,11.861762741378683
2243,23.357720857894947,11.919722741378678
2244,23.29976085789494,11.977682741378679
2245,23.29976085789494,12.03564274137868
2246,23.29976085789494,12.093602741378682
2247,23.241800857894944,12.151562741378683
2248,23.241800857894944,12.209522741378677
2249,23.241800857894944,12.267482741378679
2250,23.241800857894944,12.32544274137868
2251,23.183840857894936,12.383402741378681
2252,23.183840857894936,12.441362741378683
2253,23.183840857894936,12.499322741378677
2254,23.12588085789494,12.557282741378678
2255,23.12588085789494,12.61524274137868
2256,23.12588085789494,12.673202741378681
2257,23.12588085789494,12.731162741378682
2258,23.067920857894947,12.789122741378684
2259,23.067920857894947,12.847082741378678
2260,23.067920857894947,12.90504274137868
2261,23.00996085789494,12.96300274137868
2262,23.00996085789494,13.020962741378682
2263,23.00996085789494,13.078922741378683
2264,22.952000857894944,13.136882741378678
2265,22.952000857894944,13.194842741378679
2266,22.952000857894944,13.25280274137868
2267,22.952000857894944,13.310762741378682
2268,22.894040857894936,13.368722741378683
2269,22.894040857894936,13.426682741378677
2270,22.894040857894936,13.484642741378678
2271,22.83608085789494,13.54260274137868
2272,22.83608085789494,13.600562741378681
2273,22.83608085789494,13.658522741378682
2274,22.83608085789494,13.716482741378684
2275,22.778120857894947,13.774442741378678
2276,22.778120857894947,13.83240274137868
2277,22.778120857894947,13.89036274137868
2278,22.72016085789494,13.948322741378682
2279,22.72016085789494,14.006282741378683
2280,22.72016085789494,14.064242741378678
2281,22.72016085789494,14.122202741378679
2282,22.662200857894945,14.18016274137868
2283,22.662200857894945,14.238122741378682
2284,22.662200857894945,14.296082741378683
2285,22.604240857894936,14.354042741378677
2286,22.604240857894936,14.412002741378679
2287,22.604240857894936,14.46996274137868
2288,22.604240857894936,14.527922741378681
2289,22.546280857894942,14.585882741378683
2290,22.546280857894942,14.643842741378677
2291,22.546280857894942,14.701802741378678
2292,22.488320857894948,14.75976274137868
2293,22.488320857894948,14.817722741378681
2294,22.488320857894948,14.875682741378682
2295,22.488320857894948,14.933642741378684
2296,22.43036085789494,14.991602741378678
2297,22.43036085789494,15.04956274137868
2298,22.43036085789494,15.10752274137868
2299,22.372400857894945,15.165482741378682
2300,22.372400857894945,15.223442741378683
2301,22.372400857894945,15.281402741378677
2302,22.372400857894945,15.339362741378679
2303,22.314440857894937,15.39732274137868
2304,22.314440857894937,15.455282741378682
2305,22.314440857894937,15.513242741378683
2306,22.256480857894942,15.571202741378677
2307,22.256480857894942,15.629162741378678
2308,22.256480857894942,15.68712274137868
2309,22.198520857894948,15.745082741378681
2310,22.198520857894948,15.803042741378682
2311,22.198520857894948,15.861002741378677
2312,22.198520857894948,15.918962741378678
2313,22.14056085789494,15.97692274137868
2314,22.14056085789494,16.03488274137868
2315,22.14056085789494,16.092842741378682
2316,22.082600857894946,16.150802741378683
2317,22.082600857894946,16.208762741378678
2318,22.082600857894946,16.26672274137868
2319,22.082600857894946,16.32468274137868
2320,22.024640857894937,16.38264274137868
2321,22.024640857894937,16.440602741378683
2322,22.024640857894937,16.498562741378677
2323,21.966680857894943,16.55652274137868
2324,21.966680857894943,16.61448274137868
2325,21.966680857894943,16.67244274137868
2326,21.90872085789495,16.730402741378683
2327,21.90872085789495,16.788362741378677
2328,21.90872085789495,16.84632274137868
2329,21.85076085789494,16.90428274137868
2330,21.85076085789494,16.96224274137868
2331,21.85076085789494,17.020202741378682
2332,21.85076085789494,17.078162741378684
2333,21.792800857894946,17.136122741378678
2334,21.792800857894946,17.19408274137868
2335,21.792800857894946,17.25204274137868
2336,21.734840857894937,17.310002741378682
2337,21.734840857894937,17.367962741378683
2338,21.734840857894937,17.425922741378677
2339,21.734840857894937,17.48388274137868
2340,21.676880857894943,17.54184274137868
2341,21.676880857894943,17.59980274137868
2342,21.676880857894943,17.657762741378683
2343,21.618920857894935,17.715722741378677
2344,21.618920857894935,17.77368274137868
2345,21.618920857894935,17.83164274137868
2346,21.56096085789494,17.88960274137868
2347,21.56096085789494,17.947562741378682
2348,21.56096085789494,18.005522741378677
2349,21.503000857894946,18.063482741378678
2350,21.503000857894946,18.12144274137868
2351,21.503000857894946,18.17940274137868
2352,21.445040857894938,18.237362741378682
2353,21.445040857894938,18.295322741378683
2354,21.445040857894938,18.353282741378678
2355,21.445040857894938,18.41124274137868
2356,21.387080857894944,18.46920274137868
2357,21.387080857894944,18.52716274137868
2358,21.387080857894944,18.585122741378683
2359,21.329120857894935,18.643082741378677
2360,21.329120857894935,18.70104274137868
2361,21.329120857894935,18.75900274137868
2362,21.27116085789494,18.81696274137868
2363,21.27116085789494,18.874922741378683
2364,21.27116085789494,18.932882741378677
2365,21.213200857894947,18.99084274137868
2366,21.213200857894947,19.04880274137868
2367,21.213200857894947,19.10676274137868
2368,21.213200857894947,19.164722741378682
2369,21.15524085789494,19.222682741378684
2370,21.15524085789494,19.280642741378678
2371,21.15524085789494,19.33860274137868
2372,21.15524085789494,19.39656274137868
2373,21.097280857894944,19.454522741378682
2374,21.097280857894944,19.512482741378683
2375,21.097280857894944,19.570442741378677
2376,21.039320857894936,19.62840274137868
2377,21.039320857894936,19.68636274137868
2378,21.039320857894936,19.74432274137868
2379,21.039320857894936,19.802282741378683
2380,20.98136085789494,19.860242741378677
2381,20.98136085789494,19.91820274137868
2382,20.98136085789494,19.97616274137868
2383,20.98136085789494,20.03412274137868
2384,20.923400857894947,20.092082741378682
2385,20.923400857894947,20.150042741378677
2386,20.923400857894947,20.208002741378678
2387,20.86544085789494,20.26596274137868
2388,20.86544085789494,20.32392274137868
2389,20.86544085789494,20.381882741378682
2390,20.86544085789494,20.439842741378683
2391,20.807480857894944,20.497802741378678
2392,20.807480857894944,20.55576274137868
2393,20.807480857894944,20.61372274137868
2394,20.749520857894936,20.67168274137868
2395,20.749520857894936,20.729642741378683
2396,20.749520857894936,20.787602741378677
2397,20.749520857894936,20.84556274137868
2398,20.69156085789494,20.90352274137868
2399,20.69156085789494,20.96148274137868
2400,20.69156085789494,21.019442741378683
2401,20.633600857894947,21.077402741378677
2402,20.633600857894947,21.135362741378678
2403,20.633600857894947,21.19332274137868
2404,20.57564085789494,21.25128274137868
2405,20.57564085789494,21.309242741378682
2406,20.57564085789494,21.367202741378676
2407,20.517680857894945,21.425162741378678
2408,20.517680857894945,21.48312274137868
2409,20.517680857894945,21.54108274137868
2410,20.517680857894945,21.599042741378682
2411,20.459720857894936,21.657002741378683
2412,20.459720857894936,21.714962741378677
2413,20.459720857894936,21.77292274137868
2414,20.401760857894942,21.83088274137868
2415,20.401760857894942,21.88884274137868
2416,20.401760857894942,21.946802741378683
2417,20.343800857894948,22.004762741378677
2418,20.343800857894948,22.06272274137868
2419,20.343800857894948,22.12068274137868
2420,20.28584085789494,22.17864274137868
2421,20.28584085789494,22.236602741378682
2422,20.227880857894945,22.294562741378677
2423,20.227880857894945,22.352522741378678
2424,20.169920857894937,22.41048274137868
2425,20.111960857894942,22.46844274137868
2426,20.111960857894942,22.526402741378682
2427,20.111960857894942,22.584362741378683
2428,20.05400085789495,22.642322741378678
2429,20.05400085789495,22.70028274137868
2430,19.99604085789494,22.75824274137868
2431,19.99604085789494,22.81620274137868
2432,19.938080857894946,22.874162741378683
2433,19.938080857894946,22.932122741378677
2434,19.880120857894937,22.99008274137868
2435,19.822160857894943,23.04804274137868
2436,19.822160857894943,23.10600274137868
2437,19.76420085789495,23.163962741378683
2438,19.70624085789494,23.221922741378677
2439,19.70624085789494,23.279882741378678
2440,19.648280857894946,23.33784274137868
2441,19.648280857894946,23.39580274137868
2442,19.590320857894937,23.453762741378682
2443,19.532360857894943,23.511722741378676
2444,19.474400857894935,23.569682741378678
2445,19.41644085789494,23.62764274137868
2446,19.41644085789494,23.68560274137868
2447,19.358480857894946,23.743562741378682
2448,19.300520857894938,23.801522741378683
2449,19.242560857894944,23.859482741378677
2450,19.184600857894935,23.91744274137868
2451,19.12664085789494,23.97540274137868
2452,19.068680857894947,24.03336274137868
2453,19.01072085789494,24.091322741378683
2454,18.952760857894944,24.149282741378677
2455,18.894800857894936,24.20724274137868
2456,18.83684085789494,24.20724274137868
2457,18.778880857894947,24.26520274137868
2458,18.72092085789494,24.32316274137868
2459,18.662960857894944,24.381122741378682
2460,18.605000857894936,24.439082741378677
2461,18.54704085789494,24.439082741378677
2462,18.489080857894947,24.497042741378678
2463,18.43112085789494,24.55500274137868
2464,18.373160857894945,24.55500274137868
2465,18.315200857894936,24.61296274137868
2466,18.257240857894942,24.61296274137868
2467,18.199280857894948,24.670922741378682
2468,18.14132085789494,24.728882741378683
2469,18.083360857894945,24.728882741378683
2470,18.025400857894937,24.786842741378678
2471,17.967440857894942,24.786842741378678
2472,17.90948085789495,24.84480274137868
2473,17.85152085789494,24.84480274137868
2474,17.793560857894946,24.90276274137868
2475,17.735600857894937,24.90276274137868
2476,17.677640857894943,24.96072274137868
2477,17.61968085789495,24.96072274137868
2478,17.56172085789494,24.96072274137868
2479,17.503760857894946,25.018682741378683
2480,17.445800857894938,25.076642741378677
2481,17.387840857894943,25.076642741378677
2482,17.329880857894935,25.076642741378677
2483,17.27192085789494,25.13460274137868
2484,17.213960857894946,25.13460274137868
2485,17.156000857894938,25.13460274137868
2486,17.098040857894944,25.13460274137868
2487,17.040080857894935,25.19256274137868
2488,16.98212085789494,25.19256274137868
2489,16.924160857894947,25.19256274137868
2490,16.86620085789494,25.19256274137868
2491,16.808240857894944,25.25052274137868
2492,16.750280857894936,25.25052274137868
2493,16.69232085789494,25.25052274137868
2494,16.634360857894947,25.308482741378683
2495,16.57640085789494,25.308482741378683
2496,16.518440857894944,25.308482741378683
2497,16.460480857894936,25.308482741378683
2498,16.40252085789494,25.308482741378683
2499,16.344560857894948,25.308482741378683
2500,16.28660085789494,25.366442741378677
2501,16.228640857894945,25.366442741378677
2502,16.170680857894936,25.366442741378677
2503,16.112720857894942,25.366442741378677
2504,16.054760857894948,25.366442741378677
2505,15.99680085789494,25.366442741378677
2506,15.938840857894945,25.424402741378678
2507,15.880880857894937,25.424402741378678
2508,15.822920857894943,25.424402741378678
2509,15.764960857894948,25.424402741378678
2510,15.70700085789494,25.424402741378678
2511,15.649040857894946,25.424402741378678
2512,15.591080857894937,25.424402741378678
2513,15.533120857894943,25.424402741378678
2514,15.475160857894949,25.48236274137868
2515,15.41720085789494,25.48236274137868
2516,15.359240857894946,25.48236274137868
2517,15.301280857894938,25.48236274137868
2518,15.243320857894943,25.48236274137868
2519,15.185360857894949,25.48236274137868
2520,15.12740085789494,25.48236274137868
2521,15.069440857894946,25.48236274137868
2522,15.011480857894938,25.48236274137868
2523,14.953520857894944,25.48236274137868
2524,14.895560857894935,25.48236274137868
2525,14.837600857894941,25.48236274137868
2526,14.779640857894947,25.48236274137868
2527,14.721680857894938,25.48236274137868
2528,14.663720857894944,25.48236274137868
2529,14.605760857894936,25.48236274137868
2530,14.547800857894941,25.48236274137868
2531,14.489840857894947,25.48236274137868
2532,14.431880857894939,25.48236274137868
2533,14.373920857894944,25.48236274137868
2534,14.315960857894936,25.48236274137868
2535,14.258000857894942,25.48236274137868
2536,14.200040857894948,25.48236274137868
2537,14.142080857894939,25.48236274137868
2538,14.084120857894945,25.48236274137868
2539,14.026160857894936,25.48236274137868
2540,13.968200857894942,25.48236274137868
2541,13.910240857894948,25.48236274137868
2542,13.85228085789494,25.48236274137868
2543,13.794320857894945,25.48236274137868
2544,13.736360857894937,25.48236274137868
2545,13.678400857894943,25.48236274137868
2546,13.620440857894948,25.48236274137868
2547,13.56248085789494,25.48236274137868
2548,13.504520857894946,25.424402741378678
2549,13.446560857894937,25.424402741378678
2550,13.388600857894943,25.424402741378678
2551,13.330640857894949,25.424402741378678
2552,13.27268085789494,25.424402741378678
2553,13.214720857894946,25.424402741378678
2554,13.156760857894938,25.424402741378678
2555,13.098800857894943,25.424402741378678
2556,13.040840857894949,25.424402741378678
2557,12.98288085789494,25.424402741378678
2558,12.924920857894946,25.424402741378678
2559,12.866960857894938,25.424402741378678
2560,12.809000857894944,25.424402741378678
2561,12.751040857894935,25.424402741378678
2562,12.693080857894941,25.424402741378678
2563,12.635120857894947,25.424402741378678
2564,12.577160857894938,25.424402741378678
2565,12.519200857894944,25.424402741378678
2566,12.461240857894936,25.424402741378678
2567,12.403280857894941,25.424402741378678
2568,12.345320857894947,25.424402741378678
2569,12.287360857894939,25.424402741378678
2570,12.229400857894944,25.424402741378678
2571,12.171440857894936,25.424402741378678
2572,12.113480857894942,25.424402741378678
2573,12.055520857894948,25.424402741378678
2574,11.997560857894939,25.424402741378678
2575,11.939600857894945,25.424402741378678
2576,11.881640857894936,25.424402741378678
2577,11.823680857894942,25.424402741378678
2578,11.765720857894948,25.424402741378678
2579,11.70776085789494,25.424402741378678
2580,11.649800857894945,25.424402741378678
2581,11.591840857894937,25.424402741378678
2582,11.533880857894943,25.424402741378678
2583,11.475920857894948,25.424402741378678
2584,11.41796085789494,25.424402741378678
2585,11.360000857894946,25.424402741378678
2586,11.302040857894937,25.424402741378678
2587,11.244080857894943,25.424402741378678
2588,11.186120857894949,25.424402741378678
2589,11.12816085789494,25.424402741378678
2590,11.070200857894946,25.424402741378678
2591,11.012240857894938,25.424402741378678
2592,10.954280857894943,25.424402741378678
2593,10.896320857894949,25.424402741378678
2594,10.83836085789494,25.366442741378677
2595,10.780400857894946,25.366442741378677
2596,10.722440857894938,25.366442741378677
2597,10.664480857894944,25.366442741378677
2598,10.606520857894935,25.366442741378677
2599,10.548560857894941,25.366442741378677
2600,10.490600857894947,25.366442741378677
2601,10.432640857894938,25.366442741378677
2602,10.374680857894944,25.366442741378677
2603,10.316720857894936,25.366442741378677
2604,10.258760857894941,25.366442741378677
2605,10.200800857894947,25.366442741378677
2606,10.142840857894939,25.366442741378677
2607,10.084880857894944,25.366442741378677
2608,10.026920857894936,25.366442741378677
2609,9.968960857894942,25.366442741378677
2610,9.911000857894948,25.366442741378677
2611,9.853040857894939,25.366442741378677
2612,9.795080857894945,25.366442741378677
2613,9.737120857894936,25.366442741378677
2614,9.679160857894942,25.366442741378677
2615,9.621200857894948,25.366442741378677
2616,9.56324085789494,25.366442741378677
2617,9.505280857894945,25.366442741378677
2618,9.447320857894937,25.366442741378677
2619,9.389360857894943,25.366442741378677
2620,9.331400857894948,25.366442741378677
2621,9.27344085789494,25.366442741378677
2622,9.215480857894946,25.366442741378677
2623,9.157520857894937,25.366442741378677
2624,9.099560857894943,25.366442741378677
2625,9.041600857894949,25.366442741378677
2626,8.98364085789494,25.366442741378677
2627,8.925680857894946,25.366442741378677
2628,8.867720857894938,25.366442741378677
2629,8.809760857894943,25.366442741378677
2630,8.751800857894949,25.366442741378677
2631,8.69384085789494,25.366442741378677
2632,8.635880857894946,25.366442741378677
2633,8.577920857894938,25.366442741378677
2634,8.519960857894944,25.366442741378677
2635,8.462000857894935,25.366442741378677
2636,8.404040857894941,25.366442741378677
2637,8.346080857894947,25.366442741378677
2638,8.288120857894938,25.366442741378677
2639,8.230160857894944,25.366442741378677
2640,8.172200857894936,25.366442741378677
2641,8.114240857894941,25.366442741378677
2642,8.056280857894947,25.308482741378683
2643,7.998320857894939,25.308482741378683
2644,7.9403608578949445,25.308482741378683
2645,7.882400857894936,25.308482741378683
2646,7.824440857894942,25.308482741378683
2647,7.766480857894948,25.308482741378683
2648,7.708520857894939,25.308482741378683
2649,7.650560857894945,25.308482741378683
2650,7.592600857894936,25.308482741378683
2651,7.534640857894942,25.308482741378683
2652,7.476680857894948,25.308482741378683
2653,7.4187208578949395,25.308482741378683
2654,7.360760857894945,25.308482741378683
2655,7.302800857894937,25.308482741378683
2656,7.244840857894943,25.308482741378683
2657,7.186880857894948,25.308482741378683
2658,7.12892085789494,25.308482741378683
2659,7.070960857894946,25.308482741378683
2660,7.013000857894937,25.308482741378683
2661,6.955040857894943,25.308482741378683
2662,6.897080857894949,25.308482741378683
2663,6.83912085789494,25.308482741378683
2664,6.781160857894946,25.308482741378683
2665,6.723200857894938,25.308482741378683
2666,6.665240857894943,25.308482741378683
2667,6.607280857894949,25.308482741378683
2668,6.549320857894941,25.308482741378683
2669,6.491360857894946,25.308482741378683
2670,6.433400857894938,25.308482741378683
2671,6.375440857894944,25.308482741378683
2672,6.317480857894935,25.308482741378683
2673,6.259520857894941,25.308482741378683
2674,6.201560857894947,25.308482741378683
2675,6.143600857894938,25.308482741378683
2676,6.085640857894944,25.308482741378683
2677,6.027680857894936,25.308482741378683
2678,5.9697208578949414,25.308482741378683
2679,5.911760857894947,25.308482741378683
2680,5.853800857894939,25.308482741378683
2681,5.7958408578949445,25.308482741378683
2682,5.737880857894936,25.25052274137868
2683,5.679920857894942,25.25052274137868
2684,5.621960857894948,25.25052274137868
2685,5.564000857894939,25.25052274137868
2686,5.506040857894945,25.25052274137868
2687,5.4480808578949365,25.25052274137868
2688,5.390120857894942,25.25052274137868
2689,5.332160857894948,25.25052274137868
2690,5.2742008578949395,25.25052274137868
2691,5.216240857894945,25.25052274137868
2692,5.158280857894937,25.25052274137868
2693,5.100320857894943,25.25052274137868
2694,5.042360857894948,25.25052274137868
2695,4.98440085789494,25.25052274137868
2696,4.926440857894946,25.25052274137868
2697,4.868480857894937,25.25052274137868
2698,4.810520857894943,25.25052274137868
2699,4.752560857894949,25.25052274137868
2700,4.69460085789494,25.25052274137868
2701,4.636640857894946,25.25052274137868
2702,4.578680857894938,25.25052274137868
2703,4.520720857894943,25.25052274137868
2704,4.462760857894949,25.25052274137868
2705,4.404800857894941,25.25052274137868
2706,4.3468408578949465,25.25052274137868
2707,4.288880857894938,25.25052274137868
2708,4.230920857894944,25.25052274137868
2709,4.172960857894935,25.25052274137868
2710,4.115000857894941,25.25052274137868
2711,4.057040857894947,25.25052274137868
2712,3.9990808578949384,25.25052274137868
2713,3.941120857894944,25.25052274137868
2714,3.8831608578949357,25.25052274137868
2715,3.8252008578949415,25.25052274137868
2716,3.7672408578949472,25.25052274137868
2717,3.7092808578949388,25.25052274137868
2718,3.6513208578949445,25.25052274137868
2719,3.593360857894936,25.25052274137868
2720,3.535400857894942,25.25052274137868
2721,3.4774408578949476,25.25052274137868
2722,3.419480857894939,25.25052274137868
2723,3.361520857894945,25.19256274137868
2724,3.3035608578949365,25.19256274137868
2725,3.2456008578949422,25.19256274137868
2726,3.187640857894948,25.19256274137868
2727,3.1296808578949395,25.19256274137868
2728,3.0717208578949453,25.19256274137868
2729,3.013760857894937,25.19256274137868
2730,2.9558008578949426,25.19256274137868
2731,2.8978408578949484,25.19256274137868
2732,2.83988085789494,25.19256274137868
2733,2.7819208578949457,25.19256274137868
2734,2.7239608578949372,25.19256274137868
2735,2.666000857894943,25.19256274137868
2736,2.6080408578949488,25.19256274137868
2737,2.5500808578949403,25.19256274137868
2738,2.492120857894946,25.19256274137868
2739,2.4341608578949376,25.19256274137868
2740,2.3762008578949434,25.19256274137868
2741,2.318240857894949,25.19256274137868
2742,2.2602808578949407,25.19256274137868
2743,2.2023208578949465,25.19256274137868
2744,2.144360857894938,25.19256274137868
2745,2.086400857894944,25.19256274137868
2746,2.0284408578949495,25.19256274137868
2747,1.970480857894941,25.19256274137868
2748,1.9125208578949469,25.19256274137868
2749,1.8545608578949384,25.19256274137868
2750,1.7966008578949442,25.19256274137868
2751,1.7386408578949357,25.19256274137868
2752,1.6806808578949415,25.19256274137868
2753,1.6227208578949472,25.19256274137868
2754,1.5647608578949388,25.19256274137868
2755,1.5068008578949446,25.19256274137868
2756,1.448840857894936,25.19256274137868
2757,1.3908808578949419,25.19256274137868
2758,1.3329208578949476,25.19256274137868
2759,1.2749608578949392,25.19256274137868
2760,1.217000857894945,25.19256274137868
2761,1.1590408578949365,25.19256274137868
2762,1.1010808578949423,25.19256274137868
2763,1.043120857894948,25.13460274137868
2764,0.9851608578949396,25.13460274137868
2765,0.9272008578949453,25.13460274137868
2766,0.8692408578949369,25.13460274137868
2767,0.8112808578949426,25.13460274137868
2768,0.7533208578949484,25.13460274137868
2769,0.69536085789494,25.13460274137868
2770,0.6374008578949457,25.13460274137868
2771,0.5794408578949373,25.13460274137868
2772,0.521480857894943,25.13460274137868
2773,0.4635208578949488,25.13460274137868
2774,0.40556085789494034,25.13460274137868
2775,0.3476008578949461,25.13460274137868
2776,0.28964085789493765,25.13460274137868
2777,0.23168085789494341,25.13460274137868
2778,0.17372085789494918,25.13460274137868
2779,0.11576085789494073,25.13460274137868
2780,0.05780085789494649,25.13460274137868
2781,-0.00015914210506196014,25.13460274137868
2782,-0.0581191421050562,25.13460274137868
2783,-0.11607914210505044,25.13460274137868
2784,-0.17403914210505889,25.13460274137868
2785,-0.23199914210505312,25.13460274137868
2786,-0.2899591421050616,25.13460274137868
2787,-0.3479191421050558,25.13460274137868
2788,-0.40587914210506426,25.13460274137868
2789,-0.4638391421050585,25.13460274137868
2790,-0.5217991421050527,25.13460274137868
2791,-0.5797591421050612,25.13460274137868
2792,-0.6377191421050554,25.13460274137868
2793,-0.6956791421050639,25.13460274137868
2794,-0.7536391421050581,25.13460274137868
2795,-0.8115991421050524,25.13460274137868
2796,-0.8695591421050608,25.13460274137868
2797,-0.927519142105055,25.13460274137868
2798,-0.9854791421050635,25.13460274137868
2799,-1.0434391421050577,25.13460274137868
2800,-1.101399142105052,25.13460274137868
2801,-1.1593591421050604,25.13460274137868
2802,-1.2173191421050547,25.13460274137868
2803,-1.275279142105063,25.13460274137868
2804,-1.3332391421050573,25.13460274137868
2805,-1.3911991421050516,25.076642741378677
2806,-1.44915914210506,25.076642741378677
2807,-1.5071191421050543,25.076642741378677
2808,-1.5650791421050627,25.076642741378677
2809,-1.623039142105057,25.076642741378677
2810,-1.6809991421050512,25.076642741378677
2811,-1.7389591421050596,25.076642741378677
2812,-1.7969191421050539,25.076642741378677
2813,-1.8548791421050623,25.076642741378677
2814,-1.9128391421050566,25.076642741378677
2815,-1.9707991421050508,25.076642741378677
2816,-2.0287591421050593,25.076642741378677
2817,-2.0867191421050535,25.076642741378677
2818,-2.144679142105062,25.076642741378677
2819,-2.202639142105056,25.076642741378677
2820,-2.2605991421050504,25.076642741378677
2821,-2.318559142105059,25.076642741378677
2822,-2.376519142105053,25.076642741378677
2823,-2.4344791421050616,25.076642741378677
2824,-2.492439142105056,25.076642741378677
2825,-2.5503991421050642,25.076642741378677
2826,-2.6083591421050585,25.076642741378677
2827,-2.6663191421050527,25.076642741378677
2828,-2.724279142105061,25.076642741378677
2829,-2.7822391421050554,25.076642741378677
2830,-2.840199142105064,25.076642741378677
2831,-2.898159142105058,25.076642741378677
2832,-2.9561191421050523,25.076642741378677
2833,-3.014079142105061,25.076642741378677
2834,-3.072039142105055,25.076642741378677
2835,-3.1299991421050635,25.076642741378677
2836,-3.1879591421050577,25.076642741378677
2837,-3.245919142105052,25.076642741378677
2838,-3.3038791421050604,25.076642741378677
2839,-3.3618391421050546,25.076642741378677
2840,-3.419799142105063,25.076642741378677
2841,-3.4777591421050573,25.076642741378677
2842,-3.5357191421050516,25.076642741378677
2843,-3.59367914210506,25.076642741378677
2844,-3.6516391421050542,25.076642741378677
2845,-3.7095991421050627,25.076642741378677
2846,-3.767559142105057,25.076642741378677
2847,-3.825519142105051,25.076642741378677
2848,-3.8834791421050596,25.076642741378677
2849,-3.941439142105054,25.076642741378677
2850,-3.9993991421050623,25.076642741378677
2851,-4.0573591421050565,25.076642741378677
2852,-4.115319142105051,25.076642741378677
2853,-4.173279142105059,25.018682741378683
2854,-4.2312391421050535,25.018682741378683
2855,-4.289199142105062,25.018682741378683
2856,-4.347159142105056,25.018682741378683
2857,-4.40511914210505,25.018682741378683
2858,-4.463079142105059,25.018682741378683
2859,-4.521039142105053,25.018682741378683
2860,-4.5789991421050615,25.018682741378683
2861,-4.636959142105056,25.018682741378683
2862,-4.694919142105064,25.018682741378683
2863,-4.7528791421050585,25.018682741378683
2864,-4.810839142105053,25.018682741378683
2865,-4.868799142105061,25.018682741378683
2866,-4.926759142105055,25.018682741378683
2867,-4.984719142105064,25.018682741378683
2868,-5.042679142105058,25.018682741378683
2869,-5.100639142105052,25.018682741378683
2870,-5.158599142105061,25.018682741378683
2871,-5.216559142105055,25.018682741378683
2872,-5.2745191421050635,25.018682741378683
2873,-5.332479142105058,25.018682741378683
2874,-5.390439142105052,25.018682741378683
2875,-5.44839914210506,25.018682741378683
2876,-5.506359142105055,25.018682741378683
2877,-5.564319142105063,25.018682741378683
2878,-5.622279142105057,25.018682741378683
2879,-5.6802391421050515,25.018682741378683
2880,-5.73819914210506,25.018682741378683
2881,-5.796159142105054,25.018682741378683
2882,-5.854119142105063,25.018682741378683
2883,-5.912079142105057,25.018682741378683
2884,-5.970039142105051,25.018682741378683
2885,-6.02799914210506,25.018682741378683
2886,-6.085959142105054,25.018682741378683
2887,-6.143919142105062,25.018682741378683
2888,-6.2018791421050565,25.018682741378683
2889,-6.259839142105051,25.018682741378683
2890,-6.317799142105059,25.018682741378683
2891,-6.3757591421050535,25.018682741378683
2892,-6.433719142105062,25.018682741378683
2893,-6.491679142105056,25.018682741378683
2894,-6.54963914210505,25.018682741378683
2895,-6.607599142105059,25.018682741378683
2896,-6.665559142105053,25.018682741378683
2897,-6.7235191421050615,25.018682741378683
2898,-6.781479142105056,25.018682741378683
2899,-6.839439142105064,25.018682741378683
2900,-6.8973991421050584,25.018682741378683
2901,-6.955359142105053,25.018682741378683
2902,-7.013319142105061,25.018682741378683
2903,-7.071279142105055,25.018682741378683
2904,-7.129239142105064,25.018682741378683
2905,-7.187199142105058,25.018682741378683
2906,-7.245159142105052,25.018682741378683
2907,-7.303119142105061,25.018682741378683
2908,-7.361079142105055,25.018682741378683
2909,-7.419039142105063,25.018682741378683
2910,-7.476999142105058,25.018682741378683
2911,-7.534959142105052,25.018682741378683
2912,-7.59291914210506,25.018682741378683
2913,-7.650879142105055,25.018682741378683
2914,-7.708839142105063,25.018682741378683
2915,-7.766799142105057,25.018682741378683
2916,-7.8247591421050515,25.018682741378683
2917,-7.88271914210506,25.018682741378683
2918,-7.940679142105054,25.018682741378683
2919,-7.998639142105063,25.018682741378683
2920,-8.056599142105057,25.018682741378683
2921,-8.114559142105051,25.018682741378683
2922,-8.17251914210506,25.018682741378683
2923,-8.230479142105054,25.018682741378683
2924,-8.288439142105062,25.018682741378683
2925,-8.346399142105057,25.018682741378683
2926,-8.40435914210505,25.018682741378683
2927,-8.46231914210506,25.018682741378683
2928,-8.520279142105053,25.018682741378683
2929,-8.578239142105062,25.018682741378683
2930,-8.636199142105056,25.018682741378683
2931,-8.69415914210505,25.018682741378683
2932,-8.752119142105059,25.018682741378683
2933,-8.810079142105053,25.018682741378683
2934,-8.868039142105062,25.018682741378683
2935,-8.925999142105056,25.018682741378683
2936,-8.98395914210505,25.018682741378683
2937,-9.041919142105058,25.018682741378683
2938,-9.099879142105053,25.018682741378683
2939,-9.157839142105061,25.018682741378683
2940,-9.215799142105055,25.018682741378683
2941,-9.273759142105064,25.018682741378683
2942,-9.331719142105058,25.018682741378683
2943,-9.389679142105052,25.018682741378683
2944,-9.44763914210506,25.018682741378683
2945,-9.505599142105055,25.018682741378683
2946,-9.563559142105063,25.018682741378683
2947,-9.621519142105058,25.018682741378683
2948,-9.679479142105052,25.018682741378683
2949,-9.73743914210506,25.018682741378683
2950,-9.795399142105055,25.018682741378683
2951,-9.853359142105063,25.018682741378683
2952,-9.911319142105057,25.018682741378683
2953,-9.969279142105052,25.018682741378683
2954,-10.02723914210506,25.018682741378683
2955,-10.085199142105054,25.018682741378683
2956,-10.143159142105063,25.018682741378683
2957,-10.201119142105057,25.018682741378683
2958,-10.259079142105051,25.018682741378683
2959,-10.31703914210506,25.018682741378683
2960,-10.374999142105054,25.018682741378683
2961,-10.432959142105062,25.018682741378683
2962,-10.490919142105056,25.018682741378683
2963,-10.54887914210505,25.018682741378683
2964,-10.60683914210506,25.018682741378683
2965,-10.664799142105053,25.018682741378683
2966,-10.722759142105062,25.018682741378683
2967,-10.780719142105056,25.018682741378683
2968,-10.83867914210505,25.018682741378683
2969,-10.896639142105059,25.018682741378683
2970,-10.954599142105053,25.018682741378683
2971,-11.012559142105061,25.018682741378683
2972,-11.070519142105056,25.018682741378683
2973,-11.12847914210505,25.018682741378683
2974,-11.186439142105058,25.018682741378683
2975,-11.244399142105053,25.018682741378683
2976,-11.302359142105061,25.018682741378683
2977,-11.360319142105055,25.018682741378683
2978,-11.418279142105064,25.018682741378683
2979,-11.476239142105058,25.018682741378683
2980,-11.534199142105052,25.018682741378683
2981,-11.59215914210506,25.018682741378683
2982,-11.650119142105055,25.018682741378683
2983,-11.708079142105063,25.018682741378683
2984,-11.766039142105058,25.018682741378683
2985,-11.823999142105052,25.018682741378683
2986,-11.88195914210506,25.018682741378683
2987,-11.939919142105055,25.018682741378683
2988,-11.997879142105063,25.018682741378683
2989,-12.055839142105057,25.018682741378683
2990,-12.113799142105051,25.018682741378683
2991,-12.17175914210506,25.018682741378683
2992,-12.229719142105054,25.018682741378683
2993,-12.287679142105063,25.018682741378683
2994,-12.345639142105057,25.018682741378683
2995,-12.403599142105051,25.018682741378683
2996,-12.46155914210506,25.018682741378683
2997,-12.519519142105054,25.018682741378683
2998,-12.577479142105062,25.018682741378683
2999,-12.635439142105056,25.018682741378683
3000,-12.69339914210505,25.018682741378683
3001,-12.75135914210506,25.018682741378683
3002,-12.809319142105053,25.018682741378683
3003,-12.867279142105062,25.018682741378683
3004,-12.925239142105056,25.018682741378683
3005,-12.98319914210505,25.018682741378683
3006,-13.041159142105059,25.018682741378683
3007,-13.099119142105053,25.018682741378683
3008,-13.157079142105061,25.018682741378683
3009,-13.215039142105056,25.018682741378683
3010,-13.27299914210505,25.018682741378683
3011,-13.330959142105058,25.018682741378683
3012,-13.388919142105053,25.018682741378683
3013,-13.446879142105061,25.018682741378683
3014,-13.504839142105055,25.018682741378683
3015,-13.562799142105064,25.018682741378683
3016,-13.620759142105058,25.018682741378683
3017,-13.678719142105052,25.018682741378683
3018,-13.73667914210506,25.018682741378683
3019,-13.794639142105055,25.018682741378683
3020,-13.852599142105063,25.018682741378683
3021,-13.910559142105058,25.018682741378683
3022,-13.968519142105052,25.018682741378683
3023,-14.02647914210506,25.018682741378683
3024,-14.084439142105055,25.018682741378683
3025,-14.142399142105063,25.018682741378683
3026,-14.200359142105057,25.018682741378683
3027,-14.258319142105051,25.018682741378683
3028,-14.31627914210506,25.018682741378683
3029,-14.374239142105054,25.018682741378683
3030,-14.432199142105063,25.018682741378683
3031,-14.490159142105057,25.018682741378683
3032,-14.548119142105051,25.018682741378683
3033,-14.60607914210506,25.018682741378683
3034,-14.664039142105054,25.018682741378683
3035,-14.721999142105062,25.018682741378683
3036,-14.779959142105056,25.018682741378683
3037,-14.83791914210505,24.96072274137868
3038,-14.89587914210506,24.96072274137868
3039,-14.953839142105053,24.96072274137868
3040,-15.011799142105062,24.96072274137868
3041,-15.069759142105056,24.96072274137868
3042,-15.12771914210505,24.96072274137868
3043,-15.185679142105059,24.96072274137868
3044,-15.243639142105053,24.96072274137868
3045,-15.301599142105061,24.96072274137868
3046,-15.359559142105056,24.96072274137868
3047,-15.41751914210505,24.96072274137868
3048,-15.475479142105058,24.96072274137868
3049,-15.533439142105053,24.96072274137868
3050,-15.591399142105061,24.96072274137868
3051,-15.649359142105055,24.96072274137868
3052,-15.707319142105064,24.96072274137868
3053,-15.765279142105058,24.96072274137868
3054,-15.823239142105052,24.96072274137868
3055,-15.88119914210506,24.96072274137868
3056,-15.939159142105055,24.96072274137868
3057,-15.997119142105063,24.96072274137868
3058,-16.055079142105058,24.96072274137868
3059,-16.113039142105052,24.96072274137868
3060,-16.17099914210506,24.96072274137868
3061,-16.228959142105055,24.96072274137868
3062,-16.286919142105063,24.90276274137868
3063,-16.344879142105057,24.90276274137868
3064,-16.40283914210505,24.90276274137868
3065,-16.46079914210506,24.90276274137868
3066,-16.518759142105054,24.90276274137868
3067,-16.576719142105063,24.90276274137868
3068,-16.634679142105057,24.90276274137868
3069,-16.69263914210505,24.90276274137868
3070,-16.75059914210506,24.90276274137868
3071,-16.808559142105054,24.90276274137868
3072,-16.866519142105062,24.90276274137868
3073,-16.924479142105056,24.90276274137868
3074,-16.98243914210505,24.90276274137868
3075,-17.04039914210506,24.90276274137868
3076,-17.098359142105053,24.90276274137868
3077,-17.156319142105062,24.90276274137868
3078,-17.214279142105056,24.90276274137868
3079,-17.27223914210505,24.90276274137868
3080,-17.33019914210506,24.90276274137868
3081,-17.388159142105053,24.90276274137868
3082,-17.44611914210506,24.90276274137868
3083,-17.504079142105056,24.90276274137868
3084,-17.56203914210505,24.84480274137868
3085,-17.61999914210506,24.84480274137868
3086,-17.677959142105053,24.84480274137868
3087,-17.73591914210506,24.84480274137868
3088,-17.793879142105055,24.84480274137868
3089,-17.851839142105064,24.84480274137868
3090,-17.909799142105058,24.84480274137868
3091,-17.967759142105052,24.84480274137868
3092,-18.02571914210506,24.84480274137868
3093,-18.083679142105055,24.84480274137868
3094,-18.141639142105063,24.84480274137868
3095,-18.199599142105058,24.84480274137868
3096,-18.257559142105052,24.84480274137868
3097,-18.31551914210506,24.84480274137868
3098,-18.373479142105055,24.84480274137868
3099,-18.431439142105063,24.84480274137868
3100,-18.489399142105057,24.84480274137868
3101,-18.54735914210505,24.84480274137868
3102,-18.60531914210506,24.84480274137868
3103,-18.663279142105054,24.84480274137868
3104,-18.721239142105063,24.84480274137868
3105,-18.779199142105057,24.786842741378678
3106,-18.83715914210505,24.786842741378678
3107,-18.89511914210506,24.786842741378678
3108,-18.953079142105054,24.786842741378678
3109,-19.011039142105062,24.786842741378678
3110,-19.068999142105056,24.786842741378678
3111,-19.12695914210505,24.786842741378678
3112,-19.18491914210506,24.786842741378678
3113,-19.242879142105053,24.786842741378678
3114,-19.300839142105062,24.786842741378678
3115,-19.358799142105056,24.786842741378678
3116,-19.41675914210505,24.786842741378678
3117,-19.47471914210506,24.786842741378678
3118,-19.532679142105053,24.786842741378678
3119,-19.59063914210506,24.786842741378678
3120,-19.648599142105056,24.786842741378678
3121,-19.70655914210505,24.786842741378678
3122,-19.76451914210506,24.786842741378678
3123,-19.822479142105053,24.786842741378678
3124,-19.88043914210506,24.728882741378683
3125,-19.938399142105055,24.728882741378683
3126,-19.99635914210505,24.728882741378683
3127,-20.054319142105058,24.728882741378683
3128,-20.112279142105052,24.728882741378683
3129,-20.17023914210506,24.728882741378683
3130,-20.228199142105055,24.728882741378683
3131,-20.286159142105063,24.728882741378683
3132,-20.344119142105058,24.728882741378683
3133,-20.402079142105052,24.728882741378683
3134,-20.46003914210506,24.728882741378683
3135,-20.517999142105054,24.728882741378683
3136,-20.575959142105063,24.728882741378683
3137,-20.633919142105057,24.670922741378682
3138,-20.69187914210505,24.670922741378682
3139,-20.74983914210506,24.670922741378682
3140,-20.807799142105054,24.670922741378682
3141,-20.865759142105055,24.670922741378682
3142,-20.923719142105057,24.670922741378682
3143,-20.981679142105058,24.670922741378682
3144,-21.03963914210506,24.670922741378682
3145,-21.097599142105054,24.61296274137868
3146,-21.155559142105055,24.61296274137868
3147,-21.213519142105056,24.61296274137868
3148,-21.271479142105058,24.61296274137868
3149,-21.32943914210506,24.61296274137868
3150,-21.387399142105053,24.61296274137868
3151,-21.445359142105055,24.61296274137868
3152,-21.503319142105056,24.61296274137868
3153,-21.561279142105057,24.61296274137868
3154,-21.61923914210506,24.61296274137868
3155,-21.67719914210506,24.55500274137868
3156,-21.735159142105054,24.55500274137868
3157,-21.793119142105056,24.55500274137868
3158,-21.851079142105057,24.55500274137868
3159,-21.90903914210506,24.55500274137868
3160,-21.96699914210506,24.55500274137868
3161,-22.024959142105054,24.55500274137868
3162,-22.082919142105055,24.55500274137868
3163,-22.140879142105057,24.55500274137868
3164,-22.198839142105058,24.497042741378678
3165,-22.25679914210506,24.497042741378678
3166,-22.314759142105054,24.497042741378678
3167,-22.372719142105055,24.497042741378678
3168,-22.430679142105056,24.497042741378678
3169,-22.488639142105058,24.497042741378678
3170,-22.54659914210506,24.439082741378677
3171,-22.604559142105053,24.439082741378677
3172,-22.662519142105054,24.439082741378677
3173,-22.720479142105056,24.439082741378677
3174,-22.778439142105057,24.381122741378682
3175,-22.83639914210506,24.381122741378682
3176,-22.89435914210506,24.381122741378682
3177,-22.952319142105054,24.381122741378682
3178,-23.010279142105055,24.381122741378682
3179,-23.068239142105057,24.381122741378682
3180,-23.126199142105058,24.32316274137868
3181,-23.18415914210506,24.32316274137868
3182,-23.242119142105054,24.32316274137868
3183,-23.300079142105055,24.32316274137868
3184,-23.358039142105056,24.32316274137868
3185,-23.415999142105058,24.32316274137868
3186,-23.47395914210506,24.26520274137868
3187,-23.531919142105053,24.26520274137868
3188,-23.589879142105055,24.26520274137868
3189,-23.647839142105056,24.26520274137868
3190,-23.705799142105057,24.20724274137868
3191,-23.76375914210506,24.20724274137868
3192,-23.821719142105053,24.20724274137868
3193,-23.879679142105054,24.20724274137868
3194,-23.937639142105056,24.149282741378677
3195,-23.995599142105057,24.149282741378677
3196,-24.05355914210506,24.149282741378677
3197,-24.11151914210506,24.091322741378683
3198,-24.169479142105054,24.091322741378683
3199,-24.227439142105055,24.091322741378683
3200,-24.285399142105057,24.091322741378683
3201,-24.343359142105058,24.03336274137868
3202,-24.40131914210506,24.03336274137868
3203,-24.459279142105053,24.03336274137868
3204,-24.517239142105055,23.97540274137868
3205,-24.575199142105056,23.97540274137868
3206,-24.633159142105058,23.97540274137868
3207,-24.69111914210506,23.91744274137868
3208,-24.749079142105053,23.91744274137868
3209,-24.807039142105054,23.91744274137868
3210,-24.864999142105056,23.91744274137868
3211,-24.922959142105057,23.859482741378677
3212,-24.98091914210506,23.859482741378677
3213,-25.03887914210506,23.859482741378677
3214,-25.096839142105054,23.801522741378683
3215,-25.154799142105055,23.801522741378683
3216,-25.212759142105057,23.743562741378682
3217,-25.270719142105058,23.743562741378682
3218,-25.32867914210506,23.743562741378682
3219,-25.386639142105054,23.68560274137868
3220,-25.444599142105055,23.68560274137868
3221,-25.502559142105056,23.68560274137868
3222,-25.560519142105058,23.62764274137868
3223,-25.61847914210506,23.62764274137868
3224,-25.676439142105053,23.569682741378678
3225,-25.734399142105055,23.569682741378678
3226,-25.792359142105056,23.511722741378676
3227,-25.850319142105057,23.511722741378676
3228,-25.90827914210506,23.453762741378682
3229,-25.966239142105053,23.453762741378682
3230,-26.024199142105054,23.453762741378682
3231,-26.082159142105056,23.39580274137868
3232,-26.140119142105057,23.39580274137868
3233,-26.19807914210506,23.33784274137868
3234,-26.25603914210506,23.279882741378678
3235,-26.313999142105054,23.279882741378678
3236,-26.371959142105055,23.221922741378677
3237,-26.429919142105057,23.221922741378677
3238,-26.487879142105058,23.163962741378683
3239,-26.54583914210506,23.163962741378683
3240,-26.603799142105053,23.10600274137868
3241,-26.661759142105055,23.10600274137868
3242,-26.719719142105056,23.04804274137868
3243,-26.777679142105058,23.04804274137868
3244,-26.83563914210506,22.99008274137868
3245,-26.893599142105053,22.99008274137868
3246,-26.951559142105054,22.932122741378677
3247,-27.009519142105056,22.874162741378683
3248,-27.067479142105057,22.874162741378683
3249,-27.12543914210506,22.81620274137868
3250,-27.18339914210506,22.75824274137868
3251,-27.241359142105054,22.75824274137868
3252,-27.299319142105055,22.70028274137868
3253,-27.357279142105057,22.642322741378678
3254,-27.415239142105058,22.642322741378678
3255,-27.47319914210506,22.584362741378683
3256,-27.531159142105054,22.526402741378682
3257,-27.589119142105055,22.46844274137868
3258,-27.647079142105056,22.46844274137868
3259,-27.705039142105058,22.41048274137868
3260,-27.76299914210506,22.352522741378678
3261,-27.820959142105053,22.352522741378678
3262,-27.878919142105055,22.294562741378677
3263,-27.936879142105056,22.236602741378682
3264,-27.994839142105057,22.17864274137868
3265,-28.05279914210506,22.17864274137868
3266,-28.110759142105053,22.12068274137868
3267,-28.168719142105054,22.06272274137868
3268,-28.226679142105056,22.004762741378677
3269,-28.284639142105057,22.004762741378677
3270,-28.34259914210506,21.946802741378683
3271,-28.40055914210506,21.88884274137868
3272,-28.458519142105054,21.83088274137868
3273,-28.516479142105055,21.83088274137868
3274,-28.574439142105057,21.77292274137868
3275,-28.632399142105058,21.714962741378677
3276,-28.69035914210506,21.657002741378683
3277,-28.748319142105053,21.657002741378683
3278,-28.806279142105055,21.599042741378682
3279,-28.864239142105056,21.54108274137868
3280,-28.922199142105057,21.48312274137868
3281,-28.98015914210506,21.425162741378678
3282,-29.038119142105053,21.425162741378678
3283,-29.096079142105054,21.367202741378676
3284,-29.154039142105056,21.309242741378682
3285,-29.211999142105057,21.25128274137868
3286,-29.26995914210506,21.19332274137868
3287,-29.327919142105053,21.19332274137868
3288,-29.385879142105054,21.135362741378678
3289,-29.443839142105055,21.077402741378677
3290,-29.501799142105057,21.019442741378683
3291,-29.559759142105058,20.96148274137868
3292,-29.61771914210506,20.90352274137868
3293,-29.675679142105054,20.90352274137868
3294,-29.733639142105055,20.84556274137868
3295,-29.791599142105056,20.787602741378677
3296,-29.849559142105058,20.729642741378683
3297,-29.90751914210506,20.67168274137868
3298,-29.965479142105053,20.61372274137868
3299,-30.023439142105055,20.55576274137868
3300,-30.081399142105056,20.497802741378678
3301,-30.139359142105057,20.439842741378683
3302,-30.19731914210506,20.381882741378682
3303,-30.255279142105053,20.32392274137868
3304,-30.313239142105054,20.26596274137868
3305,-30.371199142105056,20.208002741378678
3306,-30.429159142105057,20.150042741378677
3307,-30.429159142105057,20.092082741378682
3308,-30.48711914210506,20.03412274137868
3309,-30.54507914210506,19.97616274137868
3310,-30.603039142105054,19.91820274137868
3311,-30.660999142105055,19.860242741378677
3312,-30.718959142105057,19.802282741378683
3313,-30.718959142105057,19.74432274137868
3314,-30.776919142105058,19.68636274137868
3315,-30.83487914210506,19.62840274137868
3316,-30.892839142105053,19.570442741378677
3317,-30.892839142105053,19.512482741378683
3318,-30.950799142105055,19.454522741378682
3319,-31.008759142105056,19.39656274137868
3320,-31.008759142105056,19.33860274137868
3321,-31.066719142105057,19.280642741378678
3322,-31.12467914210506,19.222682741378684
3323,-31.182639142105053,19.164722741378682
3324,-31.182639142105053,19.10676274137868
3325,-31.240599142105054,19.04880274137868
3326,-31.298559142105056,18.99084274137868
3327,-31.298559142105056,18.932882741378677
3328,-31.356519142105057,18.874922741378683
3329,-31.41447914210506,18.81696274137868
3330,-31.472439142105053,18.75900274137868
3331,-31.472439142105053,18.70104274137868
3332,-31.530399142105054,18.643082741378677
3333,-31.588359142105055,18.585122741378683
3334,-31.588359142105055,18.52716274137868
3335,-31.646319142105057,18.46920274137868
3336,-31.704279142105058,18.41124274137868
3337,-31.76223914210506,18.353282741378678
3338,-31.76223914210506,18.295322741378683
3339,-31.820199142105054,18.237362741378682
3340,-31.878159142105055,18.17940274137868
3341,-31.936119142105056,18.12144274137868
3342,-31.936119142105056,18.063482741378678
3343,-31.994079142105058,18.005522741378677
3344,-32.05203914210506,17.947562741378682
3345,-32.10999914210505,17.88960274137868
3346,-32.10999914210505,17.83164274137868
3347,-32.167959142105055,17.77368274137868
3348,-32.225919142105056,17.715722741378677
3349,-32.28387914210506,17.657762741378683
3350,-32.34183914210506,17.59980274137868
3351,-32.39979914210505,17.54184274137868
3352,-32.457759142105054,17.48388274137868
3353,-32.515719142105056,17.425922741378677
3354,-32.57367914210506,17.367962741378683
3355,-32.63163914210506,17.310002741378682
3356,-32.68959914210506,17.25204274137868
3357,-32.747559142105054,17.19408274137868
3358,-32.805519142105055,17.136122741378678
3359,-32.86347914210506,17.078162741378684
3360,-32.92143914210506,17.020202741378682
3361,-32.97939914210506,16.96224274137868
3362,-33.03735914210505,16.90428274137868
3363,-33.095319142105055,16.90428274137868
3364,-33.153279142105056,16.84632274137868
3365,-33.21123914210506,16.788362741378677
3366,-33.26919914210506,16.730402741378683
3367,-33.32715914210505,16.730402741378683
3368,-33.385119142105054,16.67244274137868
3369,-33.443079142105056,16.67244274137868
3370,-33.50103914210506,16.61448274137868
3371,-33.55899914210506,16.55652274137868
3372,-33.61695914210505,16.55652274137868
3373,-33.674919142105054,16.498562741378677
3374,-33.732879142105055,16.498562741378677
3375,-33.79083914210506,16.440602741378683
3376,-33.84879914210506,16.440602741378683
3377,-33.90675914210506,16.38264274137868
3378,-33.964719142105054,16.38264274137868
3379,-34.022679142105055,16.32468274137868
3380,-34.080639142105056,16.32468274137868
3381,-34.13859914210506,16.26672274137868
3382,-34.19655914210506,16.26672274137868
3383,-34.25451914210505,16.26672274137868
3384,-34.312479142105055,16.208762741378678
3385,-34.370439142105056,16.208762741378678
3386,-34.42839914210506,16.150802741378683
3387,-34.48635914210506,16.150802741378683
3388,-34.54431914210505,16.150802741378683
3389,-34.602279142105054,16.092842741378682
3390,-34.660239142105056,16.092842741378682
3391,-34.71819914210506,16.092842741378682
3392,-34.77615914210506,16.03488274137868
3393,-34.83411914210505,16.03488274137868
3394,-34.892079142105054,15.97692274137868
3395,-34.950039142105055,15.97692274137868
3396,-35.00799914210506,15.97692274137868
3397,-35.06595914210506,15.918962741378678
3398,-35.12391914210506,15.918962741378678
3399,-35.18187914210505,15.918962741378678
3400,-35.239839142105055,15.918962741378678
3401,-35.297799142105056,15.861002741378677
3402,-35.35575914210506,15.861002741378677
3403,-35.41371914210506,15.861002741378677
3404,-35.47167914210505,15.861002741378677
3405,-35.529639142105054,15.861002741378677
3406,-35.587599142105056,15.803042741378682
3407,-35.64555914210506,15.803042741378682
3408,-35.70351914210506,15.803042741378682
3409,-35.76147914210505,15.803042741378682
3410,-35.819439142105054,15.745082741378681
3411,-35.877399142105055,15.745082741378681
3412,-35.93535914210506,15.745082741378681
3413,-35.99331914210506,15.745082741378681
3414,-36.05127914210506,15.745082741378681
3415,-36.109239142105054,15.745082741378681
3416,-36.167199142105055,15.745082741378681
3417,-36.225159142105056,15.745082741378681
3418,-36.28311914210506,15.68712274137868
3419,-36.34107914210506,15.68712274137868
3420,-36.39903914210505,15.68712274137868
3421,-36.456999142105055,15.68712274137868
3422,-36.514959142105056,15.68712274137868
3423,-36.57291914210506,15.68712274137868
3424,-36.63087914210506,15.68712274137868
3425,-36.68883914210505,15.68712274137868
3426,-36.746799142105054,15.68712274137868
3427,-36.804759142105056,15.68712274137868
3428,-36.86271914210506,15.629162741378678
3429,-36.92067914210506,15.629162741378678
3430,-36.97863914210505,15.629162741378678
3431,-37.036599142105054,15.629162741378678
3432,-37.094559142105055,15.629162741378678
3433,-37.15251914210506,15.629162741378678
3434,-37.21047914210506,15.68712274137868
3435,-37.26843914210506,15.68712274137868
3436,-37.32639914210505,15.68712274137868
3437,-37.384359142105055,15.68712274137868
3438,-37.442319142105056,15.68712274137868
3439,-37.50027914210506,15.68712274137868
3440,-37.55823914210506,15.68712274137868
3441,-37.61619914210505,15.68712274137868
3442,-37.674159142105054,15.68712274137868
3443,-37.732119142105056,15.68712274137868
3444,-37.79007914210506,15.745082741378681
3445,-37.84803914210506,15.745082741378681
3446,-37.90599914210505,15.745082741378681
3447,-37.963959142105054,15.745082741378681
3448,-38.021919142105055,15.745082741378681
3449,-38.07987914210506,15.745082741378681
3450,-38.13783914210506,15.745082741378681
3451,-38.19579914210506,15.803042741378682
3452,-38.253759142105054,15.803042741378682
3453,-38.311719142105055,15.803042741378682
3454,-38.369679142105056,15.803042741378682
3455,-38.42763914210506,15.803042741378682
3456,-38.48559914210506,15.861002741378677
3457,-38.54355914210505,15.861002741378677
3458,-38.601519142105055,15.861002741378677
3459,-38.659479142105056,15.861002741378677
3460,-38.71743914210506,15.918962741378678
3461,-38.77539914210506,15.918962741378678
3462,-38.83335914210505,15.97692274137868
3463,-38.891319142105054,15.97692274137868
3464,-38.949279142105055,15.97692274137868
3465,-39.00723914210506,15.97692274137868
3466,-39.06519914210506,16.03488274137868
3467,-39.12315914210505,16.03488274137868
3468,-39.181119142105054,16.092842741378682
3469,-39.239079142105055,16.092842741378682
3470,-39.297039142105056,16.092842741378682
3471,-39.35499914210506,16.150802741378683
3472,-39.41295914210506,16.150802741378683
3473,-39.47091914210505,16.208762741378678
3474,-39.528879142105055,16.208762741378678
3475,-39.586839142105056,16.26672274137868
3476,-39.64479914210506,16.26672274137868
3477,-39.70275914210506,16.32468274137868
3478,-39.76071914210505,16.38264274137868
3479,-39.818679142105054,16.38264274137868
3480,-39.876639142105056,16.440602741378683
3481,-39.93459914210506,16.440602741378683
3482,-39.99255914210506,16.498562741378677
3483,-40.05051914210505,16.498562741378677
3484,-40.108479142105054,16.55652274137868
3485,-40.166439142105055,16.61448274137868
3486,-40.22439914210506,16.61448274137868
3487,-40.28235914210506,16.67244274137868
3488,-40.34031914210506,16.730402741378683
3489,-40.39827914210505,16.788362741378677
3490,-40.456239142105055,16.788362741378677
3491,-40.514199142105056,16.84632274137868
3492,-40.57215914210506,16.90428274137868
3493,-40.63011914210506,16.96224274137868
3494,-40.68807914210505,17.020202741378682
3495,-40.746039142105055,17.020202741378682
3496,-40.803999142105056,17.078162741378684
3497,-40.86195914210506,17.136122741378678
3498,-40.91991914210506,17.19408274137868
3499,-40.97787914210505,17.25204274137868
3500,-41.035839142105054,17.310002741378682
3501,-41.093799142105055,17.367962741378683
3502,-41.15175914210506,17.425922741378677
3503,-41.20971914210506,17.48388274137868
3504,-41.26767914210505,17.54184274137868
3505,-41.325639142105054,17.59980274137868
3506,-41.383599142105055,17.657762741378683
3507,-41.441559142105056,17.715722741378677
3508,-41.441559142105056,17.77368274137868
3509,-41.49951914210506,17.83164274137868
3510,-41.55747914210506,17.88960274137868
3511,-41.61543914210505,17.947562741378682
3512,-41.673399142105055,18.005522741378677
3513,-41.673399142105055,18.063482741378678
3514,-41.731359142105056,18.12144274137868
3515,-41.78931914210506,18.17940274137868
3516,-41.84727914210506,18.237362741378682
3517,-41.90523914210505,18.295322741378683
3518,-41.90523914210505,18.353282741378678
3519,-41.963199142105054,18.41124274137868
3520,-42.021159142105056,18.46920274137868
3521,-42.021159142105056,18.52716274137868
3522,-42.07911914210506,18.585122741378683
3523,-42.13707914210506,18.643082741378677
3524,-42.13707914210506,18.70104274137868
3525,-42.19503914210505,18.75900274137868
3526,-42.252999142105054,18.81696274137868
3527,-42.252999142105054,18.874922741378683
3528,-42.310959142105055,18.932882741378677
3529,-42.310959142105055,18.99084274137868
3530,-42.36891914210506,19.04880274137868
3531,-42.42687914210506,19.10676274137868
3532,-42.42687914210506,19.164722741378682
3533,-42.48483914210505,19.222682741378684
3534,-42.48483914210505,19.280642741378678
3535,-42.54279914210505,19.33860274137868
3536,-42.54279914210505,19.39656274137868
3537,-42.600759142105055,19.454522741378682
3538,-42.658719142105056,19.512482741378683
3539,-42.658719142105056,19.570442741378677
3540,-42.71667914210506,19.62840274137868
3541,-42.71667914210506,19.68636274137868
3542,-42.77463914210506,19.74432274137868
3543,-42.77463914210506,19.802282741378683
3544,-42.83259914210505,19.860242741378677
3545,-42.83259914210505,19.91820274137868
3546,-42.890559142105054,19.97616274137868
3547,-42.948519142105056,20.03412274137868
3548,-42.948519142105056,20.092082741378682
3549,-43.00647914210506,20.150042741378677
3550,-43.00647914210506,20.208002741378678
3551,-43.06443914210506,20.26596274137868
3552,-43.06443914210506,20.32392274137868
3553,-43.12239914210505,20.381882741378682
3554,-43.12239914210505,20.439842741378683
3555,-43.180359142105054,20.497802741378678
3556,-43.238319142105055,20.55576274137868
3557,-43.238319142105055,20.61372274137868
3558,-43.29627914210506,20.67168274137868
3559,-43.29627914210506,20.729642741378683
3560,-43.35423914210506,20.787602741378677
3561,-43.35423914210506,20.84556274137868
3562,-43.41219914210505,20.90352274137868
3563,-43.470159142105054,20.96148274137868
3564,-43.470159142105054,21.019442741378683
3565,-43.528119142105055,21.077402741378677
3566,-43.528119142105055,21.135362741378678
3567,-43.586079142105056,21.19332274137868
3568,-43.586079142105056,21.25128274137868
3569,-43.64403914210506,21.309242741378682
3570,-43.70199914210506,21.367202741378676
3571,-43.70199914210506,21.425162741378678
3572,-43.75995914210505,21.48312274137868
3573,-43.75995914210505,21.54108274137868
3574,-43.817919142105055,21.599042741378682
3575,-43.875879142105056,21.657002741378683
3576,-43.875879142105056,21.714962741378677
3577,-43.93383914210506,21.77292274137868
3578,-43.93383914210506,21.83088274137868
3579,-43.99179914210506,21.88884274137868
3580,-43.99179914210506,21.946802741378683
3581,-44.04975914210505,22.004762741378677
3582,-44.107719142105054,22.06272274137868
3583,-44.107719142105054,22.12068274137868
3584,-44.165679142105056,22.17864274137868
3585,-44.165679142105056,22.236602741378682
3586,-44.22363914210506,22.294562741378677
3587,-44.28159914210506,22.352522741378678
3588,-44.28159914210506,22.41048274137868
3589,-44.33955914210505,22.46844274137868
3590,-44.33955914210505,22.526402741378682
3591,-44.397519142105054,22.584362741378683
3592,-44.455479142105055,22.642322741378678
3593,-44.455479142105055,22.70028274137868
3594,-44.51343914210506,22.75824274137868
3595,-44.51343914210506,22.81620274137868
3596,-44.57139914210506,22.874162741378683
3597,-44.62935914210505,22.932122741378677
3598,-44.62935914210505,22.99008274137868
3599,-44.68731914210505,23.04804274137868
3600,-44.68731914210505,23.10600274137868
3601,-44.745279142105055,23.163962741378683
3602,-44.745279142105055,23.221922741378677
3603,-44.803239142105056,23.279882741378678
3604,-44.86119914210506,23.33784274137868
3605,-44.86119914210506,23.39580274137868
3606,-44.91915914210506,23.453762741378682
3607,-44.91915914210506,23.511722741378676
3608,-44.97711914210505,23.569682741378678
3609,-45.035079142105054,23.62764274137868
3610,-45.035079142105054,23.68560274137868
3611,-45.093039142105056,23.743562741378682
3612,-45.093039142105056,23.801522741378683
3613,-45.15099914210506,23.859482741378677
3614,-45.15099914210506,23.91744274137868
3615,-45.20895914210506,23.97540274137868
3616,-45.26691914210505,24.03336274137868
3617,-45.26691914210505,24.091322741378683
3618,-45.324879142105054,24.149282741378677
3619,-45.324879142105054,24.20724274137868
3620,-45.382839142105055,24.26520274137868
3621,-45.382839142105055,24.32316274137868
3622,-45.44079914210506,24.381122741378682
3623,-45.49875914210506,24.439082741378677
3624,-45.49875914210506,24.497042741378678
3625,-45.55671914210505,24.55500274137868
3626,-45.55671914210505,24.61296274137868
3627,-45.614679142105054,24.670922741378682
3628,-45.614679142105054,24.728882741378683
3629,-45.672639142105055,24.786842741378678
3630,-45.730599142105056,24.84480274137868
3631,-45.730599142105056,24.90276274137868
3632,-45.78855914210506,24.96072274137868
3633,-45.78855914210506,25.018682741378683
3634,-45.84651914210506,25.076642741378677
3635,-45.84651914210506,25.13460274137868
3636,-45.90447914210505,25.19256274137868
3637,-45.90447914210505,25.25052274137868
3638,-45.962439142105055,25.308482741378683
3639,-46.020399142105056,25.366442741378677
3640,-46.020399142105056,25.424402741378678
3641,-46.07835914210506,25.48236274137868
3642,-46.07835914210506,25.54032274137868
3643,-46.13631914210506,25.598282741378682
3644,-46.13631914210506,25.656242741378676
3645,-46.19427914210505,25.714202741378678
3646,-46.19427914210505,25.77216274137868
3647,-46.252239142105054,25.83012274137868
3648,-46.252239142105054,25.888082741378682
3649,-46.310199142105056,25.946042741378683
3650,-46.36815914210506,26.004002741378677
3651,-46.36815914210506,26.06196274137868
3652,-46.42611914210506,26.11992274137868
3653,-46.42611914210506,26.17788274137868
3654,-46.48407914210505,26.235842741378683
3655,-46.48407914210505,26.293802741378677
3656,-46.542039142105054,26.35176274137868
3657,-46.542039142105054,26.40972274137868
3658,-46.599999142105055,26.46768274137868
3659,-46.599999142105055,26.525642741378682
3660,-46.65795914210506,26.583602741378677
3661,-46.65795914210506,26.641562741378678
3662,-46.71591914210506,26.69952274137868
3663,-46.77387914210505,26.75748274137868
3664,-46.77387914210505,26.815442741378682
3665,-46.83183914210505,26.873402741378676
3666,-46.83183914210505,26.931362741378678
3667,-46.889799142105055,26.98932274137868
3668,-46.889799142105055,27.04728274137868
3669,-46.947759142105056,27.10524274137868
3670,-46.947759142105056,27.163202741378683
3671,-47.00571914210506,27.221162741378677
3672,-47.00571914210506,27.27912274137868
3673,-47.06367914210506,27.33708274137868
3674,-47.06367914210506,27.39504274137868
3675,-47.12163914210505,27.453002741378683
3676,-47.179599142105054,27.510962741378677
3677,-47.179599142105054,27.568922741378678
3678,-47.237559142105056,27.62688274137868
3679,-47.237559142105056,27.68484274137868
3680,-47.29551914210506,27.742802741378682
3681,-47.29551914210506,27.800762741378676
3682,-47.35347914210506,27.858722741378685
3683,-47.35347914210506,27.91668274137868
3684,-47.41143914210505,27.974642741378673
3685,-47.469399142105054,28.032602741378682
3686,-47.469399142105054,28.090562741378676
3687,-47.527359142105055,28.148522741378684
3688,-47.527359142105055,28.20648274137868
3689,-47.58531914210506,28.264442741378673
3690,-47.58531914210506,28.32240274137868
3691,-47.64327914210506,28.380362741378676
3692,-47.64327914210506,28.438322741378684
3693,-47.70123914210505,28.49628274137868
3694,-47.759199142105054,28.554242741378687
3695,-47.759199142105054,28.61220274137868
3696,-47.817159142105055,28.670162741378675
3697,-47.817159142105055,28.728122741378684
3698,-47.875119142105056,28.786082741378678
3699,-47.875119142105056,28.844042741378686
3700,-47.93307914210506,28.90200274137868
3701,-47.93307914210506,28.959962741378675
3702,-47.99103914210505,29.017922741378683
3703,-47.99103914210505,29.075882741378678
3704,-48.04899914210505,29.133842741378686
3705,-48.04899914210505,29.19180274137868
3706,-48.04899914210505,29.249762741378674
3707,-48.106959142105055,29.307722741378683
3708,-48.106959142105055,29.365682741378677
3709,-48.164919142105056,29.423642741378686
3710,-48.164919142105056,29.48160274137868
3711,-48.164919142105056,29.539562741378674
3712,-48.22287914210506,29.597522741378683
3713,-48.22287914210506,29.655482741378677
3714,-48.22287914210506,29.713442741378685
3715,-48.28083914210506,29.77140274137868
3716,-48.28083914210506,29.829362741378674
3717,-48.28083914210506,29.887322741378682
3718,-48.33879914210505,29.945282741378676
3719,-48.33879914210505,30.003242741378685
3720,-48.396759142105054,30.06120274137868
3721,-48.396759142105054,30.119162741378673
3722,-48.396759142105054,30.177122741378682
3723,-48.396759142105054,30.235082741378676
3724,-48.396759142105054,30.293042741378684
3725,-48.454719142105056,30.35100274137868
3726,-48.454719142105056,30.408962741378673
3727,-48.454719142105056,30.46692274137868
3728,-48.454719142105056,30.524882741378676
3729,-48.51267914210506,30.582842741378684
3730,-48.51267914210506,30.64080274137868
3731,-48.51267914210506,30.698762741378673
3732,-48.51267914210506,30.75672274137868
3733,-48.51267914210506,30.814682741378675
3734,-48.51267914210506,30.872642741378684
3735,-48.51267914210506,30.930602741378678
3736,-48.51267914210506,30.988562741378686
3737,-48.57063914210506,31.04652274137868
3738,-48.57063914210506,31.104482741378675
3739,-48.57063914210506,31.162442741378683
3740,-48.57063914210506,31.220402741378678
3741,-48.57063914210506,31.278362741378686
3742,-48.57063914210506,31.33632274137868
3743,-48.57063914210506,31.394282741378674
3744,-48.57063914210506,31.452242741378683
3745,-48.57063914210506,31.510202741378677
3746,-48.57063914210506,31.568162741378686
3747,-48.62859914210505,31.62612274137868
3748,-48.62859914210505,31.684082741378674
3749,-48.62859914210505,31.742042741378683
3750,-48.62859914210505,31.800002741378677
3751,-48.62859914210505,31.857962741378685
3752,-48.62859914210505,31.91592274137868
3753,-48.62859914210505,31.973882741378674
3754,-48.62859914210505,32.03184274137868
3755,-48.62859914210505,32.089802741378676
3756,-48.62859914210505,32.147762741378685
3757,-48.62859914210505,32.20572274137868
3758,-48.62859914210505,32.26368274137867
3759,-48.62859914210505,32.32164274137868
3760,-48.57063914210506,32.379602741378676
3761,-48.57063914210506,32.437562741378684
3762,-48.57063914210506,32.49552274137868
3763,-48.57063914210506,32.55348274137867
3764,-48.57063914210506,32.61144274137868
3765,-48.57063914210506,32.669402741378676
3766,-48.57063914210506,32.727362741378684
3767,-48.57063914210506,32.78532274137868
3768,-48.57063914210506,32.84328274137867
3769,-48.57063914210506,32.90124274137868
3770,-48.51267914210506,32.959202741378675
3771,-48.51267914210506,33.017162741378684
3772,-48.51267914210506,33.07512274137868
3773,-48.51267914210506,33.133082741378686
3774,-48.51267914210506,33.19104274137868
3775,-48.51267914210506,33.249002741378675
3776,-48.51267914210506,33.30696274137868
3777,-48.454719142105056,33.36492274137868
3778,-48.454719142105056,33.422882741378686
3779,-48.454719142105056,33.48084274137868
3780,-48.454719142105056,33.538802741378674
3781,-48.454719142105056,33.59676274137868
3782,-48.396759142105054,33.65472274137868
3783,-48.396759142105054,33.712682741378686
3784,-48.396759142105054,33.77064274137868
3785,-48.396759142105054,33.828602741378674
3786,-48.33879914210505,33.88656274137868
3787,-48.33879914210505,33.94452274137868
3788,-48.28083914210506,34.002482741378685
3789,-48.28083914210506,34.06044274137868
3790,-48.28083914210506,34.118402741378674
3791,-48.28083914210506,34.17636274137868
3792,-48.22287914210506,34.234322741378676
3793,-48.22287914210506,34.292282741378685
3794,-48.164919142105056,34.35024274137868
3795,-48.164919142105056,34.40820274137867
3796,-48.164919142105056,34.46616274137868
3797,-48.106959142105055,34.524122741378676
3798,-48.106959142105055,34.582082741378684
3799,-48.04899914210505,34.64004274137868
3800,-48.04899914210505,34.69800274137867
3801,-47.99103914210505,34.75596274137868
3802,-47.99103914210505,34.813922741378676
3803,-47.93307914210506,34.871882741378684
3804,-47.875119142105056,34.92984274137868
3805,-47.875119142105056,34.98780274137867
3806,-47.817159142105055,35.04576274137868
3807,-47.817159142105055,35.103722741378675
3808,-47.759199142105054,35.161682741378684
3809,-47.759199142105054,35.21964274137868
3810,-47.70123914210505,35.277602741378686
3811,-47.64327914210506,35.33556274137868
3812,-47.58531914210506,35.393522741378675
3813,-47.58531914210506,35.45148274137868
3814,-47.527359142105055,35.50944274137868
3815,-47.469399142105054,35.567402741378686
3816,-47.41143914210505,35.62536274137868
3817,-47.41143914210505,35.683322741378674
3818,-47.35347914210506,35.74128274137868
3819,-47.29551914210506,35.79924274137868
3820,-47.237559142105056,35.857202741378686
3821,-47.179599142105054,35.91516274137868
3822,-47.12163914210505,35.973122741378674
3823,-47.06367914210506,36.03108274137868
3824,-47.00571914210506,36.08904274137868
3825,-46.947759142105056,36.147002741378685
3826,-46.889799142105055,36.20496274137868
3827,-46.83183914210505,36.262922741378674
3828,-46.77387914210505,36.32088274137868
3829,-46.71591914210506,36.378842741378676
3830,-46.65795914210506,36.436802741378685
3831,-46.599999142105055,36.436802741378685
3832,-46.542039142105054,36.49476274137868
3833,-46.48407914210505,36.55272274137867
3834,-46.42611914210506,36.61068274137868
3835,-46.36815914210506,36.668642741378676
3836,-46.310199142105056,36.668642741378676
3837,-46.252239142105054,36.726602741378684
3838,-46.19427914210505,36.78456274137868
3839,-46.13631914210506,36.78456274137868
3840,-46.07835914210506,36.84252274137867
3841,-46.020399142105056,36.90048274137868
3842,-45.962439142105055,36.958442741378676
3843,-45.90447914210505,36.958442741378676
3844,-45.84651914210506,37.016402741378684
3845,-45.78855914210506,37.07436274137868
3846,-45.730599142105056,37.07436274137868
3847,-45.672639142105055,37.13232274137867
3848,-45.614679142105054,37.13232274137867
3849,-45.55671914210505,37.19028274137868
3850,-45.49875914210506,37.19028274137868
3851,-45.44079914210506,37.248242741378675
3852,-45.382839142105055,37.248242741378675
3853,-45.324879142105054,37.306202741378684
3854,-45.26691914210505,37.306202741378684
3855,-45.20895914210506,37.306202741378684
3856,-45.15099914210506,37.36416274137868
3857,-45.093039142105056,37.36416274137868
3858,-45.035079142105054,37.422122741378686
3859,-44.97711914210505,37.422122741378686
3860,-44.91915914210506,37.48008274137868
3861,-44.86119914210506,37.48008274137868
3862,-44.803239142105056,37.48008274137868
3863,-44.745279142105055,37.538042741378675
3864,-44.68731914210505,37.538042741378675
3865,-44.62935914210505,37.538042741378675
3866,-44.57139914210506,37.59600274137868
3867,-44.51343914210506,37.59600274137868
3868,-44.455479142105055,37.59600274137868
3869,-44.397519142105054,37.59600274137868
3870,-44.33955914210505,37.65396274137868
3871,-44.28159914210506,37.65396274137868
3872,-44.22363914210506,37.65396274137868
3873,-44.165679142105056,37.711922741378686
3874,-44.107719142105054,37.711922741378686
3875,-44.04975914210505,37.711922741378686
3876,-43.99179914210506,37.711922741378686
3877,-43.93383914210506,37.711922741378686
3878,-43.875879142105056,37.711922741378686
3879,-43.817919142105055,37.76988274137868
3880,-43.75995914210505,37.76988274137868
3881,-43.70199914210506,37.76988274137868
3882,-43.64403914210506,37.76988274137868
3883,-43.586079142105056,37.76988274137868
3884,-43.528119142105055,37.827842741378674
3885,-43.470159142105054,37.827842741378674
3886,-43.41219914210505,37.827842741378674
3887,-43.35423914210506,37.827842741378674
3888,-43.29627914210506,37.827842741378674
3889,-43.238319142105055,37.827842741378674
3890,-43.180359142105054,37.827842741378674
3891,-43.12239914210505,37.827842741378674
3892,-43.06443914210506,37.88580274137868
3893,-43.00647914210506,37.88580274137868
3894,-42.948519142105056,37.88580274137868
3895,-42.890559142105054,37.88580274137868
3896,-42.83259914210505,37.88580274137868
3897,-42.77463914210506,37.88580274137868
3898,-42.71667914210506,37.88580274137868
3899,-42.658719142105056,37.88580274137868
3900,-42.600759142105055,37.88580274137868
3901,-42.54279914210505,37.88580274137868
3902,-42.48483914210505,37.88580274137868
3903,-42.42687914210506,37.88580274137868
3904,-42.36891914210506,37.88580274137868
3905,-42.310959142105055,37.88580274137868
3906,-42.252999142105054,37.88580274137868
3907,-42.19503914210505,37.88580274137868
3908,-42.13707914210506,37.88580274137868
3909,-42.07911914210506,37.88580274137868
3910,-42.021159142105056,37.88580274137868
3911,-41.963199142105054,37.88580274137868
3912,-41.90523914210505,37.88580274137868
3913,-41.84727914210506,37.827842741378674
3914,-41.78931914210506,37.827842741378674
3915,-41.731359142105056,37.827842741378674
3916,-41.673399142105055,37.827842741378674
3917,-41.61543914210505,37.827842741378674
3918,-41.55747914210506,37.827842741378674
3919,-41.49951914210506,37.827842741378674
3920,-41.441559142105056,37.76988274137868
3921,-41.383599142105055,37.76988274137868
3922,-41.325639142105054,37.76988274137868
3923,-41.26767914210505,37.76988274137868
3924,-41.20971914210506,37.76988274137868
3925,-41.15175914210506,37.76988274137868
3926,-41.093799142105055,37.76988274137868
3927,-41.035839142105054,37.76988274137868
3928,-40.97787914210505,37.76988274137868
3929,-40.91991914210506,37.76988274137868
3930,-40.86195914210506,37.76988274137868
3931,-40.803999142105056,37.711922741378686
3932,-40.746039142105055,37.711922741378686
3933,-40.68807914210505,37.711922741378686
3934,-40.63011914210506,37.711922741378686
3935,-40.57215914210506,37.711922741378686
3936,-40.514199142105056,37.711922741378686
3937,-40.456239142105055,37.65396274137868
3938,-40.39827914210505,37.65396274137868
3939,-40.34031914210506,37.65396274137868
3940,-40.28235914210506,37.65396274137868
3941,-40.22439914210506,37.65396274137868
3942,-40.166439142105055,37.59600274137868
3943,-40.108479142105054,37.59600274137868
3944,-40.05051914210505,37.59600274137868
3945,-39.99255914210506,37.59600274137868
3946,-39.93459914210506,37.59600274137868
3947,-39.876639142105056,37.59600274137868
3948,-39.818679142105054,37.538042741378675
3949,-39.76071914210505,37.538042741378675
3950,-39.70275914210506,37.538042741378675
3951,-39.64479914210506,37.538042741378675
3952,-39.586839142105056,37.48008274137868
3953,-39.528879142105055,37.48008274137868
3954,-39.47091914210505,37.48008274137868
3955,-39.41295914210506,37.48008274137868
3956,-39.35499914210506,37.48008274137868
3957,-39.297039142105056,37.48008274137868
3958,-39.239079142105055,37.422122741378686
3959,-39.181119142105054,37.422122741378686
3960,-39.12315914210505,37.422122741378686
3961,-39.06519914210506,37.422122741378686
3962,-39.00723914210506,37.422122741378686
3963,-38.949279142105055,37.36416274137868
3964,-38.891319142105054,37.36416274137868
3965,-38.83335914210505,37.36416274137868
3966,-38.77539914210506,37.36416274137868
3967,-38.71743914210506,37.36416274137868
3968,-38.659479142105056,37.306202741378684
3969,-38.601519142105055,37.306202741378684
3970,-38.54355914210505,37.306202741378684
3971,-38.48559914210506,37.306202741378684
3972,-38.42763914210506,37.306202741378684
3973,-38.369679142105056,37.248242741378675
3974,-38.311719142105055,37.248242741378675
3975,-38.253759142105054,37.248242741378675
3976,-38.19579914210506,37.248242741378675
3977,-38.13783914210506,37.248242741378675
3978,-38.07987914210506,37.19028274137868
3979,-38.021919142105055,37.19028274137868
3980,-37.963959142105054,37.19028274137868
3981,-37.90599914210505,37.19028274137868
3982,-37.84803914210506,37.19028274137868
3983,-37.79007914210506,37.13232274137867
3984,-37.732119142105056,37.13232274137867
3985,-37.674159142105054,37.13232274137867
3986,-37.61619914210505,37.13232274137867
3987,-37.55823914210506,37.13232274137867
3988,-37.50027914210506,37.07436274137868
3989,-37.442319142105056,37.07436274137868
3990,-37.384359142105055,37.07436274137868
3991,-37.32639914210505,37.07436274137868
3992,-37.26843914210506,37.016402741378684
3993,-37.21047914210506,37.016402741378684
3994,-37.15251914210506,37.016402741378684
3995,-37.094559142105055,37.016402741378684
3996,-37.036599142105054,37.016402741378684
3997,-36.97863914210505,36.958442741378676
3998,-36.92067914210506,36.958442741378676
3999,-36.86271914210506,36.958442741378676
4000,-36.804759142105056,36.958442741378676
4001,-36.746799142105054,36.958442741378676
4002,-36.68883914210505,36.90048274137868
4003,-36.63087914210506,36.90048274137868
4004,-36.57291914210506,36.90048274137868
4005,-36.514959142105056,36.90048274137868
4006,-36.456999142105055,36.90048274137868
4007,-36.39903914210505,36.84252274137867
4008,-36.34107914210506,36.84252274137867
4009,-36.28311914210506,36.84252274137867
4010,-36.225159142105056,36.84252274137867
4011,-36.167199142105055,36.84252274137867
4012,-36.109239142105054,36.78456274137868
4013,-36.05127914210506,36.78456274137868
4014,-35.99331914210506,36.78456274137868
4015,-35.93535914210506,36.78456274137868
4016,-35.877399142105055,36.78456274137868
4017,-35.819439142105054,36.726602741378684
4018,-35.76147914210505,36.726602741378684
4019,-35.70351914210506,36.726602741378684
4020,-35.64555914210506,36.726602741378684
4021,-35.587599142105056,36.726602741378684
4022,-35.529639142105054,36.668642741378676
4023,-35.47167914210505,36.668642741378676
4024,-35.41371914210506,36.668642741378676
4025,-35.35575914210506,36.668642741378676
4026,-35.297799142105056,36.668642741378676
4027,-35.239839142105055,36.61068274137868
4028,-35.18187914210505,36.61068274137868
4029,-35.12391914210506,36.61068274137868
4030,-35.06595914210506,36.61068274137868
4031,-35.00799914210506,36.61068274137868
4032,-34.950039142105055,36.55272274137867
4033,-34.892079142105054,36.55272274137867
4034,-34.83411914210505,36.55272274137867
4035,-34.77615914210506,36.55272274137867
4036,-34.71819914210506,36.49476274137868
4037,-34.660239142105056,36.49476274137868
4038,-34.602279142105054,36.49476274137868
4039,-34.54431914210505,36.49476274137868
4040,-34.48635914210506,36.49476274137868
4041,-34.42839914210506,36.49476274137868
4042,-34.370439142105056,36.436802741378685
4043,-34.312479142105055,36.436802741378685
4044,-34.25451914210505,36.436802741378685
4045,-34.19655914210506,36.436802741378685
4046,-34.13859914210506,36.436802741378685
4047,-34.080639142105056,36.378842741378676
4048,-34.022679142105055,36.378842741378676
4049,-33.964719142105054,36.378842741378676
4050,-33.90675914210506,36.378842741378676
4051,-33.84879914210506,36.378842741378676
4052,-33.79083914210506,36.378842741378676
4053,-33.732879142105055,36.378842741378676
4054,-33.674919142105054,36.32088274137868
4055,-33.61695914210505,36.32088274137868
4056,-33.55899914210506,36.32088274137868
4057,-33.50103914210506,36.32088274137868
4058,-33.443079142105056,36.32088274137868
4059,-33.385119142105054,36.32088274137868
4060,-33.32715914210505,36.32088274137868
4061,-33.26919914210506,36.32088274137868
4062,-33.21123914210506,36.262922741378674
4063,-33.153279142105056,36.262922741378674
4064,-33.095319142105055,36.262922741378674
4065,-33.03735914210505,36.262922741378674
4066,-32.97939914210506,36.262922741378674
4067,-32.92143914210506,36.262922741378674
4068,-32.86347914210506,36.20496274137868
4069,-32.805519142105055,36.20496274137868
4070,-32.747559142105054,36.20496274137868
4071,-32.68959914210506,36.20496274137868
4072,-32.63163914210506,36.20496274137868
4073,-32.57367914210506,36.20496274137868
4074,-32.515719142105056,36.147002741378685
4075,-32.457759142105054,36.147002741378685
4076,-32.39979914210505,36.147002741378685
4077,-32.34183914210506,36.147002741378685
4078,-32.28387914210506,36.147002741378685
4079,-32.225919142105056,36.147002741378685
4080,-32.167959142105055,36.147002741378685
4081,-32.10999914210505,36.147002741378685
4082,-32.05203914210506,36.08904274137868
4083,-31.994079142105058,36.08904274137868
4084,-31.936119142105056,36.08904274137868
4085,-31.878159142105055,36.08904274137868
4086,-31.820199142105054,36.08904274137868
4087,-31.76223914210506,36.08904274137868
4088,-31.704279142105058,36.08904274137868
4089,-31.646319142105057,36.08904274137868
4090,-31.588359142105055,36.08904274137868
4091,-31.530399142105054,36.08904274137868
4092,-31.472439142105053,36.03108274137868
4093,-31.41447914210506,36.03108274137868
4094,-31.356519142105057,36.03108274137868
4095,-31.298559142105056,36.03108274137868
4096,-31.240599142105054,36.03108274137868
4097,-31.182639142105053,36.03108274137868
4098,-31.12467914210506,36.03108274137868
4099,-31.066719142105057,36.03108274137868
4100,-31.008759142105056,36.03108274137868
4101,-30.950799142105055,35.973122741378674
4102,-30.892839142105053,35.973122741378674
4103,-30.83487914210506,35.973122741378674
4104,-30.776919142105058,35.973122741378674
4105,-30.718959142105057,35.973122741378674
4106,-30.660999142105055,35.973122741378674
4107,-30.603039142105054,35.973122741378674
4108,-30.54507914210506,35.973122741378674
4109,-30.48711914210506,35.973122741378674
4110,-30.429159142105057,35.91516274137868
4111,-30.371199142105056,35.91516274137868
4112,-30.313239142105054,35.91516274137868
4113,-30.255279142105053,35.91516274137868
4114,-30.19731914210506,35.91516274137868
4115,-30.139359142105057,35.91516274137868
4116,-30.081399142105056,35.91516274137868
4117,-30.023439142105055,35.91516274137868
4118,-29.965479142105053,35.91516274137868
4119,-29.90751914210506,35.91516274137868
4120,-29.849559142105058,35.857202741378686
4121,-29.791599142105056,35.857202741378686
4122,-29.733639142105055,35.857202741378686
4123,-29.675679142105054,35.857202741378686
4124,-29.61771914210506,35.857202741378686
4125,-29.559759142105058,35.857202741378686
4126,-29.501799142105057,35.857202741378686
4127,-29.443839142105055,35.79924274137868
4128,-29.385879142105054,35.79924274137868
4129,-29.327919142105053,35.79924274137868
4130,-29.26995914210506,35.79924274137868
4131,-29.211999142105057,35.79924274137868
4132,-29.154039142105056,35.79924274137868
4133,-29.096079142105054,35.79924274137868
4134,-29.038119142105053,35.79924274137868
4135,-28.98015914210506,35.74128274137868
4136,-28.922199142105057,35.74128274137868
4137,-28.864239142105056,35.74128274137868
4138,-28.806279142105055,35.74128274137868
4139,-28.748319142105053,35.74128274137868
4140,-28.69035914210506,35.74128274137868
4141,-28.632399142105058,35.74128274137868
4142,-28.574439142105057,35.683322741378674
4143,-28.516479142105055,35.683322741378674
4144,-28.458519142105054,35.683322741378674
4145,-28.40055914210506,35.683322741378674
4146,-28.34259914210506,35.683322741378674
4147,-28.284639142105057,35.683322741378674
4148,-28.226679142105056,35.683322741378674
4149,-28.168719142105054,35.683322741378674
4150,-28.110759142105053,35.683322741378674
4151,-28.05279914210506,35.683322741378674
4152,-27.994839142105057,35.683322741378674
4153,-27.936879142105056,35.683322741378674
4154,-27.878919142105055,35.683322741378674
4155,-27.820959142105053,35.683322741378674
4156,-27.76299914210506,35.62536274137868
4157,-27.705039142105058,35.62536274137868
4158,-27.647079142105056,35.62536274137868
4159,-27.589119142105055,35.62536274137868
4160,-27.531159142105054,35.62536274137868
4161,-27.47319914210506,35.62536274137868
4162,-27.415239142105058,35.62536274137868
4163,-27.357279142105057,35.62536274137868
4164,-27.299319142105055,35.62536274137868
4165,-27.241359142105054,35.62536274137868
4166,-27.18339914210506,35.62536274137868
4167,-27.12543914210506,35.62536274137868
4168,-27.067479142105057,35.62536274137868
4169,-27.009519142105056,35.62536274137868
4170,-26.951559142105054,35.62536274137868
4171,-26.893599142105053,35.62536274137868
4172,-26.83563914210506,35.62536274137868
4173,-26.777679142105058,35.62536274137868
4174,-26.719719142105056,35.683322741378674
4175,-26.661759142105055,35.683322741378674
4176,-26.603799142105053,35.683322741378674
4177,-26.54583914210506,35.683322741378674
4178,-26.487879142105058,35.683322741378674
4179,-26.429919142105057,35.683322741378674
4180,-26.371959142105055,35.683322741378674
4181,-26.313999142105054,35.683322741378674
4182,-26.25603914210506,35.683322741378674
4183,-26.19807914210506,35.683322741378674
4184,-26.140119142105057,35.683322741378674
4185,-26.082159142105056,35.683322741378674
4186,-26.024199142105054,35.683322741378674
4187,-25.966239142105053,35.683322741378674
4188,-25.90827914210506,35.683322741378674
4189,-25.850319142105057,35.683322741378674
4190,-25.792359142105056,35.683322741378674
4191,-25.734399142105055,35.74128274137868
4192,-25.676439142105053,35.74128274137868
4193,-25.61847914210506,35.74128274137868
4194,-25.560519142105058,35.74128274137868
4195,-25.502559142105056,35.74128274137868
4196,-25.444599142105055,35.74128274137868
4197,-25.386639142105054,35.74128274137868
4198,-25.32867914210506,35.79924274137868
4199,-25.270719142105058,35.79924274137868
4200,-25.212759142105057,35.79924274137868
4201,-25.154799142105055,35.79924274137868
4202,-25.096839142105054,35.79924274137868
4203,-25.03887914210506,35.79924274137868
4204,-24.98091914210506,35.79924274137868
4205,-24.922959142105057,35.857202741378686
4206,-24.864999142105056,35.857202741378686
4207,-24.807039142105054,35.857202741378686
4208,-24.749079142105053,35.857202741378686
4209,-24.69111914210506,35.857202741378686
4210,-24.633159142105058,35.857202741378686
4211,-24.575199142105056,35.91516274137868
4212,-24.517239142105055,35.91516274137868
4213,-24.459279142105053,35.91516274137868
4214,-24.40131914210506,35.91516274137868
4215,-24.343359142105058,35.91516274137868
4216,-24.285399142105057,35.91516274137868
4217,-24.227439142105055,35.91516274137868
4218,-24.169479142105054,35.973122741378674
4219,-24.11151914210506,35.973122741378674
4220,-24.05355914210506,35.973122741378674
4221,-23.995599142105057,35.973122741378674
4222,-23.937639142105056,35.973122741378674
4223,-23.879679142105054,35.973122741378674
4224,-23.821719142105053,35.973122741378674
4225,-23.76375914210506,36.03108274137868
4226,-23.705799142105057,36.03108274137868
4227,-23.647839142105056,36.03108274137868
4228,-23.589879142105055,36.03108274137868
4229,-23.531919142105053,36.03108274137868
4230,-23.47395914210506,36.03108274137868
4231,-23.415999142105058,36.08904274137868
4232,-23.358039142105056,36.08904274137868
4233,-23.300079142105055,36.08904274137868
4234,-23.242119142105054,36.08904274137868
4235,-23.18415914210506,36.08904274137868
4236,-23.126199142105058,36.147002741378685
4237,-23.068239142105057,36.147002741378685
4238,-23.010279142105055,36.147002741378685
4239,-22.952319142105054,36.20496274137868
4240,-22.89435914210506,36.20496274137868
4241,-22.83639914210506,36.20496274137868
4242,-22.778439142105057,36.20496274137868
4243,-22.720479142105056,36.20496274137868
4244,-22.662519142105054,36.262922741378674
4245,-22.604559142105053,36.262922741378674
4246,-22.54659914210506,36.262922741378674
4247,-22.488639142105058,36.262922741378674
4248,-22.430679142105056,36.32088274137868
4249,-22.372719142105055,36.32088274137868
4250,-22.314759142105054,36.32088274137868
4251,-22.25679914210506,36.32088274137868
4252,-22.198839142105058,36.378842741378676
4253,-22.140879142105057,36.378842741378676
4254,-22.082919142105055,36.378842741378676
4255,-22.024959142105054,36.378842741378676
4256,-21.96699914210506,36.436802741378685
4257,-21.90903914210506,36.436802741378685
4258,-21.851079142105057,36.436802741378685
4259,-21.793119142105056,36.49476274137868
4260,-21.735159142105054,36.49476274137868
4261,-21.67719914210506,36.55272274137867
4262,-21.61923914210506,36.55272274137867
4263,-21.561279142105057,36.55272274137867
4264,-21.503319142105056,36.61068274137868
4265,-21.445359142105055,36.61068274137868
4266,-21.387399142105053,36.61068274137868
4267,-21.32943914210506,36.668642741378676
4268,-21.271479142105058,36.668642741378676
4269,-21.213519142105056,36.668642741378676
4270,-21.155559142105055,36.726602741378684
4271,-21.097599142105054,36.726602741378684
4272,-21.03963914210506,36.78456274137868
4273,-20.981679142105058,36.78456274137868
4274,-20.923719142105057,36.78456274137868
4275,-20.865759142105055,36.84252274137867
4276,-20.807799142105054,36.84252274137867
4277,-20.74983914210506,36.90048274137868
4278,-20.69187914210505,36.90048274137868
4279,-20.633919142105057,36.90048274137868
4280,-20.575959142105063,36.958442741378676
4281,-20.517999142105054,36.958442741378676
4282,-20.46003914210506,37.016402741378684
4283,-20.402079142105052,37.016402741378684
4284,-20.344119142105058,37.07436274137868
4285,-20.286159142105063,37.07436274137868
4286,-20.228199142105055,37.13232274137867
4287,-20.17023914210506,37.13232274137867
4288,-20.112279142105052,37.19028274137868
4289,-20.054319142105058,37.19028274137868
4290,-19.99635914210505,37.248242741378675
4291,-19.938399142105055,37.248242741378675
4292,-19.88043914210506,37.306202741378684
4293,-19.822479142105053,37.306202741378684
4294,-19.76451914210506,37.306202741378684
4295,-19.70655914210505,37.36416274137868
4296,-19.648599142105056,37.36416274137868
4297,-19.59063914210506,37.422122741378686
4298,-19.532679142105053,37.422122741378686
4299,-19.47471914210506,37.48008274137868
4300,-19.41675914210505,37.48008274137868
4301,-19.358799142105056,37.538042741378675
4302,-19.300839142105062,37.538042741378675
4303,-19.242879142105053,37.59600274137868
4304,-19.18491914210506,37.65396274137868
4305,-19.12695914210505,37.65396274137868
4306,-19.068999142105056,37.711922741378686
4307,-19.011039142105062,37.711922741378686
4308,-18.953079142105054,37.76988274137868
4309,-18.89511914210506,37.76988274137868
4310,-18.83715914210505,37.827842741378674
4311,-18.779199142105057,37.88580274137868
4312,-18.721239142105063,37.88580274137868
4313,-18.663279142105054,37.94376274137868
4314,-18.60531914210506,37.94376274137868
4315,-18.54735914210505,38.001722741378686
4316,-18.489399142105057,38.05968274137868
4317,-18.431439142105063,38.05968274137868
4318,-18.373479142105055,38.117642741378674
4319,-18.31551914210506,38.117642741378674
4320,-18.257559142105052,38.17560274137868
4321,-18.199599142105058,38.23356274137868
4322,-18.141639142105063,38.23356274137868
4323,-18.083679142105055,38.291522741378685
4324,-18.02571914210506,38.291522741378685
4325,-17.967759142105052,38.34948274137868
4326,-17.909799142105058,38.407442741378674
4327,-17.851839142105064,38.407442741378674
4328,-17.793879142105055,38.46540274137868
4329,-17.73591914210506,38.523362741378676
4330,-17.677959142105053,38.581322741378685
4331,-17.61999914210506,38.581322741378685
4332,-17.56203914210505,38.63928274137868
4333,-17.504079142105056,38.69724274137867
4334,-17.44611914210506,38.75520274137868
4335,-17.388159142105053,38.75520274137868
4336,-17.33019914210506,38.813162741378676
4337,-17.27223914210505,38.871122741378684
4338,-17.214279142105056,38.92908274137868
4339,-17.156319142105062,38.92908274137868
4340,-17.098359142105053,38.98704274137867
4341,-17.04039914210506,39.04500274137868
4342,-16.98243914210505,39.102962741378676
4343,-16.924479142105056,39.160922741378684
4344,-16.866519142105062,39.160922741378684
4345,-16.808559142105054,39.21888274137868
4346,-16.75059914210506,39.27684274137867
4347,-16.69263914210505,39.33480274137868
4348,-16.634679142105057,39.392762741378675
4349,-16.576719142105063,39.450722741378684
4350,-16.518759142105054,39.50868274137868
4351,-16.46079914210506,39.566642741378686
4352,-16.40283914210505,39.62460274137868
4353,-16.344879142105057,39.682562741378675
4354,-16.286919142105063,39.74052274137868
4355,-16.228959142105055,39.79848274137868
4356,-16.17099914210506,39.856442741378686
4357,-16.113039142105052,39.91440274137868
4358,-16.055079142105058,39.972362741378674
4359,-15.997119142105063,40.03032274137868
4360,-15.939159142105055,40.08828274137868
4361,-15.88119914210506,40.146242741378686
4362,-15.823239142105052,40.20420274137868
4363,-15.765279142105058,40.262162741378674
4364,-15.707319142105064,40.32012274137868
4365,-15.649359142105055,40.37808274137868
4366,-15.591399142105061,40.436042741378685
4367,-15.533439142105053,40.49400274137868
4368,-15.475479142105058,40.551962741378674
4369,-15.41751914210505,40.60992274137868
4370,-15.359559142105056,40.667882741378676
4371,-15.301599142105061,40.725842741378685
4372,-15.301599142105061,40.78380274137868
4373,-15.243639142105053,40.84176274137867
4374,-15.185679142105059,40.89972274137868
4375,-15.12771914210505,40.957682741378676
4376,-15.069759142105056,41.015642741378684
4377,-15.011799142105062,41.07360274137868
4378,-14.953839142105053,41.13156274137867
4379,-14.89587914210506,41.18952274137868
4380,-14.89587914210506,41.247482741378676
4381,-14.83791914210505,41.305442741378684
4382,-14.779959142105056,41.36340274137868
4383,-14.721999142105062,41.42136274137867
4384,-14.664039142105054,41.47932274137868
4385,-14.664039142105054,41.537282741378675
4386,-14.60607914210506,41.595242741378684
4387,-14.548119142105051,41.65320274137868
4388,-14.490159142105057,41.71116274137867
4389,-14.432199142105063,41.76912274137868
4390,-14.432199142105063,41.827082741378675
4391,-14.374239142105054,41.88504274137868
4392,-14.31627914210506,41.94300274137868
4393,-14.258319142105051,42.000962741378686
4394,-14.200359142105057,42.05892274137868
4395,-14.200359142105057,42.116882741378674
4396,-14.142399142105063,42.17484274137868
4397,-14.084439142105055,42.23280274137868
4398,-14.02647914210506,42.290762741378686
4399,-14.02647914210506,42.34872274137868
4400,-13.968519142105052,42.406682741378674
4401,-13.910559142105058,42.46464274137868
4402,-13.910559142105058,42.52260274137868
4403,-13.852599142105063,42.580562741378685
4404,-13.794639142105055,42.63852274137868
4405,-13.73667914210506,42.696482741378674
4406,-13.73667914210506,42.75444274137868
4407,-13.678719142105052,42.812402741378676
4408,-13.620759142105058,42.870362741378685
4409,-13.562799142105064,42.92832274137868
4410,-13.562799142105064,42.98628274137867
4411,-13.504839142105055,43.04424274137868
4412,-13.446879142105061,43.102202741378676
4413,-13.446879142105061,43.160162741378684
4414,-13.388919142105053,43.21812274137868
4415,-13.330959142105058,43.27608274137867
4416,-13.330959142105058,43.33404274137868
4417,-13.27299914210505,43.392002741378676
4418,-13.215039142105056,43.449962741378684
4419,-13.215039142105056,43.50792274137868
4420,-13.157079142105061,43.56588274137867
4421,-13.099119142105053,43.62384274137868
4422,-13.099119142105053,43.681802741378675
4423,-13.041159142105059,43.739762741378684
4424,-12.98319914210505,43.79772274137868
4425,-12.98319914210505,43.85568274137867
4426,-12.925239142105056,43.91364274137868
4427,-12.925239142105056,43.971602741378675
4428,-12.867279142105062,44.02956274137868
4429,-12.867279142105062,44.08752274137868
4430,-12.809319142105053,44.145482741378686
4431,-12.809319142105053,44.20344274137868
4432,-12.75135914210506,44.261402741378674
4433,-12.75135914210506,44.31936274137868
4434,-12.69339914210505,44.37732274137868
4435,-12.69339914210505,44.435282741378686
4436,-12.635439142105056,44.49324274137868
4437,-12.635439142105056,44.551202741378674
4438,-12.577479142105062,44.60916274137868
4439,-12.577479142105062,44.66712274137868
4440,-12.577479142105062,44.725082741378685
4441,-12.519519142105054,44.78304274137868
4442,-12.519519142105054,44.841002741378674
4443,-12.46155914210506,44.89896274137868
4444,-12.46155914210506,44.956922741378676
4445,-12.46155914210506,45.014882741378685
4446,-12.46155914210506,45.07284274137868
4447,-12.46155914210506,45.13080274137867
4448,-12.403599142105051,45.18876274137868
4449,-12.403599142105051,45.246722741378676
4450,-12.403599142105051,45.304682741378684
4451,-12.403599142105051,45.36264274137868
4452,-12.403599142105051,45.42060274137867
4453,-12.403599142105051,45.47856274137868
4454,-12.345639142105057,45.536522741378676
4455,-12.345639142105057,45.594482741378684
4456,-12.345639142105057,45.65244274137868
4457,-12.345639142105057,45.71040274137867
4458,-12.345639142105057,45.76836274137868
4459,-12.345639142105057,45.826322741378675
4460,-12.287679142105063,45.884282741378684
4461,-12.345639142105057,45.94224274137868
4462,-12.345639142105057,46.00020274137867
4463,-12.345639142105057,46.05816274137868
4464,-12.345639142105057,46.116122741378675
4465,-12.345639142105057,46.17408274137868
4466,-12.345639142105057,46.23204274137868
4467,-12.403599142105051,46.290002741378686
4468,-12.403599142105051,46.34796274137868
4469,-12.403599142105051,46.405922741378674
4470,-12.403599142105051,46.46388274137868
4471,-12.403599142105051,46.52184274137868
4472,-12.46155914210506,46.579802741378685
4473,-12.46155914210506,46.63776274137868
4474,-12.46155914210506,46.695722741378674
4475,-12.46155914210506,46.75368274137868
4476,-12.519519142105054,46.81164274137868
4477,-12.519519142105054,46.869602741378685
4478,-12.577479142105062,46.92756274137868
4479,-12.577479142105062,46.985522741378674
4480,-12.635439142105056,47.04348274137868
4481,-12.69339914210505,47.101442741378676
4482,-12.69339914210505,47.159402741378685
4483,-12.75135914210506,47.21736274137868
4484,-12.809319142105053,47.21736274137868
4485,-12.867279142105062,47.27532274137867
4486,-12.925239142105056,47.33328274137868
4487,-12.98319914210505,47.33328274137868
4488,-13.041159142105059,47.391242741378676
4489,-13.099119142105053,47.391242741378676
4490,-13.157079142105061,47.449202741378684
4491,-13.215039142105056,47.449202741378684
4492,-13.27299914210505,47.50716274137868
4493,-13.330959142105058,47.50716274137868
4494,-13.388919142105053,47.56512274137867
4495,-13.446879142105061,47.56512274137867
4496,-13.504839142105055,47.56512274137867
4497,-13.562799142105064,47.56512274137867
4498,-13.620759142105058,47.62308274137868
4499,-13.678719142105052,47.62308274137868
4500,-13.73667914210506,47.62308274137868
4501,-13.794639142105055,47.62308274137868
4502,-13.852599142105063,47.681042741378675
4503,-13.910559142105058,47.681042741378675
4504,-13.968519142105052,47.681042741378675
4505,-14.02647914210506,47.681042741378675
4506,-14.084439142105055,47.739002741378684
4507,-14.142399142105063,47.739002741378684
4508,-14.200359142105057,47.739002741378684
4509,-14.258319142105051,47.739002741378684
4510,-14.31627914210506,47.739002741378684
4511,-14.374239142105054,47.739002741378684
4512,-14.432199142105063,47.739002741378684
4513,-14.490159142105057,47.739002741378684
4514,-14.548119142105051,47.79696274137868
4515,-14.60607914210506,47.79696274137868
4516,-14.664039142105054,47.79696274137868
4517,-14.721999142105062,47.79696274137868
4518,-14.779959142105056,47.79696274137868
4519,-14.83791914210505,47.79696274137868
4520,-14.89587914210506,47.79696274137868
4521,-14.953839142105053,47.79696274137868
4522,-15.011799142105062,47.79696274137868
4523,-15.069759142105056,47.79696274137868
4524,-15.12771914210505,47.79696274137868
4525,-15.185679142105059,47.79696274137868
4526,-15.243639142105053,47.79696274137868
4527,-15.301599142105061,47.85492274137867
4528,-15.359559142105056,47.85492274137867
4529,-15.41751914210505,47.85492274137867
4530,-15.475479142105058,47.85492274137867
4531,-15.533439142105053,47.85492274137867
4532,-15.591399142105061,47.85492274137867
4533,-15.649359142105055,47.85492274137867
4534,-15.707319142105064,47.85492274137867
4535,-15.765279142105058,47.85492274137867
4536,-15.823239142105052,47.85492274137867
4537,-15.88119914210506,47.85492274137867
4538,-15.939159142105055,47.85492274137867
4539,-15.997119142105063,47.85492274137867
4540,-16.055079142105058,47.85492274137867
4541,-16.113039142105052,47.85492274137867
4542,-16.17099914210506,47.85492274137867
4543,-16.228959142105055,47.85492274137867
4544,-16.286919142105063,47.85492274137867
4545,-16.344879142105057,47.85492274137867
4546,-16.40283914210505,47.85492274137867
4547,-16.46079914210506,47.85492274137867
4548,-16.518759142105054,47.85492274137867
4549,-16.576719142105063,47.91288274137868
4550,-16.634679142105057,47.91288274137868
4551,-16.69263914210505,47.91288274137868
4552,-16.75059914210506,47.91288274137868
4553,-16.808559142105054,47.91288274137868
4554,-16.866519142105062,47.91288274137868
4555,-16.924479142105056,47.91288274137868
4556,-16.98243914210505,47.91288274137868
4557,-17.04039914210506,47.91288274137868
4558,-17.098359142105053,47.91288274137868
4559,-17.156319142105062,47.91288274137868
4560,-17.214279142105056,47.91288274137868
4561,-17.27223914210505,47.91288274137868
4562,-17.33019914210506,47.91288274137868
4563,-17.388159142105053,47.91288274137868
4564,-17.44611914210506,47.91288274137868
4565,-17.504079142105056,47.91288274137868
4566,-17.56203914210505,47.91288274137868
4567,-17.61999914210506,47.91288274137868
4568,-17.677959142105053,47.91288274137868
4569,-17.73591914210506,47.91288274137868
4570,-17.793879142105055,47.91288274137868
4571,-17.851839142105064,47.970842741378675
4572,-17.909799142105058,47.970842741378675
4573,-17.967759142105052,47.970842741378675
4574,-18.02571914210506,47.970842741378675
4575,-18.083679142105055,47.970842741378675
4576,-18.141639142105063,47.970842741378675
4577,-18.199599142105058,47.970842741378675
4578,-18.257559142105052,47.970842741378675
4579,-18.31551914210506,47.970842741378675
4580,-18.373479142105055,47.970842741378675
4581,-18.431439142105063,47.970842741378675
4582,-18.489399142105057,47.970842741378675
4583,-18.54735914210505,47.970842741378675
4584,-18.60531914210506,47.970842741378675
4585,-18.663279142105054,47.970842741378675
4586,-18.721239142105063,47.970842741378675
4587,-18.779199142105057,47.970842741378675
4588,-18.83715914210505,47.970842741378675
4589,-18.89511914210506,47.970842741378675
4590,-18.953079142105054,47.970842741378675
4591,-19.011039142105062,47.970842741378675
4592,-19.068999142105056,48.02880274137868
4593,-19.12695914210505,48.02880274137868
4594,-19.18491914210506,48.02880274137868
4595,-19.242879142105053,48.02880274137868
4596,-19.300839142105062,48.02880274137868
4597,-19.358799142105056,48.02880274137868
4598,-19.41675914210505,48.02880274137868
4599,-19.47471914210506,48.02880274137868
4600,-19.532679142105053,48.02880274137868
4601,-19.59063914210506,48.02880274137868
4602,-19.648599142105056,48.02880274137868
4603,-19.70655914210505,48.02880274137868
4604,-19.76451914210506,48.02880274137868
4605,-19.822479142105053,48.02880274137868
4606,-19.88043914210506,48.02880274137868
4607,-19.938399142105055,48.02880274137868
4608,-19.99635914210505,48.02880274137868
4609,-20.054319142105058,48.02880274137868
4610,-20.112279142105052,48.02880274137868
4611,-20.17023914210506,48.02880274137868
4612,-20.228199142105055,48.02880274137868
4613,-20.286159142105063,48.02880274137868
4614,-20.344119142105058,48.08676274137868
4615,-20.402079142105052,48.08676274137868
4616,-20.46003914210506,48.08676274137868
4617,-20.517999142105054,48.08676274137868
4618,-20.575959142105063,48.08676274137868
4619,-20.633919142105057,48.08676274137868
4620,-20.69187914210505,48.08676274137868
4621,-20.74983914210506,48.08676274137868
4622,-20.807799142105054,48.08676274137868
4623,-20.865759142105055,48.08676274137868
4624,-20.923719142105057,48.08676274137868
4625,-20.981679142105058,48.08676274137868
4626,-21.03963914210506,48.08676274137868
4627,-21.097599142105054,48.08676274137868
4628,-21.155559142105055,48.08676274137868
4629,-21.213519142105056,48.08676274137868
4630,-21.271479142105058,48.08676274137868
4631,-21.32943914210506,48.08676274137868
4632,-21.387399142105053,48.08676274137868
4633,-21.445359142105055,48.08676274137868
4634,-21.503319142105056,48.08676274137868
4635,-21.561279142105057,48.08676274137868
4636,-21.61923914210506,48.08676274137868
4637,-21.67719914210506,48.14472274137867
4638,-21.735159142105054,48.14472274137867
4639,-21.793119142105056,48.14472274137867
4640,-21.851079142105057,48.14472274137867
4641,-21.90903914210506,48.14472274137867
4642,-21.96699914210506,48.14472274137867
4643,-22.024959142105054,48.14472274137867
4644,-22.082919142105055,48.14472274137867
4645,-22.140879142105057,48.14472274137867
4646,-22.198839142105058,48.14472274137867
4647,-22.25679914210506,48.14472274137867
4648,-22.314759142105054,48.14472274137867
4649,-22.372719142105055,48.14472274137867
4650,-22.430679142105056,48.14472274137867
4651,-22.488639142105058,48.14472274137867
4652,-22.54659914210506,48.14472274137867
4653,-22.604559142105053,48.14472274137867
4654,-22.662519142105054,48.14472274137867
4655,-22.720479142105056,48.14472274137867
4656,-22.778439142105057,48.14472274137867
4657,-22.83639914210506,48.14472274137867
4658,-22.89435914210506,48.14472274137867
4659,-22.952319142105054,48.14472274137867
4660,-23.010279142105055,48.14472274137867
4661,-23.068239142105057,48.14472274137867
4662,-23.126199142105058,48.20268274137868
4663,-23.18415914210506,48.20268274137868
4664,-23.242119142105054,48.20268274137868
4665,-23.300079142105055,48.20268274137868
4666,-23.358039142105056,48.20268274137868
4667,-23.415999142105058,48.20268274137868
4668,-23.47395914210506,48.20268274137868
4669,-23.531919142105053,48.20268274137868
4670,-23.589879142105055,48.20268274137868
4671,-23.647839142105056,48.20268274137868
4672,-23.705799142105057,48.20268274137868
4673,-23.76375914210506,48.20268274137868
4674,-23.821719142105053,48.20268274137868
4675,-23.879679142105054,48.20268274137868
4676,-23.937639142105056,48.20268274137868
4677,-23.995599142105057,48.20268274137868
4678,-24.05355914210506,48.20268274137868
4679,-24.11151914210506,48.20268274137868
4680,-24.169479142105054,48.20268274137868
4681,-24.227439142105055,48.20268274137868
4682,-24.285399142105057,48.20268274137868
4683,-24.343359142105058,48.20268274137868
4684,-24.40131914210506,48.20268274137868
4685,-24.459279142105053,48.20268274137868
4686,-24.517239142105055,48.20268274137868
4687,-24.575199142105056,48.260642741378675
4688,-24.633159142105058,48.260642741378675
4689,-24.69111914210506,48.260642741378675
4690,-24.749079142105053,48.260642741378675
4691,-24.807039142105054,48.260642741378675
4692,-24.864999142105056,48.260642741378675
4693,-24.922959142105057,48.260642741378675
4694,-24.98091914210506,48.260642741378675
4695,-25.03887914210506,48.260642741378675
4696,-25.096839142105054,48.260642741378675
4697,-25.154799142105055,48.260642741378675
4698,-25.212759142105057,48.260642741378675
4699,-25.270719142105058,48.260642741378675
4700,-25.32867914210506,48.260642741378675
4701,-25.386639142105054,48.260642741378675
4702,-25.444599142105055,48.260642741378675
4703,-25.502559142105056,48.260642741378675
4704,-25.560519142105058,48.260642741378675
4705,-25.61847914210506,48.260642741378675
4706,-25.676439142105053,48.260642741378675
4707,-25.734399142105055,48.260642741378675
4708,-25.792359142105056,48.260642741378675
4709,-25.850319142105057,48.260642741378675
4710,-25.90827914210506,48.260642741378675
4711,-25.966239142105053,48.260642741378675
4712,-26.024199142105054,48.260642741378675
4713,-26.082159142105056,48.31860274137868
4714,-26.140119142105057,48.31860274137868
4715,-26.19807914210506,48.31860274137868
4716,-26.25603914210506,48.31860274137868
4717,-26.313999142105054,48.31860274137868
4718,-26.371959142105055,48.31860274137868
4719,-26.429919142105057,48.31860274137868
4720,-26.487879142105058,48.31860274137868
4721,-26.54583914210506,48.31860274137868
4722,-26.603799142105053,48.31860274137868
4723,-26.661759142105055,48.31860274137868
4724,-26.719719142105056,48.31860274137868
4725,-26.777679142105058,48.31860274137868
4726,-26.83563914210506,48.31860274137868
4727,-26.893599142105053,48.31860274137868
4728,-26.951559142105054,48.31860274137868
4729,-27.009519142105056,48.31860274137868
4730,-27.067479142105057,48.31860274137868
4731,-27.12543914210506,48.31860274137868
4732,-27.18339914210506,48.31860274137868
4733,-27.241359142105054,48.31860274137868
4734,-27.299319142105055,48.37656274137868
4735,-27.357279142105057,48.37656274137868
4736,-27.415239142105058,48.37656274137868
4737,-27.47319914210506,48.37656274137868
4738,-27.531159142105054,48.37656274137868
4739,-27.589119142105055,48.37656274137868
4740,-27.647079142105056,48.37656274137868
4741,-27.705039142105058,48.37656274137868
4742,-27.76299914210506,48.37656274137868
4743,-27.820959142105053,48.37656274137868
4744,-27.878919142105055,48.37656274137868
4745,-27.936879142105056,48.37656274137868
4746,-27.994839142105057,48.37656274137868
4747,-28.05279914210506,48.37656274137868
4748,-28.110759142105053,48.37656274137868
4749,-28.168719142105054,48.37656274137868
4750,-28.226679142105056,48.434522741378686
4751,-28.284639142105057,48.434522741378686
4752,-28.34259914210506,48.434522741378686
4753,-28.40055914210506,48.434522741378686
4754,-28.458519142105054,48.434522741378686
4755,-28.516479142105055,48.434522741378686
4756,-28.574439142105057,48.434522741378686
4757,-28.632399142105058,48.434522741378686
4758,-28.69035914210506,48.434522741378686
4759,-28.748319142105053,48.434522741378686
4760,-28.806279142105055,48.434522741378686
4761,-28.864239142105056,48.434522741378686
4762,-28.922199142105057,48.434522741378686
4763,-28.98015914210506,48.434522741378686
4764,-29.038119142105053,48.49248274137868
4765,-29.096079142105054,48.49248274137868
4766,-29.154039142105056,48.49248274137868
4767,-29.211999142105057,48.49248274137868
4768,-29.26995914210506,48.49248274137868
4769,-29.327919142105053,48.49248274137868
4770,-29.385879142105054,48.49248274137868
4771,-29.443839142105055,48.49248274137868
4772,-29.501799142105057,48.49248274137868
4773,-29.559759142105058,48.49248274137868
4774,-29.61771914210506,48.49248274137868
4775,-29.675679142105054,48.49248274137868
4776,-29.733639142105055,48.49248274137868
4777,-29.791599142105056,48.550442741378674
4778,-29.849559142105058,48.550442741378674
4779,-29.90751914210506,48.550442741378674
4780,-29.965479142105053,48.550442741378674
4781,-30.023439142105055,48.550442741378674
4782,-30.081399142105056,48.550442741378674
4783,-30.139359142105057,48.550442741378674
4784,-30.19731914210506,48.550442741378674
4785,-30.255279142105053,48.550442741378674
4786,-30.313239142105054,48.550442741378674
4787,-30.371199142105056,48.550442741378674
4788,-30.429159142105057,48.550442741378674
4789,-30.48711914210506,48.550442741378674
4790,-30.54507914210506,48.550442741378674
4791,-30.603039142105054,48.550442741378674
4792,-30.660999142105055,48.60840274137868
4793,-30.718959142105057,48.60840274137868
4794,-30.776919142105058,48.60840274137868
4795,-30.83487914210506,48.60840274137868
4796,-30.892839142105053,48.60840274137868
4797,-30.950799142105055,48.60840274137868
4798,-31.008759142105056,48.60840274137868
4799,-31.066719142105057,48.60840274137868
4800,-31.12467914210506,48.60840274137868
4801,-31.182639142105053,48.60840274137868
4802,-31.240599142105054,48.60840274137868
4803,-31.298559142105056,48.60840274137868
4804,-31.356519142105057,48.66636274137868
4805,-31.41447914210506,48.66636274137868
4806,-31.472439142105053,48.66636274137868
4807,-31.530399142105054,48.66636274137868
4808,-31.588359142105055,48.66636274137868
4809,-31.646319142105057,48.66636274137868
4810,-31.704279142105058,48.66636274137868
4811,-31.76223914210506,48.66636274137868
4812,-31.820199142105054,48.66636274137868
4813,-31.878159142105055,48.724322741378685
4814,-31.936119142105056,48.724322741378685
4815,-31.994079142105058,48.724322741378685
4816,-32.05203914210506,48.724322741378685
4817,-32.10999914210505,48.724322741378685
4818,-32.167959142105055,48.724322741378685
4819,-32.225919142105056,48.724322741378685
4820,-32.28387914210506,48.724322741378685
4821,-32.34183914210506,48.78228274137868
4822,-32.39979914210505,48.78228274137868
4823,-32.457759142105054,48.78228274137868
4824,-32.515719142105056,48.78228274137868
4825,-32.57367914210506,48.78228274137868
4826,-32.63163914210506,48.78228274137868
4827,-32.68959914210506,48.78228274137868
4828,-32.747559142105054,48.840242741378674
4829,-32.805519142105055,48.840242741378674
4830,-32.86347914210506,48.840242741378674
4831,-32.92143914210506,48.840242741378674
4832,-32.97939914210506,48.840242741378674
4833,-33.03735914210505,48.840242741378674
4834,-33.095319142105055,48.840242741378674
4835,-33.153279142105056,48.89820274137868
4836,-33.21123914210506,48.89820274137868
4837,-33.26919914210506,48.89820274137868
4838,-33.32715914210505,48.89820274137868
4839,-33.385119142105054,48.89820274137868
4840,-33.443079142105056,48.89820274137868
4841,-33.50103914210506,48.89820274137868
4842,-33.55899914210506,48.95616274137868
4843,-33.61695914210505,48.95616274137868
4844,-33.674919142105054,48.95616274137868
4845,-33.732879142105055,48.95616274137868
4846,-33.79083914210506,48.95616274137868
4847,-33.84879914210506,48.95616274137868
4848,-33.90675914210506,48.95616274137868
4849,-33.964719142105054,49.014122741378685
4850,-34.022679142105055,49.014122741378685
4851,-34.080639142105056,49.014122741378685
4852,-34.13859914210506,49.014122741378685
4853,-34.19655914210506,49.014122741378685
4854,-34.25451914210505,49.014122741378685
4855,-34.312479142105055,49.014122741378685
4856,-34.370439142105056,49.07208274137868
4857,-34.42839914210506,49.07208274137868
4858,-34.48635914210506,49.07208274137868
4859,-34.54431914210505,49.07208274137868
4860,-34.602279142105054,49.07208274137868
4861,-34.660239142105056,49.07208274137868
4862,-34.71819914210506,49.07208274137868
4863,-34.77615914210506,49.130042741378674
4864,-34.83411914210505,49.130042741378674
4865,-34.892079142105054,49.130042741378674
4866,-34.950039142105055,49.130042741378674
4867,-35.00799914210506,49.130042741378674
4868,-35.06595914210506,49.130042741378674
4869,-35.12391914210506,49.130042741378674
4870,-35.18187914210505,49.18800274137868
4871,-35.239839142105055,49.18800274137868
4872,-35.297799142105056,49.18800274137868
4873,-35.35575914210506,49.18800274137868
4874,-35.41371914210506,49.18800274137868
4875,-35.47167914210505,49.18800274137868
4876,-35.529639142105054,49.245962741378676
4877,-35.587599142105056,49.245962741378676
4878,-35.64555914210506,49.245962741378676
4879,-35.70351914210506,49.245962741378676
4880,-35.76147914210505,49.245962741378676
4881,-35.819439142105054,49.245962741378676
4882,-35.877399142105055,49.303922741378685
4883,-35.93535914210506,49.303922741378685
4884,-35.99331914210506,49.303922741378685
4885,-36.05127914210506,49.303922741378685
4886,-36.109239142105054,49.303922741378685
4887,-36.167199142105055,49.303922741378685
4888,-36.225159142105056,49.36188274137868
4889,-36.28311914210506,49.36188274137868
4890,-36.34107914210506,49.36188274137868
4891,-36.39903914210505,49.36188274137868
4892,-36.456999142105055,49.36188274137868
4893,-36.514959142105056,49.36188274137868
4894,-36.57291914210506,49.41984274137867
4895,-36.63087914210506,49.41984274137867
4896,-36.68883914210505,49.41984274137867
4897,-36.746799142105054,49.41984274137867
4898,-36.804759142105056,49.41984274137867
4899,-36.86271914210506,49.47780274137868
4900,-36.92067914210506,49.47780274137868
4901,-36.97863914210505,49.47780274137868
4902,-37.036599142105054,49.47780274137868
4903,-37.094559142105055,49.47780274137868
4904,-37.15251914210506,49.535762741378676
4905,-37.21047914210506,49.535762741378676
4906,-37.26843914210506,49.535762741378676
4907,-37.32639914210505,49.535762741378676
4908,-37.384359142105055,49.535762741378676
4909,-37.442319142105056,49.535762741378676
4910,-37.50027914210506,49.593722741378684
4911,-37.55823914210506,49.593722741378684
4912,-37.61619914210505,49.593722741378684
4913,-37.674159142105054,49.593722741378684
4914,-37.732119142105056,49.593722741378684
4915,-37.79007914210506,49.65168274137868
4916,-37.84803914210506,49.65168274137868
4917,-37.90599914210505,49.65168274137868
4918,-37.963959142105054,49.65168274137868
4919,-38.021919142105055,49.65168274137868
4920,-38.07987914210506,49.70964274137867
4921,-38.13783914210506,49.70964274137867
4922,-38.19579914210506,49.70964274137867
4923,-38.253759142105054,49.70964274137867
4924,-38.311719142105055,49.70964274137867
4925,-38.369679142105056,49.76760274137868
4926,-38.42763914210506,49.76760274137868
4927,-38.48559914210506,49.76760274137868
4928,-38.54355914210505,49.76760274137868
4929,-38.601519142105055,49.76760274137868
4930,-38.659479142105056,49.76760274137868
4931,-38.71743914210506,49.825562741378675
4932,-38.77539914210506,49.825562741378675
4933,-38.83335914210505,49.825562741378675
4934,-38.891319142105054,49.825562741378675
4935,-38.949279142105055,49.825562741378675
4936,-39.00723914210506,49.883522741378684
4937,-39.06519914210506,49.883522741378684
4938,-39.12315914210505,49.883522741378684
4939,-39.181119142105054,49.883522741378684
4940,-39.239079142105055,49.883522741378684
4941,-39.297039142105056,49.94148274137868
4942,-39.35499914210506,49.94148274137868
4943,-39.41295914210506,49.94148274137868
4944,-39.47091914210505,49.94148274137868
4945,-39.528879142105055,49.94148274137868
4946,-39.586839142105056,49.99944274137867
4947,-39.64479914210506,49.99944274137867
4948,-39.70275914210506,49.99944274137867
4949,-39.76071914210505,49.99944274137867
4950,-39.818679142105054,49.99944274137867
4951,-39.876639142105056,50.05740274137868
4952,-39.93459914210506,50.05740274137868
4953,-39.99255914210506,50.05740274137868
4954,-40.05051914210505,50.05740274137868
4955,-40.108479142105054,50.05740274137868
4956,-40.166439142105055,50.05740274137868
4957,-40.22439914210506,50.115362741378675
4958,-40.28235914210506,50.115362741378675
4959,-40.34031914210506,50.115362741378675
4960,-40.39827914210505,50.115362741378675
4961,-40.456239142105055,50.115362741378675
4962,-40.514199142105056,50.17332274137868
4963,-40.57215914210506,50.17332274137868
4964,-40.63011914210506,50.17332274137868
4965,-40.68807914210505,50.17332274137868
4966,-40.746039142105055,50.17332274137868
4967,-40.803999142105056,50.23128274137868
4968,-40.86195914210506,50.23128274137868
4969,-40.91991914210506,50.23128274137868
4970,-40.97787914210505,50.23128274137868
4971,-41.035839142105054,50.23128274137868
4972,-41.093799142105055,50.28924274137867
4973,-41.15175914210506,50.28924274137867
4974,-41.20971914210506,50.28924274137867
4975,-41.26767914210505,50.28924274137867
4976,-41.325639142105054,50.28924274137867
4977,-41.383599142105055,50.34720274137868
4978,-41.441559142105056,50.34720274137868
4979,-41.49951914210506,50.34720274137868
4980,-41.55747914210506,50.34720274137868
4981,-41.61543914210505,50.34720274137868
4982,-41.673399142105055,50.405162741378675
4983,-41.731359142105056,50.405162741378675
4984,-41.78931914210506,50.405162741378675
4985,-41.84727914210506,50.405162741378675
4986,-41.90523914210505,50.405162741378675
4987,-41.963199142105054,50.405162741378675
4988,-42.021159142105056,50.46312274137868
4989,-42.07911914210506,50.46312274137868
4990,-42.13707914210506,50.46312274137868
4991,-42.19503914210505,50.46312274137868
4992,-42.252999142105054,50.46312274137868
4993,-42.310959142105055,50.52108274137868
4994,-42.36891914210506,50.52108274137868
4995,-42.42687914210506,50.52108274137868
4996,-42.48483914210505,50.52108274137868
4997,-42.54279914210505,50.52108274137868
4998,-42.600759142105055,50.579042741378686
4999,-42.658719142105056,50.579042741378686
5000,-42.71667914210506,50.579042741378686
5001,-42.77463914210506,50.579042741378686
5002,-42.83259914210505,50.579042741378686
5003,-42.890559142105054,50.63700274137868
5004,-42.948519142105056,50.63700274137868
5005,-43.00647914210506,50.63700274137868
5006,-43.06443914210506,50.63700274137868
5007,-43.12239914210505,50.63700274137868
5008,-43.180359142105054,50.694962741378674
5009,-43.238319142105055,50.694962741378674
5010,-43.29627914210506,50.694962741378674
5011,-43.35423914210506,50.694962741378674
5012,-43.41219914210505,50.694962741378674
5013,-43.470159142105054,50.75292274137868
5014,-43.528119142105055,50.75292274137868
5015,-43.586079142105056,50.75292274137868
5016,-43.64403914210506,50.75292274137868
5017,-43.70199914210506,50.75292274137868
5018,-43.75995914210505,50.81088274137868
5019,-43.817919142105055,50.81088274137868
5020,-43.875879142105056,50.81088274137868
5021,-43.93383914210506,50.81088274137868
5022,-43.99179914210506,50.81088274137868
5023,-44.04975914210505,50.81088274137868
5024,-44.107719142105054,50.868842741378685
5025,-44.165679142105056,50.868842741378685
5026,-44.22363914210506,50.868842741378685
5027,-44.28159914210506,50.868842741378685
5028,-44.33955914210505,50.868842741378685
5029,-44.397519142105054,50.92680274137868
5030,-44.455479142105055,50.92680274137868
5031,-44.51343914210506,50.92680274137868
5032,-44.57139914210506,50.92680274137868
5033,-44.62935914210505,50.92680274137868
5034,-44.68731914210505,50.984762741378674
5035,-44.745279142105055,50.984762741378674
5036,-44.803239142105056,50.984762741378674
5037,-44.86119914210506,50.984762741378674
5038,-44.91915914210506,50.984762741378674
5039,-44.97711914210505,51.04272274137868
5040,-45.035079142105054,51.04272274137868
5041,-45.093039142105056,51.04272274137868
5042,-45.15099914210506,51.04272274137868
5043,-45.20895914210506,51.04272274137868
5044,-45.26691914210505,51.10068274137868
5045,-45.324879142105054,51.10068274137868
5046,-45.382839142105055,51.10068274137868
5047,-45.44079914210506,51.10068274137868
5048,-45.49875914210506,51.10068274137868
5049,-45.55671914210505,51.158642741378685
5050,-45.614679142105054,51.158642741378685
5051,-45.672639142105055,51.158642741378685
5052,-45.730599142105056,51.158642741378685
5053,-45.78855914210506,51.158642741378685
5054,-45.84651914210506,51.21660274137868
5055,-45.90447914210505,51.21660274137868
5056,-45.962439142105055,51.21660274137868
5057,-46.020399142105056,51.21660274137868
5058,-46.07835914210506,51.21660274137868
5059,-46.13631914210506,51.27456274137867
5060,-46.19427914210505,51.27456274137867
5061,-46.252239142105054,51.27456274137867
5062,-46.310199142105056,51.27456274137867
5063,-46.36815914210506,51.27456274137867
5064,-46.42611914210506,51.33252274137868
5065,-46.48407914210505,51.33252274137868
5066,-46.542039142105054,51.33252274137868
5067,-46.599999142105055,51.33252274137868
5068,-46.65795914210506,51.33252274137868
5069,-46.71591914210506,51.390482741378676
5070,-46.77387914210505,51.390482741378676
5071,-46.83183914210505,51.390482741378676
5072,-46.889799142105055,51.390482741378676
5073,-46.947759142105056,51.390482741378676
5074,-47.00571914210506,51.448442741378685
5075,-47.06367914210506,51.448442741378685
5076,-47.12163914210505,51.448442741378685
5077,-47.179599142105054,51.448442741378685
5078,-47.237559142105056,51.448442741378685
5079,-47.29551914210506,51.50640274137868
5080,-47.35347914210506,51.50640274137868
5081,-47.41143914210505,51.50640274137868
5082,-47.469399142105054,51.50640274137868
5083,-47.527359142105055,51.50640274137868
5084,-47.58531914210506,51.56436274137867
5085,-47.64327914210506,51.56436274137867
5086,-47.70123914210505,51.56436274137867
5087,-47.759199142105054,51.56436274137867
5088,-47.817159142105055,51.56436274137867
5089,-47.875119142105056,51.56436274137867
5090,-47.93307914210506,51.62232274137868
5091,-47.99103914210505,51.62232274137868
5092,-48.04899914210505,51.62232274137868
5093,-48.106959142105055,51.62232274137868
5094,-48.164919142105056,51.62232274137868
5095,-48.22287914210506,51.680282741378676
5096,-48.28083914210506,51.680282741378676
5097,-48.33879914210505,51.680282741378676
5098,-48.396759142105054,51.680282741378676
5099,-48.454719142105056,51.680282741378676
5100,-48.51267914210506,51.738242741378684
5101,-48.57063914210506,51.738242741378684
5102,-48.62859914210505,51.738242741378684
5103,-48.686559142105054,51.738242741378684
5104,-48.744519142105055,51.738242741378684
5105,-48.80247914210506,51.79620274137868
5106,-48.86043914210506,51.79620274137868
5107,-48.91839914210505,51.79620274137868
5108,-48.97635914210505,51.79620274137868
5109,-49.034319142105055,51.79620274137868
5110,-49.092279142105056,51.85416274137867
5111,-49.15023914210506,51.85416274137867
5112,-49.20819914210506,51.85416274137867
5113,-49.26615914210505,51.85416274137867
5114,-49.324119142105054,51.85416274137867
5115,-49.382079142105056,51.91212274137868
5116,-49.44003914210506,51.91212274137868
5117,-49.49799914210506,51.91212274137868
5118,-49.55595914210505,51.91212274137868
5119,-49.613919142105054,51.91212274137868
5120,-49.671879142105055,51.970082741378675
5121,-49.72983914210506,51.970082741378675
5122,-49.78779914210506,51.970082741378675
5123,-49.84575914210505,51.970082741378675
5124,-49.903719142105054,51.970082741378675
5125,-49.961679142105055,52.028042741378684
5126,-50.019639142105056,52.028042741378684
5127,-50.07759914210506,52.028042741378684
5128,-50.13555914210505,52.028042741378684
5129,-50.19351914210505,52.028042741378684
5130,-50.251479142105055,52.08600274137868
5131,-50.309439142105056,52.08600274137868
5132,-50.36739914210506,52.08600274137868
5133,-50.42535914210506,52.08600274137868
5134,-50.48331914210505,52.08600274137868
5135,-50.541279142105054,52.14396274137867
5136,-50.599239142105056,52.14396274137867
5137,-50.65719914210506,52.14396274137867
5138,-50.71515914210506,52.14396274137867
5139,-50.77311914210505,52.14396274137867
5140,-50.831079142105054,52.20192274137868
5141,-50.889039142105055,52.20192274137868
5142,-50.94699914210506,52.20192274137868
5143,-51.00495914210506,52.20192274137868
5144,-51.06291914210505,52.20192274137868
5145,-51.12087914210505,52.259882741378675
5146,-51.178839142105055,52.259882741378675
5147,-51.236799142105056,52.259882741378675
5148,-51.29475914210506,52.259882741378675
5149,-51.35271914210506,52.259882741378675
5150,-51.41067914210505,52.31784274137868
5151,-51.468639142105054,52.31784274137868
5152,-51.526599142105056,52.31784274137868
5153,-51.58455914210506,52.31784274137868
5154,-51.64251914210506,52.31784274137868
5155,-51.70047914210505,52.37580274137868
5156,-51.758439142105054,52.37580274137868
5157,-51.816399142105055,52.37580274137868
5158,-51.87435914210506,52.37580274137868
5159,-51.93231914210506,52.37580274137868
5160,-51.99027914210505,52.43376274137867
5161,-52.048239142105054,52.43376274137867
5162,-52.106199142105055,52.43376274137867
5163,-52.164159142105056,52.43376274137867
5164,-52.22211914210506,52.43376274137867
5165,-52.28007914210505,52.49172274137868
5166,-52.33803914210505,52.49172274137868
5167,-52.395999142105055,52.49172274137868
5168,-52.453959142105056,52.49172274137868
5169,-52.51191914210506,52.49172274137868
5170,-52.56987914210506,52.549682741378675
5171,-52.62783914210505,52.549682741378675
5172,-52.685799142105054,52.549682741378675
5173,-52.743759142105056,52.549682741378675
5174,-52.80171914210506,52.549682741378675
5175,-52.85967914210505,52.60764274137868
5176,-52.91763914210506,52.60764274137868
5177,-52.975599142105054,52.60764274137868
5178,-53.033559142105055,52.60764274137868
5179,-53.09151914210506,52.60764274137868
5180,-53.14947914210505,52.66560274137868
5181,-53.20743914210506,52.66560274137868
5182,-53.26539914210505,52.66560274137868
5183,-53.323359142105055,52.66560274137868
5184,-53.381319142105056,52.66560274137868
5185,-53.43927914210505,52.72356274137867
5186,-53.49723914210506,52.72356274137867
5187,-53.55519914210505,52.72356274137867
5188,-53.613159142105054,52.72356274137867
5189,-53.671119142105056,52.72356274137867
5190,-53.72907914210505,52.78152274137868
5191,-53.78703914210506,52.78152274137868
5192,-53.84499914210505,52.78152274137868
5193,-53.902959142105054,52.78152274137868
5194,-53.960919142105055,52.78152274137868
5195,-54.01887914210506,52.839482741378674
5196,-54.07683914210506,52.839482741378674
5197,-54.13479914210505,52.839482741378674
5198,-54.192759142105054,52.839482741378674
5199,-54.250719142105055,52.839482741378674
5200,-54.308679142105056,52.89744274137868
5201,-54.36663914210506,52.89744274137868
5202,-54.42459914210505,52.89744274137868
5203,-54.48255914210506,52.89744274137868
5204,-54.540519142105055,52.89744274137868
5205,-54.598479142105056,52.95540274137868
5206,-54.65643914210506,52.95540274137868
5207,-54.71439914210505,52.95540274137868
5208,-54.77235914210506,52.95540274137868
5209,-54.830319142105054,52.95540274137868
5210,-54.888279142105056,52.95540274137868
5211,-54.94623914210506,53.013362741378685
5212,-55.00419914210505,53.013362741378685
5213,-55.06215914210506,53.013362741378685
5214,-55.120119142105054,53.013362741378685
5215,-55.178079142105055,53.013362741378685
5216,-55.23603914210506,53.07132274137868
5217,-55.29399914210505,53.07132274137868
5218,-55.35195914210506,53.07132274137868
5219,-55.40991914210505,53.07132274137868
5220,-55.467879142105055,53.07132274137868
5221,-55.525839142105056,53.129282741378674
5222,-55.58379914210505,53.129282741378674
5223,-55.64175914210506,53.129282741378674
5224,-55.69971914210505,53.129282741378674
5225,-55.757679142105054,53.129282741378674
5226,-55.815639142105056,53.129282741378674
5227,-55.87359914210505,53.18724274137868
5228,-55.93155914210506,53.18724274137868
5229,-55.98951914210505,53.18724274137868
5230,-56.047479142105054,53.18724274137868
5231,-56.105439142105055,53.18724274137868
5232,-56.16339914210506,53.24520274137868
5233,-56.22135914210506,53.24520274137868
5234,-56.27931914210505,53.24520274137868
5235,-56.337279142105054,53.24520274137868
5236,-56.395239142105055,53.24520274137868
5237,-56.453199142105056,53.24520274137868
5238,-56.51115914210506,53.24520274137868
5239,-56.56911914210505,53.303162741378685
5240,-56.62707914210506,53.303162741378685
5241,-56.685039142105055,53.303162741378685
5242,-56.742999142105056,53.303162741378685
5243,-56.80095914210506,53.303162741378685
5244,-56.85891914210505,53.303162741378685
5245,-56.91687914210506,53.303162741378685
5246,-56.974839142105054,53.303162741378685
5247,-57.032799142105056,53.303162741378685
5248,-57.09075914210506,53.303162741378685
5249,-57.14871914210505,53.36112274137868
5250,-57.20667914210506,53.36112274137868
5251,-57.264639142105054,53.36112274137868
5252,-57.322599142105055,53.36112274137868
5253,-57.38055914210506,53.36112274137868
5254,-57.43851914210505,53.36112274137868
5255,-57.49647914210506,53.36112274137868
5256,-57.55443914210505,53.36112274137868
5257,-57.612399142105055,53.41908274137867
5258,-57.670359142105056,53.41908274137867
5259,-57.72831914210505,53.41908274137867
5260,-57.78627914210506,53.41908274137867
5261,-57.84423914210505,53.41908274137867
5262,-57.902199142105054,53.41908274137867
5263,-57.960159142105056,53.41908274137867
5264,-58.01811914210505,53.41908274137867
5265,-58.07607914210506,53.41908274137867
5266,-58.13403914210505,53.41908274137867
5267,-58.191999142105054,53.47704274137868
5268,-58.249959142105055,53.47704274137868
5269,-58.30791914210506,53.47704274137868
5270,-58.36587914210506,53.47704274137868
5271,-58.42383914210505,53.47704274137868
5272,-58.481799142105054,53.47704274137868
5273,-58.539759142105055,53.47704274137868
5274,-58.597719142105056,53.47704274137868
5275,-58.65567914210506,53.47704274137868
5276,-58.71363914210505,53.47704274137868
5277,-58.77159914210506,53.535002741378676
5278,-58.829559142105055,53.535002741378676
5279,-58.887519142105056,53.535002741378676
5280,-58.94547914210506,53.535002741378676
5281,-59.00343914210505,53.535002741378676
5282,-59.06139914210506,53.535002741378676
5283,-59.119359142105054,53.535002741378676
5284,-59.177319142105056,53.535002741378676
5285,-59.23527914210506,53.535002741378676
5286,-59.29323914210505,53.535002741378676
5287,-59.35119914210506,53.535002741378676
5288,-59.409159142105054,53.592962741378685
5289,-59.467119142105055,53.592962741378685
5290,-59.52507914210506,53.592962741378685
5291,-59.58303914210505,53.592962741378685
5292,-59.64099914210506,53.592962741378685
5293,-59.69895914210505,53.592962741378685
5294,-59.756919142105055,53.592962741378685
5295,-59.814879142105056,53.592962741378685
5296,-59.87283914210505,53.592962741378685
5297,-59.93079914210506,53.592962741378685
5298,-59.98875914210505,53.65092274137868
5299,-60.046719142105054,53.65092274137868
5300,-60.104679142105056,53.65092274137868
5301,-60.16263914210505,53.65092274137868
5302,-60.22059914210506,53.65092274137868
5303,-60.27855914210505,53.65092274137868
5304,-60.336519142105054,53.65092274137868
5305,-60.394479142105055,53.65092274137868
5306,-60.45243914210506,53.65092274137868
5307,-60.51039914210506,53.70888274137867
5308,-60.56835914210505,53.70888274137867
5309,-60.626319142105054,53.70888274137867
5310,-60.684279142105055,53.70888274137867
5311,-60.742239142105056,53.70888274137867
5312,-60.80019914210506,53.70888274137867
5313,-60.85815914210505,53.70888274137867
5314,-60.91611914210505,53.70888274137867
5315,-60.974079142105055,53.70888274137867
5316,-61.032039142105056,53.70888274137867
5317,-61.08999914210506,53.70888274137867
5318,-61.14795914210505,53.70888274137867
5319,-61.20591914210506,53.70888274137867
5320,-61.263879142105054,53.70888274137867
5321,-61.321839142105055,53.70888274137867
5322,-61.37979914210506,53.70888274137867
5323,-61.43775914210505,53.70888274137867
5324,-61.49571914210506,53.70888274137867
5325,-61.553679142105054,53.70888274137867
5326,-61.611639142105055,53.70888274137867
5327,-61.669599142105056,53.70888274137867
5328,-61.72755914210505,53.70888274137867
5329,-61.78551914210506,53.70888274137867
5330,-61.84347914210505,53.76684274137868
5331,-61.901439142105055,53.76684274137868
5332,-61.959399142105056,53.76684274137868
5333,-62.01735914210505,53.76684274137868
5334,-62.07531914210506,53.76684274137868
5335,-62.13327914210505,53.76684274137868
5336,-62.191239142105054,53.76684274137868
5337,-62.249199142105056,53.76684274137868
5338,-62.30715914210505,53.76684274137868
5339,-62.36511914210506,53.76684274137868
5340,-62.42307914210505,53.76684274137868
5341,-62.481039142105054,53.76684274137868
5342,-62.538999142105055,53.76684274137868
5343,-62.59695914210506,53.76684274137868
5344,-62.65491914210506,53.76684274137868
5345,-62.71287914210505,53.76684274137868
5346,-62.770839142105054,53.76684274137868
5347,-62.828799142105055,53.76684274137868
5348,-62.886759142105056,53.76684274137868
5349,-62.94471914210506,53.76684274137868
5350,-63.00267914210505,53.76684274137868
5351,-63.06063914210505,53.76684274137868
5352,-63.118599142105055,53.76684274137868
5353,-63.176559142105056,53.76684274137868
5354,-63.23451914210506,53.76684274137868
5355,-63.29247914210505,53.76684274137868
5356,-63.35043914210506,53.76684274137868
5357,-63.408399142105054,53.76684274137868
5358,-63.466359142105055,53.76684274137868
5359,-63.52431914210506,53.76684274137868
5360,-63.58227914210505,53.76684274137868
5361,-63.64023914210506,53.76684274137868
5362,-63.698199142105054,53.76684274137868
5363,-63.756159142105055,53.76684274137868
5364,-63.814119142105056,53.76684274137868
5365,-63.87207914210505,53.76684274137868
5366,-63.93003914210506,53.76684274137868
5367,-63.98799914210505,53.76684274137868
5368,-64.04595914210506,53.76684274137868
5369,-64.10391914210506,53.76684274137868
5370,-64.16187914210505,53.76684274137868
5371,-64.21983914210506,53.76684274137868
5372,-64.27779914210505,53.76684274137868
5373,-64.33575914210505,53.76684274137868
5374,-64.39371914210506,53.76684274137868
5375,-64.45167914210505,53.76684274137868
5376,-64.50963914210506,53.76684274137868
5377,-64.56759914210505,53.76684274137868
5378,-64.62555914210506,53.76684274137868
5379,-64.68351914210506,53.76684274137868
5380,-64.74147914210505,53.76684274137868
5381,-64.79943914210506,53.76684274137868
5382,-64.85739914210505,53.76684274137868
5383,-64.91535914210505,53.76684274137868
5384,-64.97331914210505,53.76684274137868
5385,-65.03127914210506,53.76684274137868
5386,-65.08923914210506,53.76684274137868
5387,-65.14719914210505,53.76684274137868
5388,-65.20515914210506,53.76684274137868
5389,-65.26311914210505,53.76684274137868
5390,-65.32107914210505,53.76684274137868
5391,-65.37903914210506,53.76684274137868
5392,-65.43699914210505,53.76684274137868
5393,-65.49495914210506,53.76684274137868
5394,-65.55291914210505,53.76684274137868
5395,-65.61087914210506,53.76684274137868
5396,-65.66883914210506,53.76684274137868
5397,-65.72679914210505,53.76684274137868
5398,-65.78475914210506,53.76684274137868
5399,-65.84271914210505,53.76684274137868
5400,-65.90067914210505,53.76684274137868
5401,-65.95863914210506,53.76684274137868
5402,-66.01659914210505,53.76684274137868
5403,-66.07455914210506,53.76684274137868
5404,-66.13251914210505,53.76684274137868
5405,-66.19047914210506,53.76684274137868
5406,-66.24843914210506,53.76684274137868
5407,-66.30639914210505,53.76684274137868
5408,-66.36435914210506,53.76684274137868
5409,-66.42231914210505,53.76684274137868
5410,-66.48027914210505,53.76684274137868
5411,-66.53823914210506,53.76684274137868
5412,-66.59619914210505,53.76684274137868
5413,-66.65415914210506,53.76684274137868
5414,-66.71211914210505,53.76684274137868
5415,-66.77007914210506,53.76684274137868
5416,-66.82803914210506,53.76684274137868
5417,-66.88599914210505,53.76684274137868
5418,-66.94395914210506,53.76684274137868
5419,-67.00191914210505,53.76684274137868
5420,-67.05987914210505,53.76684274137868
5421,-67.11783914210505,53.76684274137868
5422,-67.17579914210506,53.76684274137868
5423,-67.23375914210506,53.76684274137868
5424,-67.29171914210505,53.76684274137868
5425,-67.34967914210506,53.76684274137868
5426,-67.40763914210505,53.76684274137868
5427,-67.46559914210505,53.76684274137868
5428,-67.52355914210506,53.76684274137868
5429,-67.58151914210505,53.76684274137868
5430,-67.63947914210506,53.76684274137868
5431,-67.69743914210505,53.76684274137868
5432,-67.75539914210506,53.76684274137868
5433,-67.81335914210506,53.76684274137868
5434,-67.87131914210505,53.76684274137868
5435,-67.92927914210506,53.76684274137868
5436,-67.98723914210505,53.76684274137868
5437,-68.04519914210505,53.76684274137868
5438,-68.10315914210506,53.76684274137868
5439,-68.16111914210505,53.76684274137868
5440,-68.21907914210506,53.76684274137868
5441,-68.27703914210505,53.76684274137868
5442,-68.33499914210506,53.76684274137868
5443,-68.39295914210506,53.76684274137868
5444,-68.45091914210505,53.76684274137868
5445,-68.50887914210506,53.76684274137868
5446,-68.56683914210505,53.76684274137868
5447,-68.62479914210505,53.76684274137868
5448,-68.68275914210506,53.76684274137868
5449,-68.74071914210505,53.76684274137868
5450,-68.79867914210506,53.76684274137868
5451,-68.85663914210505,53.76684274137868
5452,-68.91459914210506,53.76684274137868
