index,x,y,yaw,curvature,curvature_abs
0,-10.0514058817227,5.35332819747966,-2.60179724478074,0.563746830690195,0.563746830690195
1,-10.0770231879297,5.33768347898552,-2.58491877568015,0.56084054731338,0.56084054731338
2,-10.1023732956519,5.32160986829551,-2.56813266094623,0.557603722382081,0.557603722382081
3,-10.12745074524,5.30511429044516,-2.55144153734084,0.554518102486232,0.554518102486232
4,-10.1522500770446,5.28820367047,-2.53484074887923,0.551591438601634,0.551591438601634
5,-10.1767658314164,5.27088493340554,-2.51831835072162,0.549306045262859,0.549306045262859
6,-10.2009923208214,5.25316464026529,-2.50181716963133,0.550193084518666,0.550193084518666
7,-10.2249224157683,5.23504704868666,-2.48526976475334,0.552404566107068,0.552404566107068
8,-10.2485484244272,5.21653551802949,-2.46865404041004,0.554762770483729,0.554762770483729
9,-10.2718626536889,5.19763340561078,-2.45196557736209,0.55726281420583,0.55726281420583
10,-10.294857407667,5.17834406673496,-2.43518901668961,0.560637304175149,0.560637304175149
11,-10.3175244352431,5.15867045441897,-2.41828446981386,0.565789007016262,0.565789007016262
12,-10.3398542626299,5.13861463580736,-2.40121959470064,0.571309089102183,0.571309089102183
13,-10.3618372530756,5.11817855997048,-2.38398662873623,0.576966367061586,0.576966367061586
14,-10.3834637698287,5.09736417597868,-2.36657670717604,0.583058076872263,0.583058076872263
15,-10.4047239005992,5.07617331021363,-2.34891424169571,0.593749775000799,0.593749775000799
16,-10.4256038119748,5.05460604310139,-2.33087674229689,0.608007747493774,0.608007747493774
17,-10.4460867520207,5.03266115553936,-2.3124058731453,0.622601023664598,0.622601023664598
18,-10.4661558992812,5.01033739746948,-2.29349356275998,0.637407624814482,0.637407624814482
19,-10.4857944323005,4.98763351883369,-2.27413548370387,0.652270509562806,0.652270509562806
20,-10.5049855769015,4.96454836484844,-2.25438289729862,0.663642523759103,0.663642523759103
21,-10.5237141592628,4.94108400572537,-2.23435044533205,0.670861343198136,0.670861343198136
22,-10.5419669566071,4.91724644337031,-2.21409943864438,0.678151904963024,0.678151904963024
23,-10.5597308644381,4.89304191804513,-2.19362439291001,0.685759605656696,0.685759605656696
24,-10.5769927782592,4.86847667001174,-2.17291633020256,0.69365610148237,0.69365610148237
25,-10.593739593574,4.843556939532,-2.15197524619154,0.701256384882159,0.701256384882159
26,-10.6099585304728,4.81828938911593,-2.13085550637871,0.705532519793708,0.705532519793708
27,-10.6256389159207,4.79268342206096,-2.10962324085422,0.70872873002241,0.70872873002241
28,-10.6407709179127,4.76674953574263,-2.08828947952675,0.712285199217866,0.712285199217866
29,-10.6553447066398,4.74049823039302,-2.06684380726593,0.716191538271978,0.716191538271978
30,-10.669350452293,4.71394000624423,-2.0452761855369,0.720423040149499,0.720423040149499
31,-10.6827783322095,4.68708536697427,-2.02361815626826,0.722224032973055,0.722224032973055
32,-10.6956207544408,4.65994589191119,-2.00200102763154,0.717700712453937,0.717700712453937
33,-10.7078755123122,4.63253575716103,-1.9805295377545,0.712518059910986,0.712518059910986
34,-10.7195411955963,4.60486952287665,-1.95920845727583,0.707678008896046,0.707678008896046
35,-10.7306163940656,4.57696174921094,-1.93802742386938,0.703199897666697,0.703199897666697
36,-10.741099697493,4.54882699631676,-1.91697914084802,0.698870574231595,0.698870574231595
37,-10.7509899176748,4.52047981637501,-1.89611436735652,0.691017434042981,0.691017434042981
38,-10.7602896040838,4.49193462736155,-1.87553075505955,0.680179972202,0.680179972202
39,-10.7690044120016,4.46320573573508,-1.8552709172313,0.669473668410596,0.669473668410596
40,-10.7771400909994,4.43430744456873,-1.83532863481599,0.659036236462756,0.659036236462756
41,-10.7847023906487,4.40525405693562,-1.81569546912096,0.64890271802703,0.64890271802703
42,-10.7916970625232,4.37605987331746,-1.79636856582132,0.638671906960908,0.638671906960908
43,-10.7981304079254,4.34673848280852,-1.77736084381358,0.627676340945645,0.627676340945645
44,-10.8040100227383,4.3173017992245,-1.75868352034151,0.616696816500251,0.616696816500251
45,-10.8093436890686,4.28776149539421,-1.74033325213784,0.605905404450253,0.605905404450253
46,-10.8141391890233,4.25812924414648,-1.72230387773688,0.595334945445327,0.595334945445327
47,-10.818404304679,4.22841671808748,-1.7045862191356,0.585164134505951,0.585164134505951
48,-10.8221467452358,4.19863505329423,-1.6871640918093,0.575668401073856,0.575668401073856
49,-10.8253739906201,4.16879369789395,-1.67002409105935,0.566389125053817,0.566389125053817
50,-10.8280934757857,4.13890176891666,-1.65316066238951,0.557247680872426,0.557247680872426
51,-10.8303126356861,4.10896838339241,-1.63656906521587,0.548278808479155,0.548278808479155
52,-10.8320388954939,4.07900265575448,-1.62021725202418,0.541275947332459,0.541275947332459
53,-10.8332780871865,4.04901327747461,-1.60401715218364,0.53817694013134,0.53817694013134
54,-10.8340326992597,4.01900805239667,-1.58790121466662,0.535677788578796,0.535677788578796
55,-10.8343047988276,3.98899467249601,-1.57185840692526,0.5333096139416,0.5333096139416
56,-10.8340964530041,3.958980829748,-1.55588494993792,0.531060168489597,0.531060168489597
57,-10.8334097447648,3.92897421078867,-1.53998883099672,0.528157544349811,0.528157544349811
58,-10.8322474624697,3.89898226480751,-1.52419431417864,0.524288133568456,0.524288133568456
59,-10.8306133657397,3.86901211404821,-1.50851527515955,0.520458268638264,0.520458268638264
60,-10.8285112849434,3.83907085693934,-1.4929491765129,0.51675541170658,0.51675541170658
61,-10.8259450504496,3.80916559190943,-1.47749196523824,0.513198123974045,0.513198123974045
62,-10.8229184826292,3.77930341377037,-1.46213141216372,0.510313686274302,0.510313686274302
63,-10.8194348972323,3.74949123479073,-1.44684399864045,0.508325408770215,0.508325408770215
64,-10.815496878192,3.71973570250869,-1.43161369778308,0.506510012964625,0.506510012964625
65,-10.8111069520264,3.69004344369304,-1.41643615720324,0.504810019862713,0.504810019862713
66,-10.8062676452538,3.66042108511255,-1.401307877632,0.503228059496478,0.503228059496478
67,-10.8009814851368,3.63087525316852,-1.38623205595872,0.501315718293322,0.501315718293322
68,-10.7952513770955,3.6014123876018,-1.37122974513478,0.498329420176921,0.498329420176921
69,-10.789081218812,3.57203843836714,-1.35631839298328,0.495253439001462,0.495253439001462
70,-10.7824750687506,3.54275927605651,-1.34149769942362,0.49228477780012,0.49228477780012
71,-10.7754369853753,3.51358077126188,-1.3267643681568,0.48942926709326,0.48942926709326
72,-10.7679710271504,3.48450879457522,-1.31211503892554,0.486688383113253,0.486688383113253
73,-10.7600812440463,3.45554917302167,-1.29754679217604,0.48402879685356,0.48402879685356
74,-10.7517716143476,3.42670736591926,-1.2830572400629,0.481448109379354,0.481448109379354
75,-10.7430460803559,3.3979886480165,-1.26864375617339,0.478961871704617,0.478961871704617
76,-10.7339085841022,3.36939829267301,-1.25430341163669,0.476574868785475,0.476574868785475
77,-10.7243630676176,3.34094157324845,-1.24003325045247,0.474287096833556,0.474287096833556
78,-10.7144134760935,3.31262376021509,-1.22583720541872,0.471639673263898,0.471639673263898
79,-10.7040640895271,3.28444981817406,-1.21173234051409,0.468214598410403,0.468214598410403
80,-10.6933198140031,3.2564241397468,-1.19773047723071,0.464779344744198,0.464779344744198
81,-10.6821856242792,3.22855105481646,-1.18383038616869,0.461434753719052,0.461434753719052
82,-10.6706664951131,3.20083489326621,-1.17002928906421,0.458186577435097,0.458186577435097
83,-10.6587674012627,3.1732799849792,-1.15632771873029,0.454811132751459,0.454811132751459
84,-10.646493477922,3.14589051433693,-1.14275609482124,0.449535787089274,0.449535787089274
85,-10.633851257061,3.11866939896837,-1.12935732513429,0.443300550522935,0.443300550522935
86,-10.6208479900035,3.09161890411162,-1.11614485713134,0.43712521559506,0.43712521559506
87,-10.6074909340235,3.06474128960869,-1.10311659022174,0.43102805394854,0.43102805394854
88,-10.5937873463949,3.03803881530161,-1.09027022075329,0.425010456342211,0.425010456342211
89,-10.5797444865639,3.01151373054056,-1.0776097209381,0.418652195674308,0.418652195674308
90,-10.5653697360477,2.9851676950485,-1.06514906412075,0.411703234352545,0.411703234352545
91,-10.5506706609728,2.95900147685012,-1.05289720433907,0.404746966894619,0.404746966894619
92,-10.5356548428203,2.93301576980477,-1.04085334608119,0.397846372611318,0.397846372611318
93,-10.5203298630712,2.90721126777181,-1.02901569501339,0.391010456203306,0.391010456203306
94,-10.5047033028303,2.88158866412602,-1.01738178256721,0.384277213741424,0.384277213741424
95,-10.4887825692295,2.85614842824895,-1.00594803751866,0.377678253290577,0.377678253290577
96,-10.4725746196572,2.83089045046918,-0.994711736803797,0.371125710670496,0.371125710670496
97,-10.4560863397945,2.80581452879039,-0.983671526827809,0.364612168475839,0.364612168475839
98,-10.4393246153222,2.78092046121625,-0.972826080431072,0.358146846895401,0.358146846895401
99,-10.4222963302766,2.75620804652308,-0.962158828954844,0.35273897052515,0.35273897052515
100,-10.4050075362417,2.73167747452525,-0.951613683314774,0.350011857644627,0.350011857644627
101,-10.3874621017009,2.70732996053236,-0.941143525183647,0.347744677271728,0.347744677271728
102,-10.3696635416084,2.68316688592173,-0.930740912677359,0.345511540579375,0.345511540579375
103,-10.3516153709183,2.65918963207064,-0.920404775368,0.343314494825011,0.343314494825011
104,-10.333321104674,2.6353995802341,-0.910137126885298,0.340946802953112,0.340946802953112
105,-10.3147843730988,2.61179795399996,-0.899949262949867,0.337996369483711,0.337996369483711
106,-10.2960091475917,2.58838550992758,-0.889851146039796,0.334964843465727,0.334964843465727
107,-10.2769994624251,2.56516291851019,-0.87984346642426,0.331968437304101,0.331968437304101
108,-10.2577593518714,2.54213085024101,-0.869925153022852,0.329009789358224,0.329009789358224
109,-10.2382928502031,2.51928997561329,-0.86010108886692,0.325690513588609,0.325690513588609
110,-10.2186042240316,2.49664068252202,-0.85042231806066,0.319329698087028,0.319329698087028
111,-10.1986995232564,2.47418118981659,-0.840955546564507,0.311564443555181,0.311564443555181
112,-10.1785856236938,2.45190871176873,-0.831721594735679,0.303813879533561,0.303813879533561
113,-10.1582694056622,2.42982045717416,-0.822719808176443,0.296091754650055,0.296091754650055
114,-10.13775774948,2.40791363482864,-0.813949463770398,0.288392592881588,0.288392592881588
115,-10.1170575394228,2.3861854437201,-0.805424647294056,0.27973447555161,0.27973447555161
116,-10.0961760266382,2.36463217355828,-0.797186296715242,0.269306624123029,0.269306624123029
117,-10.0751211213465,2.34324848056501,-0.789263654593878,0.258698644123877,0.258698644123877
118,-10.05390080253,2.32202885053931,-0.781659191192077,0.248102671022542,0.248102671022542
119,-10.0325230491707,2.30096776928021,-0.774372461652672,0.237524203894068,0.237524203894068
120,-10.0109958402505,2.28005972258676,-0.767404200531647,0.226881753859046,0.226881753859046
121,-9.98932714287157,2.2592990782267,-0.760765019994682,0.215596177421905,0.215596177421905
122,-9.96752483269258,2.23867929545361,-0.754469142787791,0.204005906048949,0.204005906048949
123,-9.94559674291705,2.21819341171744,-0.748521099211162,0.192416257353428,0.192416257353428
124,-9.92355070651466,2.19783446214462,-0.74292076187847,0.180832932239557,0.180832932239557
125,-9.90139455645507,2.17759548186162,-0.737667819929967,0.169264670573793,0.169264670573793
126,-9.87913610672326,2.15746949589877,-0.732760281410048,0.15781438833863,0.15781438833863
127,-9.85678281194117,2.13744933817578,-0.728194897626138,0.146462604907854,0.146462604907854
128,-9.83434180568763,2.11752767188045,-0.723970133428512,0.135113961936903,0.135113961936903
129,-9.8118202102513,2.09769715419642,-0.720085900270458,0.123767083642933,0.123767083642933
130,-9.78922514792084,2.07795044230732,-0.716532026500034,0.113096335771906,0.113096335771906
131,-9.76656331017891,2.05828062196075,-0.713244220158663,0.106034392439746,0.106034392439746
132,-9.74383907990777,2.03868307549,-0.71015028506588,0.100175562685901,0.100175562685901
133,-9.72105606993452,2.01915395127594,-0.70723081727602,0.094406601997346,0.094406601997346
134,-9.6982178401162,1.99968945854803,-0.704457171245403,0.0904567470264825,0.0904567470264825
135,-9.67532687598392,1.98028704233417,-0.701775528761166,0.0882747129853008,0.0882747129853008
136,-9.65238461949784,1.96094534893755,-0.6990906648051,0.0906715808394644,0.0906715808394644
137,-9.62938983761405,1.94166616146817,-0.69622298946679,0.100458910599495,0.100458910599495
138,-9.60633697981748,1.92245632727599,-0.693051356785172,0.110929373859856,0.110929373859856
139,-9.5832200957907,1.9033231626649,-0.689555214992986,0.122085276878321,0.122085276878321
140,-9.5600329418019,1.88427454464878,-0.685682846541306,0.136002544897486,0.136002544897486
141,-9.53676809673326,1.86532060020631,-0.681382337025183,0.150618445665924,0.150618445665924
142,-9.51341784418543,1.84647202059426,-0.676643135986908,0.165239906902797,0.165239906902797
143,-9.48997446775904,1.8277394970694,-0.671465120119746,0.179864112007377,0.179864112007377
144,-9.46643025105474,1.80913372088849,-0.665848689030058,0.194456686977026,0.194456686977026
145,-9.44277749862166,1.79066536522672,-0.65982826476453,0.206784118350988,0.206784118350988
146,-9.41901008734045,1.77234374611069,-0.653494609988646,0.215327019117934,0.215327019117934
147,-9.39512453228777,1.75417590242372,-0.646909690741113,0.223524725146842,0.223524725146842
148,-9.37111760072805,1.73616865537477,-0.640078500395359,0.231737743660003,0.231737743660003
149,-9.34698605992575,1.71832882617279,-0.633000648774371,0.239962883191047,0.239962883191047
150,-9.32272667714529,1.70066323602672,-0.625675815888326,0.248196313042593,0.248196313042593
151,-9.29833621965112,1.6831787061455,-0.618109529151063,0.256050654657833,0.256050654657833
152,-9.27381177404526,1.66588186029343,-0.610332067418487,0.262266444174061,0.262266444174061
153,-9.2491518016574,1.64877847224819,-0.60237429272389,0.268064542128611,0.268064542128611
154,-9.22435513367114,1.63187408710886,-0.594242140418493,0.27388850411789,0.27388850411789
155,-9.19942060127513,1.61517424997138,-0.585934929285256,0.279735173643609,0.279735173643609
156,-9.17434703565802,1.59868450593169,-0.577452088048877,0.285598140745885,0.285598140745885
157,-9.14913326941957,1.58241039793232,-0.568830682053578,0.288973375489469,0.288973375489469
158,-9.12377937086715,1.56635558318248,-0.560214137906112,0.285275901175195,0.285275901175195
159,-9.09828890724929,1.55051837938389,-0.551726964574187,0.280351568645166,0.280351568645166
160,-9.07266606080478,1.53489616574149,-0.543387237717886,0.275449471529661,0.275449471529661
161,-9.04691501377241,1.51948632146022,-0.535194279389425,0.270572443109354,0.270572443109354
162,-9.02103994840664,1.50428622569036,-0.527157133198515,0.265070287714546,0.265070287714546
163,-8.99504521386049,1.48929267578987,-0.51931884906533,0.25732435307804,0.25732435307804
164,-8.96893573820723,1.4745004510562,-0.511720316861615,0.249097350104108,0.249097350104108
165,-8.94271657495921,1.45990389351821,-0.504368548477673,0.240882538650852,0.240882538650852
166,-8.91639277764072,1.4454973451733,-0.49728017307244,0.231546442207402,0.231546442207402
167,-8.88996976639982,1.43127418272471,-0.490533646825808,0.218101018916207,0.218101018916207
168,-8.86345428983883,1.41722428515044,-0.484204551867391,0.203727180323302,0.203727180323302
169,-8.83685339732157,1.40333673951775,-0.478252478508303,0.192973855524165,0.192973855524165
170,-8.81017259660086,1.38960349768073,-0.472424324851514,0.195468242836872,0.195468242836872
171,-8.78341174523282,1.37602701129485,-0.466475709956925,0.201002311984325,0.201002311984325
172,-8.75656940589432,1.36261213944363,-0.46034772747087,0.207421882124443,0.207421882124443
173,-8.72964391239092,1.34936451469613,-0.453995156949224,0.215969517607646,0.215969517607646
174,-8.70263304870014,1.33629162780097,-0.44738121554685,0.224839811899183,0.224839811899183
175,-8.67553451792569,1.32340124282504,-0.440502301262666,0.233627011859776,0.233627011859776
176,-8.64834607099443,1.31070105589609,-0.433386199500407,0.240645184219403,0.240645184219403
177,-8.62106639420539,1.2981974343212,-0.426083507237144,0.246059954022085,0.246059954022085
178,-8.59369502602529,1.28589553478982,-0.418618929224863,0.251431607043072,0.251431607043072
179,-8.56623153605785,1.2738004697571,-0.410992915432949,0.256816666405592,0.256816666405592
180,-8.53867549391074,1.26191735167283,-0.403211235757452,0.261803023161497,0.261803023161497
181,-8.51102669176871,1.2502509865937,-0.395302342737377,0.265292083510327,0.265292083510327
182,-8.48328574357315,1.23880504937061,-0.38729361990984,0.268453502717246,0.268453502717246
183,-8.45545345286749,1.2275829538539,-0.379189698108845,0.27163537875131,0.27163537875131
184,-8.42753062319513,1.21658811389391,-0.370990004111118,0.274835878996861,0.274835878996861
185,-8.39951805809949,1.20582394334099,-0.362706318092442,0.277232438034508,0.277232438034508
186,-8.3714168360961,1.19529316980015,-0.354404086027474,0.27607085979098,0.27607085979098
187,-8.34322923345434,1.18499553165312,-0.346151007323392,0.273955215529447,0.273955215529447
188,-8.31495785248688,1.17492995357844,-0.337961096789082,0.271860085980445,0.271860085980445
189,-8.28660529551326,1.16509536023755,-0.329833741410571,0.269786707004866,0.269786707004866
190,-8.25817416485299,1.15549067629184,-0.321772716340934,0.267441883708353,0.267441883708353
191,-8.22966711372349,1.1461145642297,-0.313825352180102,0.262214100007099,0.262214100007099
192,-8.20108729732533,1.13696310084277,-0.306059540103089,0.25534424423586,0.25534424423586
193,-8.17243815665778,1.12803089078436,-0.298500014937057,0.248466538184617,0.248466538184617
194,-8.14372313603232,1.11931252164656,-0.291146660342648,0.241603734962181,0.241603734962181
195,-8.11494567976045,1.11080258102148,-0.283998969346672,0.234761251334621,0.234761251334621
196,-8.0861092195232,1.10249565504717,-0.277055496581824,0.2279956905317,0.2279956905317
197,-8.05721686029494,1.09438629225064,-0.270314026260327,0.221301001755524,0.221301001755524
198,-8.02827135886566,1.08646900107522,-0.263773360195003,0.214614701653721,0.214614701653721
199,-7.99927545509382,1.07873828801509,-0.257433233172328,0.207936359949904,0.207936359949904
200,-7.97023188883793,1.07118865956441,-0.251293348976071,0.201270038371528,0.201270038371528
201,-7.94114339706532,1.06381462306734,-0.245351541034715,0.194736572736021,0.194736572736021
202,-7.91201250901345,1.05661074694128,-0.239602712245718,0.188409801841387,0.188409801841387
203,-7.88284141052079,1.04957170056399,-0.23404343175159,0.182104763460682,0.182104763460682
204,-7.85363225523283,1.04269216277804,-0.228673290933522,0.17580430188012,0.17580430188012
205,-7.82438719679506,1.03596681242604,-0.223492094771015,0.169512324294089,0.169512324294089
206,-7.79510838791605,1.02939033025577,-0.218492199929115,0.163721731388692,0.163721731388692
207,-7.76579777909147,1.0229578082204,-0.213649410134382,0.159042377350194,0.159042377350194
208,-7.73645686787664,1.01666525933945,-0.208944768878641,0.154515195820508,0.154515195820508
209,-7.70708709026477,1.01050882182059,-0.204375946931208,0.149990471891918,0.149990471891918
210,-7.67768988224908,1.00448463387149,-0.199942842634915,0.145469901674142,0.145469901674142
211,-7.64826667961359,0.998588834417944,-0.195637050768048,0.141505538349229,0.141505538349229
212,-7.61881877849006,0.992818041762878,-0.191427547414595,0.139052703524518,0.139052703524518
213,-7.58934709353196,0.987170183690539,-0.187287798454505,0.136856895567676,0.136856895567676
214,-7.55985247485112,0.981643409533805,-0.183213914493987,0.134663106265918,0.134663106265918
215,-7.5303357725594,0.976235868625556,-0.179205830619744,0.132471583769092,0.132471583769092
216,-7.50079783676663,0.970945710223482,-0.175265646134955,0.130137933241014,0.130137933241014
217,-7.4712395139781,0.965770950653489,-0.171402105230479,0.127363540656582,0.127363540656582
218,-7.44166163967272,0.96070919959503,-0.167623066526088,0.124506091491036,0.124506091491036
219,-7.41206504722822,0.955757989237937,-0.163929750228136,0.121650233937021,0.121650233937021
220,-7.38245057002235,0.950914851772043,-0.160322103040967,0.118796373747092,0.118796373747092
221,-7.35281904141522,0.946177319438781,-0.156797420617661,0.116120905518739,0.116120905518739
222,-7.3231712427451,0.941543076939638,-0.153344544771234,0.114010727438308,0.114010727438308
223,-7.29350778892045,0.937010296730416,-0.149953293961521,0.112013850622342,0.112013850622342
224,-7.26382926163711,0.932577248602856,-0.146621951581758,0.110017905282972,0.110017905282972
225,-7.23413624259093,0.928242202348701,-0.143350481540923,0.108023333335393,0.108023333335393
226,-7.20442931344728,0.924003427968684,-0.140129337454456,0.10666366642282,0.10666366642282
227,-7.17470897356493,0.91985976002881,-0.136918779729392,0.10731777233646,0.10731777233646
228,-7.14497546087674,0.915811826292998,-0.133682595480462,0.108371743328318,0.108371743328318
229,-7.11522896153001,0.911860609737247,-0.13041476869705,0.109426836711482,0.109426836711482
230,-7.0854696616721,0.908007093337555,-0.127115268802606,0.110482799475571,0.110482799475571
231,-7.05569774747186,0.904252259936885,-0.123787730469684,0.111295559077042,0.111295559077042
232,-7.02591344024893,0.900596875212137,-0.120446903943122,0.111368383211973,0.111368383211973
233,-6.99611706801842,0.897041045661956,-0.117105972199103,0.111302475735124,0.111302475735124
234,-6.96630897896384,0.893584753181753,-0.113766996850095,0.111237942551077,0.111237942551077
235,-6.93648952126875,0.890227979666936,-0.110429941482438,0.111174530415935,0.111174530415935
236,-6.90665904313273,0.88697070677959,-0.107098103589604,0.110890266879701,0.110890266879701
237,-6.87681790649667,0.883812716412733,-0.103784193059809,0.109979736310555,0.109979736310555
238,-6.84696651210002,0.880753226412474,-0.100499240303203,0.108960284369938,0.108960284369938
239,-6.81710526748119,0.877791355782599,-0.0972448621946924,0.107941943911652,0.107941943911652
240,-6.7872345801786,0.874926223526895,-0.0940210222566923,0.106924928200691,0.106924928200691
241,-6.75735485770192,0.87215694875181,-0.0908268746432789,0.105962999088627,0.105962999088627
242,-6.72746649428012,0.869482698016185,-0.0876594891363347,0.105141293277698,0.105141293277698
243,-6.69756984980977,0.86690276054944,-0.0845164147774919,0.104342741727632,0.104342741727632
244,-6.66766527871346,0.864416445139677,-0.0813972885810876,0.103545220780058,0.103545220780058
245,-6.6377531354138,0.862023060574998,-0.0783021018927446,0.102747271933381,0.102747271933381
246,-6.60783377437753,0.859721914267575,-0.0752371230686225,0.101531985946742,0.101531985946742
247,-6.57790756216787,0.857511936675222,-0.0722233805792223,0.0993324586598719,0.0993324586598719
248,-6.54797489382309,0.855391170904437,-0.0692777567208183,0.0969919491591144,0.0969919491591144
249,-6.51803616847577,0.85335753247465,-0.0664023537665615,0.0946522591087568,0.0946522591087568
250,-6.48809178525845,0.851408936905289,-0.063597160291756,0.0923125630500534,0.0923125630500534
251,-6.45814214319676,0.849543298813052,-0.0608648500557153,0.0897947383463617,0.0897947383463617
252,-6.42818762202765,0.847758370000664,-0.0582138685069987,0.0868921489024952,0.0868921489024952
253,-6.39822856000646,0.846051552127548,-0.0556507336173233,0.0839398988512296,0.0839398988512296
254,-6.36826529000896,0.844420201444753,-0.0531761822910767,0.0809881229926254,0.0809881229926254
255,-6.33829814491094,0.842861674203328,-0.0507902178043079,0.0780356730895242,0.0780356730895242
256,-6.30832745741134,0.841373325467684,-0.0484954082149041,0.0749127753429914,0.0749127753429914
257,-6.27835353705154,0.83995235490038,-0.0462994017602398,0.0714505553048169,0.0714505553048169
258,-6.24837664741766,0.838595653775183,-0.0442078888307372,0.0679483804500902,0.0679483804500902
259,-6.21839704667647,0.837300076998709,-0.0422214644829276,0.0644464355047267,0.0644464355047267
260,-6.18841499299473,0.836062479477578,-0.0403400970903974,0.0609463774804295,0.0609463774804295
261,-6.15843074423489,0.834879717491026,-0.0385613660739983,0.0576057929739892,0.0576057929739892
262,-6.12844452674458,0.833748789458389,-0.0368784429447165,0.0545608509879126,0.0545608509879126
263,-6.09845650833118,0.832666957830999,-0.0352864094061306,0.0515480659004606,0.0515480659004606
264,-6.06846685043391,0.831631513782268,-0.0337847811554109,0.0485353615213493,0.0485353615213493
265,-6.038475714492,0.830639748485606,-0.0323735228844733,0.0455249255782194,0.0455249255782194
266,-6.00848326170665,0.829688955022839,-0.0310497908446559,0.0427017654828761,0.0427017654828761
267,-5.97848963233751,0.828776594393526,-0.0298058127022792,0.0402093539296439,0.0402093539296439
268,-5.94849492963319,0.827900424365885,-0.0286361188361369,0.0377507426397697,0.0377507426397697
269,-5.91849925305991,0.827058233036752,-0.0275402013470207,0.0352921668099027,0.0352921668099027
270,-5.88850270208391,0.826247808502969,-0.0265180843658611,0.0328319476171717,0.0328319476171717
271,-5.85850537606656,0.825466937323338,-0.0255718229599435,0.0302364047384834,0.0302364047384834
272,-5.82850736604125,0.824713283892193,-0.0247069207231784,0.0274093678333331,0.0274093678333331
273,-5.7985087488013,0.82398430371526,-0.023927191326481,0.0245596402522276,0.0245596402522276
274,-5.76850959974508,0.823277431834952,-0.0232329749800832,0.021709918871592,0.021709918871592
275,-5.73850999427093,0.822590103293682,-0.0226241686720465,0.0188670565091154,0.0188670565091154
276,-5.7085100075641,0.821919759290365,-0.0220929209612967,0.0165406364067248,0.0165406364067248
277,-5.67850969872208,0.82126430579345,-0.021618457134003,0.0150824107918626,0.0150824107918626
278,-5.6485090997962,0.8206224301259,-0.0211865027434184,0.0137073833769102,0.0137073833769102
279,-5.61850824024584,0.819992894491235,-0.0207958094852063,0.0123323545873577,0.0123323545873577
280,-5.58850714953037,0.81937446109298,-0.0204462933180229,0.0109629272369848,0.0109629272369848
281,-5.55850585699692,0.818765897176334,-0.0201315717096587,0.0100132944612458,0.0100132944612458
282,-5.52850438357934,0.818166347894937,-0.0198347828222082,0.00976771001993452,0.00976771001993452
283,-5.49850273610121,0.817575592204576,-0.0195443541310277,0.0095893870994771,0.0095893870994771
284,-5.46850092003812,0.816993469611219,-0.019259276451617,0.00941106477910768,0.00941106477910768
285,-5.43849894086567,0.816419819620837,-0.0189795567528824,0.00923227732395688,0.00923227732395688
286,-5.40849680406466,0.815854481319932,-0.0187057430913452,0.00901742695839038,0.00901742695839038
287,-5.37849451552009,0.815297261323403,-0.0184392938846671,0.00874143580228283,0.00874143580228283
288,-5.34849208180227,0.814747911194756,-0.0181812153451381,0.00845952129348205,0.00845952129348205
289,-5.31848950954787,0.814206177163699,-0.017931596335463,0.00817760742935412,0.00817760742935412
290,-5.28848680539358,0.813671805459942,-0.0176904530034832,0.00789461675692149,0.00789461675692149
291,-5.2584839759871,0.81314454134292,-0.0174591452733992,0.00752206387892193,0.00752206387892193
292,-5.22848102889102,0.812624049428967,-0.0172413489324376,0.00699408161280843,0.00699408161280843
293,-5.19847797325573,0.812109854384656,-0.0170396288483515,0.00645058000591008,0.00645058000591008
294,-5.16847481839015,0.811601466902932,-0.0168542178653902,0.00590707852328143,0.00590707852328143
295,-5.13847157360317,0.811098397676745,-0.0166850835908084,0.00536573588788162,0.00536573588788162
296,-5.10846824816966,0.810600159342405,-0.0165291775198317,0.00502541757244289,0.00502541757244289
297,-5.07846484819372,0.810106445520113,-0.0163780576344333,0.00504673623786516,0.00504673623786516
298,-5.04846137407532,0.809617275415273,-0.0162257309470713,0.00510585111676436,0.00510585111676436
299,-5.01845782561827,0.809132702261496,-0.0160716303720528,0.00516496609241468,0.00516496609241468
300,-4.98845420262638,0.808652779292394,-0.0159157875587137,0.00522197152486945,0.00522197152486945
301,-4.95845050493269,0.808177557842194,-0.0157616949551297,0.00504831448421687,0.00504831448421687
302,-4.92844673556587,0.807706881570145,-0.0156193448252431,0.00443933458390583,0.00443933458390583
303,-4.89844290358566,0.807240202196389,-0.0154959932153849,0.00378206138484225,0.00378206138484225
304,-4.86843901872084,0.806776927960565,-0.0153923647033073,0.00312478832557962,0.00312478832557962
305,-4.83843509070022,0.806316467102311,-0.0153085032027564,0.00246458831394866,0.00246458831394866
306,-4.80843112928967,0.805858225225818,-0.0152503562054521,0.00141091438571118,0.00141091438571118
307,-4.77842714924319,0.805401253667412,-0.0152356245418536,-0.000429047666708347,0.000429047666708347
308,-4.74842317528248,0.804943895821934,-0.0152775083547266,-0.00236251235403029,0.00236251235403029
309,-4.71841923331464,0.804484410898296,-0.0153774105280532,-0.00429597658384414,0.00429597658384414
310,-4.68841534924672,0.804021058105408,-0.015535356440662,-0.006231132127396,0.006231132127396
311,-4.65841154902535,0.803552095128512,-0.0157557369066358,-0.00845724369633309,0.00845724369633309
312,-4.62840786539731,0.803075517734816,-0.0160521991722539,-0.0113019894226916,0.0113019894226916
313,-4.5984043455678,0.802588764803983,-0.0164352129654795,-0.0142259095646102,0.0142259095646102
314,-4.5684010385923,0.802089203948842,-0.0169059662437352,-0.0171498334646881,0.0171498334646881
315,-4.5383979935263,0.801574202782221,-0.0174644407994522,-0.0200725376497076,0.0200725376497076
316,-4.50839525943276,0.801041130012396,-0.0181065138923805,-0.0227216760877253,0.0227216760877253
317,-4.47839288705401,0.800487600739683,-0.0188188052577758,-0.0247525839850453,0.0247525839850453
318,-4.44839093092786,0.799911786918506,-0.0195907658985221,-0.0266986296811297,0.0266986296811297
319,-4.41838944611326,0.799311936965414,-0.0204211228476238,-0.0286446974056654,0.0286446974056654
320,-4.38838848766918,0.798686299296955,-0.0213098720581752,-0.0305904709664594,0.0305904709664594
321,-4.35838811066994,0.798033122603531,-0.0222556763132771,-0.0324474077739938,0.0324474077739938
322,-4.32838837469098,0.797350735688184,-0.0232540250812299,-0.0340925551850415,0.0340925551850415
323,-4.29838935004024,0.796637658377658,-0.0243012780756569,-0.0357068669395195,0.0357068669395195
324,-4.26839110859119,0.795892438362754,-0.0253969733108327,-0.0373212298241533,0.0373212298241533
325,-4.2383937222173,0.79511362333427,-0.0265411061349468,-0.038935230242102,0.038935230242102
326,-4.20839726279704,0.794299761339865,-0.0277315048095544,-0.040404839888432,0.040404839888432
327,-4.17840180402609,0.793449530561929,-0.028960622453006,-0.0415158395668361,0.0415158395668361
328,-4.14840742411358,0.792561932394297,-0.0302222586646883,-0.0425721897219794,0.0425721897219794
329,-4.11841420195743,0.791636017556768,-0.031515594563493,-0.0436286158625676,0.0436286158625676
330,-4.08842221645555,0.79067083676914,-0.0328406327128128,-0.0446851343977752,0.0446851343977752
331,-4.05843154651967,0.789665440722383,-0.0341975799605469,-0.0457553412387491,0.0457553412387491
332,-4.02844227685097,0.788618868017752,-0.0355871636936186,-0.0468603433479311,0.0468603433479311
333,-3.99845450687979,0.787530126498535,-0.0370099894811336,-0.0479709139672213,0.0479709139672213
334,-3.96846833834441,0.786398219188544,-0.038466142449409,-0.0490816009117,0.0490816009117
335,-3.93848387298309,0.785222149111593,-0.0399556159766296,-0.0501917313899263,0.0501917313899263
336,-3.90850121251709,0.784000919878144,-0.0414741753094143,-0.051020164430959,0.051020164430959
337,-3.87852045131429,0.782733788736631,-0.0430067850011715,-0.0511281784847217,0.0511281784847217
338,-3.84854166493925,0.781420661509357,-0.0445409348233703,-0.0511228006665597,0.0511228006665597
339,-3.81856492599393,0.78006154620785,-0.0460749254232844,-0.0511175586166601,0.0511175586166601
340,-3.78859030708028,0.778656450843634,-0.0476087579160126,-0.0511122628769008,0.0511122628769008
341,-3.75861788078795,0.77720538359853,-0.0491413056301521,-0.0510319335497064,0.0510319335497064
342,-3.72864771483737,0.775708420180946,-0.0506686023074867,-0.0507622869141429,0.0507622869141429
343,-3.69867986467778,0.774165806475696,-0.052187368291391,-0.0504633671628745,0.0504633671628745
344,-3.66871438385545,0.772577814757597,-0.053697166070125,-0.050164555535706,0.050164555535706
345,-3.63875132591668,0.770944717301469,-0.0551980064279413,-0.0498663527992944,0.0498663527992944
346,-3.60879074443235,0.769266785937453,-0.0566923450980995,-0.0497312173774219,0.0497312173774219
347,-3.57883270108342,0.76754414599344,-0.0581885922675835,-0.0499935554765188,0.0499935554765188
348,-3.54887727732746,0.765776565545928,-0.0596936048194899,-0.0503154325631738,0.0503154325631738
349,-3.51892455757969,0.763963759243456,-0.0612082776920266,-0.0506374165730664,0.0506374165730664
350,-3.48897462625533,0.762105441734563,-0.0627326159485779,-0.0509596249719104,0.0509596249719104
351,-3.459027567789,0.760201327556887,-0.0642671024728032,-0.0513137876693129,0.0513137876693129
352,-3.42908347158782,0.758251102824081,-0.0658133287839538,-0.0517420725993945,0.0517420725993945
353,-3.39914243860826,0.75625438763035,-0.0673725664737223,-0.0521809904146363,0.0521809904146363
354,-3.36920457144258,0.754210792719382,-0.068944977111964,-0.0526200542683769,0.0526200542683769
355,-3.33926997268306,0.752119928834864,-0.0705305342587891,-0.0530572157034556,0.0530572157034556
356,-3.30933874478301,0.749981408551163,-0.0721232954293909,-0.0531002109489649,0.0531002109489649
357,-3.27941096332793,0.747795198466767,-0.0737044186021091,-0.0522815453146971,0.0522815453146971
358,-3.24948664518067,0.745562038940149,-0.0752592688837587,-0.051349119404588,0.051349119404588
359,-3.21956579944463,0.743282772571801,-0.0767861414272324,-0.0504168239544517,0.0504168239544517
360,-3.18964843522321,0.740958241962213,-0.0782850389904466,-0.0494845921625593,0.0494845921625593
361,-3.1597345615669,0.738589289784876,-0.0797557774185911,-0.0485400339096607,0.0485400339096607
362,-3.12982417979716,0.736176769370046,-0.0811977908110555,-0.0475700851875881,0.0475700851875881
363,-3.09991727545466,0.733721555806691,-0.0826106524740648,-0.0465970863366639,0.0465970863366639
364,-3.07001383215462,0.731224526838553,-0.083994317947547,-0.0456241626217863,0.0456241626217863
365,-3.04011383351228,0.728686560209375,-0.0853488163280933,-0.0446531004433962,0.0446531004433962
366,-3.01021726325178,0.726108532073089,-0.0866771743540862,-0.0438819118840461,0.0438819118840461
367,-2.98032411739444,0.723491139090003,-0.0879881011317302,-0.0434913135052119,0.0434913135052119
368,-2.95043441538427,0.720834736035147,-0.0892879484523055,-0.0431434746618571,0.0431434746618571
369,-2.92054817929324,0.718139639324734,-0.0905773589625542,-0.0427957074478539,0.0427957074478539
370,-2.89066543119332,0.715406165374978,-0.0918562779847495,-0.0424442255784151,0.0424442255784151
371,-2.86078619279619,0.712634633997302,-0.093119477154386,-0.0417479873316622,0.0417479873316622
372,-2.8309104530429,0.709825673798381,-0.0943525452347337,-0.0404359927859953,0.0404359927859953
373,-2.80103814235245,0.706980464834923,-0.0955452875292407,-0.0390602759619219,0.0390602759619219
374,-2.77116918508382,0.704100244266571,-0.0966967489087898,-0.0376846207347759,0.0376846207347759
375,-2.741303505596,0.70118624925297,-0.0978068383484367,-0.0363028454920983,0.0363028454920983
376,-2.71144102756328,0.69823972249289,-0.0988682747447477,-0.034441910035987,0.034441910035987
377,-2.68158162170409,0.695262335077836,-0.0998616826775322,-0.0317687592898774,0.0317687592898774
378,-2.65172506898512,0.692256484157756,-0.100773695632629,-0.0290169411568059,0.0290169411568059
379,-2.62187114168071,0.689224637200282,-0.101603133715615,-0.0262651412480311,0.0262651412480311
380,-2.59201961206519,0.68616926167305,-0.102349985714038,-0.0235125779119612,0.0235125779119612
381,-2.56217025220674,0.683092825743956,-0.103013400415251,-0.0207040480584324,0.0207040480584324
382,-2.53232281968904,0.679997846778048,-0.103591159890848,-0.0178036591262327,0.0178036591262327
383,-2.50247704833647,0.676886922839671,-0.104081757883479,-0.014894735295809,0.014894735295809
384,-2.47263266976868,0.673762659481714,-0.104485066395598,-0.0119858097427792,0.0119858097427792
385,-2.44278941560531,0.670627662257068,-0.104801198283877,-0.00908440636803446,0.00908440636803446
386,-2.4129470181396,0.667484529981645,-0.105038051484792,-0.00670187905484635,0.00670187905484635
387,-2.38310525614966,0.664335396565029,-0.105216101587255,-0.00516517551841333,0.00516517551841333
388,-2.35326398418942,0.661181638064444,-0.105349207048022,-0.00370631537681043,0.00370631537681043
389,-2.32342306378674,0.658024560788983,-0.105438535809006,-0.00224745474068598,0.00224745474068598
390,-2.2935823564695,0.654865471047742,-0.105484185100929,-0.000795074790290515,0.000795074790290515
391,-2.26374172438107,0.651705669346719,-0.105493510838148,0.000173513536987612,0.000173513536987612
392,-2.23390107561342,0.648546022992889,-0.105485928557454,0.000331846167951698,0.000331846167951698
393,-2.2040603952133,0.645386673770175,-0.105474754417859,0.000412911259920371,0.000412911259920371
394,-2.17421967556599,0.64222769427523,-0.105461147720631,0.000493976354064868,0.000493976354064868
395,-2.14437890905682,0.639069157104706,-0.105445139662913,0.00057296215476827,0.00057296215476827
396,-2.11453808826783,0.635911132993323,-0.105429635587831,0.000460385865480437,0.000460385865480437
397,-2.08469722390699,0.632753521139158,-0.105422662898849,4.34449183531511e-06,4.34449183531511e-06
398,-2.05485635918157,0.629595913180241,-0.105429911177406,-0.000487442921693784,0.000487442921693784
399,-2.02501554068113,0.626437868745371,-0.105451916747437,-0.000979230336378732,0.000979230336378732
400,-1.99517481499527,0.623278947463349,-0.105488753026439,-0.00147591103077165,0.00147591103077165
401,-1.96533422917986,0.620118704581567,-0.105550149419434,-0.00261616418716159,0.00261616418716159
402,-1.93549389161482,0.616956119097851,-0.105664945814796,-0.00503502612106875,0.00503502612106875
403,-1.90565403251483,0.613789025154232,-0.105854591522777,-0.00760487763217368,0.00760487763217368
404,-1.8758148964819,0.610615121697887,-0.106121351939929,-0.0101747276354134,0.0101747276354134
405,-1.84597672811807,0.607432107675995,-0.10646525765371,-0.012746615217706,0.012746615217706
406,-1.81613977225196,0.604237680210216,-0.106892604038316,-0.015736049414323,0.015736049414323
407,-1.78630432003714,0.601029163248034,-0.107423521374034,-0.0196496221254931,0.0196496221254931
408,-1.75647076515325,0.597803054830266,-0.108073734319886,-0.023687106623205,0.023687106623205
409,-1.72663951502448,0.594555742277317,-0.108845102192262,-0.0277246047238625,0.0277246047238625
410,-1.696810977075,0.59128361290959,-0.109737609672764,-0.0317610581171629,0.0317610581171629
411,-1.66698555867372,0.587983054975994,-0.110746658924901,-0.0354920931188051,0.0354920931188051
412,-1.63716365082164,0.584650731577602,-0.111856718241196,-0.0384933572700244,0.0384933572700244
413,-1.60734560540244,0.581283962679675,-0.113055238832881,-0.0413880144253461,0.0413880144253461
414,-1.57753176857932,0.577880164306472,-0.114340622384408,-0.0442827698119864,0.0442827698119864
415,-1.54772248651548,0.574436752482251,-0.115712851588742,-0.0471762747336537,0.0471762747336537
416,-1.51791810526883,0.570951144403479,-0.117165895100956,-0.0496690264667195,0.0496690264667195
417,-1.48811893859297,0.567421116828846,-0.118679273115293,-0.0511975472960444,0.0511975472960444
418,-1.45832522251175,0.563845311687654,-0.12023638914335,-0.0525841315744341,0.0525841315744341
419,-1.42853718159545,0.560222498392564,-0.121835115546425,-0.0539708497255997,0.0539708497255997
420,-1.39875504041437,0.556551446356239,-0.123475477529879,-0.0553591035578589,0.0553591035578589
421,-1.36897902377104,0.552830923718493,-0.125161480193764,-0.0570127517938747,0.0570127517938747
422,-1.33920939941426,0.549059463243736,-0.126905719343617,-0.0592405309558109,0.0592405309558109
423,-1.30944652799315,0.545235088537837,-0.128717937771341,-0.0615435520605817,0.0615435520605817
424,-1.27969078228666,0.541355756726843,-0.130599267696636,-0.0638468282748949,0.0638468282748949
425,-1.24994253507373,0.537419424936805,-0.132549532152196,-0.0661380518694151,0.0661380518694151
426,-1.22020215780384,0.533424061230249,-0.134555091145575,-0.0675321954228802,0.0675321954228802
427,-1.19046992442552,0.529368435728635,-0.136580078877379,-0.0674329458085145,0.0674329458085145
428,-1.16074594657314,0.525252653777458,-0.138599973423489,-0.0671926881486559,0.0671926881486559
429,-1.13103032052379,0.521076947053703,-0.140612663686875,-0.0669527520072357,0.0669527520072357
430,-1.10132314255454,0.516841547234357,-0.142617877389492,-0.0666943733476363,0.0666943733476363
431,-1.07162450619934,0.512546702678881,-0.144607887251091,-0.0659394301953344,0.0659394301953344
432,-1.04193443238483,0.508193103312573,-0.146567204422817,-0.0646487317857351,0.0646487317857351
433,-1.01225286371404,0.503781915390141,-0.148487394838941,-0.0633316681177978,0.0633316681177978
434,-0.982579738901592,0.499314328814005,-0.150368066998133,-0.0620148905959999,0.0620148905959999
435,-0.952914996662111,0.494791533486584,-0.152205607170353,-0.060457003463334,0.060457003463334
436,-0.923258538348182,0.490214933513303,-0.153958838369598,-0.0563957594605097,0.0563957594605097
437,-0.893609877878161,0.485588154227189,-0.155567964349217,-0.0508524352596637,0.0508524352596637
438,-0.863968299818563,0.480916135875156,-0.157010459235296,-0.0452898027670612,0.0452898027670612
439,-0.834333085740939,0.476203835874747,-0.158286035709539,-0.0397273206600121,0.0397273206600121
440,-0.804703517216843,0.471456211643502,-0.159394621044103,-0.0341598708707087,0.0341598708707087
441,-0.775078862994146,0.466678223237255,-0.1603357962592,-0.0285694657295902,0.0285694657295902
442,-0.745458334584639,0.461874842487359,-0.16110911965761,-0.0229725789707889,0.0229725789707889
443,-0.715841127537623,0.457051044509225,-0.16171449399408,-0.0173756652030704,0.0173756652030704
444,-0.686226437401704,0.452211804418404,-0.162151947565236,-0.0117806496631766,0.0117806496631766
445,-0.656613459987712,0.447362095643005,-0.16242862674331,-0.00666003950588178,0.00666003950588178
446,-0.627001456700991,0.442506469492078,-0.162568099446928,-0.00263582747355262,0.00263582747355262
447,-0.597389840544825,0.43764850169964,-0.162589132528787,0.00123397093912463,0.00123397093912463
448,-0.567778045873474,0.43279163060024,-0.162494042778115,0.00510376987465606,0.00510376987465606
449,-0.538165507041192,0.427939294528423,-0.162282833817044,0.0089733260991283,0.0089733260991283
450,-0.508551658493973,0.423094931614545,-0.161955847243457,0.0128203556738408,0.0128203556738408
451,-0.478935943277691,0.418261960846649,-0.16151403008579,0.0166267918905748,0.0166267918905748
452,-0.44931781994075,0.413443766706018,-0.160958055050046,0.0204289841333988,0.0204289841333988
453,-0.419696748655944,0.408643730058236,-0.160287985768843,0.0242311765007764,0.0242311765007764
454,-0.390072189596054,0.403865231768887,-0.159503807778185,0.0280343195057543,0.0280343195057543
455,-0.360443602917948,0.399111653587928,-0.158603455077313,0.0319741961469851,0.0319741961469851
456,-0.330810446537576,0.394386501629617,-0.15758072573184,0.036190700974365,0.036190700974365
457,-0.301172173839471,0.389693533489907,-0.156430967005334,0.0404406878667481,0.0404406878667481
458,-0.271528237661632,0.385036537096909,-0.155153675466837,0.0446907672903254,0.0446907672903254
459,-0.241878090842042,0.380419300378735,-0.153748860699555,0.048940106982899,0.048940106982899
460,-0.212221186350698,0.375845610584824,-0.152223282420388,0.0527396179400934,0.0527396179400934
461,-0.182557054548546,0.371318857086537,-0.150601783331137,0.0553331822118192,0.0553331822118192
462,-0.152885433310362,0.36684136239662,-0.148905454570464,0.0577269496642117,0.0577269496642117
463,-0.123206094928812,0.36241527208043,-0.147137291142169,0.0601209102093339,0.0601209102093339
464,-0.0935188116965643,0.358042731703322,-0.145297287564179,0.0625150268194858,0.0625150268194858
465,-0.0638233559043721,0.353725886859739,-0.143381971722617,0.0651403701119332,0.0651403701119332
466,-0.0341194861058074,0.34946709146094,-0.141376091019749,0.0685510942168678,0.0685510942168678
467,-0.00440691419890617,0.345269406923988,-0.139265355700663,0.0721288656467476,0.0721288656467476
468,0.025314657813891,0.341136044727346,-0.137047253755401,0.075707077383363,0.075707077383363
469,0.0550455279301491,0.337070216349477,-0.134721774728417,0.079285539957966,0.079285539957966
470,0.0847859941426965,0.333075133242017,-0.132295330991989,0.0824362904891266,0.0824362904891266
471,0.114536287428234,0.32915362712567,-0.129796900772795,0.0840833353811811,0.0840833353811811
472,0.144296403163629,0.325307194750862,-0.127253990496535,0.0854007527005488,0.0854007527005488
473,0.174066284979769,0.32153703966172,-0.124671536267398,0.0867188605931809,0.0867188605931809
474,0.203845876507542,0.317844365402373,-0.122049520345974,0.0880374981413081,0.0880374981413081
475,0.233635121366287,0.314230375441649,-0.119390651144037,0.0891750931143576,0.0891750931143576
476,0.263433938385234,0.310696111534451,-0.11670612162509,0.0897477304687018,0.0897477304687018
477,0.293242169182567,0.307242111763082,-0.114006044962286,0.0902112806818766,0.0902112806818766
478,0.323059640387247,0.303868816430339,-0.111292047753008,0.0906755212096116,0.0906755212096116
479,0.35288617862824,0.300576665839017,-0.108564114424743,0.0911401135949224,0.0911401135949224
480,0.382721610501389,0.297366100016727,-0.105824855128288,0.091430379708962,0.091430379708962
481,0.412565743774792,0.294237402558383,-0.103083882196663,0.0912543117176184,0.0912543117176184
482,0.442418335961631,0.291190439509801,-0.10034933808202,0.0910018895538032,0.0910018895538032
483,0.472279136280551,0.288225008000572,-0.0976223575919409,0.0907502117546837,0.0907502117546837
484,0.502147893950207,0.285340905160286,-0.0949029411430776,0.0904977999668757,0.0904977999668757
485,0.532024358104816,0.282537926774664,-0.092197253195521,0.0898352809803771,0.0898352809803771
486,0.561908254674704,0.279815499241278,-0.0895259588659861,0.0882055183324068,0.0882055183324068
487,0.591799254932406,0.277172178848265,-0.0869056526991042,0.0864369518211821,0.0864369518211821
488,0.621697022285757,0.274606396683941,-0.0843384083715364,0.0846689374306068,0.0846689374306068
489,0.651601220142596,0.272116583836624,-0.0818241928853824,0.0829025887941804,0.0829025887941804
490,0.681511512055723,0.269701172295933,-0.0793600200637992,0.0813336467354001,0.0813336467354001
491,0.711427589793947,0.26735876948595,-0.0769364608937912,0.0801957543830073,0.0801957543830073
492,0.741349206886926,0.265088366832067,-0.0745461876506683,0.0791152186125013,0.0791152186125013
493,0.771276125039189,0.262889006587296,-0.07218833317111,0.0780350976744243,0.0780350976744243
494,0.801208105955262,0.260759731004647,-0.0698629289198719,0.0769524660755799,0.0769524660755799
495,0.831144911239231,0.258699579655022,-0.0675775546262828,0.0753671608310968,0.0753671608310968
496,0.861086285532997,0.256707139148961,-0.0653557303863965,0.0727169005839748,0.0727169005839748
497,0.891031937566955,0.254780037111504,-0.0632154659748027,0.0699312436701812,0.0699312436701812
498,0.920981571498607,0.252915779052701,-0.0611587873651069,0.0671459454454092,0.0671459454454092
499,0.950934891485457,0.251111870482598,-0.0591857977887572,0.0643534614695426,0.0643534614695426
500,0.980891601520057,0.249365810030419,-0.0573144937265274,0.0603687369114332,0.0603687369114332
501,1.01085137984199,0.247674022073851,-0.055599925066711,0.0539071475531244,0.0539071475531244
502,1.04081385120894,0.246030700063497,-0.0540838815275345,0.0471371086869999,0.0471371086869999
503,1.07077863372086,0.24442975973036,-0.0527709891019778,0.0403671250487529,0.0403671250487529
504,1.10074534547769,0.242865116805441,-0.0516612082487843,0.0335997255654134,0.0335997255654134
505,1.1307136048592,0.24133068919809,-0.0507491585039334,0.0271883736260777,0.0271883736260777
506,1.16068307120113,0.239820713616588,-0.0500185882817566,0.0215041451347696,0.0215041451347696
507,1.19065348751522,0.23833007809959,-0.0494572566803542,0.015908643401051,0.015908643401051
508,1.22062460703026,0.236853750214529,-0.0490638324147995,0.0103131188685246,0.0103131188685246
509,1.25059618297502,0.235386697528841,-0.0488383060872256,0.00471823217230977,0.00471823217230977
510,1.28056796860302,0.233923888187411,-0.0487793395559025,-0.000788107190635749,0.000788107190635749
511,1.31053972058045,0.232460369994255,-0.0488829312839854,-0.00611629078173408,0.00611629078173408
512,1.34051120243979,0.230991351028747,-0.049146087822074,-0.0114231160239986,0.0114231160239986
513,1.37048217853677,0.229512058586142,-0.0495684886973381,-0.0167299374821482,0.0167299374821482
514,1.40045241322712,0.228017719961699,-0.0501501092910173,-0.0220351107759548,0.0220351107759548
515,1.43042167080567,0.226503563920103,-0.050887756724429,-0.027129112655826,0.027129112655826
516,1.46038970766624,0.224965009986139,-0.0517719916586129,-0.0318051543790682,0.0318051543790682
517,1.49035626456004,0.223397855352181,-0.0527958070579647,-0.0364321404014979,0.0364321404014979
518,1.52032108039884,0.22179794162179,-0.0539584677449562,-0.0410592002087211,0.0410592002087211
519,1.55028389409442,0.220161110398524,-0.0552598752942148,-0.0456796182461618,0.0456796182461618
520,1.58024444474176,0.218483209278895,-0.0566877986444204,-0.0494914516180222,0.0494914516180222
521,1.6102024936926,0.216760813817166,-0.0582065217756078,-0.0517313856723238,0.0517313856723238
522,1.64015784557084,0.214991914883865,-0.0597897499548087,-0.0537906575699597,0.0537906575699597
523,1.67011030997857,0.213174666171825,-0.0614347746551349,-0.0558500773307596,0.0558500773307596
524,1.70005969651786,0.211307221373878,-0.0631416644522613,-0.0579139043183721,0.0579139043183721
525,1.73000581435025,0.20938773032106,-0.0649178000537379,-0.0604652350013086,0.0604652350013086
526,1.75994842283499,0.207413906249872,-0.0667844349687474,-0.0639456267528321,0.0639456267528321
527,1.78988718643533,0.205382630486896,-0.068757078555782,-0.0675306722794337,0.0675306722794337
528,1.81982175896241,0.20329069097627,-0.0708373049328087,-0.0711160122382333,0.0711160122382333
529,1.84975179422735,0.201134875662132,-0.0730250803370801,-0.0746987632498018,0.0746987632498018
530,1.87967694590918,0.198911974967722,-0.0753160538170547,-0.0779940458475964,0.0779940458475964
531,1.90959685379463,0.19661903999969,-0.0776978698574703,-0.0807532944342904,0.0807532944342904
532,1.93951113174823,0.194253608285596,-0.0801616161796874,-0.0834545666910287,0.0834545666910287
533,1.96941939079882,0.191813270563547,-0.0827064309553063,-0.0861564335954434,0.0861564335954434
534,1.99932124197522,0.18929561757165,-0.0853323144313884,-0.0888577014152236,0.0888577014152236
535,2.02921629608528,0.186698241002218,-0.0880377372514317,-0.0914575932515429,0.0914575932515429
536,2.05910414219511,0.184018826418752,-0.09081839786483,-0.0938721740042343,0.0938721740042343
537,2.0889843295983,0.181255231105261,-0.093671232869139,-0.0962678951012716,0.0962678951012716
538,2.1188564033435,0.17840533067338,-0.0965959712003077,-0.0986644684200332,0.0986644684200332
539,2.14871990847939,0.175467000734744,-0.0995925702084952,-0.101057306249089,0.101057306249089
540,2.17857439014149,0.172438120874236,-0.102654818158419,-0.103039802961815,0.103039802961815
541,2.20841940157723,0.169316941803478,-0.105765473094212,-0.104283480936871,0.104283480936871
542,2.23825451064059,0.166102382493755,-0.108912308617973,-0.105451124735344,0.105451124735344
543,2.26807928671388,0.162793431839496,-0.112094201451487,-0.106620074670961,0.106620074670961
544,2.29789329917944,0.159389078735125,-0.115310993849455,-0.107777295056872,0.107777295056872
545,2.32769611891865,0.1558883236251,-0.118544868859692,-0.107758741369155,0.107758741369155
546,2.3574874532145,0.15229121789309,-0.121746661897851,-0.105639082051552,0.105639082051552
547,2.3872672529707,0.148599689957883,-0.124881595344253,-0.10330252561205,0.10330252561205
548,2.41703549432234,0.144815862639725,-0.127946430781822,-0.10096696653911,0.10096696653911
549,2.44679215340453,0.140941858758865,-0.130941314346683,-0.098640214492905,0.098640214492905
550,2.47653720568171,0.136979794303474,-0.1338769084714,-0.0970154086595112,0.0970154086595112
551,2.50627056494089,0.132931156945025,-0.136782596652878,-0.0966471091780404,0.0966471091780404
552,2.53599203444383,0.12879630841901,-0.139679200039843,-0.0964100552404797,0.0964100552404797
553,2.56570140595735,0.124575493360373,-0.142568698780088,-0.0961736677739127,0.0961736677739127
554,2.59539847124829,0.120268956404056,-0.145451120846724,-0.0959384141005454,0.0959384141005454
555,2.62508302198553,0.115876941790978,-0.148327149595503,-0.0957475318118917,0.0957475318118917
556,2.65475484031264,0.111399655438381,-0.151198657144222,-0.0956370454589254,0.0956370454589254
557,2.68441369100823,0.106837233398223,-0.154066989472991,-0.0955358862064533,0.0955358862064533
558,2.7140593370055,0.10218980429781,-0.156932299081484,-0.0954356059860573,0.0954356059860573
559,2.74369154123766,0.0974574967644467,-0.159794502242717,-0.0953289151844156,0.0953289151844156
560,2.77331006783867,0.0926404458867573,-0.162641600749178,-0.094428968810971,0.094428968810971
561,2.80291481161869,0.0877394899311161,-0.165439246301686,-0.0920329405836889,0.0920329405836889
562,2.83250591367679,0.0827567924618339,-0.168162513358727,-0.0894716874577986,0.0894716874577986
563,2.86208354238922,0.0776946638236035,-0.170808933750329,-0.0869111334794699,0.0869111334794699
564,2.89164786613223,0.0725554143611183,-0.173378471699859,-0.0843475698246092,0.0843475698246092
565,2.92119905416652,0.0673413577920163,-0.175863517881707,-0.0812799250629614,0.0812799250629614
566,2.95073739145637,0.0620552490889939,-0.178241483836835,-0.0772108267056161,0.0772108267056161
567,2.98026339251041,0.0567007186305036,-0.1804955738217,-0.0730237264081133,0.0730237264081133
568,3.00977759889741,0.051281499993273,-0.182624022972219,-0.0688369129702788,0.0688369129702788
569,3.0392805521861,0.0458013267540316,-0.184626841025508,-0.0646504772316614,0.0646504772316614
570,3.06877279414054,0.0402639325198195,-0.186503851853556,-0.0604519697725733,0.0604519697725733
571,3.0982549000234,0.0346730560969857,-0.188254475689859,-0.0562268854764949,0.0562268854764949
572,3.12772751628453,0.0290324473408053,-0.189878261987497,-0.0519983414940064,0.0519983414940064
573,3.15719129847826,0.0233458575196572,-0.191375160710392,-0.0477698608033711,0.0477698608033711
574,3.18664690215891,0.0176170379019198,-0.192745182029691,-0.043541985901062,0.043541985901062
575,3.21609498287271,0.0118497393385304,-0.193990041636494,-0.039427869712789,0.039427869712789
576,3.24553619415049,0.0060476088460861,-0.195115380905752,-0.0355759884509894,0.0355759884509894
577,3.27497118487071,0.000214053745952464,-0.19612568715484,-0.0317609495895947,0.0317609495895947
578,3.30440060325745,-0.00564755235451997,-0.197021513572467,-0.0279459140477416,0.0279459140477416
579,3.33382509753478,-0.0115338358479765,-0.197802860720366,-0.024130906532827,0.024130906532827
580,3.36324531594741,-0.0174414231273578,-0.198469704004112,-0.0203142342425645,0.0203142342425645
581,3.39266191511159,-0.0233669407043576,-0.199021953822033,-0.016493252817337,0.016493252817337
582,3.4220755728238,-0.0293070153911148,-0.199459535231188,-0.0126715839766817,0.0126715839766817
583,3.45148697017915,-0.0352582740465642,-0.19978243795093,-0.00884991033321367,0.00884991033321367
584,3.48089678827273,-0.0412173435296387,-0.199990666652704,-0.00502855046421022,0.00502855046421022
585,3.5103057081443,-0.0471808509752706,-0.200087800224242,-0.0014454101645241,0.0014454101645241
586,3.53971436867426,-0.0531456338376815,-0.200087353359426,0.00147519386031201,0.00147519386031201
587,3.56912329148841,-0.0591091145155661,-0.200000980901322,0.00428153814442101,0.00428153814442101
588,3.59853297799088,-0.0650688162868641,-0.199830397165463,0.00708788349507155,0.00708788349507155
589,3.62794392958581,-0.0710222624295149,-0.199575606606494,0.00989393097725082,0.00989393097725082
590,3.65735664762339,-0.0769669764840446,-0.199244212055353,0.012193546049806,0.012193546049806
591,3.68677154170773,-0.0829009286821947,-0.198866969075868,0.0129497318292103,0.0129497318292103
592,3.7161887418313,-0.0888234506219051,-0.198471430558569,0.013412943289287,0.013412943289287
593,3.74560832490999,-0.0947341323191285,-0.19806199216846,0.0138761578015374,0.0138761578015374
594,3.77503036785968,-0.100632563789817,-0.197638653098636,0.0143394232052619,0.0143394232052619
595,3.80445494760465,-0.106518335007066,-0.197197853603773,0.0150398951228999,0.0150398951228999
596,3.83388218197333,-0.112390826304756,-0.196724226666965,0.0165273741221967,0.0165273741221967
597,3.86331232450702,-0.118248722471524,-0.196203518470717,0.0181778643202925,0.0181778643202925
598,3.89274565685585,-0.124090564234575,-0.195633283179338,0.0198283583268896,0.0198283583268896
599,3.92218246066995,-0.12991489232111,-0.195013520634784,0.021478856048423,0.021478856048423
600,3.95162301760028,-0.135720247453247,-0.194342150964384,0.0232679690009672,0.0232679690009672
601,3.98106762953754,-0.141505047119679,-0.193609620850277,0.0255551965727675,0.0255551965727675
602,4.01051667109816,-0.147267266004574,-0.192806778220196,0.0279542960415895,0.0279542960415895
603,4.03997053322722,-0.153004779371938,-0.191931944218609,0.0303534241186039,0.0303534241186039
604,4.06942960686982,-0.158715462485774,-0.190985118214082,0.0327525636305011,0.0327525636305011
605,4.09889428297098,-0.164397190610289,-0.189969260726982,0.0349543629990833,0.0349543629990833
606,4.12836491418383,-0.170048012590729,-0.188898805457192,0.0363914946399028,0.0363914946399028
607,4.15784170477428,-0.17566664992578,-0.187788002883666,0.0376434968457816,0.0376434968457816
608,4.18732482306957,-0.181251987027857,-0.186639629722166,0.0388955699772061,0.0388955699772061
609,4.21681443739689,-0.186802908309373,-0.185453684148693,0.0401477001671517,0.0401477001671517
610,4.24631071608345,-0.192318298182741,-0.184233668267007,0.0411663562077063,0.0411663562077063
611,4.27581378781735,-0.197797247563495,-0.182997661966919,0.0412134587921757,0.0412134587921757
612,4.30532361635886,-0.20323970657169,-0.181764031988579,0.0410079671493432,0.0410079671493432
613,4.33484012257996,-0.208645848757266,-0.180536567191331,0.0408025426849917,0.0408025426849917
614,4.36436322735254,-0.214015847670653,-0.179315265566536,0.040597188652173,0.040597188652173
615,4.39389285154849,-0.219349876862276,-0.178098562378935,0.0404960585677149,0.0404960585677149
616,4.42342893311298,-0.224648017665229,-0.176877934783274,0.0408587543271852,0.0408587543271852
617,4.45297148601406,-0.22990994079251,-0.175644486864933,0.0413505363955446,0.0413505363955446
618,4.4825205453718,-0.23513520270943,-0.174396280990216,0.0418423693074293,0.0418423693074293
619,4.51207614630712,-0.240323359876613,-0.173133315650857,0.0423342402714206,0.0423342402714206
620,4.54163832394096,-0.245473968754685,-0.171850623134055,0.0431571600980481,0.0431571600980481
621,4.57120716002315,-0.250586291380237,-0.170519588345175,0.0455562334591677,0.0455562334591677
622,4.60078295831821,-0.255658187945362,-0.169109530609321,0.0484240250466622,0.0484240250466622
623,4.63036608859596,-0.260687101871765,-0.167613414628435,0.0512920130353326,0.0512920130353326
624,4.65995692063709,-0.265670476512564,-0.16603123637256,0.0541600595642425,0.0541600595642425
625,4.68955582422227,-0.27060575522088,-0.164362834862718,0.0570387345925394,0.0570387345925394
626,4.7191631614408,-0.27549037037157,-0.162607235702547,0.0599717219715,0.0599717219715
627,4.74877925519146,-0.280321698401157,-0.160763360491254,0.0629222653043626,0.0629222653043626
628,4.77840441592237,-0.285097097974761,-0.158830941663553,0.0658731174102921,0.0658731174102921
629,4.80803895407648,-0.289813927750168,-0.156809971564411,0.0688241734248007,0.0688241734248007
630,4.83768318009677,-0.294469546385168,-0.154700954128287,0.0717413907060984,0.0717413907060984
631,4.86733739030188,-0.299061341269866,-0.152507171828686,0.0744736684150794,0.0744736684150794
632,4.89700180393499,-0.303586856584396,-0.150232334109381,0.0771436367464691,0.0771436367464691
633,4.92667661407879,-0.308043689725744,-0.147877369692418,0.0798140458773268,0.0798140458773268
634,4.9563620137946,-0.312429438134257,-0.145442266450529,0.082484813207854,0.082484813207854
635,4.98605819614378,-0.316741699250287,-0.142925733244451,0.0852412031517404,0.0852412031517404
636,5.01576535343894,-0.320977992725744,-0.14031898548287,0.0884974718531765,0.0884974718531765
637,5.04548367361437,-0.325135383325133,-0.13761179307442,0.0919356908734396,0.0919356908734396
638,5.0752133430175,-0.329210770948578,-0.134801410496614,0.0953750116142945,0.0953750116142945
639,5.10495454799357,-0.333201055266603,-0.131887811949063,0.0988149366794023,0.0988149366794023
640,5.13470747488779,-0.337103135949732,-0.12887089541563,0.102260916633873,0.102260916633873
641,5.16447229543538,-0.340913905609356,-0.125750021497306,0.105743451658994,0.105743451658994
642,5.19424908972458,-0.344630212575784,-0.122524409767205,0.109241425456937,0.109241425456937
643,5.22403790238707,-0.348248888047771,-0.119193807706903,0.112740899148702,0.112740899148702
644,5.25383877797776,-0.351766763186976,-0.115758176284298,0.116241498430566,0.116241498430566
645,5.28365176105158,-0.355180669155059,-0.112218358812094,0.119684602422842,0.119684602422842
646,5.31347687529592,-0.358487487574614,-0.10858109122936,0.12273624122026,0.12273624122026
647,5.34331400374647,-0.361684440186441,-0.104854645911524,0.125627963646298,0.125627963646298
648,5.37316297134333,-0.364768889215639,-0.10104139918804,0.128521354238926,0.128521354238926
649,5.4030236028433,-0.367738197330576,-0.0971412998708837,0.131416553995386,0.131416553995386
650,5.43289572300317,-0.370589727199621,-0.0931555259817337,0.134231287628143,0.134231287628143
651,5.46277913815105,-0.373320913851519,-0.0890941852954287,0.136452790372612,0.136452790372612
652,5.49267352071309,-0.375929718081297,-0.0849700779594112,0.138414365557728,0.138414365557728
653,5.5225784839877,-0.378414332849324,-0.0807870814218797,0.140377557789203,0.140377557789203
654,5.5524936410129,-0.380772952138449,-0.0765451356515631,0.142343221268706,0.142343221268706
655,5.58241860482668,-0.383003769931522,-0.0722453263287565,0.144233966585509,0.144233966585509
656,5.6123529765818,-0.385105048957836,-0.0678978561860809,0.145519607698372,0.145519607698372
657,5.64229626376493,-0.387075593728055,-0.0635160750444199,0.146520570432983,0.146520570432983
658,5.67224792948777,-0.388914465425564,-0.0591042343522346,0.147522940259917,0.147522940259917
659,5.70220743659598,-0.390620726772596,-0.0546622699409757,0.148528270219658,0.148528270219658
660,5.73217424793524,-0.392193440491387,-0.0501910739563881,0.149471164803631,0.149471164803631
661,5.76214782130695,-0.393631727861004,-0.0456999916453294,0.149853623153089,0.149853623153089
662,5.79212757095174,-0.394935215840929,-0.041201708353859,0.149951021409929,0.149951021409929
663,5.82211288882564,-0.396103790084429,-0.0367004892106098,0.150049224026629,0.150049224026629
664,5.85210316670476,-0.397137338333167,-0.0321962760527718,0.150150539503171,0.150150539503171
665,5.88209779636521,-0.398035748328806,-0.0276895068298721,0.150219580452775,0.150219580452775
666,5.91209616918198,-0.398798939661492,-0.0231857181247622,0.149951894649209,0.149951894649209
667,5.9420976726766,-0.399427137884003,-0.0186927601094639,0.149497741551186,0.149497741551186
668,5.97210169222169,-0.399920739171419,-0.0142134155886825,0.149044604526906,0.149044604526906
669,6.00210761316654,-0.400280141550015,-0.00974762288720435,0.148594620309728,0.148594620309728
670,6.03211482086044,-0.400505743046061,-0.00529556556468215,0.148129344910827,0.148129344910827
671,6.0621227038407,-0.400597958368403,-0.000860457708951056,0.147465125100864,0.147465125100864
672,6.09213068541417,-0.40055738417212,0.00355288890663416,0.146679078659608,0.146679078659608
673,6.12213821027762,-0.400384729044157,0.00794265737140167,0.145893594653696,0.145893594653696
674,6.15214472344033,-0.400080703206628,0.0123088966586557,0.145110627807248,0.145110627807248
675,6.18214966991157,-0.399646016881646,0.0166540081069649,0.144485109762737,0.144485109762737
676,6.21215248916473,-0.399081240985788,0.0210099037178159,0.145829169688428,0.145829169688428
677,6.24215255034257,-0.398385176617161,0.0254264850987423,0.148529713868498,0.148529713868498
678,6.27214917420406,-0.397555407333211,0.029924552515256,0.151260298513555,0.151260298513555
679,6.30214168055515,-0.396589492708786,0.034504599443858,0.153993783893243,0.153993783893243
680,6.33212938920177,-0.39548499231874,0.0391660978115572,0.156688909449567,0.156688909449567
681,6.36211161645829,-0.394239502595417,0.0438991707706985,0.158763905677503,0.158763905677503
682,6.39208762526883,-0.392851183353374,0.0486872808338178,0.160356658099312,0.160356658099312
683,6.42205663690947,-0.391318634259922,0.0535230601504654,0.16194055714003,0.16194055714003
684,6.45201787155015,-0.389640466658529,0.0584064310633678,0.163528180750972,0.163528180750972
685,6.48197054936085,-0.387815291892659,0.0633383888209636,0.165178265814459,0.165178265814459
686,6.51191388239239,-0.385841668531134,0.0683369586559768,0.167967312713055,0.167967312713055
687,6.54184692667614,-0.383717141011828,0.073434664550244,0.171785231352768,0.171785231352768
688,6.57176859759411,-0.381438339547537,0.0786475719840198,0.175645248766496,0.175645248766496
689,6.60167780549352,-0.379001861624987,0.0839763790937363,0.179509812192758,0.179509812192758
690,6.63157346072162,-0.376404304730904,0.0894211527748119,0.18337379711325,0.18337379711325
691,6.66145446848976,-0.373642270538377,0.0949803628675268,0.187136048255088,0.187136048255088
692,6.69131960191199,-0.370712468395213,0.100650910211739,0.190793414744107,0.190793414744107
693,6.72116749374284,-0.36761172205866,0.106431255276233,0.194453208426178,0.194453208426178
694,6.75099676994658,-0.36433686082083,0.112321530897175,0.198119817171986,0.198119817171986
695,6.78080605648745,-0.360884713973833,0.118321919158898,0.201791461679439,0.201791461679439
696,6.81059397576595,-0.357252111809375,0.124432262989212,0.205447368289969,0.205447368289969
697,6.8403590271316,-0.353435919133423,0.130652068435288,0.209086128692654,0.209086128692654
698,6.87009955851172,-0.349433043223993,0.13698120100415,0.212733203125042,0.212733203125042
699,6.8998139085189,-0.34524039397176,0.143419910542942,0.216388972169576,0.216388972169576
700,6.92950041576577,-0.340854881267396,0.149968711365905,0.220069883357803,0.220069883357803
701,6.95915741239062,-0.336273399754195,0.156638076673944,0.224423342333576,0.224423342333576
702,6.98878298907553,-0.331492275430207,0.163451002278547,0.229636856550417,0.229636856550417
703,7.01837492863651,-0.326507109248828,0.170421409239235,0.234918074078104,0.234918074078104
704,7.04793099388702,-0.321313455056158,0.177550469421479,0.240209657890394,0.240209657890394
705,7.07744894764053,-0.315906866698297,0.184839083247122,0.245549394371001,0.245549394371001
706,7.10692653763547,-0.310282863932979,0.192310885049521,0.252415351098492,0.252415351098492
707,7.13636094436143,-0.304435683828237,0.200018219143155,0.261244040944819,0.261244040944819
708,7.165748622123,-0.298357921368604,0.207992763424473,0.270221937097994,0.270221937097994
709,7.19508597775334,-0.292042064193933,0.216237001575377,0.279217282593661,0.279217282593661
710,7.2243694180856,-0.28548059994408,0.224751300324018,0.28821743134956,0.28821743134956
711,7.25359534804327,-0.278666023050672,0.233525238227827,0.296515453160535,0.296515453160535
712,7.28275997428742,-0.271591533073968,0.242528846446197,0.303518239751242,0.303518239751242
713,7.31185913491688,-0.264251640381217,0.251741073547486,0.310413686573544,0.310413686573544
714,7.34088862789951,-0.256640998067165,0.261160742202808,0.317341550077369,0.317341550077369
715,7.36984425120319,-0.248754259226554,0.270788731269998,0.324296391211698,0.324296391211698
716,7.39872180279577,-0.240586076954128,0.280616340438554,0.330642465972356,0.330642465972356
717,7.42751715069961,-0.232131675310092,0.290588773689814,0.333945075887925,0.333945075887925
718,7.45622650423331,-0.223389060023244,0.300646960105773,0.336353752014248,0.336353752014248
719,7.48484617649781,-0.214357082680184,0.310778049726747,0.338801991318067,0.338801991318067
720,7.51337248061826,-0.205034595064744,0.320983170266803,0.34128781612137,0.34128781612137
721,7.54180172971981,-0.195420448960759,0.331261750585381,0.343698566272982,0.343698566272982
722,7.57013026321748,-0.18551359228518,0.34159178898362,0.344718373096849,0.344718373096849
723,7.59835476010166,-0.175314214666355,0.351938091546102,0.344783830261476,0.344783830261476
724,7.62647213572517,-0.164823370029426,0.362286614829049,0.344868234424735,0.344868234424735
725,7.6544793102348,-0.154042129829491,0.372638212907057,0.344991645549232,0.344991645549232
726,7.68237320377734,-0.142971565521648,0.382991737754841,0.345000420986798,0.345000420986798
727,7.71015079748889,-0.131612872956812,0.393317763883684,0.343162539951858,0.343162539951858
728,7.73780982086856,-0.119968774371894,0.403570115262178,0.340093519291261,0.340093519291261
729,7.76534850560307,-0.108043016282297,0.413730488564245,0.337035172172433,0.337035172172433
730,7.79276509266399,-0.0958393641410985,0.42379959255568,0.33401360889571,0.33401360889571
731,7.82005782308966,-0.0833615834491868,0.433775964234102,0.33085884324826,0.33085884324826
732,7.8472250825239,-0.0706135432167818,0.443650057888864,0.327201086861655,0.327201086861655
733,7.87426570732127,-0.0575994350751949,0.453413177138724,0.323467162306746,0.323467162306746
734,7.90117862139909,-0.0443235133336259,0.463064645030619,0.319763754530048,0.319763754530048
735,7.9279627486747,-0.0307900323012702,0.472603081956404,0.315938072720363,0.315938072720363
736,7.95461714373031,-0.0170033363085783,0.48201757265888,0.311506306295308,0.311506306295308
737,7.98114139467429,-0.00296813725743214,0.491296928475055,0.306934666101898,0.306934666101898
738,8.00753522576934,0.0113107591470763,0.500441167673371,0.302502913657493,0.302502913657493
739,8.03379831163975,0.0258286384594684,0.509517863586517,0.302434511863943,0.302434511863943
740,8.05992846105662,0.0405842165798192,0.518676125718357,0.307940074253728,0.307940074253728
741,8.08592109528197,0.0555805988108025,0.528005374186838,0.313829793833611,0.313829793833611
742,8.11177147916709,0.0708211777800556,0.537541701662571,0.321738443899678,0.321738443899678
743,8.13747378132252,0.0863107904493374,0.547410424422966,0.335979649012659,0.335979649012659
744,8.16301871787826,0.102058822539981,0.557725729563578,0.351495109690614,0.351495109690614
745,8.1883963270113,0.118075552999256,0.568507270876125,0.367041133993818,0.367041133993818
746,8.21359663116681,0.134371258871577,0.579762642148743,0.383058131839101,0.383058131839101
747,8.23860873365807,0.150956106027081,0.591510305231617,0.399834166509804,0.399834166509804
748,8.26342032721046,0.167840089717186,0.603763726015595,0.416747049366915,0.416747049366915
749,8.28801898483776,0.185033190713517,0.616525798194906,0.433716658310671,0.433716658310671
750,8.31239227955377,0.202545389787699,0.629794440661452,0.450478311913566,0.450478311913566
751,8.33652781794914,0.22038642537598,0.643518181511067,0.464011922113522,0.464011922113522
752,8.36041366721953,0.238562711577797,0.657614872811279,0.475297154573541,0.475297154573541
753,8.38403822890114,0.257078249447301,0.672051910645485,0.486665527627218,0.486665527627218
754,8.40738991203881,0.275936985846251,0.686832113308019,0.498150666933922,0.498150666933922
755,8.43045712567741,0.295142867636428,0.701958670589174,0.509729892654622,0.509729892654622
756,8.4532282788618,0.314699841679598,0.717414996513669,0.520097999816291,0.520097999816291
757,8.47569229822011,0.334610769323114,0.733107402144756,0.525431673315779,0.525431673315779
758,8.49784018330339,0.354874164425396,0.748943491067726,0.529640190267818,0.529640190267818
759,8.5196634525416,0.375487452613117,0.764908622636099,0.534008708504377,0.534008708504377
760,8.54115362436471,0.396448059512952,0.781007310751222,0.538527528861632,0.538527528861632
761,8.56230221720269,0.417753410751571,0.797243867848828,0.543186207724545,0.543186207724545
762,8.58310074948551,0.439400931955648,0.813614083500797,0.547421601961957,0.547421601961957
763,8.60354105099658,0.461387652180415,0.830064016790989,0.548486170649426,0.548486170649426
764,8.62361681506869,0.483708226874875,0.846530113372443,0.548487571351297,0.548487571351297
765,8.6433224253103,0.506356432282633,0.862998794030379,0.548653428181638,0.548653428181638
766,8.66265226645335,0.529326043216339,0.879474890237667,0.548985343032053,0.548985343032053
767,8.68160072322976,0.552610834488644,0.895963251826343,0.549482557811954,0.549482557811954
768,8.70016218037148,0.576204580912193,0.912464172872455,0.54984101050046,0.54984101050046
769,8.71833126213312,0.600100921770317,0.928911178310126,0.545907024438757,0.545907024438757
770,8.73610610627149,0.624291508298567,0.945190988082421,0.538712352896466,0.538712352896466
771,8.75348751965112,0.648766481469113,0.961255290647225,0.53155007563835,0.53155007563835
772,8.77047637577048,0.673515944550585,0.977106674358798,0.524521290240077,0.524521290240077
773,8.78707354812802,0.698530000811617,0.992749318874077,0.517641611712869,0.517641611712869
774,8.80327991022223,0.723798753520844,1.0081877477449,0.510927873366229,0.510927873366229
775,8.81909634721076,0.749312329468952,1.02342791045517,0.504453783109921,0.504453783109921
776,8.83452410517273,0.775061583592948,1.03847627660421,0.498172965675566,0.498172965675566
777,8.84956485168085,0.801038221178513,1.0533370941498,0.491978110888445,0.491978110888445
778,8.864220278173,0.827233995658425,1.06801321011047,0.485876107028185,0.485876107028185
779,8.87849207608706,0.85364066046546,1.08250764360278,0.479878971019763,0.479878971019763
780,8.8923819368609,0.880249969032398,1.09682374260303,0.474003984113561,0.474003984113561
781,8.90589155607355,0.907053695710523,1.11096751248457,0.468409516683678,0.468409516683678
782,8.91902273919979,0.934044169974342,1.1249470621643,0.463074676112341,0.463074676112341
783,8.93177741042264,0.961214320936717,1.13876754601393,0.457821106649856,0.457821106649856
784,8.94415749983206,0.988557107548665,1.15243148458393,0.452648857867095,0.452648857867095
785,8.95616493751802,1.0160654887612,1.16594144612944,0.447566608092287,0.447566608092287
786,8.96780165357049,1.04373242352535,1.17929976290717,0.44255448334037,0.44255448334037
787,8.97906962775909,1.07155092768112,1.1925050559022,0.437380880932556,0.437380880932556
788,8.9899712907431,1.09951453338988,1.2055538010587,0.432133782072656,0.432133782072656
789,9.00050931342112,1.12761704791505,1.21844583827711,0.426945203657617,0.426945203657617
790,9.0106863689314,1.15585228108474,1.23118312059362,0.421824329833379,0.421824329833379
791,9.02050513041218,1.18421404272705,1.24376787193058,0.416785077394658,0.416785077394658
792,9.0299682661719,1.21269614677351,1.2562121848107,0.412472568775304,0.412472568775304
793,9.03907796347168,1.24129281585853,1.26854575618552,0.409412778275778,0.409412778275778
794,9.04783552630346,1.26999902305122,1.28079009371376,0.406533687480762,0.406533687480762
795,9.05624216394981,1.29880982188676,1.29294879796991,0.403711035309759,0.403711035309759
796,9.06429908569333,1.32772026590032,1.3050236321453,0.400948603425201,0.400948603425201
797,9.07200750082575,1.35672540864855,1.31701621817241,0.398234510856984,0.398234510856984
798,9.07936865275169,1.38582038383152,1.32892742386782,0.395529048126944,0.395529048126944
799,9.08638389596478,1.41500058613726,1.34075797953613,0.392863200666739,0.392863200666739
800,9.09305460753384,1.44426146329104,1.35250928425511,0.390249127178296,0.390249127178296
801,9.09938216452768,1.47359846301808,1.36418294666109,0.387690110050082,0.387690110050082
802,9.10536794399614,1.50300703305504,1.3757834136848,0.385373347667889,0.385373347667889
803,9.11101317119021,1.53248271211138,1.38732458766948,0.383740968654629,0.383740968654629
804,9.11631855263354,1.56202134976926,1.39881947013484,0.382291091094085,0.382291091094085
805,9.12128468414156,1.59161886195812,1.41027154452834,0.38089005495409,0.38089005495409
806,9.12591216152973,1.62127116460736,1.42168230158608,0.379539310738275,0.379539310738275
807,9.13020158081204,1.65097417371126,1.43305141742498,0.378116884334047,0.378116884334047
808,9.1341536552178,1.68072384353196,1.44437357730265,0.376411469113718,0.376411469113718
809,9.13776941259342,1.71051623104649,1.4556443873291,0.374695945703581,0.374695945703581
810,9.14104993302411,1.74034741028652,1.46686440519944,0.373026843190332,0.373026843190332
811,9.14399629659508,1.77021345528374,1.47803509878081,0.371409263437726,0.371409263437726
812,9.14660958056291,1.80011044099733,1.4891622577109,0.370126563041559,0.370126563041559
813,9.14889061085098,1.83003452479849,1.50025918810599,0.369395923558735,0.369395923558735
814,9.15083976781716,1.85998201015906,1.51133560551477,0.368760804392966,0.368760804392966
815,9.15245738610553,1.88994921554041,1.52239361509385,0.368169834845805,0.368169834845805
816,9.15374380036019,1.91993245940388,1.53343463226575,0.367628731848462,0.367628731848462
817,9.15469934068372,1.94992806100509,1.54446209988743,0.367267078674908,0.367267078674908
818,9.15532421672643,1.97993236066493,1.5554815549137,0.367094907827662,0.367094907827662
819,9.15561850806554,2.0099417214521,1.56649661235574,0.366974108532294,0.366974108532294
820,9.15558228780907,2.03995250756668,1.57750870989926,0.366897588161232,0.366897588161232
821,9.15521562906502,2.06996108320874,1.58851922936943,0.366868780560075,0.366868780560075
822,9.15451860193233,2.09996381223702,1.59953013873378,0.366923385378898,0.366923385378898
823,9.15349124151175,2.12995705454008,1.61054373575737,0.367047694914626,0.367047694914626
824,9.15213356031591,2.15993716744412,1.62156174042205,0.367216895378992,0.367216895378992
825,9.15044557048061,2.18990050823258,1.63258549247956,0.367430382170789,0.367430382170789
826,9.14842728414166,2.21984343418891,1.64361565090375,0.36764329183331,0.36764329183331
827,9.14607875377825,2.24976230251732,1.65464851241162,0.367609918112294,0.367609918112294
828,9.1434002944937,2.27965346990623,1.66567931435056,0.367505458255016,0.367505458255016
829,9.1403923265028,2.30951329283763,1.67670766423955,0.367446187227579,0.367446187227579
830,9.13705527029893,2.33933812779295,1.68773491774947,0.367432477850738,0.367432477850738
831,9.13338954637551,2.36912433125363,1.69876038362507,0.367327402964597,0.367327402964597
832,9.12939569553272,2.39886828995378,1.70977409331083,0.366648984970802,0.366648984970802
833,9.1250748011061,2.42856652705493,1.72076547085888,0.365838616449596,0.365838616449596
834,9.12042809929582,2.45821560415837,1.73173318676392,0.365070724135659,0.365070724135659
835,9.11545682631067,2.48781208286755,1.742678536521,0.364346151165142,0.364346151165142
836,9.11016221835945,2.51735252478592,1.75361148297023,0.36424235498501,0.36424235498501
837,9.10454500404688,2.54683338092228,1.76457688267868,0.366507904606168,0.366507904606168
838,9.09860386662767,2.57625065665313,1.77561975708013,0.369404831676628,0.369404831676628
839,9.09233697425825,2.60560024512748,1.7867502349902,0.372345169267712,0.372345169267712
840,9.08574249509506,2.63487803949437,1.79796960108692,0.375325562876112,0.375325562876112
841,9.07881859729451,2.66407993290282,1.80929073950756,0.379121452003166,0.379121452003166
842,9.07156279574958,2.69320154083892,1.82078506914613,0.386861965026789,0.386861965026789
843,9.06396933480448,2.72223708867572,1.83253099840801,0.395882790417844,0.395882790417844
844,9.056031437418,2.75118036765684,1.8445485708754,0.404960119501276,0.404960119501276
845,9.04774232620708,2.78002516888063,1.85683935648101,0.414081356791759,0.414081356791759
846,9.03909522378863,2.80876528344543,1.86940984096232,0.423579851655331,0.423579851655331
847,9.03008309381904,2.83739428682096,1.8823231064015,0.436903215327471,0.436903215327471
848,9.02069607650219,2.86590340347352,1.89567306770872,0.452660537066173,0.452660537066173
849,9.01092257547877,2.89428241188578,1.90949830558622,0.468562037712419,0.468562037712419
850,9.00075096903736,2.92252106943054,1.9238021892442,0.48454731557444,0.48454731557444
851,8.9901696354666,2.95060913348058,1.93858699147249,0.500584465458593,0.500584465458593
852,8.97916695350713,2.97853636101208,1.9538471133606,0.516172884803969,0.516172884803969
853,8.96773202157407,3.00629187759614,1.96955599086539,0.530438314333276,0.530438314333276
854,8.95585611713313,3.03386289701786,1.98569286679367,0.544643319214578,0.544643319214578
855,8.94353092849061,3.06123627261205,2.00225936282704,0.559040367254383,0.559040367254383
856,8.93074814395282,3.08839885771352,2.01926056979757,0.57359529904884,0.57359529904884
857,8.91749945182606,3.11533750565711,2.03670084387042,0.588268803571415,0.588268803571415
858,8.9037765404212,3.14203906977704,2.05456870618395,0.602030255324976,0.602030255324976
859,8.8895721898668,3.16849026108962,2.07279615928691,0.612167596497274,0.612167596497274
860,8.87488333832692,3.19467724861321,2.09131953204852,0.621681644163283,0.621681644163283
861,8.8597079136488,3.22058607236143,2.11013314238897,0.631462075546963,0.631462075546963
862,8.8440438436797,3.24620277234789,2.12924432681905,0.641478696616334,0.641478696616334
863,8.82788905626685,3.27151338858624,2.14865978537424,0.651698067797113,0.651698067797113
864,8.81124147925751,3.29650396109008,2.1683840413558,0.661986917950452,0.661986917950452
865,8.7940991571599,3.32116051569515,2.18838808689424,0.670260684447626,0.670260684447626
866,8.77646278407887,3.34546875622993,2.20861405010448,0.676702069772919,0.676702069772919
867,8.75833568517896,3.36941406676842,2.22903862940673,0.683452822772719,0.683452822772719
868,8.73972129857833,3.39298181765729,2.24967141142105,0.690585004927243,0.690585004927243
869,8.72062306239508,3.41615737924324,2.27052290121358,0.698073305081624,0.698073305081624
870,8.70104441474737,3.43892612187295,2.29160307117537,0.70588978816385,0.70588978816385
871,8.68098879375332,3.4612734158931,2.31289026200041,0.711934944368854,0.711934944368854
872,8.66046096958143,3.48318593728834,2.33417216120962,0.705590527310995,0.705590527310995
873,8.63947385830885,3.50465834643188,2.3551950977209,0.69471817504866,0.69471817504866
874,8.61804345427927,3.52568832092644,2.3758955708852,0.684127304437631,0.684127304437631
875,8.59618575757175,3.54627354399637,2.39628267175817,0.673867168715278,0.673867168715278
876,8.57391676826532,3.56641169886602,2.41636639326092,0.663974155963894,0.663974155963894
877,8.55125248622518,3.58610046877169,2.43616713001402,0.655110957194536,0.655110957194536
878,8.52820794857946,3.60533759072945,2.45573611552231,0.648634541899629,0.648634541899629
879,8.50479501588779,3.6241209792027,2.47511786263864,0.642730753917986,0.642730753917986
880,8.48102489447551,3.64244858520124,2.49432379554168,0.636971045199383,0.636971045199383
881,8.45690879066795,3.66031835973489,2.51336320950503,0.631645775230517,0.631645775230517
882,8.43245778560799,3.67772804510446,2.53231403305367,0.631055611011987,0.631055611011987
883,8.40768084933655,3.69467186390138,2.55130762769839,0.634470229462896,0.634470229462896
884,8.38258519573065,3.71114111077389,2.57040930066267,0.638225614278531,0.638225614278531
885,8.35717798522732,3.72712699127304,2.58962746994442,0.642194251103469,0.642194251103469
886,8.33146637826361,3.74262071094989,2.60896653420661,0.646229794224345,0.646229794224345
887,8.30545769895047,3.75761352022246,2.62841471575206,0.649412869414117,0.649412869414117
888,8.27916059134369,3.77209703133773,2.64795572631459,0.652366958183571,0.652366958183571
889,8.25258433719606,3.78606303135087,2.66759029533326,0.655615370230531,0.655615370230531
890,8.22573822239942,3.79950330845168,2.68732685116454,0.65915060973424,0.65915060973424
891,8.19863153284561,3.81240965082996,2.70717347217377,0.662949230328628,0.662949230328628
892,8.17127355817085,3.82477385620092,2.72709730082867,0.664297656227425,0.664297656227425
893,8.14367448230344,3.83658999727833,2.74697209871652,0.659681719753092,0.659681719753092
894,8.11584653621446,3.84785735426858,2.76669905023976,0.654441572455038,0.654441572455038
895,8.08780223605674,3.85857593285479,2.78627269672697,0.649458929767339,0.649458929767339
896,8.05955409798309,3.86874573872008,2.80570090487126,0.644750640437126,0.644750640437126
897,8.03111463814634,3.87836677754758,2.82499125182834,0.640290643192648,0.640290643192648
898,8.00249635330417,3.88743910003961,2.84413566162793,0.635055113207936,0.635055113207936
899,7.97371124440051,3.89596390776064,2.86310878504784,0.628909475419698,0.628909475419698
900,7.94477078725829,3.90394362116412,2.88189910096518,0.622902909167158,0.622902909167158
901,7.91568643243773,3.91138071934222,2.90051201137773,0.61710808438202,0.61710808438202
902,7.88646963049907,3.91827768138709,2.91895410447433,0.611543001295212,0.611543001295212
903,7.85713183200254,3.92463698639088,2.93722066868052,0.605442151461109,0.605442151461109
904,7.82768432245393,3.93046186162574,2.95525636322401,0.596183995100795,0.596183995100795
905,7.7981376762114,3.93575875794511,2.97300240114947,0.586162285474517,0.586162285474517
906,7.76850227614671,3.94053499419671,2.99044992103949,0.576299583128107,0.576299583128107
907,7.73878850512887,3.94479788924053,3.00760414331329,0.566623069211094,0.566623069211094
908,7.70900674602695,3.94855476193655,3.02447081082821,0.557155665169639,0.557155665169639
909,7.67916727777164,3.95181294302295,3.04105572629997,0.547870163876998,0.547870163876998
910,7.64927907959791,3.95457991176873,3.05736318911344,0.53869092835409,0.53869092835409
911,7.61935024667552,3.95686324847497,3.07339654332436,0.529620739985649,0.529620739985649
912,7.58938885725116,3.95867053537669,3.08915951935935,0.520681192381214,0.520681192381214
913,7.55940298957155,3.96000935470896,3.10465632371197,0.511895553114572,0.511895553114572
914,7.5294007032387,3.9608872858124,3.11989375857392,0.50341324434502,0.50341324434502
915,7.49938929718277,3.96131178993979,3.13488085900761,0.495228431299377,0.495228431299377
916,7.46937506093265,3.961290171643,-3.13356176231843,0.487137067125215,0.487137067125215
917,7.43936421437522,3.96082972466253,-3.11906052435777,0.479140875278627,0.479140875278627
918,7.40936297739736,3.95993774273892,-3.10479759781045,0.471258823669006,0.471258823669006
919,7.3793775689259,3.95862151606028,-3.09075341535684,0.464571422658519,0.464571422658519
920,7.34941394199366,3.95688735095043,-3.07687059273525,0.460514385302319,0.460514385302319
921,7.31947742236981,3.95473923272456,-3.06310309665981,0.456895724245937,0.456895724245937
922,7.28957324541493,3.95218081216692,-3.04944311381009,0.45335445679696,0.45335445679696
923,7.25970664648962,3.94921574006177,-3.03588819573185,0.449896611907136,0.449896611907136
924,7.22988286095446,3.94584766719337,-3.02243406344924,0.446640942063991,0.446640942063991
925,7.20010706388275,3.94208013353608,-3.0090694841998,0.443931180468111,0.443931180468111
926,7.17038418490712,3.93791622793694,-2.99578339916005,0.441413017589476,0.441413017589476
927,7.14071909120815,3.93335892445421,-2.98257177524494,0.438971108274848,0.438971108274848
928,7.11111664996643,3.92841119714614,-2.969432275692,0.436609274176785,0.436609274176785
929,7.08158172836252,3.92307602007096,-2.95636658157821,0.434057563615836,0.434057563615836
930,7.0521190878201,3.91735659736875,-2.94340462644936,0.429700108427792,0.429700108427792
931,7.02273276145167,3.91125771767366,-2.93058448193627,0.424610756812544,0.424610756812544
932,6.99342647568702,3.90478483683037,-2.91791617527819,0.419582603029783,0.419582603029783
933,6.96420395588553,3.8979434130124,-2.90539771705739,0.414625670872767,0.414625670872767
934,6.93506892740655,3.89073890439326,-2.89302758453153,0.409702881625788,0.409702881625788
935,6.90602506176461,3.88317679562881,-2.88081213617738,0.404323137888976,0.404323137888976
936,6.87707537753534,3.87526289250787,-2.8687627962145,0.398639108969877,0.398639108969877
937,6.84822245886174,3.86700321448494,-2.85688348243233,0.392995561635084,0.392995561635084
938,6.81946888203029,3.85840378487857,-2.84517273447775,0.387406139354369,0.387406139354369
939,6.79081722332749,3.84947062700729,-2.83362844634273,0.381904656797717,0.381904656797717
940,6.76227005284011,3.84020973648026,-2.8222383896096,0.377131637027684,0.377131637027684
941,6.7338297878558,3.83062642597851,-2.81098058290164,0.373095492579207,0.373095492579207
942,6.70549868696885,3.82072529891063,-2.79984288384531,0.369130997072642,0.369130997072642
943,6.6772790013944,3.81051092570457,-2.78882352872756,0.36521027692897,0.36521027692897
944,6.64917298234759,3.79998787678829,-2.77792122868334,0.361332241797283,0.361332241797283
945,6.62118287659492,3.78916072601225,-2.76714044175241,0.357115271676007,0.357115271676007
946,6.59331060759298,3.77803429596016,-2.75649535044443,0.352291686287108,0.352291686287108
947,6.56555756223507,3.76661382201208,-2.74599546376564,0.347440737851902,0.347440737851902
948,6.5379250768534,3.75490457844638,-2.73564060515324,0.342627671139011,0.342627671139011
949,6.5104144877802,3.74291183954146,-2.72542960655514,0.337856071468059,0.337856071468059
950,6.48302713076453,3.73064088025999,-2.71537338784612,0.332317406137468,0.332317406137468
951,6.4557638484216,3.71809755420871,-2.70551732953111,0.32452052596073,0.32452052596073
952,6.42862409319871,3.70528934621965,-2.69590101887494,0.316343057257772,0.316343057257772
953,6.40160707433888,3.69222402650113,-2.68652974009783,0.308191222812442,0.308191222812442
954,6.37471200108515,3.67890936526143,-2.67740263695861,0.300071382282663,0.300071382282663
955,6.34793808268056,3.66535313270889,-2.66852156467703,0.291799057621998,0.291799057621998
956,6.32128432433204,3.65156318544031,-2.65990314139398,0.282571543850158,0.282571543850158
957,6.29474867309378,3.63754782807238,-2.65156632015898,0.273036271720776,0.273036271720776
958,6.26832873404276,3.62331551001431,-2.64351548715595,0.263513576299366,0.263513576299366
959,6.24202211208471,3.60887468074782,-2.63575016115892,0.254009309800177,0.254009309800177
960,6.21582641212536,3.59423378975461,-2.62826990154252,0.244517934976582,0.244517934976582
961,6.18973918608333,3.57940126677788,-2.62107581575529,0.23494014710479,0.23494014710479
962,6.16375743231595,3.56438533535076,-2.61417007309968,0.225304290577916,0.225304290577916
963,6.13787781960732,3.54919409623534,-2.60755345969586,0.215672442174242,0.215672442174242
964,6.11209701236411,3.533835648563,-2.60122575949862,0.206049475185609,0.206049475185609
965,6.08641167499297,3.51831809146516,-2.59518643944851,0.196453966563718,0.196453966563718
966,6.06081846804372,3.50264950548304,-2.58942884443609,0.187275138183947,0.187275138183947
967,6.03531395028731,3.486837480577,-2.58394013240063,0.17853554565425,0.17853554565425
968,6.00989457087599,3.47088907833812,-2.57871336082226,0.169818893132879,0.169818893132879
969,5.98455677353455,3.45481133419664,-2.57374811357078,0.161105885797635,0.161105885797635
970,5.95929700198776,3.4386112835828,-2.56904427152367,0.152397326959659,0.152397326959659
971,5.93411169830961,3.42229596199624,-2.56460369634844,0.143560670736587,0.143560670736587
972,5.90899709657234,3.40587241368299,-2.56043223445777,0.134462303911959,0.134462303911959
973,5.88394902235815,3.38934770006595,-2.55653427464393,0.125332976834737,0.125332976834737
974,5.8589632536793,3.37272888456829,-2.55291025467652,0.116204684282358,0.116204684282358
975,5.83403556854809,3.3560230306132,-2.54956012626587,0.107078505506171,0.107078505506171
976,5.80916174497619,3.33923720162236,-2.546483063689,0.0980055451223772,0.0980055451223772
977,5.78433752963497,3.32237838472997,-2.54367545882198,0.0891197971134406,0.0891197971134406
978,5.7595585538328,3.3054532862575,-2.54113386843834,0.0802763198887888,0.0802763198887888
979,5.73482042234041,3.28846854792941,-2.53885765391655,0.0714327643534133,0.0714327643534133
980,5.71011873992852,3.27143081147017,-2.5368468081812,0.062589599923005,0.062589599923005
981,5.68544911136786,3.25434671860421,-2.53509952600824,0.053866414863879,0.053866414863879
982,5.66080718874322,3.23722281305366,-2.5336017922081,0.0459573544632384,0.0459573544632384
983,5.63618894672734,3.22006497035885,-2.53233629911857,0.0383877254161909,0.0383877254161909
984,5.61159049461767,3.20287878720981,-2.53129793744329,0.0308191118677413,0.0308191118677413
985,5.58700794216022,3.18566985936744,-2.53048669102128,0.0232504962077304,0.0232504962077304
986,5.562437399101,3.16844378259265,-2.52990150216089,0.0157523679754282,0.0157523679754282
987,5.53787501024978,3.15120609975719,-2.52952807565848,0.00913652764187184,0.00913652764187184
988,5.51331735954753,3.13396169136051,-2.52934416003496,0.00312146110245098,0.00312146110245098
989,5.48876132996555,3.11671498685363,-2.52934056845184,-0.00288208260785991,0.00288208260785991
990,5.46420381021533,3.09947040702923,-2.52951712795566,-0.00888562526153869,0.00888562526153869
991,5.43964168900837,3.08223237267999,-2.52987359577835,-0.0148729823304982,0.0148729823304982
992,5.41507186411058,3.06500529316498,-2.53040405142205,-0.0204819161871008,0.0204819161871008
993,5.39049144518132,3.04779331027109,-2.5310970853879,-0.0257088272020594,0.0257088272020594
994,5.36589775581669,3.0306002956328,-2.53194671302433,-0.0309188840980056,0.0309188840980056
995,5.3412881290759,3.01343010893493,-2.53295268171332,-0.036128957826045,0.036128957826045
996,5.31665989801814,2.9962866098623,-2.53411508816975,-0.0413454309450589,0.0413454309450589
997,5.29201039310374,2.97917366335993,-2.53543833173413,-0.046848694032671,0.046848694032671
998,5.26733682911968,2.96209536849952,-2.53693264629805,-0.0527472536005381,0.0527472536005381
999,5.24263626152305,2.94505614684177,-2.5386043987429,-0.0586748637748552,0.0586748637748552
1000,5.21790573415912,2.92806044345004,-2.54045402679804,-0.0646025944097257,0.0646025944097257
1001,5.1931422908732,2.91111270338768,-2.54248168128012,-0.0705401395890141,0.0705401395890141
1002,5.16834297124164,2.89421737961284,-2.54470005047469,-0.0773134339241223,0.0773134339241223
1003,5.14350445495667,2.8773795906392,-2.54714355074748,-0.0855448497273984,0.0855448497273984
1004,5.11862279428952,2.86060561530805,-2.54983627317654,-0.0939238351246288,0.0939238351246288
1005,5.09369397849635,2.84390184899832,-2.55278044181427,-0.102303577289102,0.102303577289102
1006,5.06871399683331,2.82727468708893,-2.55597608367319,-0.110684087682386,0.110684087682386
1007,5.04367883882396,2.81073052594358,-2.55942502603255,-0.119185237298346,0.119185237298346
1008,5.01858453717617,2.79427592095956,-2.56313291431866,-0.127942029661874,0.127942029661874
1009,4.99342721503399,2.77791776058097,-2.56710411613133,-0.136734251240609,0.136734251240609
1010,4.96820300691112,2.7616629751225,-2.57133919709796,-0.145529050550564,0.145529050550564
1011,4.94290804732124,2.74551849489881,-2.57583822078122,-0.154325078424917,0.154325078424917
1012,4.91753847107902,2.729491250588,-2.58060207194634,-0.163178097936855,0.163178097936855
1013,4.89209051775852,2.7135882993533,-2.58563378116223,-0.172176211316775,0.172176211316775
1014,4.86656068496318,2.6978170098994,-2.59093596501664,-0.181203611750218,0.181203611750218
1015,4.84094550931495,2.68218479804143,-2.59650914682447,-0.190237371271399,0.190237371271399
1016,4.81524152743577,2.66669907959453,-2.60235348357696,-0.199274782549661,0.199274782549661
1017,4.78944527612943,2.65136727036822,-2.60846732960532,-0.208197614810211,0.208197614810211
1018,4.76355348795077,2.6361967801193,-2.61484402748456,-0.216791370723465,0.216791370723465
1019,4.73756346371259,2.62119500103376,-2.62147794193245,-0.225338354411489,0.225338354411489
1020,4.71147260676153,2.60636932212722,-2.62836853117018,-0.233896993865931,0.233896993865931
1021,4.68527832044423,2.59172713241525,-2.63551609940268,-0.242463567974092,0.242463567974092
1022,4.65897800810954,2.57727582093835,-2.64292544642544,-0.25134019183062,0.25134019183062
1023,4.63256910205403,2.56302310532661,-2.65061749144308,-0.261301355171387,0.261301355171387
1024,4.60604913602565,2.54897785479825,-2.65861239641093,-0.271521601115524,0.271521601115524
1025,4.57941566598471,2.53514919070697,-2.66691433427494,-0.281762718086877,0.281762718086877
1026,4.55266624789153,2.52154623440651,-2.67552384797151,-0.292018240721937,0.292018240721937
1027,4.52579843770643,2.50817810725059,-2.68444210309847,-0.302333411381489,0.302333411381489
1028,4.49880994973244,2.49505405958656,-2.69367373851358,-0.312898244762797,0.312898244762797
1029,4.47169919917198,2.48218391274832,-2.70322407630717,-0.323567557501946,0.323567557501946
1030,4.44446479509644,2.46957764600475,-2.71309518993403,-0.334273609725105,0.334273609725105
1031,4.41710534658393,2.45724523863027,-2.72328804511823,-0.345007019030816,0.345007019030816
1032,4.38961946271257,2.44519666989927,-2.73380247724125,-0.35569707771733,0.35569707771733
1033,4.36200593141507,2.4334419357491,-2.74463285204649,-0.366054873677395,0.366054873677395
1034,4.33426461007279,2.42199113175222,-2.75577311564143,-0.376340699624907,0.376340699624907
1035,4.30639575183684,2.41085439035291,-2.76722300636703,-0.386685176354109,0.386685176354109
1036,4.27839961049837,2.40004184405507,-2.77898409043056,-0.397076500878206,0.397076500878206
1037,4.2502764398485,2.38956362536263,-2.79105613833776,-0.407399751313473,0.407399751313473
1038,4.22202663128789,2.37942981861011,-2.80342507925581,-0.416852202814817,0.416852202814817
1039,4.19365181316856,2.36965007514481,-2.81607188148365,-0.425906088688418,0.425906088688418
1040,4.16515426776534,2.3602338174123,-2.8289917125186,-0.435040600310882,0.435040600310882
1041,4.13653628328667,2.35119046578114,-2.8421868139973,-0.444246759548357,0.444246759548357
1042,4.10780014794096,2.34252944061993,-2.85565856351483,-0.45346736757016,0.45346736757016
1043,4.07894821202592,2.33426014017144,-2.86939773013088,-0.462055880599992,0.462055880599992
1044,4.04998383999432,2.3263916012802,-2.88338797205577,-0.470186913534381,0.470186913534381
1045,4.02091122295637,2.31893256620796,-2.89762383420961,-0.478415147574631,0.478415147574631
1046,3.99173457612017,2.3118917686291,-2.91210819597377,-0.48674268017596,0.48674268017596
1047,3.9624581146938,2.30527794221802,-2.92684369112211,-0.495141366939407,0.495141366939407
1048,3.93308607051245,2.29909981295394,-2.94182441836202,-0.503070734181123,0.503070734181123
1049,3.90362343140842,2.29336575693424,-2.95703381124521,-0.510365701182642,0.510365701182642
1050,3.87407623586925,2.28808366400424,-2.97246367162045,-0.517750625096113,0.517750625096113
1051,3.84445059994969,2.28326138811047,-2.98811722260385,-0.525267524549824,0.525267524549824
1052,3.81475263970451,2.27890678319946,-3.00399820325589,-0.532899247250299,0.532899247250299
1053,3.7849884717443,2.27502770288203,-3.02010510803211,-0.540308653469339,0.540308653469339
1054,3.75516462044507,2.27163175446979,-3.03642320638395,-0.546958939164691,0.546958939164691
1055,3.72528873853577,2.26872586372463,-3.05294142459586,-0.553629237524476,0.553629237524476
1056,3.6953686722956,2.2663168394999,-3.06966240002387,-0.560461715013058,0.560461715013058
1057,3.66541226800376,2.26441149064892,-3.08659076274267,-0.567439113561582,0.567439113561582
1058,3.63542737193942,2.26301662602503,-3.10373229223715,-0.574646753011114,0.574646753011114
1059,3.60542201023906,2.26213915197985,-3.12110316993014,-0.582703086973784,0.582703086973784
1060,3.57540542724912,2.26178663524079,-3.13872372635698,-0.591265672013704,0.591265672013704
1061,3.54538737270645,2.26196691650078,3.12658070981344,-0.600040204681706,0.600040204681706
1062,3.51537759798022,2.26268783733764,3.10843360421729,-0.609000804522592,0.609000804522592
1063,3.48538585443955,2.26395723932918,3.09001621597355,-0.618032078376247,0.618032078376247
1064,3.45542193206354,2.2657828818932,3.07135730402763,-0.62506783707062,0.62506783707062
1065,3.42549656523342,2.26817051480646,3.05251652840216,-0.630124085355522,0.630124085355522
1066,3.3956214651556,2.27112380921007,3.03352109319369,-0.635356123021897,0.635356123021897
1067,3.36580838813335,2.27464634028129,3.01436470975136,-0.64085152699817,0.64085152699817
1068,3.33606909046993,2.2787416831974,2.99503992396,-0.646590114257222,0.646590114257222
1069,3.30641532807148,2.2834134109211,2.97557608556922,-0.650127765476113,0.650127765476113
1070,3.27685847074008,2.28866294326768,2.95610741594957,-0.646914008608716,0.646914008608716
1071,3.24740878085616,2.29448552440598,2.93675046380761,-0.642674362087073,0.642674362087073
1072,3.21807632349596,2.30087529821865,2.91751705123371,-0.638663165787703,0.638663165787703
1073,3.18887116373572,2.30782640858835,2.89840010437841,-0.634893682604311,0.634893682604311
1074,3.15980336665169,2.31533299939774,2.87938562537973,-0.63182231757993,0.63182231757993
1075,3.13088310277418,2.32338960089158,2.86039567386441,-0.633257614022536,0.633257614022536
1076,3.10212155000123,2.3319944341038,2.84132354704708,-0.637307349172201,0.637307349172201
1077,3.07353044548137,2.34114776904762,2.82212607957924,-0.64162786834104,0.64162786834104
1078,3.04512153234329,2.35084989764647,2.8027957523013,-0.646179801651408,0.646179801651408
1079,3.01690655371572,2.36110111182379,2.7833268023811,-0.650875704909897,0.650875704909897
1080,2.98889723309325,2.37190164151889,2.76376965058646,-0.652055357459857,0.652055357459857
1081,2.96110427859504,2.38324851117213,2.7442552906854,-0.648015220913558,0.648015220913558
1082,2.93353691153437,2.39513405143802,2.72486466478057,-0.643799054751219,0.643799054751219
1083,2.90620423498419,2.40755021969128,2.70559648950538,-0.639854665584525,0.639854665584525
1084,2.87911535201747,2.4204889733066,2.68644271311666,-0.636194532136829,0.636194532136829
1085,2.8522793655982,2.43394226954382,2.6674236295486,-0.630915495146584,0.630915495146584
1086,2.82570414800353,2.44790076825338,2.64865991267586,-0.619209367483825,0.619209367483825
1087,2.79939329021391,2.46235061587562,2.63026747186169,-0.6062011501255,0.6062011501255
1088,2.77334945282087,2.47727697802029,2.61226295949253,-0.59336463481151,0.59336463481151
1089,2.74757529641597,2.49266502029716,2.59464061768666,-0.580737424354719,0.580737424354719
1090,2.72207348159076,2.50849990831597,2.57738856020415,-0.568708997823271,0.568708997823271
1091,2.69684662853966,2.52476721835769,2.56046039822867,-0.559178529406273,0.559178529406273
1092,2.67189709939682,2.54145515010609,2.54380334266697,-0.550674751450861,0.550674751450861
1093,2.647227154775,2.55855293529652,2.52739990821654,-0.542302715287982,0.542302715287982
1094,2.62283905504361,2.57604980813812,2.51124580316446,-0.534080798197103,0.534080798197103
1095,2.59873506057208,2.59393500284002,2.49534644923298,-0.525352873317144,0.525352873317144
1096,2.57491690119401,2.6121973963727,2.4797811292687,-0.511841350931437,0.511841350931437
1097,2.55138242984827,2.63082325518216,2.46465327033748,-0.496217253250271,0.496217253250271
1098,2.52812777894442,2.6497976871883,2.44999324041886,-0.480670512111467,0.480670512111467
1099,2.50514907313623,2.66910579508859,2.43579808624667,-0.465241189482702,0.465241189482702
1100,2.48244243707748,2.68873268158052,2.42205682228781,-0.450437619369102,0.450437619369102
1101,2.46000401727437,2.70866401505196,2.40872487488993,-0.437981102723494,0.437981102723494
1102,2.43783006105239,2.72888807378127,2.39575667409196,-0.426218967087369,0.426218967087369
1103,2.41591684479306,2.7493938882155,2.38314084462299,-0.414514237398439,0.414514237398439
1104,2.3942606448806,2.7701704888719,2.37087709084095,-0.402770263778239,0.402770263778239
1105,2.37285764923459,2.79120685022312,2.35902525922556,-0.387075599231885,0.387075599231885
1106,2.35170090358847,2.81248995608723,2.34771941012292,-0.366394846945683,0.366394846945683
1107,2.33077953576068,2.83400430818375,2.33703860598624,-0.345430039543229,0.345430039543229
1108,2.31008242758771,2.85573425239641,2.32699318913644,-0.324059077954856,0.324059077954856
1109,2.28959811673103,2.87766389953175,2.31773271733529,-0.293124518470625,0.293124518470625
1110,2.26930791244778,2.89977242327753,2.30953760035176,-0.253064558393682,0.253064558393682
1111,2.24918625814383,2.92203430783244,2.3025671254518,-0.211511928424254,0.211511928424254
1112,2.22920649327182,2.94442324375751,2.29702625474849,-0.15778422892534,0.15778422892534
1113,2.20933304674949,2.96690642568643,2.29273883493219,-0.127971563139539,0.127971563139539
1114,2.1895460457162,2.98946580188629,2.28826175796612,-0.170420961686822,0.170420961686822
1115,2.16987414883076,3.01212667475243,2.2825025370813,-0.213423992462422,0.213423992462422
1116,2.15034771753106,3.03491315124767,2.27548217971094,-0.254470722090062,0.254470722090062
1117,2.13099603802048,3.05784785602451,2.26725210947145,-0.294046371739021,0.294046371739021
1118,2.11184737993124,3.08095254408321,2.25826768711796,-0.304740106226825,0.304740106226825
1119,2.09291025013637,3.10423206385748,2.24935538716471,-0.289228078308986,0.289228078308986
1120,2.07417521565964,3.12767591667022,2.2409222463901,-0.272789869450588,0.272789869450588
1121,2.05563219260632,3.15127304699916,2.23298171834496,-0.25638618151833,0.25638618151833
1122,2.03727109708172,3.17501239932205,2.22553282667658,-0.240023543802215,0.240023543802215
1123,2.01908184519113,3.19888291811662,2.21857948488479,-0.223372576957664,0.223372576957664
1124,2.00105408002536,3.22287341210525,2.21226375335081,-0.197546670055105,0.197546670055105
1125,1.98316989777977,3.246968937346,2.20687593134989,-0.16154506984777,0.16154506984777
1126,1.96540306817604,3.27115040959045,2.2025767653691,-0.124997463183009,0.124997463183009
1127,1.94772693153331,3.2953985310714,2.19937441088173,-0.0884422844959787,0.0884422844959787
1128,1.93011482817068,3.31969400402167,2.19726893256022,-0.0518878515098724,0.0518878515098724
1129,1.91254009840726,3.34401753067408,2.19626028119484,-0.0153376934868972,0.0153376934868972
1130,1.89497608256216,3.36834981326142,2.19634878650328,0.021235258733708,0.021235258733708
1131,1.87739610957012,3.39267152705342,2.19754687009325,0.0586101724583989,0.0586101724583989
1132,1.85977317832242,3.41696256563625,2.19988028951627,0.0968992779139503,0.0968992779139503
1133,1.84207991463985,3.44120193900598,2.20336362150101,0.135248117580285,0.135248117580285
1134,1.82428892431282,3.46536860971822,2.20799786628367,0.173608714515359,0.173608714515359
1135,1.80637281313173,3.48944154032862,2.21378323252872,0.211973887423241,0.211973887423241
1136,1.78830418688701,3.51339969339281,2.22071968701576,0.250326102351984,0.250326102351984
1137,1.77005565136907,3.53722203146641,2.2288032473094,0.288404227727535,0.288404227727535
1138,1.75160002585259,3.5608875821842,2.23792540047681,0.319505777576018,0.319505777576018
1139,1.73291652742423,3.58437732350747,2.24786297535872,0.342705525241549,0.342705525241549
1140,1.71399172610639,3.6076744748866,2.25849229304227,0.365571441016376,0.365571441016376
1141,1.6948125975907,3.63076237943729,2.26980933555777,0.388529640485777,0.388529640485777
1142,1.67536611756874,3.65362438027524,2.28181630659157,0.411558036886934,0.411558036886934
1143,1.65563926173212,3.67624382051613,2.29451480385964,0.4346207441774,0.4346207441774
1144,1.63561900988677,3.69860404600141,2.30783334491913,0.452871281135373,0.452871281135373
1145,1.61529600616759,3.72069083020237,2.32149538806464,0.457501969751101,0.457501969751101
1146,1.59467129232476,3.74249683504408,2.33526234455788,0.459850401554938,0.459850401554938
1147,1.57374774172727,3.76401593590506,2.34910165308964,0.462328865987122,0.462328865987122
1148,1.55252822774408,3.78524200816378,2.36301686115024,0.464933616030865,0.464933616030865
1149,1.53101562374418,3.80616892719872,2.3769448185048,0.46321641019976,0.46321641019976
1150,1.5092153399001,3.82679367583174,2.39046013280025,0.437464180098386,0.437464180098386
1151,1.48714655153359,3.84713009842746,2.40308045106441,0.403596329899848,0.403596329899848
1152,1.46483308085377,3.86719773152925,2.41468494892537,0.369781744922647,0.369781744922647
1153,1.44229875398567,3.88701611662753,2.42519925673388,0.33095693015849,0.33095693015849
1154,1.41956975867052,3.90660882378967,2.43428813719718,0.274793289912574,0.274793289912574
1155,1.39668032792372,3.92601314716172,2.44162296369887,0.214067333854089,0.214067333854089
1156,1.37366680799756,3.94526996743373,2.44749109878196,0.177043646232772,0.177043646232772
1157,1.35055137376992,3.96440420065399,2.45379062918089,0.242815971809713,0.242815971809713
1158,1.3272966850642,3.98336986758954,2.46229486248647,0.323970545456203,0.323970545456203
1159,1.30385762552475,4.00210943166043,2.47288420849453,0.381774622548648,0.381774622548648
1160,1.28020521972452,4.02057938207609,2.48516549482398,0.436709246429892,0.436709246429892
1161,1.2563125266367,4.03873797696441,2.49906645060711,0.489678339434033,0.489678339434033
1162,1.23215390236282,4.05654472744755,2.514223887113,0.520399658004442,0.520399658004442
1163,1.20771832202668,4.07397326626518,2.53009620032602,0.53726176430441,0.53726176430441
1164,1.18300397840733,4.09100613018635,2.54647498048983,0.554095631324788,0.554095631324788
1165,1.15800920857811,4.10762599536476,2.56336194298679,0.571082398074204,0.571082398074204
1166,1.13273234961232,4.12381553795414,2.5807510113796,0.5874996999656,0.5874996999656
1167,1.10717229488674,4.13955781064487,2.59855614127762,0.598756106053673,0.598756106053673
1168,1.08133228196985,4.1548388065143,2.61666641884744,0.607787398696246,0.607787398696246
1169,1.05521759047214,4.16964590080572,2.63505199240348,0.617079350403284,0.617079350403284
1170,1.02883351185578,4.18396647678426,2.65372010574457,0.626620117765052,0.626620117765052
1171,1.00218533758294,4.19778791771509,2.6726760076198,0.636270197918514,0.636270197918514
1172,0.975278403846968,4.21109769560305,2.69182937223069,0.639784691015817,0.639784691015817
1173,0.948120613329959,4.22388837396972,2.71094639836347,0.633844120187741,0.633844120187741
1174,0.920723780706257,4.23616027712412,2.72987635788085,0.627302215674602,0.627302215674602
1175,0.893100049560861,4.24791438188313,2.74861373489924,0.620990978123506,0.620990978123506
1176,0.865261563478769,4.25915166506366,2.76716558806737,0.614929767483037,0.614929767483037
1177,0.837220466044982,4.2698731034826,2.78554416457359,0.60945396187456,0.60945396187456
1178,0.808988650193206,4.28007945857722,2.80378950680681,0.606071496120116,0.606071496120116
1179,0.7805765553399,4.28977024280671,2.82194571383278,0.603543216352953,0.603543216352953
1180,0.751994098240759,4.29894451951835,2.84002844657214,0.601201879230068,0.601201879230068
1181,0.723251194965171,4.30760135146972,2.85804346804501,0.599053653692111,0.599053653692111
1182,0.694357761582518,4.31573980141839,2.87599326535967,0.59687790978903,0.59687790978903
1183,0.665323733869412,4.32335913809319,2.89381673062978,0.590651439893738,0.590651439893738
1184,0.636159415943343,4.33046247996359,2.91139899682997,0.58081451716474,0.58081451716474
1185,0.606875438474514,4.33705635848748,2.92868637175391,0.571002655078314,0.571002655078314
1186,0.577482443444688,4.34314742334628,2.94568198450069,0.561372270599269,0.561372270599269
1187,0.547991072835628,4.34874232422144,2.96239129712751,0.551938575668607,0.551938575668607
1188,0.518411956528088,4.35384772069641,2.97881094706423,0.542096156334661,0.542096156334661
1189,0.488754862880854,4.35847097732057,2.99492137282344,0.531357888900892,0.531357888900892
1190,0.4590281405646,4.36262062034523,3.01070902068955,0.520607147470899,0.520607147470899
1191,0.42924000570901,4.3663052844773,3.02617554479659,0.509962055349405,0.509962055349405
1192,0.399398674443769,4.36953360442372,3.04132455109953,0.49944820556009,0.49944820556009
1193,0.369512362356679,4.37231421275783,3.05618937541,0.491030646339502,0.491030646339502
1194,0.339588846351401,4.37465401481409,3.07088532617071,0.488203787047879,0.488203787047879
1195,0.309634673552035,4.376555073894,3.08551191463483,0.486421451236178,0.486421451236178
1196,0.279656177206605,4.37801861120087,3.10008628868282,0.484733438405603,0.484733438405603
1197,0.249659690563116,4.37904584793804,3.11461138376435,0.483143048658603,0.483143048658603
1198,0.219651546869577,4.37963800530883,3.12908554345634,0.481342501846118,0.481342501846118
1199,0.189638041993522,4.37979658445286,-3.13970053490696,0.478150524509998,0.478150524509998
1200,0.159625292620252,4.37952442837617,-3.12540239644673,0.474605812322064,0.474605812322064
1201,0.129619361809927,4.37882478167473,-3.11120916730221,0.471158874937834,0.471158874937834
1202,0.0996263126128861,4.37770088901806,-3.09711786072921,0.46781594679846,0.46781594679846
1203,0.069652208079468,4.37615599507568,-3.0831298761794,0.464281297907624,0.464281297907624
1204,0.0397030164906397,4.37419360994561,-3.06928586861892,0.458228945543309,0.458228945543309
1205,0.00978388305828973,4.37181954896433,-3.05564276821375,0.450899795234836,0.450899795234836
1206,-0.0201004700473016,4.36904081231632,-3.04221876697935,0.443630550470256,0.443630550470256
1207,-0.0499453241297039,4.36586440991558,-3.02901169311581,0.436444139340678,0.436444139340678
1208,-0.0797459604924864,4.36229735167613,-3.01601914562967,0.429339957962993,0.429339957962993
1209,-0.109497696638448,4.35834665288984,-3.00324185668784,0.422107263124534,0.422107263124534
1210,-0.139196547080097,4.35401943239914,-2.99068390124015,0.41473199864272,0.41473199864272
1211,-0.16883915542944,4.34932290250793,-2.97834674713466,0.407399056900717,0.407399056900717
1212,-0.198422187870897,4.34426427887357,-2.9662288060831,0.400125644273509,0.400125644273509
1213,-0.227942310588877,4.33885077715341,-2.95432824717758,0.392916941203515,0.392916941203515
1214,-0.257396195809998,4.33308961567172,-2.94264814293196,0.385441451137571,0.385441451137571
1215,-0.286780999334658,4.32698822619238,-2.93120051925692,0.377430530887226,0.377430530887226
1216,-0.316094705889854,4.32055440635066,-2.91999375613805,0.369395429646355,0.369395429646355
1217,-0.345335381668331,4.31379598973914,-2.90902752880591,0.361401789386515,0.361401789386515
1218,-0.374501092862827,4.3067208099504,-2.8983004756882,0.353458170403948,0.353458170403948
1219,-0.403589905666628,4.29933670057691,-2.88781132068309,0.345553329744094,0.345553329744094
1220,-0.432600089650535,4.29165145777083,-2.87755986807404,0.33762254006087,0.33762254006087
1221,-0.461530694199746,4.2836727341262,-2.86754643246654,0.329697064620755,0.329697064620755
1222,-0.490380955575275,4.27540814783457,-2.85777048869483,0.321797587189791,0.321797587189791
1223,-0.519150110038132,4.2668653170875,-2.84823113841269,0.313930990961974,0.313930990961974
1224,-0.54783739384933,4.25805186007656,-2.83892766118302,0.306082248335521,0.306082248335521
1225,-0.576442105234987,4.24897539496035,-2.82986257743433,0.298048076105775,0.298048076105775
1226,-0.604964192791338,4.23964353955174,-2.82104041989751,0.289897320455641,0.289897320455641
1227,-0.633403993707205,4.23006391145696,-2.81246271563986,0.281759080061742,0.281759080061742
1228,-0.66176185038751,4.22024412827951,-2.80412894754391,0.273640718199905,0.273640718199905
1229,-0.690038105237181,4.21019180762286,-2.79603838321062,0.265552611162266,0.265552611162266
1230,-0.718233105974239,4.19991455984598,-2.78818640320815,0.257743481413704,0.257743481413704
1231,-0.746347444782334,4.18941966197453,-2.78056332555498,0.250300670767954,0.250300670767954
1232,-0.77438205527824,4.17871392548395,-2.77316313675905,0.242891835128599,0.242891835128599
1233,-0.802337896466411,4.16780412723311,-2.76598512909085,0.23549428735027,0.23549428735027
1234,-0.830215927351298,4.15669704408087,-2.75902891836549,0.228111282803899,0.228111282803899
1235,-0.85801710707076,4.14539945295278,-2.75229711723488,0.220540741688482,0.220540741688482
1236,-0.885742612822678,4.13391823976681,-2.74580169339393,0.212359711235409,0.212359711235409
1237,-0.913394283782217,4.12226062131546,-2.73955351873966,0.204064385872095,0.204064385872095
1238,-0.940974084273647,4.11043387694421,-2.73355420316718,0.195774397067609,0.195774397067609
1239,-0.96848397862124,4.09844528599854,-2.72780354061271,0.187492475317731,0.187492475317731
1240,-0.995925931149267,4.08630212782392,-2.722297941107,0.179442682545729,0.179442682545729
1241,-1.02330188222018,4.07401147332074,-2.71701452324743,0.172685888038375,0.172685888038375
1242,-1.05061363346676,4.06157918657234,-2.71192693688811,0.166392510300797,0.166392510300797
1243,-1.0778629367126,4.04901069836957,-2.707028173369,0.160102069014378,0.160102069014378
1244,-1.10505154371664,4.03631143894081,-2.70231812484079,0.153815393828513,0.153815393828513
1245,-1.13218120623784,4.02348683851442,-2.69779706906654,0.147506700444164,0.147506700444164
1246,-1.1592537088415,4.01054233847767,-2.69346891983475,0.140959105133447,0.140959105133447
1247,-1.18627113216681,3.99748348092545,-2.68933918049395,0.134283611654135,0.134283611654135
1248,-1.21323571388431,3.98431586136587,-2.68540976489707,0.127608090975873,0.127608090975873
1249,-1.2401496931056,3.9710450757972,-2.68168063820648,0.120934691440143,0.120934691440143
1250,-1.26701530894224,3.95767672021772,-2.67815252232141,0.114211326774126,0.114211326774126
1251,-1.29383483783808,3.94421642507706,-2.67483468555611,0.10692021675569,0.10692021675569
1252,-1.3206109592075,3.93067019269874,-2.67174086580677,0.0992812289174829,0.0992812289174829
1253,-1.34734659843769,3.91704425239765,-2.66887635169092,0.0916373783085539,0.0916373783085539
1254,-1.37404468442958,3.9033448367313,-2.66624120197015,0.0839942573699272,0.0839942573699272
1255,-1.40070814608412,3.88957817825721,-2.66383508526418,0.0763725818471684,0.0763725818471684
1256,-1.42733991673596,3.87575048660959,-2.66165484220905,0.0689400327893844,0.0689400327893844
1257,-1.45394297081119,3.86186775897039,-2.65969610643481,0.0616093889277712,0.0616093889277712
1258,-1.48052030500306,3.84793587739509,-2.65795733342727,0.0542796687111895,0.0542796687111895
1259,-1.50707491622469,3.83396072280255,-2.65643850567597,0.0469500981322939,0.0469500981322939
1260,-1.53360980138915,3.81994817611163,-2.65514300786589,0.0393947950197328,0.0393947950197328
1261,-1.56012806442105,3.80590429183616,-2.65409381983033,0.0305335978398075,0.0305335978398075
1262,-1.58663342766385,3.7918361276946,-2.65331755955414,0.0212041990574738,0.0212041990574738
1263,-1.61312983511267,3.77775110097069,-2.6528212607901,0.0118741573647428,0.0118741573647428
1264,-1.63962123104659,3.76365662940883,-2.65260493799834,0.00254377562498593,0.00254377562498593
1265,-1.66611155988522,3.74956013103259,-2.65267177073153,-0.00699817896038644,0.00699817896038644
1266,-1.6926048517194,3.73546919409558,-2.65303349461133,-0.017110738509878,0.017110738509878
1267,-1.71910536767421,3.72139186591973,-2.65370009992028,-0.0273185479828386,0.0273185479828386
1268,-1.74561740742951,3.7073362704358,-2.65467301573391,-0.0375263402316088,0.0375263402316088
1269,-1.77214527066513,3.69331053157458,-2.65595239352415,-0.0477441609820235,0.0477441609820235
1270,-1.7986932575534,3.67932278339331,-2.65754195696267,-0.0582000799208138,0.0582000799208138
1271,-1.82526567976684,3.66538139640516,-2.65944889101766,-0.0688967732895619,0.0688967732895619
1272,-1.85186686057482,3.65149497956657,-2.66167697654137,-0.0796046840026263,0.0796046840026263
1273,-1.87850112375852,3.63767215235792,-2.66422638497702,-0.0903127459309263,0.0903127459309263
1274,-1.90517279309913,3.62392153425962,-2.66709527887632,-0.100897883319101,0.100897883319101
1275,-1.93188609400259,3.61025167135269,-2.67027310928808,-0.110902877488407,0.110902877488407
1276,-1.95864478507098,3.59667076142813,-2.67374862945977,-0.12073831910048,0.12073831910048
1277,-1.98545248658928,3.5831868990763,-2.67751932227487,-0.130575703617427,0.130575703617427
1278,-2.01231281882096,3.56980817887149,-2.68158500441636,-0.140398624395861,0.140398624395861
1279,-2.03922939113706,3.55654268558664,-2.6859368478613,-0.149647317216816,0.149647317216816
1280,-2.06620539864347,3.54339813122506,-2.69055521413998,-0.158161353965036,0.158161353965036
1281,-2.0932435035503,3.53038174827266,-2.69542843262485,-0.166632227786767,0.166632227786767
1282,-2.1203463329765,3.51750073763916,-2.70055590976622,-0.175106959028542,0.175106959028542
1283,-2.14751651404105,3.50476230023428,-2.70593616268137,-0.183478349940944,0.183478349940944
1284,-2.17475658834723,3.49217357216561,-2.71155694145445,-0.191136643399487,0.191136643399487
1285,-2.20206851468343,3.47974124789485,-2.71740320032319,-0.198505006113133,0.198505006113133
1286,-2.22945400870055,3.46747183763881,-2.72347069383313,-0.205880735789264,0.205880735789264
1287,-2.2569147852409,3.45537185100157,-2.72975963646128,-0.213263156818594,0.213263156818594
1288,-2.28445255871238,3.44344779855113,-2.73627287620562,-0.220827948102638,0.220827948102638
1289,-2.31206894602994,3.43170640720068,-2.74301934492397,-0.228805876306535,0.228805876306535
1290,-2.33976534387328,3.42015489258414,-2.75000629550077,-0.236853915679241,0.236853915679241
1291,-2.3675431186974,3.40880053740662,-2.75723494997666,-0.244913900965913,0.244913900965913
1292,-2.3954036369573,3.39765062437323,-2.76470573591382,-0.25298915456361,0.25298915456361
1293,-2.42334825027176,3.38671244898466,-2.77242141335704,-0.261232464402737,0.261232464402737
1294,-2.45137798424165,3.37599358791753,-2.78038715629252,-0.269652603269131,0.269652603269131
1295,-2.47949354668488,3.3655018919221,-2.78860605489555,-0.278102526692371,0.278102526692371
1296,-2.50769563223051,3.35524522312342,-2.79707881902716,-0.286570919909639,0.286570919909639
1297,-2.5359849355076,3.34523144364655,-2.80580347948984,-0.294887752285139,0.294887752285139
1298,-2.56436204117225,3.33546829671612,-2.81475781301626,-0.301874715099329,0.301874715099329
1299,-2.59282663383906,3.32596255245095,-2.82391246412346,-0.308234489294644,0.308234489294644
1300,-2.62137795784644,3.31672050495261,-2.83325840335588,-0.314620897143902,0.314620897143902
1301,-2.65001525453122,3.30774844507741,-2.84279641408595,-0.321033488713318,0.321033488713318
1302,-2.67873776523026,3.29905266368166,-2.85252445427979,-0.327282211021183,0.327282211021183
1303,-2.70754457393293,3.29063932382518,-2.86242855564918,-0.332764178480473,0.332764178480473
1304,-2.73643408918823,3.28251403997985,-2.87249462724273,-0.33807340702837,0.33807340702837
1305,-2.7654045383424,3.27468227944591,-2.88272062312578,-0.343420697302634,0.343420697302634
1306,-2.79445414873946,3.26714950952181,-2.89310760338057,-0.348800458081285,0.348800458081285
1307,-2.82358114730244,3.25992119708959,-2.90365203813827,-0.353910873061901,0.353910873061901
1308,-2.85278353604142,3.25300258657404,-2.91433863058982,-0.358271394030733,0.358271394030733
1309,-2.88205872220851,3.24639833413577,-2.92515492966632,-0.362551766204385,0.362551766204385
1310,-2.91140401587291,3.24011299981357,-2.93610038758055,-0.366877621915526,0.366877621915526
1311,-2.94081672710385,3.23415114364624,-2.94717623298038,-0.371239561556228,0.371239561556228
1312,-2.97029416344832,3.22851732181535,-2.95837634425602,-0.375156239390518,0.375156239390518
1313,-2.99983337417125,3.22321569551149,-2.96968134083928,-0.378226697381238,0.378226697381238
1314,-3.02943093035009,3.21824969463274,-2.98107789556426,-0.381255249340354,0.381255249340354
1315,-3.05908335125681,3.21362266985106,-2.9925661346387,-0.384335855947811,0.384335855947811
1316,-3.08878715616342,3.20933797183841,-3.00414726878861,-0.38744493962009,0.38744493962009
1317,-3.11853885928257,3.20539893382823,-3.01580812542409,-0.389646898666543,0.389646898666543
1318,-3.14833473253951,3.20180805393629,-3.02751558521838,-0.390548723988805,0.390548723988805
1319,-3.17817070385585,3.19856664456447,-3.03924945907132,-0.391405486988121,0.391405486988121
1320,-3.20804267496378,3.19567592784491,-3.05100990263305,-0.392319406946612,0.392319406946612
1321,-3.23794654759549,3.19313712590973,-3.06279779248984,-0.393235741175458,0.393235741175458
1322,-3.26787822206546,3.19095141258349,-3.0745894949496,-0.392574493222805,0.392574493222805
1323,-3.29783355554396,3.1891184916316,-3.08633375326995,-0.390074257758129,0.390074257758129
1324,-3.32780835523843,3.18763636442382,-3.09800217222329,-0.387519944829503,0.387519944829503
1325,-3.35779842556556,3.18650293724121,-3.1095947580093,-0.385020171983213,0.385020171983213
1326,-3.38779957094206,3.18571611636479,-3.12111285955549,-0.382557644075428,0.382557644075428
1327,-3.41780760602776,3.18527378973655,-3.13255105808412,-0.379697657495024,0.379697657495024
1328,-3.44781857520004,3.18517343401738,3.13928795965248,-0.376435052292813,0.376435052292813
1329,-3.47782874933693,3.18541212034656,3.12803924946372,-0.373196379248499,0.373196379248499
1330,-3.50783440891616,3.18598690267629,3.11688704168446,-0.370004240548723,0.370004240548723
1331,-3.53783183441548,3.18689483495873,3.10582978631845,-0.366869719300677,0.366869719300677
1332,-3.56781731803551,3.18813297850296,3.0948638325388,-0.363921385201891,0.363921385201891
1333,-3.59778736312303,3.18969852712577,3.08398400762927,-0.361131839741222,0.361131839741222
1334,-3.62773865603265,3.19158878949315,3.07318727701075,-0.358385374652665,0.358385374652665
1335,-3.6576678891781,3.19380107807353,3.0624723541752,-0.355680917135466,0.355680917135466
1336,-3.68757175497312,3.19633270533538,3.05183856859847,-0.352980116051877,0.352980116051877
1337,-3.71744696505042,3.19918094847358,3.04129463327524,-0.349695042647631,0.349695042647631
1338,-3.74729052474844,3.20234254563009,3.03085615571725,-0.345953879672199,0.345953879672199
1339,-3.77709966867906,3.2058138141497,3.02052965924037,-0.342233148666164,0.342233148666164
1340,-3.80687163753842,3.20959106021052,3.01031427119685,-0.338549410825466,0.338549410825466
1341,-3.83660367202266,3.21367058999061,3.00020878706806,-0.334910266716044,0.334910266716044
1342,-3.86629303240998,3.21804871649941,2.99021109900165,-0.331367477112172,0.331367477112172
1343,-3.89593724230336,3.2227218446088,2.9803187147796,-0.327894652858495,0.327894652858495
1344,-3.92553401383079,3.22768644495887,2.97053013931887,-0.324450748429248,0.324450748429248
1345,-3.95508106321679,3.23293898961875,2.96084446048987,-0.321037845426571,0.321037845426571
1346,-3.98457610668589,3.23847595065761,2.95126089662568,-0.317646855758884,0.317646855758884
1347,-4.01401688226934,3.2442937936099,2.9417807929056,-0.314144422176755,0.314144422176755
1348,-4.04340139249332,3.25038890475028,2.93240689388836,-0.310570608720253,0.310570608720253
1349,-4.07272781589451,3.25675761760931,2.92313992353657,-0.307019281432429,0.307019281432429
1350,-4.10199433419399,3.26339626476324,2.91397913277858,-0.303494918564974,0.303494918564974
1351,-4.13119912911286,3.27030117878838,2.90492445885376,-0.299948813086839,0.299948813086839
1352,-4.16034041740133,3.27746865341355,2.89598436458117,-0.295860508767198,0.295860508767198
1353,-4.18941680539849,3.2848945503118,2.88717203554758,-0.291435657092962,0.291435657092962
1354,-4.21842714266775,3.29257446141934,2.87849229995664,-0.287024755048098,0.287024755048098
1355,-4.24737028247644,3.3005039745647,2.8699446056215,-0.282636223107537,0.282636223107537
1356,-4.27624507809191,3.30867867757643,2.86152878551809,-0.278237600553443,0.278237600553443
1357,-4.3050504207385,3.31709413643785,2.85325008473586,-0.273499628381042,0.273499628381042
1358,-4.33378559275127,3.3257456920381,2.84511658531732,-0.268562446660604,0.268562446660604
1359,-4.36245010686195,3.3346285526672,2.83713108856591,-0.263636880781168,0.263636880781168
1360,-4.39104347876706,3.34373792490884,2.82929315252614,-0.258728537056079,0.258728537056079
1361,-4.4195652241631,3.35306901534674,2.82160209090542,-0.253849637912457,0.253849637912457
1362,-4.44801488536697,3.36261704875656,2.81405579820161,-0.24908173626482,0.24908173626482
1363,-4.47639226023827,3.37237742454819,2.80665167550295,-0.244376175958857,0.244376175958857
1364,-4.50469728905609,3.38234563945891,2.79938860927673,-0.239681725453227,0.239681725453227
1365,-4.53292991364168,3.3925171912799,2.79226623201954,-0.235000088229818,0.235000088229818
1366,-4.56109007581631,3.40288757780235,2.78528347067871,-0.230377800539025,0.230377800539025
1367,-4.58917772919714,3.41345234415224,2.77843324602886,-0.226168041351846,0.226168041351846
1368,-4.61719293308547,3.4242074595462,2.77170609451971,-0.22217657973966,0.22217657973966
1369,-4.6451358025041,3.43514911680094,2.76509858475256,-0.218194914903092,0.218194914903092
1370,-4.67300645297673,3.44627351074329,2.7586104200943,-0.21422275019247,0.21422275019247
1371,-4.7008050000271,3.45757683620007,2.7522402490525,-0.210331548035135,0.210331548035135
1372,-4.72853155467445,3.46905535443543,2.74597792096773,-0.207035969501456,0.207035969501456
1373,-4.75618619028532,3.48070588205916,2.73981002843023,-0.204038484115418,0.204038484115418
1374,-4.78376896147822,3.49252551219833,2.73373196360515,-0.201049698321164,0.201049698321164
1375,-4.81127992273484,3.50451133999841,2.72774347906194,-0.198068487884429,0.198068487884429
1376,-4.83871912853687,3.51666046060486,2.72184507846073,-0.195046431804931,0.195046431804931
1377,-4.86608666966161,3.52896993682049,2.7160430237181,-0.19164780744733,0.19164780744733
1378,-4.8933829196311,3.54143657949738,2.71034559595592,-0.188073831630065,0.188073831630065
1379,-4.92060838459808,3.55405708130182,2.70475535962956,-0.184503963643343,0.184503963643343
1380,-4.94776357147842,3.56682813422013,2.69927215927167,-0.180940249682548,0.180940249682548
1381,-4.97484898718793,3.5797464302386,2.69389613285283,-0.177361586599079,0.177361586599079
1382,-5.00186516849424,3.59280865382369,2.68862980390005,-0.173629686487059,0.173629686487059
1383,-5.02881286855954,3.60601143493075,2.68347647619185,-0.169830873623649,0.169830873623649
1384,-5.05569293590432,3.61935137949375,2.67843710048022,-0.166035258555795,0.166035258555795
1385,-5.08250621946505,3.63282509334191,2.67351156035556,-0.162244029603945,0.162244029603945
1386,-5.10925356817817,3.64642918230443,2.66869959517746,-0.158466050608236,0.158466050608236
1387,-5.13593584707164,3.66016026873085,2.66400012003265,-0.154747134366877,0.154747134366877
1388,-5.16255402953676,3.67401508622207,2.65941187593226,-0.151053140804469,0.151053140804469
1389,-5.18910913368778,3.68799041429383,2.6549344460423,-0.147361798411178,0.147361798411178
1390,-5.21560217777948,3.70208303260615,2.65056774103521,-0.143673705280738,0.143673705280738
1391,-5.24203418006663,3.71628972081901,2.64631442254309,-0.139805211943065,0.139805211943065
1392,-5.26840626078895,3.73060712524842,2.64219441628512,-0.134788998549911,0.134788998549911
1393,-5.29472017726401,3.74503105923945,2.63823158051496,-0.129330349155955,0.129330349155955
1394,-5.32097793233838,3.75955701511115,2.63443254237609,-0.123872153773403,0.123872153773403
1395,-5.34718152937774,3.77418048450392,2.63079726251813,-0.118416065788159,0.118416065788159
1396,-5.37333297174771,3.78889695905814,2.62732602935288,-0.112938904359773,0.112938904359773
1397,-5.39943429884958,3.80370192632697,2.62402119033441,-0.107326357292562,0.107326357292562
1398,-5.42548775869899,3.81859085020188,2.62088551278287,-0.101664792313734,0.101664792313734
1399,-5.45149567420591,3.83355918607965,2.61791972254998,-0.0960036392307112,0.0960036392307112
1400,-5.47746036837744,3.84860238934601,2.6151237977773,-0.0903434289174376,0.0903434289174376
1401,-5.50338416422071,3.86371591538671,2.61249758267661,-0.0846927611959258,0.0846927611959258
1402,-5.52926940126324,3.87889523792943,2.61004025493798,-0.0790873306647345,0.0790873306647345
1403,-5.55511850764454,3.89413592908419,2.60775091401913,-0.0734966903714705,0.0734966903714705
1404,-5.58093394108798,3.90943359380676,2.60562933427721,-0.0679061616215399,0.0679061616215399
1405,-5.60671815933759,3.92478383707589,2.6036755079483,-0.062315976698265,0.062315976698265
1406,-5.63247362013741,3.94018226387029,2.60188620203958,-0.056940970045639,0.056940970045639
1407,-5.65820269470141,3.95562465270119,2.6002421570502,-0.0526344287567117,0.0526344287567117
1408,-5.68390732372129,3.97110764547451,2.59872236802206,-0.0486594115683316,0.0486594115683316
1409,-5.70958931425214,3.986628152099,2.59732185850877,-0.0446844975888058,0.0446844975888058
1410,-5.73525047330764,4.00218308256633,2.59604062529566,-0.0407096633903416,0.0407096633903416
1411,-5.76089260790154,4.01776934686819,2.59487573235392,-0.0369304398158363,0.0369304398158363
1412,-5.78651743925435,4.03338400884723,2.59381066201393,-0.0340565051689811,0.0340565051689811
1413,-5.81212629131097,4.04902484477207,2.59282790328925,-0.0314443913252893,0.0314443913252893
1414,-5.83772037310476,4.06468983697947,2.59192352724749,-0.0288323063067266,0.0288323063067266
1415,-5.8633008936576,4.08037696782692,2.59109753299055,-0.0262202451224459,0.0262202451224459
1416,-5.88886906199135,4.09608421967189,2.59034717712918,-0.0237910091436739,0.0237910091436739
1417,-5.91442600353582,4.1118097166914,2.58965782318455,-0.0221544695964335,0.0221544695964335
1418,-5.9399724812191,4.12755219807096,2.58901435469221,-0.0207327473697505,0.0207327473697505
1419,-5.96550915972866,4.1433105696679,2.58841354847709,-0.0193110282461764,0.0193110282461764
1420,-5.99103670375015,4.15908373734256,2.58785540437892,-0.017889313817727,0.017889313817727
1421,-6.01655577796928,4.17487060695531,2.58733460281868,-0.0168221449999129,0.0168221449999129
1422,-6.04206687932532,4.19067035598574,2.58682402529716,-0.0172078812377828,0.0172078812377828
1423,-6.06756981733134,4.20648327501165,2.58629628950653,-0.0179657461075523,0.0179657461075523
1424,-6.09306422543346,4.22230993970285,2.58574581206925,-0.0187236147859377,0.0187236147859377
1425,-6.11854973707774,4.23815092572933,2.58517259288528,-0.0194814847190855,0.0194814847190855
1426,-6.14402598571021,4.25400680876108,2.58457631860183,-0.0202602360878134,0.0202602360878134
1427,-6.16949259352331,4.26987817961096,2.58395544893875,-0.0211207657511228,0.0211207657511228
1428,-6.19494913864204,4.28576568838898,2.58330845640776,-0.0220013245150441,0.0220013245150441
1429,-6.22039518840633,4.30166999971755,2.58263504031017,-0.0228818982564284,0.0228818982564284
1430,-6.24583031015617,4.31759177821907,2.58193520029068,-0.0237624822043511,0.0237624822043511
1431,-6.27125407123215,4.33353168851483,2.58121261944137,-0.0243975769642377,0.0243975769642377
1432,-6.29666615623817,4.34949020783403,2.58048492570284,-0.0241032561848027,0.0241032561848027
1433,-6.32206669372284,4.3654671039614,2.5797693630789,-0.0235890354644832,0.0235890354644832
1434,-6.34745591727646,4.38146197682012,2.57906923068834,-0.0230748280009177,0.0230748280009177
1435,-6.37283406048941,4.39747442633339,2.57838452812227,-0.0225606359688012,0.0225606359688012
1436,-6.39820135695198,4.41350405242442,2.57771521189564,-0.0220493288019145,0.0220493288019145
1437,-6.42355803974383,4.42955045774938,2.57706107931921,-0.0215486465228668,0.0215486465228668
1438,-6.44890434005472,4.44561325507777,2.57642193408096,-0.0210504239568441,0.0210504239568441
1439,-6.4742404886374,4.46169205951793,2.57579773916444,-0.0205522077377719,0.0205522077377719
1440,-6.49956671624463,4.4777864861782,2.57518849436243,-0.0200539985099431,0.0200539985099431
1441,-6.52488325362968,4.49389615016604,2.57459487785528,-0.0195105817305991,0.0195105817305991
1442,-6.55019035400472,4.51002063262076,2.57402004533487,-0.0188020451562598,0.0188020451562598
1443,-6.57548835259855,4.52615939063424,2.57346703954771,-0.0180558292741351,0.0180558292741351
1444,-6.60077760335696,4.54231185298962,2.57293642573562,-0.0173096191051328,0.0173096191051328
1445,-6.62605846022573,4.55847744847005,2.57242820384544,-0.0165634074806224,0.0165634074806224
1446,-6.65133127715503,4.57465560585195,2.57194676454572,-0.015524559771157,0.015524559771157
1447,-6.67659655162779,4.5908455329162,2.57151244488847,-0.013422881109142,0.013422881109142
1448,-6.70185530241293,4.60704563482663,2.5711448103934,-0.0110799894226139,0.0110799894226139
1449,-6.72710866658533,4.62325413459301,2.57084748013008,-0.00873709804443806,0.00873709804443806
1450,-6.75235778121984,4.63946925522509,2.57062045410553,-0.00639420577229956,0.00639420577229956
1451,-6.77760378339282,4.6556892197304,2.5704652039271,-0.003953231987399,0.003953231987399
1452,-6.80284785883072,4.67191217739707,2.57038854703001,-0.00115595689280179,0.00115595689280179
1453,-6.82809136998823,4.68813600971757,2.57039704278625,0.00172219993405515,0.00172219993405515
1454,-6.85333571943749,4.70435853739449,2.57049190471445,0.0046003563433882,0.0046003563433882
1455,-6.87858230975067,4.72057758113037,2.57067313286963,0.00747851574236595,0.00747851574236595
1456,-6.90383254350259,4.73679096162353,2.57094389238089,0.0105676260545478,0.0105676260545478
1457,-6.92908792327865,4.75299633804711,2.5713188958271,0.0144263797275011,0.0144263797275011
1458,-6.95435031653773,4.76919078027451,2.57181232361737,0.0184606156426853,0.0184606156426853
1459,-6.97962167392536,4.78537122382596,2.57242680877053,0.0224948617422442,0.0224948617422442
1460,-7.00490394608713,4.80153460422172,2.57316235145418,0.0265291040506552,0.0265291040506552
1461,-7.0301990836695,4.81767785698018,2.57402058570398,0.0306722463048984,0.0306722463048984
1462,-7.05550908287489,4.83379783034081,2.57500915063124,0.0352156345667473,0.0352156345667473
1463,-7.08083610728631,4.84989105186424,2.57613543152148,0.0398509978841315,0.0398509978841315
1464,-7.10618235891897,4.8659539754802,2.57740080904485,0.0444864020218893,0.0444864020218893
1465,-7.13155003978806,4.88198305511845,2.57880528398795,0.0491217760786793,0.0491217760786793
1466,-7.1569413519133,4.89797474470064,2.58035706558292,0.0543042595509908,0.0543042595509908
1467,-7.18235873778229,4.91392506728709,2.58209462757644,0.0615039222634171,0.0615039222634171
1468,-7.20780552620005,4.92982845786806,2.58405521409024,0.0691687313778708,0.0691687313778708
1469,-7.23328525012451,4.94567898564017,2.58624580926533,0.0768339464880658,0.0768339464880658
1470,-7.25880144251369,4.96147071980006,2.58866642119176,0.0844992069674813,0.0844992069674813
1471,-7.2843576363226,4.97719772954328,2.59131686975426,0.0921521862546348,0.0921521862546348
1472,-7.30995731439072,4.99285406593884,2.59419634548498,0.0997634897566112,0.0997634897566112
1473,-7.3356037818644,5.00843371578498,2.59730410965238,0.107367159115014,0.107367159115014
1474,-7.36130030452551,5.023930651642,2.60064006569335,0.114972148732523,0.114972148732523
1475,-7.3870501481559,5.03933884607019,2.6042042455828,0.122577741401256,0.122577741401256
1476,-7.41285657853628,5.05465227153684,2.60799921107613,0.130353032877315,0.130353032877315
1477,-7.4387228592635,5.06986472157042,2.61203540061599,0.138654446174558,0.138654446174558
1478,-7.46465224720034,5.0849694379382,2.61632228678904,0.147061104363757,0.147061104363757
1479,-7.49064799791581,5.0999595563953,2.62086149635947,0.155471448412569,0.155471448412569
1480,-7.51671336697884,5.11482821269683,2.62565308695945,0.163881775918414,0.163881775918414
1481,-7.54285160869208,5.12956854407048,2.63068688374017,0.171613321949001,0.171613321949001
1482,-7.56906557030088,5.14417416110498,2.63592801832759,0.177699608455077,0.177699608455077
1483,-7.59535711093923,5.15863982344922,2.64134823411223,0.183547598940562,0.183547598940562
1484,-7.62172794271116,5.17296046173116,2.64694403965818,0.189401571838369,0.189401571838369
1485,-7.64817977772066,5.18713100657872,2.65271564339528,0.195263053329345,0.195263053329345
1486,-7.67471432834369,5.20114638548669,2.65866962294532,0.201554855143849,0.201554855143849
1487,-7.70133334298635,5.21500111077711,2.66482531451166,0.208705298987416,0.208705298987416
1488,-7.72803864178047,5.22868886828388,2.6711972848984,0.21596808450843,0.21596808450843
1489,-7.75483205334825,5.24220324600719,2.67778735157902,0.223240386949509,0.223240386949509
1490,-7.78171540631186,5.25553783194718,2.68459574696507,0.230517836795094,0.230517836795094
1491,-7.80869052825302,5.26868621502031,2.69161559552477,0.237330383881418,0.237330383881418
1492,-7.8357589024403,5.28164228735801,2.69882291772388,0.243009573313922,0.243009573313922
1493,-7.86292117184008,5.29440068109328,2.70619841208881,0.248535621442538,0.248535621442538
1494,-7.89017785363615,5.3069561391279,2.71374000362736,0.254078063010398,0.254078063010398
1495,-7.91752946501233,5.31930340436366,2.72144813791709,0.25963409752286,0.25963409752286
1496,-7.94497652315242,5.33143721970238,2.72931906381296,0.264925298584924,0.264925298584924
1497,-7.97251940121477,5.34335253609353,2.73732194291652,0.268425822529506,0.268425822529506
1498,-8.00015752929074,5.35504566676614,2.74541933917708,0.271221792370277,0.271221792370277
1499,-8.0278899580088,5.36651347309107,2.75360095670068,0.27403730019114,0.27403730019114
1500,-8.0557157369606,5.37775281793688,2.76186736895583,0.276872691803395,0.276872691803395
1501,-8.08363391573784,5.38876056417212,2.77021891146359,0.279710654270757,0.279710654270757
1502,-8.11164353750496,5.39953358722758,2.77864399243085,0.281773199229535,0.281773199229535
1503,-8.13974331834515,5.41006940182957,2.78711397688024,0.282702661921343,0.282702661921343
1504,-8.16793149843989,5.42036645287598,2.79561082694078,0.28356299694818,0.28356299694818
1505,-8.19620628046111,5.43042325857901,2.80413381768577,0.284444624300117,0.284444624300117
1506,-8.2245658670807,5.44023833715086,2.8126835767466,0.285346970287375,0.285346970287375
1507,-8.25300846097053,5.44981020680371,2.82126351175017,0.286455692047738,0.286455692047738
1508,-8.28153229655736,5.45913721974799,2.82989023535312,0.288465624738436,0.288465624738436
1509,-8.31013575830498,5.46821694385859,2.83858151492237,0.290758693610327,0.290758693610327
1510,-8.33881727494708,5.47704671558494,2.84734193162345,0.293074333113607,0.293074333113607
1511,-8.36757527522374,5.48562387134295,2.85617214323455,0.295410895235442,0.295410895235442
1512,-8.39640818787505,5.49394574754854,2.86507503947821,0.297917996534307,0.297917996534307
1513,-8.42531444680633,5.50200954073908,2.87407075078964,0.30159620990474,0.30159620990474
1514,-8.45429252518075,5.50981138432136,2.88318519910391,0.3058308531423,0.3058308531423
1515,-8.48334091419006,5.51734692347561,2.89242717833405,0.310095854470364,0.310095854470364
1516,-8.51245810512073,5.52461180081625,2.90179751187974,0.314385155341837,0.314385155341837
1517,-8.54164258925926,5.53160165895775,2.91129980599382,0.318888830394296,0.318888830394296
1518,-8.57089282078514,5.53831195348295,2.92095236147666,0.324397791735861,0.324397791735861
1519,-8.60020706589776,5.54473719249178,2.93077545259835,0.330252023169381,0.330252023169381
1520,-8.62958353141185,5.55087158476586,2.94077475115941,0.336139548929834,0.336139548929834
1521,-8.65902042411928,5.55670933897138,2.95095122131024,0.342056523591071,0.342056523591071
1522,-8.6885159504748,5.56224466217263,2.96131633834882,0.348706478422102,0.348706478422102
1523,-8.71806817506919,5.56747108730756,2.97190877316441,0.357201556906141,0.357201556906141
1524,-8.74767480136036,5.57238043123926,2.98276125549554,0.366033035050844,0.366033035050844
1525,-8.77733347618415,5.57696424176734,2.99387948646219,0.374910579922438,0.374910579922438
1526,-8.80704184637643,5.58121406669139,3.0052646586658,0.383819036726478,0.383819036726478
1527,-8.83679755001765,5.58512145727399,3.01691328280812,0.392460824424085,0.392460824424085
1528,-8.86659770567565,5.58867817025712,3.02881534621797,0.40070168938295,0.40070168938295
1529,-8.89643862999731,5.59187627956133,3.04096531962363,0.408974730489032,0.408974730489032
1530,-8.926316571034,5.5947078862383,3.05336457400233,0.417309500211489,0.417309500211489
1531,-8.95622777683717,5.59716509133968,3.0660149624321,0.425702174721054,0.425702174721054
1532,-8.98616847667228,5.59923998746728,3.07892227734337,0.434420346096826,0.434420346096826
1533,-9.01613425135491,5.60092437555134,3.09209782229733,0.443567136776013,0.443567136776013
1534,-9.04611988385308,5.60220969765185,3.10554979944611,0.452834085823793,0.452834085823793
1535,-9.07612010806622,5.60308737375779,3.11928122158294,0.462186327929652,0.462186327929652
1536,-9.10612965789373,5.60354882385816,3.13329415749166,0.471586508848824,0.471586508848824
1537,-9.13614325168453,5.60358548701516,-3.13560847893966,0.480148657709593,0.480148657709593
1538,-9.16615494291446,5.60318961778139,-3.12108533053306,0.487598150850306,0.487598150850306
1539,-9.19615788473529,5.60235457498874,-3.10633782316713,0.495086359836636,0.495086359836636
1540,-9.22614516629734,5.60107379596923,-3.09136376524798,0.502686785145446,0.502686785145446
1541,-9.25610987675085,5.59934071805488,-3.07615996329898,0.510383801857938,0.510383801857938
1542,-9.28604510252756,5.59714877882278,-3.06072362395637,0.518164293761833,0.518164293761833
1543,-9.31594342250816,5.59449146160254,-3.04505165228645,0.526069427934173,0.526069427934173
1544,-9.34579631520291,5.59136234891525,-3.02913975282448,0.534137926447999,0.534137926447999
1545,-9.37559511507764,5.58775503626669,-3.0129833657283,0.542356175394223,0.542356175394223
1546,-9.40533115659811,5.58366311916266,-2.99657827812815,0.550704862313175,0.550704862313175
1547,-9.43499577423014,5.57908019310893,-2.97992952850324,0.558577119625697,0.558577119625697
1548,-9.46458019614316,5.57400040903889,-2.96309044916696,0.563369676367247,0.563369676367247
1549,-9.49407506915277,5.56842095561962,-2.9461208051395,0.567257210839689,0.567257210839689
1550,-9.52347084233052,5.56234005478538,-2.92903149111909,0.571332281046821,0.571332281046821
1551,-9.5527579645836,5.55575592932888,-2.91181714510253,0.575585347150515,0.575585347150515
1552,-9.58192688481929,5.54866680204283,-2.89447403064527,0.579910507208855,0.579910507208855
1553,-9.61096806802376,5.54107097968382,-2.87703875925187,0.581721753376165,0.581721753376165
1554,-9.63987243347605,5.53296914131166,-2.85959122221603,0.580721398507911,0.580721398507911
1555,-9.66863140731606,5.52436461279784,-2.84217324030236,0.579744589515803,0.579744589515803
1556,-9.69723644231573,5.51526085908583,-2.82478175118066,0.578950819588166,0.578950819588166
1557,-9.72567899124706,5.50566134511909,-2.80741129324317,0.578342206064318,0.578342206064318
1558,-9.75395050688201,5.4955695358411,-2.79005963408302,0.577701691619637,0.577701691619637
1559,-9.78204256237872,5.48498906093139,-2.77274031719397,0.576191693345943,0.576191693345943
1560,-9.80994730818655,5.47392434003304,-2.7554686411287,0.57453225242214,0.57453225242214
1561,-9.83765706759069,5.46238002929718,-2.73824432190671,0.573038679017305,0.573038679017305
1562,-9.86516416390825,5.45036078491854,-2.72106230042227,0.57171503373739,0.57171503373739
1563,-9.89246092045626,5.43787126309184,-2.70391754434233,0.570557919799656,0.570557919799656
1564,-9.91953966592849,5.42491612430553,-2.6868085212676,0.569337852204083,0.569337852204083
1565,-9.94639291388384,5.41150017667778,-2.66973806405016,0.567993282462608,0.567993282462608
1566,-9.97301340492002,5.39762840963554,-2.6527058498802,0.566796026428597,0.566796026428597
1567,-9.99939389355794,5.38330582372459,-2.63570715903816,0.565766948636105,0.565766948636105
1568,-10.0255271343185,5.36853741949071,-2.61873694531169,0.564908732063682,0.564908732063682
